{"d": 5, "alpha": 0.6, "decay": 0.995, "arms": ["trend", "breakout"], "state": {"trend": {"A": [[1.0, 0.0, 0.0, 0.0, 0.0], [0.0, 1.0, 0.0, 0.0, 0.0], [0.0, 0.0, 1.0, 0.0, 0.0], [0.0, 0.0, 0.0, 1.0, 0.0], [0.0, 0.0, 0.0, 0.0, 1.0]], "b": [0.0, 0.0, 0.0, 0.0, 0.0], "n": 0}, "breakout": {"A": [[1.995, 0.3702430870791156, 0.05577580330203093, 0.0021261532672943806, 0.5256944444444445], [0.3702430870791156, 1.1320799435298736, 0.02065060559886146, 0.0007871935492864195, 0.19463473397145173], [0.05577580330203093, 0.02065060559886146, 0.9981109402339868, 0.00011858790642658176, 0.02932102993030376], [0.0021261532672943806, 0.0007871935492864195, 0.00011858790642658176, 0.995004520527716, 0.0011177069606540598], [0.5256944444444445, 0.19463473397145173, 0.02932102993030376, 0.0011177069606540598, 1.2713546489197531]], "b": [-0.48133216282227903, -0.1782099058737881, -0.026846688036516558, -0.0010233859506384594, -0.25303364392810085], "n": 1}}}