arm,count,mean,sum
reversion,14,-0.10714285714285711,-1.4999999999999996
trend,2,1.0,2.0
