hour,count,mean,sum
4,2,0.0,0.0
7,2,5.083,10.166
8,2,-1.083,-2.166
9,6,-0.11099999999999999,-0.6659999999999999
10,2,-4.417,-8.834
14,2,1.0,2.0
