trades,net_pnl,gross_pnl,fees,win_rate,avg_trade,max_dd,sharpe
79,93.0,93.0,0.0,0.34177215189873417,1.1772151898734178,-23.0,3.258322534766576
