trades,net_pnl,gross_pnl,fees,win_rate,avg_trade,max_dd,sharpe
51,20.0,20.0,0.0,0.49019607843137253,0.39215686274509803,-6.0,3.1757014803179784
