{
  "arms": [
    "trend",
    "breakout",
    "reversion",
    "vwap"
  ],
  "d": 6,
  "alpha": 0.6,
  "alpha_base": 0.6,
  "alpha_boost_until": 0.0,
  "A": {
    "trend": [
      [
        1.015372093510634,
        0.009237963494820015,
        0.1681454490048907,
        0.03603760432707713,
        0.03603760432707713,
        0.0
      ],
      [
        0.009237963494820015,
        1.0055516166013825,
        0.10104814407048043,
        0.021657041897646254,
        0.021657041897646254,
        0.0
      ],
      [
        0.1681454490048907,
        0.10104814407048043,
        2.8392349748263195,
        0.3941921870593408,
        0.3941921870593408,
        0.0
      ],
      [
        0.03603760432707713,
        0.021657041897646254,
        0.3941921870593408,
        1.084484844223506,
        0.08448484422350626,
        0.0
      ],
      [
        0.03603760432707713,
        0.021657041897646254,
        0.3941921870593408,
        0.08448484422350626,
        1.084484844223506,
        0.0
      ],
      [
        0.0,
        0.0,
        0.0,
        0.0,
        0.0,
        1.0
      ]
    ],
    "breakout": [
      [
        1.0,
        0.0,
        0.0,
        0.0,
        0.0,
        0.0
      ],
      [
        0.0,
        1.0,
        0.0,
        0.0,
        0.0,
        0.0
      ],
      [
        0.0,
        0.0,
        1.0,
        0.0,
        0.0,
        0.0
      ],
      [
        0.0,
        0.0,
        0.0,
        1.0,
        0.0,
        0.0
      ],
      [
        0.0,
        0.0,
        0.0,
        0.0,
        1.0,
        0.0
      ],
      [
        0.0,
        0.0,
        0.0,
        0.0,
        0.0,
        1.0
      ]
    ],
    "reversion": [
      [
        1.177279164589554,
        0.011552158196413346,
        0.2977470644739105,
        0.5569829000772629,
        0.5569829000772629,
        0.0
      ],
      [
        0.011552158196413346,
        1.0009237656543366,
        0.02351863770107777,
        0.038650000988722,
        0.038650000988722,
        0.0
      ],
      [
        0.2977470644739105,
        0.02351863770107777,
        1.6362799057339443,
        0.9972218547466152,
        0.9972218547466152,
        0.0
      ],
      [
        0.5569829000772629,
        0.038650000988722,
        0.9972218547466152,
        2.790319272680401,
        1.7903192726804185,
        0.0
      ],
      [
        0.5569829000772629,
        0.038650000988722,
        0.9972218547466152,
        1.7903192726804185,
        2.790319272680401,
        0.0
      ],
      [
        0.0,
        0.0,
        0.0,
        0.0,
        0.0,
        1.0
      ]
    ],
    "vwap": [
      [
        1.0,
        0.0,
        0.0,
        0.0,
        0.0,
        0.0
      ],
      [
        0.0,
        1.0,
        0.0,
        0.0,
        0.0,
        0.0
      ],
      [
        0.0,
        0.0,
        1.0,
        0.0,
        0.0,
        0.0
      ],
      [
        0.0,
        0.0,
        0.0,
        1.0,
        0.0,
        0.0
      ],
      [
        0.0,
        0.0,
        0.0,
        0.0,
        1.0,
        0.0
      ],
      [
        0.0,
        0.0,
        0.0,
        0.0,
        0.0,
        1.0
      ]
    ]
  },
  "b": {
    "trend": [
      [
        0.03674138150873551
      ],
      [
        0.02207998155177668
      ],
      [
        0.4018903532282815
      ],
      [
        0.08613474594896016
      ],
      [
        0.08613474594896016
      ],
      [
        0.0
      ]
    ],
    "breakout": [
      [
        0.0
      ],
      [
        0.0
      ],
      [
        0.0
      ],
      [
        0.0
      ],
      [
        0.0
      ],
      [
        0.0
      ]
    ],
    "reversion": [
      [
        -0.005067422134175506
      ],
      [
        -0.03668709062659398
      ],
      [
        -1.0104709500485436
      ],
      [
        -0.6363296546936863
      ],
      [
        -0.6363296546936863
      ],
      [
        0.0
      ]
    ],
    "vwap": [
      [
        0.0
      ],
      [
        0.0
      ],
      [
        0.0
      ],
      [
        0.0
      ],
      [
        0.0
      ],
      [
        0.0
      ]
    ]
  },
  "counts": {
    "trend": 1,
    "breakout": 0,
    "reversion": 8,
    "vwap": 0
  },
  "reward_sum": {
    "trend": 0.08613474594896016,
    "breakout": 0.0,
    "reversion": -0.6363296546936863,
    "vwap": 0.0
  },
  "disabled_until": {
    "trend": 0.0,
    "breakout": 0.0,
    "reversion": 0.0,
    "vwap": 0.0
  },
  "_snapshot_time": "2025-09-23T17:34:00.033431"
}