{
  "arms": [
    "trend",
    "breakout",
    "reversion",
    "vwap"
  ],
  "d": 6,
  "alpha": 0.6,
  "alpha_base": 0.6,
  "alpha_boost_until": 0.0,
  "A": {
    "trend": [
      [
        1.008594297520661,
        0.005164801183687822,
        0.0940074957580356,
        0.02014806202580559,
        0.02014806202580559,
        0.0
      ],
      [
        0.005164801183687822,
        1.003103822180103,
        0.05649443997016387,
        0.012108114054668,
        0.012108114054668,
        0.0
      ],
      [
        0.0940074957580356,
        0.05649443997016387,
        2.0282875636377473,
        0.22038669837417896,
        0.22038669837417896,
        0.0
      ],
      [
        0.02014806202580559,
        0.012108114054668,
        0.22038669837417896,
        1.0472341575818005,
        0.047234157581800176,
        0.0
      ],
      [
        0.02014806202580559,
        0.012108114054668,
        0.22038669837417896,
        0.047234157581800176,
        1.0472341575818005,
        0.0
      ],
      [
        0.0,
        0.0,
        0.0,
        0.0,
        0.0,
        1.0
      ]
    ],
    "breakout": [
      [
        1.0,
        0.0,
        0.0,
        0.0,
        0.0,
        0.0
      ],
      [
        0.0,
        1.0,
        0.0,
        0.0,
        0.0,
        0.0
      ],
      [
        0.0,
        0.0,
        1.0,
        0.0,
        0.0,
        0.0
      ],
      [
        0.0,
        0.0,
        0.0,
        1.0,
        0.0,
        0.0
      ],
      [
        0.0,
        0.0,
        0.0,
        0.0,
        1.0,
        0.0
      ],
      [
        0.0,
        0.0,
        0.0,
        0.0,
        0.0,
        1.0
      ]
    ],
    "reversion": [
      [
        1.0991140135624855,
        0.006458631316354549,
        0.16646573586231608,
        0.31140044483028917,
        0.31140044483028917,
        0.0
      ],
      [
        0.006458631316354549,
        1.0005164629571925,
        0.01314890320852238,
        0.0216086122193511,
        0.0216086122193511,
        0.0
      ],
      [
        0.16646573586231608,
        0.01314890320852238,
        1.355734162852467,
        0.5575311721769294,
        0.5575311721769294,
        0.0
      ],
      [
        0.31140044483028917,
        0.0216086122193511,
        0.5575311721769294,
        2.0009395581508436,
        1.0009395581508627,
        0.0
      ],
      [
        0.31140044483028917,
        0.0216086122193511,
        0.5575311721769294,
        1.0009395581508627,
        2.0009395581508436,
        0.0
      ],
      [
        0.0,
        0.0,
        0.0,
        0.0,
        0.0,
        1.0
      ]
    ],
    "vwap": [
      [
        1.0,
        0.0,
        0.0,
        0.0,
        0.0,
        0.0
      ],
      [
        0.0,
        1.0,
        0.0,
        0.0,
        0.0,
        0.0
      ],
      [
        0.0,
        0.0,
        1.0,
        0.0,
        0.0,
        0.0
      ],
      [
        0.0,
        0.0,
        0.0,
        1.0,
        0.0,
        0.0
      ],
      [
        0.0,
        0.0,
        0.0,
        0.0,
        1.0,
        0.0
      ],
      [
        0.0,
        0.0,
        0.0,
        0.0,
        0.0,
        1.0
      ]
    ]
  },
  "b": {
    "trend": [
      [
        0.020541532861982823
      ],
      [
        0.012344573013128508
      ],
      [
        0.2246906229094798
      ],
      [
        0.04815659188123981
      ],
      [
        0.04815659188123981
      ],
      [
        0.0
      ]
    ],
    "breakout": [
      [
        0.0
      ],
      [
        0.0
      ],
      [
        0.0
      ],
      [
        0.0
      ],
      [
        0.0
      ],
      [
        0.0
      ]
    ],
    "reversion": [
      [
        -0.0028331166118496834
      ],
      [
        -0.020511179677267885
      ],
      [
        -0.5649385345394847
      ],
      [
        -0.3557619767192693
      ],
      [
        -0.3557619767192693
      ],
      [
        0.0
      ]
    ],
    "vwap": [
      [
        0.0
      ],
      [
        0.0
      ],
      [
        0.0
      ],
      [
        0.0
      ],
      [
        0.0
      ],
      [
        0.0
      ]
    ]
  },
  "counts": {
    "trend": 1,
    "breakout": 0,
    "reversion": 8,
    "vwap": 0
  },
  "reward_sum": {
    "trend": 0.04815659188123981,
    "breakout": 0.0,
    "reversion": -0.3557619767192693,
    "vwap": 0.0
  },
  "disabled_until": {
    "trend": 0.0,
    "breakout": 0.0,
    "reversion": 0.0,
    "vwap": 0.0
  },
  "_snapshot_time": "2025-09-24T15:41:00.017247"
}