{
  "arms": [
    "trend",
    "breakout",
    "reversion",
    "vwap"
  ],
  "d": 6,
  "alpha": 0.6,
  "alpha_base": 0.6,
  "alpha_boost_until": 0.0,
  "A": {
    "trend": [
      [
        1.1249353293352815,
        0.07508073059888279,
        1.3665872532667256,
        0.2928924392727453,
        0.2928924392727453,
        0.0
      ],
      [
        0.07508073059888279,
        1.045120272522229,
        0.8212598465805747,
        0.17601569103381434,
        0.17601569103381434,
        0.0
      ],
      [
        1.3665872532667256,
        0.8212598465805747,
        15.948219456637721,
        3.2037621081077257,
        3.2037621081077257,
        0.0
      ],
      [
        0.2928924392727453,
        0.17601569103381434,
        3.2037621081077257,
        1.6866430931871994,
        0.6866430931872001,
        0.0
      ],
      [
        0.2928924392727453,
        0.17601569103381434,
        3.2037621081077257,
        0.6866430931872001,
        1.6866430931871994,
        0.0
      ],
      [
        0.0,
        0.0,
        0.0,
        0.0,
        0.0,
        1.0
      ]
    ],
    "breakout": [
      [
        1.0,
        0.0,
        0.0,
        0.0,
        0.0,
        0.0
      ],
      [
        0.0,
        1.0,
        0.0,
        0.0,
        0.0,
        0.0
      ],
      [
        0.0,
        0.0,
        1.0,
        0.0,
        0.0,
        0.0
      ],
      [
        0.0,
        0.0,
        0.0,
        1.0,
        0.0,
        0.0
      ],
      [
        0.0,
        0.0,
        0.0,
        0.0,
        1.0,
        0.0
      ],
      [
        0.0,
        0.0,
        0.0,
        0.0,
        0.0,
        1.0
      ]
    ],
    "reversion": [
      [
        1.1016170180175804,
        0.010301928406188812,
        0.29038251154498734,
        0.3493105738279323,
        0.3493105738279323,
        0.0
      ],
      [
        0.010301928406188812,
        1.0011181001893537,
        0.030029520780207507,
        0.03505839500069235,
        0.03505839500069235,
        0.0
      ],
      [
        0.29038251154498734,
        0.030029520780207507,
        1.8345346524666177,
        0.995353318087608,
        0.995353318087608,
        0.0
      ],
      [
        0.3493105738279323,
        0.03505839500069235,
        0.995353318087608,
        2.2024694606949966,
        1.2024694606950075,
        0.0
      ],
      [
        0.3493105738279323,
        0.03505839500069235,
        0.995353318087608,
        1.2024694606950075,
        2.2024694606949966,
        0.0
      ],
      [
        0.0,
        0.0,
        0.0,
        0.0,
        0.0,
        1.0
      ]
    ],
    "vwap": [
      [
        1.0,
        0.0,
        0.0,
        0.0,
        0.0,
        0.0
      ],
      [
        0.0,
        1.0,
        0.0,
        0.0,
        0.0,
        0.0
      ],
      [
        0.0,
        0.0,
        1.0,
        0.0,
        0.0,
        0.0
      ],
      [
        0.0,
        0.0,
        0.0,
        1.0,
        0.0,
        0.0
      ],
      [
        0.0,
        0.0,
        0.0,
        0.0,
        1.0,
        0.0
      ],
      [
        0.0,
        0.0,
        0.0,
        0.0,
        0.0,
        1.0
      ]
    ]
  },
  "b": {
    "trend": [
      [
        0.29861232602130855
      ],
      [
        0.17945309563593864
      ],
      [
        3.266328272236838
      ],
      [
        0.7000525234185371
      ],
      [
        0.7000525234185371
      ],
      [
        0.0
      ]
    ],
    "breakout": [
      [
        0.0
      ],
      [
        0.0
      ],
      [
        0.0
      ],
      [
        0.0
      ],
      [
        0.0
      ],
      [
        0.0
      ]
    ],
    "reversion": [
      [
        0.1392632238975413
      ],
      [
        0.015152518247864507
      ],
      [
        0.4062475014708093
      ],
      [
        0.4737431800578038
      ],
      [
        0.4737431800578038
      ],
      [
        0.0
      ]
    ],
    "vwap": [
      [
        0.0
      ],
      [
        0.0
      ],
      [
        0.0
      ],
      [
        0.0
      ],
      [
        0.0
      ],
      [
        0.0
      ]
    ]
  },
  "counts": {
    "trend": 1,
    "breakout": 0,
    "reversion": 2,
    "vwap": 0
  },
  "reward_sum": {
    "trend": 0.7000525234185371,
    "breakout": 0.0,
    "reversion": 0.4737431800578038,
    "vwap": 0.0
  },
  "disabled_until": {
    "trend": 0.0,
    "breakout": 0.0,
    "reversion": 0.0,
    "vwap": 0.0
  },
  "_snapshot_time": "2025-09-18T05:46:00.120733"
}