{
  "arms": [
    "trend",
    "breakout",
    "reversion",
    "vwap"
  ],
  "d": 6,
  "alpha": 0.6,
  "alpha_base": 0.6,
  "alpha_boost_until": 0.0,
  "A": {
    "trend": [
      [
        1.0186910142499785,
        0.011232491345634683,
        0.20444898941355796,
        0.04381832413045135,
        0.04381832413045135,
        0.0
      ],
      [
        0.011232491345634683,
        1.0067502415942937,
        0.12286500205381384,
        0.026332918053179524,
        0.026332918053179524,
        0.0
      ],
      [
        0.20444898941355796,
        0.12286500205381384,
        3.2363360657259035,
        0.47930047917418406,
        0.47930047917418406,
        0.0
      ],
      [
        0.04381832413045135,
        0.026332918053179524,
        0.47930047917418406,
        1.1027255933745517,
        0.10272559337455119,
        0.0
      ],
      [
        0.04381832413045135,
        0.026332918053179524,
        0.47930047917418406,
        0.10272559337455119,
        1.1027255933745517,
        0.0
      ],
      [
        0.0,
        0.0,
        0.0,
        0.0,
        0.0,
        1.0
      ]
    ],
    "breakout": [
      [
        1.0,
        0.0,
        0.0,
        0.0,
        0.0,
        0.0
      ],
      [
        0.0,
        1.0,
        0.0,
        0.0,
        0.0,
        0.0
      ],
      [
        0.0,
        0.0,
        1.0,
        0.0,
        0.0,
        0.0
      ],
      [
        0.0,
        0.0,
        0.0,
        1.0,
        0.0,
        0.0
      ],
      [
        0.0,
        0.0,
        0.0,
        0.0,
        1.0,
        0.0
      ],
      [
        0.0,
        0.0,
        0.0,
        0.0,
        0.0,
        1.0
      ]
    ],
    "reversion": [
      [
        1.215554725143705,
        0.014046333592612207,
        0.3620323166211529,
        0.6772386152307758,
        0.6772386152307758,
        0.0
      ],
      [
        0.014046333592612207,
        1.001123211812165,
        0.02859644277514226,
        0.04699475180412044,
        0.04699475180412044,
        0.0
      ],
      [
        0.3620323166211529,
        0.02859644277514226,
        1.7736562867525203,
        1.2125276160054104,
        1.2125276160054104,
        0.0
      ],
      [
        0.6772386152307758,
        0.04699475180412044,
        1.2125276160054104,
        3.1768591906194183,
        2.176859190619434,
        0.0
      ],
      [
        0.6772386152307758,
        0.04699475180412044,
        1.2125276160054104,
        2.176859190619434,
        3.1768591906194183,
        0.0
      ],
      [
        0.0,
        0.0,
        0.0,
        0.0,
        0.0,
        1.0
      ]
    ],
    "vwap": [
      [
        1.0,
        0.0,
        0.0,
        0.0,
        0.0,
        0.0
      ],
      [
        0.0,
        1.0,
        0.0,
        0.0,
        0.0,
        0.0
      ],
      [
        0.0,
        0.0,
        1.0,
        0.0,
        0.0,
        0.0
      ],
      [
        0.0,
        0.0,
        0.0,
        1.0,
        0.0,
        0.0
      ],
      [
        0.0,
        0.0,
        0.0,
        0.0,
        1.0,
        0.0
      ],
      [
        0.0,
        0.0,
        0.0,
        0.0,
        0.0,
        1.0
      ]
    ]
  },
  "b": {
    "trend": [
      [
        0.04467405073152157
      ],
      [
        0.026847172737927895
      ],
      [
        0.48866072236180563
      ],
      [
        0.10473171808620435
      ],
      [
        0.10473171808620435
      ],
      [
        0.0
      ]
    ],
    "breakout": [
      [
        0.0
      ],
      [
        0.0
      ],
      [
        0.0
      ],
      [
        0.0
      ],
      [
        0.0
      ],
      [
        0.0
      ]
    ],
    "reversion": [
      [
        -0.006161506840627865
      ],
      [
        -0.04460803814507398
      ],
      [
        -1.2286372648906698
      ],
      [
        -0.7737167767901859
      ],
      [
        -0.7737167767901859
      ],
      [
        0.0
      ]
    ],
    "vwap": [
      [
        0.0
      ],
      [
        0.0
      ],
      [
        0.0
      ],
      [
        0.0
      ],
      [
        0.0
      ],
      [
        0.0
      ]
    ]
  },
  "counts": {
    "trend": 1,
    "breakout": 0,
    "reversion": 8,
    "vwap": 0
  },
  "reward_sum": {
    "trend": 0.10473171808620435,
    "breakout": 0.0,
    "reversion": -0.7737167767901859,
    "vwap": 0.0
  },
  "disabled_until": {
    "trend": 0.0,
    "breakout": 0.0,
    "reversion": 0.0,
    "vwap": 0.0
  },
  "_snapshot_time": "2025-09-23T09:31:00.584403"
}