{
  "arms": [
    "trend",
    "breakout",
    "reversion",
    "vwap"
  ],
  "d": 6,
  "alpha": 0.6,
  "alpha_base": 0.6,
  "alpha_boost_until": 0.0,
  "A": {
    "trend": [
      [
        1.0166557320598737,
        0.01000937475706789,
        0.18218634591153357,
        0.03904690544175766,
        0.03904690544175766,
        0.0
      ],
      [
        0.01000937475706789,
        1.0060152014133799,
        0.10948611596860744,
        0.023465501742306417,
        0.023465501742306417,
        0.0
      ],
      [
        0.18218634591153357,
        0.10948611596860744,
        2.9928193199362343,
        0.42710899743190894,
        0.42710899743190894,
        0.0
      ],
      [
        0.03904690544175766,
        0.023465501742306417,
        0.42710899743190894,
        1.0915397065164583,
        0.09153970651645797,
        0.0
      ],
      [
        0.03904690544175766,
        0.023465501742306417,
        0.42710899743190894,
        0.09153970651645797,
        1.0915397065164583,
        0.0
      ],
      [
        0.0,
        0.0,
        0.0,
        0.0,
        0.0,
        1.0
      ]
    ],
    "breakout": [
      [
        1.0,
        0.0,
        0.0,
        0.0,
        0.0,
        0.0
      ],
      [
        0.0,
        1.0,
        0.0,
        0.0,
        0.0,
        0.0
      ],
      [
        0.0,
        0.0,
        1.0,
        0.0,
        0.0,
        0.0
      ],
      [
        0.0,
        0.0,
        0.0,
        1.0,
        0.0,
        0.0
      ],
      [
        0.0,
        0.0,
        0.0,
        0.0,
        1.0,
        0.0
      ],
      [
        0.0,
        0.0,
        0.0,
        0.0,
        0.0,
        1.0
      ]
    ],
    "reversion": [
      [
        1.1920827675917698,
        0.012516815064886496,
        0.3226102758261972,
        0.6034934629561927,
        0.6034934629561927,
        0.0
      ],
      [
        0.012516815064886496,
        1.0010009042173793,
        0.025482549120029792,
        0.041877448906795046,
        0.041877448906795046,
        0.0
      ],
      [
        0.3226102758261972,
        0.025482549120029792,
        1.689412123186461,
        1.080494339006009,
        1.080494339006009,
        0.0
      ],
      [
        0.6034934629561927,
        0.041877448906795046,
        1.080494339006009,
        2.9398189379193376,
        1.939818937919354,
        0.0
      ],
      [
        0.6034934629561927,
        0.041877448906795046,
        1.080494339006009,
        1.939818937919354,
        2.9398189379193376,
        0.0
      ],
      [
        0.0,
        0.0,
        0.0,
        0.0,
        0.0,
        1.0
      ]
    ],
    "vwap": [
      [
        1.0,
        0.0,
        0.0,
        0.0,
        0.0,
        0.0
      ],
      [
        0.0,
        1.0,
        0.0,
        0.0,
        0.0,
        0.0
      ],
      [
        0.0,
        0.0,
        1.0,
        0.0,
        0.0,
        0.0
      ],
      [
        0.0,
        0.0,
        0.0,
        1.0,
        0.0,
        0.0
      ],
      [
        0.0,
        0.0,
        0.0,
        0.0,
        1.0,
        0.0
      ],
      [
        0.0,
        0.0,
        0.0,
        0.0,
        0.0,
        1.0
      ]
    ]
  },
  "b": {
    "trend": [
      [
        0.03980945116524333
      ],
      [
        0.023923758748863086
      ],
      [
        0.43544999490070335
      ],
      [
        0.0933273824140366
      ],
      [
        0.0933273824140366
      ],
      [
        0.0
      ]
    ],
    "breakout": [
      [
        0.0
      ],
      [
        0.0
      ],
      [
        0.0
      ],
      [
        0.0
      ],
      [
        0.0
      ],
      [
        0.0
      ]
    ],
    "reversion": [
      [
        -0.005490574542935194
      ],
      [
        -0.03975062675166441
      ],
      [
        -1.0948497930131031
      ],
      [
        -0.689466026406809
      ],
      [
        -0.689466026406809
      ],
      [
        0.0
      ]
    ],
    "vwap": [
      [
        0.0
      ],
      [
        0.0
      ],
      [
        0.0
      ],
      [
        0.0
      ],
      [
        0.0
      ],
      [
        0.0
      ]
    ]
  },
  "counts": {
    "trend": 1,
    "breakout": 0,
    "reversion": 8,
    "vwap": 0
  },
  "reward_sum": {
    "trend": 0.0933273824140366,
    "breakout": 0.0,
    "reversion": -0.689466026406809,
    "vwap": 0.0
  },
  "disabled_until": {
    "trend": 0.0,
    "breakout": 0.0,
    "reversion": 0.0,
    "vwap": 0.0
  },
  "_snapshot_time": "2025-09-23T14:30:00.917680"
}