{
  "arms": [
    "trend",
    "breakout",
    "reversion",
    "vwap"
  ],
  "d": 6,
  "alpha": 0.6,
  "alpha_base": 0.6,
  "alpha_boost_until": 0.0,
  "A": {
    "trend": [
      [
        1.0147678633008574,
        0.008874847266277418,
        0.16153616316786684,
        0.03462107578414706,
        0.03462107578414706,
        0.0
      ],
      [
        0.008874847266277418,
        1.0053333994495461,
        0.09707624907471907,
        0.02080576949549053,
        0.02080576949549053,
        0.0
      ],
      [
        0.16153616316786684,
        0.09707624907471907,
        2.7669402458162873,
        0.37869769193969605,
        0.37869769193969605,
        0.0
      ],
      [
        0.03462107578414706,
        0.02080576949549053,
        0.37869769193969605,
        1.0811640021330762,
        0.0811640021330769,
        0.0
      ],
      [
        0.03462107578414706,
        0.02080576949549053,
        0.37869769193969605,
        0.0811640021330769,
        1.0811640021330762,
        0.0
      ],
      [
        0.0,
        0.0,
        0.0,
        0.0,
        0.0,
        1.0
      ]
    ],
    "breakout": [
      [
        1.0,
        0.0,
        0.0,
        0.0,
        0.0,
        0.0
      ],
      [
        0.0,
        1.0,
        0.0,
        0.0,
        0.0,
        0.0
      ],
      [
        0.0,
        0.0,
        1.0,
        0.0,
        0.0,
        0.0
      ],
      [
        0.0,
        0.0,
        0.0,
        1.0,
        0.0,
        0.0
      ],
      [
        0.0,
        0.0,
        0.0,
        0.0,
        1.0,
        0.0
      ],
      [
        0.0,
        0.0,
        0.0,
        0.0,
        0.0,
        1.0
      ]
    ],
    "reversion": [
      [
        1.1703108601920498,
        0.011098078017577267,
        0.2860435335850929,
        0.5350895974946992,
        0.5350895974946992,
        0.0
      ],
      [
        0.011098078017577267,
        1.000887455238015,
        0.022594191633796425,
        0.03713078708404897,
        0.03713078708404897,
        0.0
      ],
      [
        0.2860435335850929,
        0.022594191633796425,
        1.611269679205435,
        0.9580240987564679,
        0.9580240987564679,
        0.0
      ],
      [
        0.5350895974946992,
        0.03713078708404897,
        0.9580240987564679,
        2.7199472710430967,
        1.7199472710431134,
        0.0
      ],
      [
        0.5350895974946992,
        0.03713078708404897,
        0.9580240987564679,
        1.7199472710431134,
        2.7199472710430967,
        0.0
      ],
      [
        0.0,
        0.0,
        0.0,
        0.0,
        0.0,
        1.0
      ]
    ],
    "vwap": [
      [
        1.0,
        0.0,
        0.0,
        0.0,
        0.0,
        0.0
      ],
      [
        0.0,
        1.0,
        0.0,
        0.0,
        0.0,
        0.0
      ],
      [
        0.0,
        0.0,
        1.0,
        0.0,
        0.0,
        0.0
      ],
      [
        0.0,
        0.0,
        0.0,
        1.0,
        0.0,
        0.0
      ],
      [
        0.0,
        0.0,
        0.0,
        0.0,
        1.0,
        0.0
      ],
      [
        0.0,
        0.0,
        0.0,
        0.0,
        0.0,
        1.0
      ]
    ]
  },
  "b": {
    "trend": [
      [
        0.03529718962679339
      ],
      [
        0.021212084679065834
      ],
      [
        0.38609326662648513
      ],
      [
        0.08274905124330358
      ],
      [
        0.08274905124330358
      ],
      [
        0.0
      ]
    ],
    "breakout": [
      [
        0.0
      ],
      [
        0.0
      ],
      [
        0.0
      ],
      [
        0.0
      ],
      [
        0.0
      ],
      [
        0.0
      ]
    ],
    "reversion": [
      [
        -0.004868237193162602
      ],
      [
        -0.03524503275399044
      ],
      [
        -0.9707524124466986
      ],
      [
        -0.6113174726849842
      ],
      [
        -0.6113174726849842
      ],
      [
        0.0
      ]
    ],
    "vwap": [
      [
        0.0
      ],
      [
        0.0
      ],
      [
        0.0
      ],
      [
        0.0
      ],
      [
        0.0
      ],
      [
        0.0
      ]
    ]
  },
  "counts": {
    "trend": 1,
    "breakout": 0,
    "reversion": 8,
    "vwap": 0
  },
  "reward_sum": {
    "trend": 0.08274905124330358,
    "breakout": 0.0,
    "reversion": -0.6113174726849842,
    "vwap": 0.0
  },
  "disabled_until": {
    "trend": 0.0,
    "breakout": 0.0,
    "reversion": 0.0,
    "vwap": 0.0
  },
  "_snapshot_time": "2025-09-23T18:55:00.180215"
}