{
  "arms": [
    "trend",
    "breakout",
    "reversion",
    "vwap"
  ],
  "d": 6,
  "alpha": 0.6,
  "alpha_base": 0.6,
  "alpha_boost_until": 0.0,
  "A": {
    "trend": [
      [
        1.0698493923684702,
        0.04197646445417259,
        0.7640376006294436,
        0.16375159069391415,
        0.16375159069391415,
        0.0
      ],
      [
        0.04197646445417259,
        1.0252260400316358,
        0.45915356020978443,
        0.09840762522051792,
        0.09840762522051792,
        0.0
      ],
      [
        0.7640376006294436,
        0.45915356020978443,
        9.357316153821047,
        1.7911733833422514,
        1.7911733833422514,
        0.0
      ],
      [
        0.16375159069391415,
        0.09840762522051792,
        1.7911733833422514,
        1.3838914347791977,
        0.38389143477919885,
        0.0
      ],
      [
        0.16375159069391415,
        0.09840762522051792,
        1.7911733833422514,
        0.38389143477919885,
        1.3838914347791977,
        0.0
      ],
      [
        0.0,
        0.0,
        0.0,
        0.0,
        0.0,
        1.0
      ]
    ],
    "breakout": [
      [
        1.0,
        0.0,
        0.0,
        0.0,
        0.0,
        0.0
      ],
      [
        0.0,
        1.0,
        0.0,
        0.0,
        0.0,
        0.0
      ],
      [
        0.0,
        0.0,
        1.0,
        0.0,
        0.0,
        0.0
      ],
      [
        0.0,
        0.0,
        0.0,
        1.0,
        0.0,
        0.0
      ],
      [
        0.0,
        0.0,
        0.0,
        0.0,
        1.0,
        0.0
      ],
      [
        0.0,
        0.0,
        0.0,
        0.0,
        0.0,
        1.0
      ]
    ],
    "reversion": [
      [
        1.0568124885137635,
        0.005759647356951138,
        0.16234832928174656,
        0.19529408902652604,
        0.19529408902652604,
        0.0
      ],
      [
        0.005759647356951138,
        1.000625112362124,
        0.016789036302011895,
        0.019600601377056957,
        0.019600601377056957,
        0.0
      ],
      [
        0.16234832928174656,
        0.016789036302011895,
        1.4665752969585721,
        0.5564865024990703,
        0.5564865024990703,
        0.0
      ],
      [
        0.19529408902652604,
        0.019600601377056957,
        0.5564865024990703,
        1.6722819047107484,
        0.6722819047107562,
        0.0
      ],
      [
        0.19529408902652604,
        0.019600601377056957,
        0.5564865024990703,
        0.6722819047107562,
        1.6722819047107484,
        0.0
      ],
      [
        0.0,
        0.0,
        0.0,
        0.0,
        0.0,
        1.0
      ]
    ],
    "vwap": [
      [
        1.0,
        0.0,
        0.0,
        0.0,
        0.0,
        0.0
      ],
      [
        0.0,
        1.0,
        0.0,
        0.0,
        0.0,
        0.0
      ],
      [
        0.0,
        0.0,
        1.0,
        0.0,
        0.0,
        0.0
      ],
      [
        0.0,
        0.0,
        0.0,
        1.0,
        0.0,
        0.0
      ],
      [
        0.0,
        0.0,
        0.0,
        0.0,
        1.0,
        0.0
      ],
      [
        0.0,
        0.0,
        0.0,
        0.0,
        0.0,
        1.0
      ]
    ]
  },
  "b": {
    "trend": [
      [
        0.16694949008657847
      ],
      [
        0.10032942447506368
      ],
      [
        1.826153149037801
      ],
      [
        0.3913884378979302
      ],
      [
        0.3913884378979302
      ],
      [
        0.0
      ]
    ],
    "breakout": [
      [
        0.0
      ],
      [
        0.0
      ],
      [
        0.0
      ],
      [
        0.0
      ],
      [
        0.0
      ],
      [
        0.0
      ]
    ],
    "reversion": [
      [
        0.07785989455722755
      ],
      [
        0.008471536418855135
      ],
      [
        0.22712663647601225
      ],
      [
        0.26486241675435945
      ],
      [
        0.26486241675435945
      ],
      [
        0.0
      ]
    ],
    "vwap": [
      [
        0.0
      ],
      [
        0.0
      ],
      [
        0.0
      ],
      [
        0.0
      ],
      [
        0.0
      ],
      [
        0.0
      ]
    ]
  },
  "counts": {
    "trend": 1,
    "breakout": 0,
    "reversion": 2,
    "vwap": 0
  },
  "reward_sum": {
    "trend": 0.3913884378979302,
    "breakout": 0.0,
    "reversion": 0.26486241675435945,
    "vwap": 0.0
  },
  "disabled_until": {
    "trend": 0.0,
    "breakout": 0.0,
    "reversion": 0.0,
    "vwap": 0.0
  },
  "_snapshot_time": "2025-09-19T03:07:00.451931"
}