{
  "arms": [
    "trend",
    "breakout",
    "reversion",
    "vwap"
  ],
  "d": 6,
  "alpha": 0.6,
  "alpha_base": 0.6,
  "alpha_boost_until": 0.0,
  "A": {
    "trend": [
      [
        1.0079319446705126,
        0.004766755761564467,
        0.08676244372196704,
        0.018595273531379384,
        0.018595273531379384,
        0.0
      ],
      [
        0.004766755761564467,
        1.0028646140932986,
        0.052140476979958356,
        0.011174955313682983,
        0.011174955313682983,
        0.0
      ],
      [
        0.08676244372196704,
        0.052140476979958356,
        1.9490385968769144,
        0.20340174323945198,
        0.20340174323945198,
        0.0
      ],
      [
        0.018595273531379384,
        0.011174955313682983,
        0.20340174323945198,
        1.0435938741469468,
        0.04359387414694703,
        0.0
      ],
      [
        0.018595273531379384,
        0.011174955313682983,
        0.20340174323945198,
        0.04359387414694703,
        1.0435938741469468,
        0.0
      ],
      [
        0.0,
        0.0,
        0.0,
        0.0,
        0.0,
        1.0
      ]
    ],
    "breakout": [
      [
        1.0,
        0.0,
        0.0,
        0.0,
        0.0,
        0.0
      ],
      [
        0.0,
        1.0,
        0.0,
        0.0,
        0.0,
        0.0
      ],
      [
        0.0,
        0.0,
        1.0,
        0.0,
        0.0,
        0.0
      ],
      [
        0.0,
        0.0,
        0.0,
        1.0,
        0.0,
        0.0
      ],
      [
        0.0,
        0.0,
        0.0,
        0.0,
        1.0,
        0.0
      ],
      [
        0.0,
        0.0,
        0.0,
        0.0,
        0.0,
        1.0
      ]
    ],
    "reversion": [
      [
        1.0914754079388227,
        0.005960871860138305,
        0.15363640870260573,
        0.28740116255329584,
        0.28740116255329584,
        0.0
      ],
      [
        0.005960871860138305,
        1.000476659737573,
        0.012135532017269999,
        0.01994326076312912,
        0.01994326076312912,
        0.0
      ],
      [
        0.15363640870260573,
        0.012135532017269999,
        1.3283181307574616,
        0.5145628713879268,
        0.5145628713879268,
        0.0
      ],
      [
        0.28740116255329584,
        0.01994326076312912,
        0.5145628713879268,
        1.9237982714344342,
        0.9237982714344509,
        0.0
      ],
      [
        0.28740116255329584,
        0.01994326076312912,
        0.5145628713879268,
        0.9237982714344509,
        1.9237982714344342,
        0.0
      ],
      [
        0.0,
        0.0,
        0.0,
        0.0,
        0.0,
        1.0
      ]
    ],
    "vwap": [
      [
        1.0,
        0.0,
        0.0,
        0.0,
        0.0,
        0.0
      ],
      [
        0.0,
        1.0,
        0.0,
        0.0,
        0.0,
        0.0
      ],
      [
        0.0,
        0.0,
        1.0,
        0.0,
        0.0,
        0.0
      ],
      [
        0.0,
        0.0,
        0.0,
        1.0,
        0.0,
        0.0
      ],
      [
        0.0,
        0.0,
        0.0,
        0.0,
        1.0,
        0.0
      ],
      [
        0.0,
        0.0,
        0.0,
        0.0,
        0.0,
        1.0
      ]
    ]
  },
  "b": {
    "trend": [
      [
        0.018958420012463523
      ],
      [
        0.011393190645988718
      ],
      [
        0.20737396914831743
      ],
      [
        0.04444521747172123
      ],
      [
        0.04444521747172123
      ],
      [
        0.0
      ]
    ],
    "breakout": [
      [
        0.0
      ],
      [
        0.0
      ],
      [
        0.0
      ],
      [
        0.0
      ],
      [
        0.0
      ],
      [
        0.0
      ]
    ],
    "reversion": [
      [
        -0.0026147714989245077
      ],
      [
        -0.018930406113578362
      ],
      [
        -0.5213993566588845
      ],
      [
        -0.3283438010408113
      ],
      [
        -0.3283438010408113
      ],
      [
        0.0
      ]
    ],
    "vwap": [
      [
        0.0
      ],
      [
        0.0
      ],
      [
        0.0
      ],
      [
        0.0
      ],
      [
        0.0
      ],
      [
        0.0
      ]
    ]
  },
  "counts": {
    "trend": 1,
    "breakout": 0,
    "reversion": 8,
    "vwap": 0
  },
  "reward_sum": {
    "trend": 0.04444521747172123,
    "breakout": 0.0,
    "reversion": -0.3283438010408113,
    "vwap": 0.0
  },
  "disabled_until": {
    "trend": 0.0,
    "breakout": 0.0,
    "reversion": 0.0,
    "vwap": 0.0
  },
  "_snapshot_time": "2025-09-24T18:24:00.953224"
}