{
  "arms": [
    "trend",
    "breakout",
    "reversion",
    "vwap"
  ],
  "d": 6,
  "alpha": 0.6,
  "alpha_base": 0.6,
  "alpha_boost_until": 0.0,
  "A": {
    "trend": [
      [
        1.0992080652810117,
        0.059619757375518674,
        1.085173250477813,
        0.23257866602092903,
        0.23257866602092903,
        0.0
      ],
      [
        0.059619757375518674,
        1.0358288961633066,
        0.6521421995341921,
        0.13976972133881208,
        0.13976972133881208,
        0.0
      ],
      [
        1.085173250477813,
        0.6521421995341921,
        12.870012586345453,
        2.5440285150489066,
        2.5440285150489066,
        0.0
      ],
      [
        0.23257866602092903,
        0.13976972133881208,
        2.5440285150489066,
        1.5452463540625914,
        0.5452463540625918,
        0.0
      ],
      [
        0.23257866602092903,
        0.13976972133881208,
        2.5440285150489066,
        0.5452463540625918,
        1.5452463540625914,
        0.0
      ],
      [
        0.0,
        0.0,
        0.0,
        0.0,
        0.0,
        1.0
      ]
    ],
    "breakout": [
      [
        1.0,
        0.0,
        0.0,
        0.0,
        0.0,
        0.0
      ],
      [
        0.0,
        1.0,
        0.0,
        0.0,
        0.0,
        0.0
      ],
      [
        0.0,
        0.0,
        1.0,
        0.0,
        0.0,
        0.0
      ],
      [
        0.0,
        0.0,
        0.0,
        1.0,
        0.0,
        0.0
      ],
      [
        0.0,
        0.0,
        0.0,
        0.0,
        1.0,
        0.0
      ],
      [
        0.0,
        0.0,
        0.0,
        0.0,
        0.0,
        1.0
      ]
    ],
    "reversion": [
      [
        1.0806915690764747,
        0.008180507397540965,
        0.23058559428380832,
        0.27737891592432673,
        0.27737891592432673,
        0.0
      ],
      [
        0.008180507397540965,
        1.0008878557984056,
        0.02384570220265956,
        0.02783900725584411,
        0.02783900725584411,
        0.0
      ],
      [
        0.23058559428380832,
        0.02384570220265956,
        1.6626833956549554,
        0.7903855337308568,
        0.7903855337308568,
        0.0
      ],
      [
        0.27737891592432673,
        0.02783900725584411,
        0.7903855337308568,
        1.954851357016138,
        0.9548513570161492,
        0.0
      ],
      [
        0.27737891592432673,
        0.02783900725584411,
        0.7903855337308568,
        0.9548513570161492,
        1.954851357016138,
        0.0
      ],
      [
        0.0,
        0.0,
        0.0,
        0.0,
        0.0,
        1.0
      ]
    ],
    "vwap": [
      [
        1.0,
        0.0,
        0.0,
        0.0,
        0.0,
        0.0
      ],
      [
        0.0,
        1.0,
        0.0,
        0.0,
        0.0,
        0.0
      ],
      [
        0.0,
        0.0,
        1.0,
        0.0,
        0.0,
        0.0
      ],
      [
        0.0,
        0.0,
        0.0,
        1.0,
        0.0,
        0.0
      ],
      [
        0.0,
        0.0,
        0.0,
        0.0,
        1.0,
        0.0
      ],
      [
        0.0,
        0.0,
        0.0,
        0.0,
        0.0,
        1.0
      ]
    ]
  },
  "b": {
    "trend": [
      [
        0.23712068708871376
      ],
      [
        0.1424992795989071
      ],
      [
        2.5937107636836862
      ],
      [
        0.5558944520573679
      ],
      [
        0.5558944520573679
      ],
      [
        0.0
      ]
    ],
    "breakout": [
      [
        0.0
      ],
      [
        0.0
      ],
      [
        0.0
      ],
      [
        0.0
      ],
      [
        0.0
      ],
      [
        0.0
      ]
    ],
    "reversion": [
      [
        0.1105854931601784
      ],
      [
        0.012032241220349075
      ],
      [
        0.32259112663004263
      ],
      [
        0.37618778117981194
      ],
      [
        0.37618778117981194
      ],
      [
        0.0
      ]
    ],
    "vwap": [
      [
        0.0
      ],
      [
        0.0
      ],
      [
        0.0
      ],
      [
        0.0
      ],
      [
        0.0
      ],
      [
        0.0
      ]
    ]
  },
  "counts": {
    "trend": 1,
    "breakout": 0,
    "reversion": 2,
    "vwap": 0
  },
  "reward_sum": {
    "trend": 0.5558944520573679,
    "breakout": 0.0,
    "reversion": 0.37618778117981194,
    "vwap": 0.0
  },
  "disabled_until": {
    "trend": 0.0,
    "breakout": 0.0,
    "reversion": 0.0,
    "vwap": 0.0
  },
  "_snapshot_time": "2025-09-18T13:19:00.492402"
}