{
  "arms": [
    "trend",
    "breakout",
    "reversion",
    "vwap"
  ],
  "d": 6,
  "alpha": 0.6,
  "alpha_base": 0.6,
  "alpha_boost_until": 0.0,
  "A": {
    "trend": [
      [
        1.0280519675723006,
        0.016858019515139648,
        0.3068424401434152,
        0.06576369752547759,
        0.06576369752547759,
        0.0
      ],
      [
        0.016858019515139648,
        1.0101309407705652,
        0.18439903834475932,
        0.03952113852316439,
        0.03952113852316439,
        0.0
      ],
      [
        0.3068424401434152,
        0.18439903834475932,
        4.356352199912408,
        0.7193468112196103,
        0.7193468112196103,
        0.0
      ],
      [
        0.06576369752547759,
        0.03952113852316439,
        0.7193468112196103,
        1.1541732821797823,
        0.15417328217978102,
        0.0
      ],
      [
        0.06576369752547759,
        0.03952113852316439,
        0.7193468112196103,
        0.15417328217978102,
        1.1541732821797823,
        0.0
      ],
      [
        0.0,
        0.0,
        0.0,
        0.0,
        0.0,
        1.0
      ]
    ],
    "breakout": [
      [
        1.0,
        0.0,
        0.0,
        0.0,
        0.0,
        0.0
      ],
      [
        0.0,
        1.0,
        0.0,
        0.0,
        0.0,
        0.0
      ],
      [
        0.0,
        0.0,
        1.0,
        0.0,
        0.0,
        0.0
      ],
      [
        0.0,
        0.0,
        0.0,
        1.0,
        0.0,
        0.0
      ],
      [
        0.0,
        0.0,
        0.0,
        0.0,
        1.0,
        0.0
      ],
      [
        0.0,
        0.0,
        0.0,
        0.0,
        0.0,
        1.0
      ]
    ],
    "reversion": [
      [
        1.3235102214848689,
        0.02108110823628133,
        0.5433476573371677,
        1.016417590778163,
        1.016417590778163,
        0.0
      ],
      [
        0.02108110823628133,
        1.001685745937073,
        0.04291829617605483,
        0.07053096402615044,
        0.07053096402615044,
        0.0
      ],
      [
        0.5433476573371677,
        0.04291829617605483,
        2.1611237773313006,
        1.8197934531424258,
        1.8197934531424258,
        0.0
      ],
      [
        1.016417590778163,
        0.07053096402615044,
        1.8197934531424258,
        4.26708773574397,
        3.2670877357439854,
        0.0
      ],
      [
        1.016417590778163,
        0.07053096402615044,
        1.8197934531424258,
        3.2670877357439854,
        4.26708773574397,
        0.0
      ],
      [
        0.0,
        0.0,
        0.0,
        0.0,
        0.0,
        1.0
      ]
    ],
    "vwap": [
      [
        1.0,
        0.0,
        0.0,
        0.0,
        0.0,
        0.0
      ],
      [
        0.0,
        1.0,
        0.0,
        0.0,
        0.0,
        0.0
      ],
      [
        0.0,
        0.0,
        1.0,
        0.0,
        0.0,
        0.0
      ],
      [
        0.0,
        0.0,
        0.0,
        1.0,
        0.0,
        0.0
      ],
      [
        0.0,
        0.0,
        0.0,
        0.0,
        1.0,
        0.0
      ],
      [
        0.0,
        0.0,
        0.0,
        0.0,
        0.0,
        1.0
      ]
    ]
  },
  "b": {
    "trend": [
      [
        0.06704799459694358
      ],
      [
        0.04029294552879447
      ],
      [
        0.7333949112775461
      ],
      [
        0.15718412710262136
      ],
      [
        0.15718412710262136
      ],
      [
        0.0
      ]
    ],
    "breakout": [
      [
        0.0
      ],
      [
        0.0
      ],
      [
        0.0
      ],
      [
        0.0
      ],
      [
        0.0
      ],
      [
        0.0
      ]
    ],
    "reversion": [
      [
        -0.00924735211145643
      ],
      [
        -0.06694892116467151
      ],
      [
        -1.843971239435162
      ],
      [
        -1.1612145623765795
      ],
      [
        -1.1612145623765795
      ],
      [
        0.0
      ]
    ],
    "vwap": [
      [
        0.0
      ],
      [
        0.0
      ],
      [
        0.0
      ],
      [
        0.0
      ],
      [
        0.0
      ],
      [
        0.0
      ]
    ]
  },
  "counts": {
    "trend": 1,
    "breakout": 0,
    "reversion": 8,
    "vwap": 0
  },
  "reward_sum": {
    "trend": 0.15718412710262136,
    "breakout": 0.0,
    "reversion": -1.1612145623765795,
    "vwap": 0.0
  },
  "disabled_until": {
    "trend": 0.0,
    "breakout": 0.0,
    "reversion": 0.0,
    "vwap": 0.0
  },
  "_snapshot_time": "2025-09-22T17:08:00.331845"
}