{
  "arms": [
    "trend",
    "breakout",
    "reversion",
    "vwap"
  ],
  "d": 6,
  "alpha": 0.6,
  "alpha_base": 0.6,
  "alpha_boost_until": 0.0,
  "A": {
    "trend": [
      [
        1.0875233634546957,
        0.05259775683637868,
        0.9573618086780765,
        0.20518560724169216,
        0.20518560724169216,
        0.0
      ],
      [
        0.05259775683637868,
        1.0316089774777786,
        0.5753330497102206,
        0.12330767751641301,
        0.12330767751641301,
        0.0
      ],
      [
        0.9573618086780765,
        0.5753330497102206,
        11.47196538773103,
        2.2443934546151243,
        2.2443934546151243,
        0.0
      ],
      [
        0.20518560724169216,
        0.12330767751641301,
        2.2443934546151243,
        1.481027370948047,
        0.4810273709480478,
        0.0
      ],
      [
        0.20518560724169216,
        0.12330767751641301,
        2.2443934546151243,
        0.4810273709480478,
        1.481027370948047,
        0.0
      ],
      [
        0.0,
        0.0,
        0.0,
        0.0,
        0.0,
        1.0
      ]
    ],
    "breakout": [
      [
        1.0,
        0.0,
        0.0,
        0.0,
        0.0,
        0.0
      ],
      [
        0.0,
        1.0,
        0.0,
        0.0,
        0.0,
        0.0
      ],
      [
        0.0,
        0.0,
        1.0,
        0.0,
        0.0,
        0.0
      ],
      [
        0.0,
        0.0,
        0.0,
        1.0,
        0.0,
        0.0
      ],
      [
        0.0,
        0.0,
        0.0,
        0.0,
        1.0,
        0.0
      ],
      [
        0.0,
        0.0,
        0.0,
        0.0,
        0.0,
        1.0
      ]
    ],
    "reversion": [
      [
        1.0711877356745672,
        0.007217009223703056,
        0.20342727900955512,
        0.24470929459563462,
        0.24470929459563462,
        0.0
      ],
      [
        0.007217009223703056,
        1.0007832843581737,
        0.021037161190515075,
        0.02456013574470423,
        0.02456013574470423,
        0.0
      ],
      [
        0.20342727900955512,
        0.021037161190515075,
        1.5846327063128514,
        0.6972941175912545,
        0.6972941175912545,
        0.0
      ],
      [
        0.24470929459563462,
        0.02456013574470423,
        0.6972941175912545,
        1.8423891961667702,
        0.8423891961667799,
        0.0
      ],
      [
        0.24470929459563462,
        0.02456013574470423,
        0.6972941175912545,
        0.8423891961667799,
        1.8423891961667702,
        0.0
      ],
      [
        0.0,
        0.0,
        0.0,
        0.0,
        0.0,
        1.0
      ]
    ],
    "vwap": [
      [
        1.0,
        0.0,
        0.0,
        0.0,
        0.0,
        0.0
      ],
      [
        0.0,
        1.0,
        0.0,
        0.0,
        0.0,
        0.0
      ],
      [
        0.0,
        0.0,
        1.0,
        0.0,
        0.0,
        0.0
      ],
      [
        0.0,
        0.0,
        0.0,
        1.0,
        0.0,
        0.0
      ],
      [
        0.0,
        0.0,
        0.0,
        0.0,
        1.0,
        0.0
      ],
      [
        0.0,
        0.0,
        0.0,
        0.0,
        0.0,
        1.0
      ]
    ]
  },
  "b": {
    "trend": [
      [
        0.20919267017159165
      ],
      [
        0.12571574906777694
      ],
      [
        2.288224140075942
      ],
      [
        0.49042133854794195
      ],
      [
        0.49042133854794195
      ],
      [
        0.0
      ]
    ],
    "breakout": [
      [
        0.0
      ],
      [
        0.0
      ],
      [
        0.0
      ],
      [
        0.0
      ],
      [
        0.0
      ],
      [
        0.0
      ]
    ],
    "reversion": [
      [
        0.09756076064238559
      ],
      [
        0.010615086772634943
      ],
      [
        0.2845964221086837
      ],
      [
        0.3318804757068241
      ],
      [
        0.3318804757068241
      ],
      [
        0.0
      ]
    ],
    "vwap": [
      [
        0.0
      ],
      [
        0.0
      ],
      [
        0.0
      ],
      [
        0.0
      ],
      [
        0.0
      ],
      [
        0.0
      ]
    ]
  },
  "counts": {
    "trend": 1,
    "breakout": 0,
    "reversion": 2,
    "vwap": 0
  },
  "reward_sum": {
    "trend": 0.49042133854794195,
    "breakout": 0.0,
    "reversion": 0.3318804757068241,
    "vwap": 0.0
  },
  "disabled_until": {
    "trend": 0.0,
    "breakout": 0.0,
    "reversion": 0.0,
    "vwap": 0.0
  },
  "_snapshot_time": "2025-09-18T19:04:00.906979"
}