{
  "arms": [
    "trend",
    "breakout",
    "reversion",
    "vwap"
  ],
  "d": 6,
  "alpha": 0.6,
  "alpha_base": 0.6,
  "alpha_boost_until": 0.0,
  "A": {
    "trend": [
      [
        1.0114940134481305,
        0.006907405069410025,
        0.12572562421423983,
        0.02694601802202674,
        0.02694601802202674,
        0.0
      ],
      [
        0.006907405069410025,
        1.0041510517634449,
        0.07555566364797695,
        0.01619339165781599,
        0.01619339165781599,
        0.0
      ],
      [
        0.12572562421423983,
        0.07555566364797695,
        2.375231780908764,
        0.29474516896957764,
        0.29474516896957764,
        0.0
      ],
      [
        0.02694601802202674,
        0.01619339165781599,
        0.29474516896957764,
        1.0631709620421188,
        0.06317096204211972,
        0.0
      ],
      [
        0.02694601802202674,
        0.01619339165781599,
        0.29474516896957764,
        0.06317096204211972,
        1.0631709620421188,
        0.0
      ],
      [
        0.0,
        0.0,
        0.0,
        0.0,
        0.0,
        1.0
      ]
    ],
    "breakout": [
      [
        1.0,
        0.0,
        0.0,
        0.0,
        0.0,
        0.0
      ],
      [
        0.0,
        1.0,
        0.0,
        0.0,
        0.0,
        0.0
      ],
      [
        0.0,
        0.0,
        1.0,
        0.0,
        0.0,
        0.0
      ],
      [
        0.0,
        0.0,
        0.0,
        1.0,
        0.0,
        0.0
      ],
      [
        0.0,
        0.0,
        0.0,
        0.0,
        1.0,
        0.0
      ],
      [
        0.0,
        0.0,
        0.0,
        0.0,
        0.0,
        1.0
      ]
    ],
    "reversion": [
      [
        1.1325550810926366,
        0.00863777348040785,
        0.2226312740575636,
        0.41646695288692986,
        0.41646695288692986,
        0.0
      ],
      [
        0.00863777348040785,
        1.000690717555584,
        0.01758534306539901,
        0.028899357841357488,
        0.028899357841357488,
        0.0
      ],
      [
        0.2226312740575636,
        0.01758534306539901,
        1.47575886708091,
        0.745642186036528,
        0.745642186036528,
        0.0
      ],
      [
        0.41646695288692986,
        0.028899357841357488,
        0.745642186036528,
        2.338656558548781,
        1.3386565585487977,
        0.0
      ],
      [
        0.41646695288692986,
        0.028899357841357488,
        0.745642186036528,
        1.3386565585487977,
        2.338656558548781,
        0.0
      ],
      [
        0.0,
        0.0,
        0.0,
        0.0,
        0.0,
        1.0
      ]
    ],
    "vwap": [
      [
        1.0,
        0.0,
        0.0,
        0.0,
        0.0,
        0.0
      ],
      [
        0.0,
        1.0,
        0.0,
        0.0,
        0.0,
        0.0
      ],
      [
        0.0,
        0.0,
        1.0,
        0.0,
        0.0,
        0.0
      ],
      [
        0.0,
        0.0,
        0.0,
        1.0,
        0.0,
        0.0
      ],
      [
        0.0,
        0.0,
        0.0,
        0.0,
        1.0,
        0.0
      ],
      [
        0.0,
        0.0,
        0.0,
        0.0,
        0.0,
        1.0
      ]
    ]
  },
  "b": {
    "trend": [
      [
        0.02747224591576631
      ],
      [
        0.01650963186732029
      ],
      [
        0.30050123761504455
      ],
      [
        0.06440462566817969
      ],
      [
        0.06440462566817969
      ],
      [
        0.0
      ]
    ],
    "breakout": [
      [
        0.0
      ],
      [
        0.0
      ],
      [
        0.0
      ],
      [
        0.0
      ],
      [
        0.0
      ],
      [
        0.0
      ]
    ],
    "reversion": [
      [
        -0.0037890101382270554
      ],
      [
        -0.02743165156672634
      ],
      [
        -0.7555487924119431
      ],
      [
        -0.4757960653461899
      ],
      [
        -0.4757960653461899
      ],
      [
        0.0
      ]
    ],
    "vwap": [
      [
        0.0
      ],
      [
        0.0
      ],
      [
        0.0
      ],
      [
        0.0
      ],
      [
        0.0
      ],
      [
        0.0
      ]
    ]
  },
  "counts": {
    "trend": 1,
    "breakout": 0,
    "reversion": 8,
    "vwap": 0
  },
  "reward_sum": {
    "trend": 0.06440462566817969,
    "breakout": 0.0,
    "reversion": -0.4757960653461899,
    "vwap": 0.0
  },
  "disabled_until": {
    "trend": 0.0,
    "breakout": 0.0,
    "reversion": 0.0,
    "vwap": 0.0
  },
  "_snapshot_time": "2025-09-24T05:21:00.964353"
}