{
  "arms": [
    "trend",
    "breakout",
    "reversion",
    "vwap"
  ],
  "d": 6,
  "alpha": 0.6,
  "alpha_base": 0.6,
  "alpha_boost_until": 0.0,
  "A": {
    "trend": [
      [
        1.053553259850089,
        0.03218319347209037,
        0.5857846829347458,
        0.1255477133005883,
        0.1255477133005883,
        0.0
      ],
      [
        0.03218319347209037,
        1.0193407076424728,
        0.35203126451402966,
        0.07544874688192259,
        0.07544874688192259,
        0.0
      ],
      [
        0.5857846829347458,
        0.35203126451402966,
        7.407522076555311,
        1.373285727793881,
        1.373285727793881,
        0.0
      ],
      [
        0.1255477133005883,
        0.07544874688192259,
        1.373285727793881,
        1.294328083092029,
        0.2943280830920294,
        0.0
      ],
      [
        0.1255477133005883,
        0.07544874688192259,
        1.373285727793881,
        0.2943280830920294,
        1.294328083092029,
        0.0
      ],
      [
        0.0,
        0.0,
        0.0,
        0.0,
        0.0,
        1.0
      ]
    ],
    "breakout": [
      [
        1.0,
        0.0,
        0.0,
        0.0,
        0.0,
        0.0
      ],
      [
        0.0,
        1.0,
        0.0,
        0.0,
        0.0,
        0.0
      ],
      [
        0.0,
        0.0,
        1.0,
        0.0,
        0.0,
        0.0
      ],
      [
        0.0,
        0.0,
        0.0,
        1.0,
        0.0,
        0.0
      ],
      [
        0.0,
        0.0,
        0.0,
        0.0,
        1.0,
        0.0
      ],
      [
        0.0,
        0.0,
        0.0,
        0.0,
        0.0,
        1.0
      ]
    ],
    "reversion": [
      [
        1.4590100735017444,
        0.03243762962523213,
        0.8207187913847838,
        1.4912667439398795,
        1.4912667439398795,
        0.0
      ],
      [
        0.03243762962523213,
        1.0028338302110984,
        0.0712721606460871,
        0.11253679083917063,
        0.11253679083917063,
        0.0
      ],
      [
        0.8207187913847838,
        0.0712721606460871,
        2.9209270684588553,
        2.8607758548632694,
        2.8607758548632694,
        0.0
      ],
      [
        1.4912667439398795,
        0.11253679083917063,
        2.8607758548632694,
        5.965094996896073,
        4.965094996896082,
        0.0
      ],
      [
        1.4912667439398795,
        0.11253679083917063,
        2.8607758548632694,
        4.965094996896082,
        5.965094996896073,
        0.0
      ],
      [
        0.0,
        0.0,
        0.0,
        0.0,
        0.0,
        1.0
      ]
    ],
    "vwap": [
      [
        1.0,
        0.0,
        0.0,
        0.0,
        0.0,
        0.0
      ],
      [
        0.0,
        1.0,
        0.0,
        0.0,
        0.0,
        0.0
      ],
      [
        0.0,
        0.0,
        1.0,
        0.0,
        0.0,
        0.0
      ],
      [
        0.0,
        0.0,
        0.0,
        1.0,
        0.0,
        0.0
      ],
      [
        0.0,
        0.0,
        0.0,
        0.0,
        1.0,
        0.0
      ],
      [
        0.0,
        0.0,
        0.0,
        0.0,
        0.0,
        1.0
      ]
    ]
  },
  "b": {
    "trend": [
      [
        0.12799953043661122
      ],
      [
        0.0769221829615879
      ],
      [
        1.4001045793009514
      ],
      [
        0.3000760064812039
      ],
      [
        0.3000760064812039
      ],
      [
        0.0
      ]
    ],
    "breakout": [
      [
        0.0
      ],
      [
        0.0
      ],
      [
        0.0
      ],
      [
        0.0
      ],
      [
        0.0
      ],
      [
        0.0
      ]
    ],
    "reversion": [
      [
        -0.47395024266867625
      ],
      [
        -0.1502742537342209
      ],
      [
        -4.143379596547174
      ],
      [
        -3.5091004714805636
      ],
      [
        -3.5091004714805636
      ],
      [
        0.0
      ]
    ],
    "vwap": [
      [
        0.0
      ],
      [
        0.0
      ],
      [
        0.0
      ],
      [
        0.0
      ],
      [
        0.0
      ],
      [
        0.0
      ]
    ]
  },
  "counts": {
    "trend": 1,
    "breakout": 0,
    "reversion": 7,
    "vwap": 0
  },
  "reward_sum": {
    "trend": 0.3000760064812039,
    "breakout": 0.0,
    "reversion": -3.5091004714805636,
    "vwap": 0.0
  },
  "disabled_until": {
    "trend": 0.0,
    "breakout": 0.0,
    "reversion": 0.0,
    "vwap": 0.0
  },
  "_snapshot_time": "2025-09-19T11:58:00.086100"
}