{
  "arms": [
    "trend",
    "breakout",
    "reversion",
    "vwap"
  ],
  "d": 6,
  "alpha": 0.6,
  "alpha_base": 0.6,
  "alpha_boost_until": 0.0,
  "A": {
    "trend": [
      [
        1.010555141836905,
        0.006343183828833649,
        0.11545591121006875,
        0.024744972106200674,
        0.024744972106200674,
        0.0
      ],
      [
        0.006343183828833649,
        1.0038119791953632,
        0.06938401020538046,
        0.014870658237884615,
        0.014870658237884615,
        0.0
      ],
      [
        0.11545591121006875,
        0.06938401020538046,
        2.262897992212819,
        0.27066934263265313,
        0.27066934263265313,
        0.0
      ],
      [
        0.024744972106200674,
        0.014870658237884615,
        0.27066934263265313,
        1.058010934765067,
        0.058010934765067,
        0.0
      ],
      [
        0.024744972106200674,
        0.014870658237884615,
        0.27066934263265313,
        0.058010934765067,
        1.058010934765067,
        0.0
      ],
      [
        0.0,
        0.0,
        0.0,
        0.0,
        0.0,
        1.0
      ]
    ],
    "breakout": [
      [
        1.0,
        0.0,
        0.0,
        0.0,
        0.0,
        0.0
      ],
      [
        0.0,
        1.0,
        0.0,
        0.0,
        0.0,
        0.0
      ],
      [
        0.0,
        0.0,
        1.0,
        0.0,
        0.0,
        0.0
      ],
      [
        0.0,
        0.0,
        0.0,
        1.0,
        0.0,
        0.0
      ],
      [
        0.0,
        0.0,
        0.0,
        0.0,
        1.0,
        0.0
      ],
      [
        0.0,
        0.0,
        0.0,
        0.0,
        0.0,
        1.0
      ]
    ],
    "reversion": [
      [
        1.121727513931416,
        0.007932209636973131,
        0.20444596533777457,
        0.3824484613614291,
        0.3824484613614291,
        0.0
      ],
      [
        0.007932209636973131,
        1.000634297306274,
        0.016148910138617134,
        0.026538756230584434,
        0.026538756230584434,
        0.0
      ],
      [
        0.20444596533777457,
        0.016148910138617134,
        1.4368972026060156,
        0.6847354989370926,
        0.6847354989370926,
        0.0
      ],
      [
        0.3824484613614291,
        0.026538756230584434,
        0.6847354989370926,
        2.229310363185923,
        1.2293103631859401,
        0.0
      ],
      [
        0.3824484613614291,
        0.026538756230584434,
        0.6847354989370926,
        1.2293103631859401,
        2.229310363185923,
        0.0
      ],
      [
        0.0,
        0.0,
        0.0,
        0.0,
        0.0,
        1.0
      ]
    ],
    "vwap": [
      [
        1.0,
        0.0,
        0.0,
        0.0,
        0.0,
        0.0
      ],
      [
        0.0,
        1.0,
        0.0,
        0.0,
        0.0,
        0.0
      ],
      [
        0.0,
        0.0,
        1.0,
        0.0,
        0.0,
        0.0
      ],
      [
        0.0,
        0.0,
        0.0,
        1.0,
        0.0,
        0.0
      ],
      [
        0.0,
        0.0,
        0.0,
        0.0,
        1.0,
        0.0
      ],
      [
        0.0,
        0.0,
        0.0,
        0.0,
        0.0,
        1.0
      ]
    ]
  },
  "b": {
    "trend": [
      [
        0.025228215847129153
      ],
      [
        0.015161066830228248
      ],
      [
        0.27595523526276355
      ],
      [
        0.05914382838928767
      ],
      [
        0.05914382838928767
      ],
      [
        0.0
      ]
    ],
    "breakout": [
      [
        0.0
      ],
      [
        0.0
      ],
      [
        0.0
      ],
      [
        0.0
      ],
      [
        0.0
      ],
      [
        0.0
      ]
    ],
    "reversion": [
      [
        -0.0034795104086955547
      ],
      [
        -0.025190937387883625
      ],
      [
        -0.6938328987171406
      ],
      [
        -0.4369313623856159
      ],
      [
        -0.4369313623856159
      ],
      [
        0.0
      ]
    ],
    "vwap": [
      [
        0.0
      ],
      [
        0.0
      ],
      [
        0.0
      ],
      [
        0.0
      ],
      [
        0.0
      ],
      [
        0.0
      ]
    ]
  },
  "counts": {
    "trend": 1,
    "breakout": 0,
    "reversion": 8,
    "vwap": 0
  },
  "reward_sum": {
    "trend": 0.05914382838928767,
    "breakout": 0.0,
    "reversion": -0.4369313623856159,
    "vwap": 0.0
  },
  "disabled_until": {
    "trend": 0.0,
    "breakout": 0.0,
    "reversion": 0.0,
    "vwap": 0.0
  },
  "_snapshot_time": "2025-09-24T08:14:00.348869"
}