{
  "arms": [
    "trend",
    "breakout",
    "reversion",
    "vwap"
  ],
  "d": 6,
  "alpha": 0.6,
  "alpha_base": 0.6,
  "alpha_boost_until": 0.0,
  "A": {
    "trend": [
      [
        1.0155269750871279,
        0.009331040625054939,
        0.16983959900496523,
        0.03640070132277178,
        0.03640070132277178,
        0.0
      ],
      [
        0.009331040625054939,
        1.0056075519319032,
        0.10206625496374379,
        0.021875247491372696,
        0.021875247491372696,
        0.0
      ],
      [
        0.16983959900496523,
        0.10206625496374379,
        2.8577661925974795,
        0.39816387167934225,
        0.39816387167934225,
        0.0
      ],
      [
        0.03640070132277178,
        0.021875247491372696,
        0.39816387167934225,
        1.0853360715370886,
        0.08533607153708872,
        0.0
      ],
      [
        0.03640070132277178,
        0.021875247491372696,
        0.39816387167934225,
        0.08533607153708872,
        1.0853360715370886,
        0.0
      ],
      [
        0.0,
        0.0,
        0.0,
        0.0,
        0.0,
        1.0
      ]
    ],
    "breakout": [
      [
        1.0,
        0.0,
        0.0,
        0.0,
        0.0,
        0.0
      ],
      [
        0.0,
        1.0,
        0.0,
        0.0,
        0.0,
        0.0
      ],
      [
        0.0,
        0.0,
        1.0,
        0.0,
        0.0,
        0.0
      ],
      [
        0.0,
        0.0,
        0.0,
        1.0,
        0.0,
        0.0
      ],
      [
        0.0,
        0.0,
        0.0,
        0.0,
        1.0,
        0.0
      ],
      [
        0.0,
        0.0,
        0.0,
        0.0,
        0.0,
        1.0
      ]
    ],
    "reversion": [
      [
        1.179065341369717,
        0.011668552002639675,
        0.3007470159580925,
        0.5625947830380676,
        0.5625947830380676,
        0.0
      ],
      [
        0.011668552002639675,
        1.000933073058091,
        0.023755599809174285,
        0.03903941919519406,
        0.03903941919519406,
        0.0
      ],
      [
        0.3007470159580925,
        0.023755599809174285,
        1.6426907459245417,
        1.0072693666792407,
        1.0072693666792407,
        0.0
      ],
      [
        0.5625947830380676,
        0.03903941919519406,
        1.0072693666792407,
        2.8083576401408057,
        1.8083576401408232,
        0.0
      ],
      [
        0.5625947830380676,
        0.03903941919519406,
        1.0072693666792407,
        1.8083576401408232,
        2.8083576401408057,
        0.0
      ],
      [
        0.0,
        0.0,
        0.0,
        0.0,
        0.0,
        1.0
      ]
    ],
    "vwap": [
      [
        1.0,
        0.0,
        0.0,
        0.0,
        0.0,
        0.0
      ],
      [
        0.0,
        1.0,
        0.0,
        0.0,
        0.0,
        0.0
      ],
      [
        0.0,
        0.0,
        1.0,
        0.0,
        0.0,
        0.0
      ],
      [
        0.0,
        0.0,
        0.0,
        1.0,
        0.0,
        0.0
      ],
      [
        0.0,
        0.0,
        0.0,
        0.0,
        1.0,
        0.0
      ],
      [
        0.0,
        0.0,
        0.0,
        0.0,
        0.0,
        1.0
      ]
    ]
  },
  "b": {
    "trend": [
      [
        0.03711156941363653
      ],
      [
        0.022302448475317975
      ],
      [
        0.40593960074572005
      ],
      [
        0.08700259685256449
      ],
      [
        0.08700259685256449
      ],
      [
        0.0
      ]
    ],
    "breakout": [
      [
        0.0
      ],
      [
        0.0
      ],
      [
        0.0
      ],
      [
        0.0
      ],
      [
        0.0
      ],
      [
        0.0
      ]
    ],
    "reversion": [
      [
        -0.005118478961819657
      ],
      [
        -0.037056731523541296
      ],
      [
        -1.0206519532825369
      ],
      [
        -0.642740996130084
      ],
      [
        -0.642740996130084
      ],
      [
        0.0
      ]
    ],
    "vwap": [
      [
        0.0
      ],
      [
        0.0
      ],
      [
        0.0
      ],
      [
        0.0
      ],
      [
        0.0
      ],
      [
        0.0
      ]
    ]
  },
  "counts": {
    "trend": 1,
    "breakout": 0,
    "reversion": 8,
    "vwap": 0
  },
  "reward_sum": {
    "trend": 0.08700259685256449,
    "breakout": 0.0,
    "reversion": -0.642740996130084,
    "vwap": 0.0
  },
  "disabled_until": {
    "trend": 0.0,
    "breakout": 0.0,
    "reversion": 0.0,
    "vwap": 0.0
  },
  "_snapshot_time": "2025-09-23T17:18:00.149282"
}