{
  "arms": [
    "trend",
    "breakout",
    "reversion",
    "vwap"
  ],
  "d": 6,
  "alpha": 0.6,
  "alpha_base": 0.6,
  "alpha_boost_until": 0.0,
  "A": {
    "trend": [
      [
        1.1474088646853815,
        0.08858635356560339,
        1.6124108094112537,
        0.3455783258253684,
        0.3455783258253684,
        0.0
      ],
      [
        0.08858635356560339,
        1.0532365679282552,
        0.9689891741610533,
        0.2076776306602362,
        0.2076776306602362,
        0.0
      ],
      [
        1.6124108094112537,
        0.9689891741610533,
        18.637125310307624,
        3.7800591521299998,
        3.7800591521299998,
        0.0
      ],
      [
        0.3455783258253684,
        0.2076776306602362,
        3.7800591521299998,
        1.810157377815473,
        0.810157377815473,
        0.0
      ],
      [
        0.3455783258253684,
        0.2076776306602362,
        3.7800591521299998,
        0.810157377815473,
        1.810157377815473,
        0.0
      ],
      [
        0.0,
        0.0,
        0.0,
        0.0,
        0.0,
        1.0
      ]
    ],
    "breakout": [
      [
        1.0,
        0.0,
        0.0,
        0.0,
        0.0,
        0.0
      ],
      [
        0.0,
        1.0,
        0.0,
        0.0,
        0.0,
        0.0
      ],
      [
        0.0,
        0.0,
        1.0,
        0.0,
        0.0,
        0.0
      ],
      [
        0.0,
        0.0,
        0.0,
        1.0,
        0.0,
        0.0
      ],
      [
        0.0,
        0.0,
        0.0,
        0.0,
        1.0,
        0.0
      ],
      [
        0.0,
        0.0,
        0.0,
        0.0,
        0.0,
        1.0
      ]
    ],
    "reversion": [
      [
        1.1198960241140972,
        0.012155053166354705,
        0.3426169089166392,
        0.41214503042922523,
        0.41214503042922523,
        0.0
      ],
      [
        0.012155053166354705,
        1.0013192255576873,
        0.035431271433055016,
        0.04136474632307491,
        0.04136474632307491,
        0.0
      ],
      [
        0.3426169089166392,
        0.035431271433055016,
        1.9846518700133133,
        1.1743988138564725,
        1.1743988138564725,
        0.0
      ],
      [
        0.41214503042922523,
        0.04136474632307491,
        1.1743988138564725,
        2.4187712872169733,
        1.4187712872169809,
        0.0
      ],
      [
        0.41214503042922523,
        0.04136474632307491,
        1.1743988138564725,
        1.4187712872169809,
        2.4187712872169733,
        0.0
      ],
      [
        0.0,
        0.0,
        0.0,
        0.0,
        0.0,
        1.0
      ]
    ],
    "vwap": [
      [
        1.0,
        0.0,
        0.0,
        0.0,
        0.0,
        0.0
      ],
      [
        0.0,
        1.0,
        0.0,
        0.0,
        0.0,
        0.0
      ],
      [
        0.0,
        0.0,
        1.0,
        0.0,
        0.0,
        0.0
      ],
      [
        0.0,
        0.0,
        0.0,
        1.0,
        0.0,
        0.0
      ],
      [
        0.0,
        0.0,
        0.0,
        0.0,
        1.0,
        0.0
      ],
      [
        0.0,
        0.0,
        0.0,
        0.0,
        0.0,
        1.0
      ]
    ]
  },
  "b": {
    "trend": [
      [
        0.35232711350792967
      ],
      [
        0.2117333602329629
      ],
      [
        3.853879802149987
      ],
      [
        0.8259789144216203
      ],
      [
        0.8259789144216203
      ],
      [
        0.0
      ]
    ],
    "breakout": [
      [
        0.0
      ],
      [
        0.0
      ],
      [
        0.0
      ],
      [
        0.0
      ],
      [
        0.0
      ],
      [
        0.0
      ]
    ],
    "reversion": [
      [
        0.16431408022362728
      ],
      [
        0.01787817364332567
      ],
      [
        0.4793238493202886
      ],
      [
        0.5589607414997418
      ],
      [
        0.5589607414997418
      ],
      [
        0.0
      ]
    ],
    "vwap": [
      [
        0.0
      ],
      [
        0.0
      ],
      [
        0.0
      ],
      [
        0.0
      ],
      [
        0.0
      ],
      [
        0.0
      ]
    ]
  },
  "counts": {
    "trend": 1,
    "breakout": 0,
    "reversion": 2,
    "vwap": 0
  },
  "reward_sum": {
    "trend": 0.8259789144216203,
    "breakout": 0.0,
    "reversion": 0.5589607414997418,
    "vwap": 0.0
  },
  "disabled_until": {
    "trend": 0.0,
    "breakout": 0.0,
    "reversion": 0.0,
    "vwap": 0.0
  },
  "_snapshot_time": "2025-09-18T00:13:00.291179"
}