{
  "arms": [
    "trend",
    "breakout",
    "reversion",
    "vwap"
  ],
  "d": 6,
  "alpha": 0.6,
  "alpha_base": 0.6,
  "alpha_boost_until": 0.0,
  "A": {
    "trend": [
      [
        1.0134262953901692,
        0.008068622962724717,
        0.14686161421608343,
        0.031475967831880614,
        0.031475967831880614,
        0.0
      ],
      [
        0.008068622962724717,
        1.0048488935050763,
        0.08825747969722611,
        0.018915695613868022,
        0.018915695613868022,
        0.0
      ],
      [
        0.14686161421608343,
        0.08825747969722611,
        2.6064247883260507,
        0.3442953778738268,
        0.3442953778738268,
        0.0
      ],
      [
        0.031475967831880614,
        0.018915695613868022,
        0.3442953778738268,
        1.0737907607543842,
        0.07379076075438468,
        0.0
      ],
      [
        0.031475967831880614,
        0.018915695613868022,
        0.3442953778738268,
        0.07379076075438468,
        1.0737907607543842,
        0.0
      ],
      [
        0.0,
        0.0,
        0.0,
        0.0,
        0.0,
        1.0
      ]
    ],
    "breakout": [
      [
        1.0,
        0.0,
        0.0,
        0.0,
        0.0,
        0.0
      ],
      [
        0.0,
        1.0,
        0.0,
        0.0,
        0.0,
        0.0
      ],
      [
        0.0,
        0.0,
        1.0,
        0.0,
        0.0,
        0.0
      ],
      [
        0.0,
        0.0,
        0.0,
        1.0,
        0.0,
        0.0
      ],
      [
        0.0,
        0.0,
        0.0,
        0.0,
        1.0,
        0.0
      ],
      [
        0.0,
        0.0,
        0.0,
        0.0,
        0.0,
        1.0
      ]
    ],
    "reversion": [
      [
        1.1548391849591098,
        0.010089887121211808,
        0.2600582696440799,
        0.4864800580699816,
        0.4864800580699816,
        0.0
      ],
      [
        0.010089887121211808,
        1.0008068354865158,
        0.020541650799261634,
        0.033757687574950866,
        0.033757687574950866,
        0.0
      ],
      [
        0.2600582696440799,
        0.020541650799261634,
        1.5557396563651653,
        0.8709936081314033,
        0.8709936081314033,
        0.0
      ],
      [
        0.4864800580699816,
        0.033757687574950866,
        0.8709936081314033,
        2.563700831060615,
        1.5637008310606317,
        0.0
      ],
      [
        0.4864800580699816,
        0.033757687574950866,
        0.8709936081314033,
        1.5637008310606317,
        2.563700831060615,
        0.0
      ],
      [
        0.0,
        0.0,
        0.0,
        0.0,
        0.0,
        1.0
      ]
    ],
    "vwap": [
      [
        1.0,
        0.0,
        0.0,
        0.0,
        0.0,
        0.0
      ],
      [
        0.0,
        1.0,
        0.0,
        0.0,
        0.0,
        0.0
      ],
      [
        0.0,
        0.0,
        1.0,
        0.0,
        0.0,
        0.0
      ],
      [
        0.0,
        0.0,
        0.0,
        1.0,
        0.0,
        0.0
      ],
      [
        0.0,
        0.0,
        0.0,
        0.0,
        1.0,
        0.0
      ],
      [
        0.0,
        0.0,
        0.0,
        0.0,
        0.0,
        1.0
      ]
    ]
  },
  "b": {
    "trend": [
      [
        0.03209066096546515
      ],
      [
        0.019285099607191557
      ],
      [
        0.3510191109083223
      ],
      [
        0.07523181807786311
      ],
      [
        0.07523181807786311
      ],
      [
        0.0
      ]
    ],
    "breakout": [
      [
        0.0
      ],
      [
        0.0
      ],
      [
        0.0
      ],
      [
        0.0
      ],
      [
        0.0
      ],
      [
        0.0
      ]
    ],
    "reversion": [
      [
        -0.004425988327032745
      ],
      [
        -0.032043242217971786
      ],
      [
        -0.8825656342222631
      ],
      [
        -0.5557831081063609
      ],
      [
        -0.5557831081063609
      ],
      [
        0.0
      ]
    ],
    "vwap": [
      [
        0.0
      ],
      [
        0.0
      ],
      [
        0.0
      ],
      [
        0.0
      ],
      [
        0.0
      ],
      [
        0.0
      ]
    ]
  },
  "counts": {
    "trend": 1,
    "breakout": 0,
    "reversion": 8,
    "vwap": 0
  },
  "reward_sum": {
    "trend": 0.07523181807786311,
    "breakout": 0.0,
    "reversion": -0.5557831081063609,
    "vwap": 0.0
  },
  "disabled_until": {
    "trend": 0.0,
    "breakout": 0.0,
    "reversion": 0.0,
    "vwap": 0.0
  },
  "_snapshot_time": "2025-09-24T00:13:00.573747"
}