{
  "arms": [
    "trend",
    "breakout",
    "reversion",
    "vwap"
  ],
  "d": 6,
  "alpha": 0.6,
  "alpha_base": 0.6,
  "alpha_boost_until": 0.0,
  "A": {
    "trend": [
      [
        1.0489329462521257,
        0.029406584786807,
        0.5352460426424738,
        0.11471607002472178,
        0.11471607002472178,
        0.0
      ],
      [
        0.029406584786807,
        1.017672085886021,
        0.3216597270409508,
        0.06893939764447772,
        0.06893939764447772,
        0.0
      ],
      [
        0.5352460426424738,
        0.3216597270409508,
        6.854712379023674,
        1.2548053450911847,
        1.2548053450911847,
        0.0
      ],
      [
        0.11471607002472178,
        0.06893939764447772,
        1.2548053450911847,
        1.2689348941735683,
        0.2689348941735696,
        0.0
      ],
      [
        0.11471607002472178,
        0.06893939764447772,
        1.2548053450911847,
        0.2689348941735696,
        1.2689348941735683,
        0.0
      ],
      [
        0.0,
        0.0,
        0.0,
        0.0,
        0.0,
        1.0
      ]
    ],
    "breakout": [
      [
        1.0,
        0.0,
        0.0,
        0.0,
        0.0,
        0.0
      ],
      [
        0.0,
        1.0,
        0.0,
        0.0,
        0.0,
        0.0
      ],
      [
        0.0,
        0.0,
        1.0,
        0.0,
        0.0,
        0.0
      ],
      [
        0.0,
        0.0,
        0.0,
        1.0,
        0.0,
        0.0
      ],
      [
        0.0,
        0.0,
        0.0,
        0.0,
        1.0,
        0.0
      ],
      [
        0.0,
        0.0,
        0.0,
        0.0,
        0.0,
        1.0
      ]
    ],
    "reversion": [
      [
        1.4194089270890133,
        0.029639069431833955,
        0.7499111841064549,
        1.3626075356208378,
        1.3626075356208378,
        0.0
      ],
      [
        0.029639069431833955,
        1.002589341186615,
        0.06512314686221715,
        0.10282766638174423,
        0.10282766638174423,
        0.0
      ],
      [
        0.7499111841064549,
        0.06512314686221715,
        2.7551988666660705,
        2.6139620918925193,
        2.6139620918925193,
        0.0
      ],
      [
        1.3626075356208378,
        0.10282766638174423,
        2.6139620918925193,
        5.536730860080561,
        4.53673086008057,
        0.0
      ],
      [
        1.3626075356208378,
        0.10282766638174423,
        2.6139620918925193,
        4.53673086008057,
        5.536730860080561,
        0.0
      ],
      [
        0.0,
        0.0,
        0.0,
        0.0,
        0.0,
        1.0
      ]
    ],
    "vwap": [
      [
        1.0,
        0.0,
        0.0,
        0.0,
        0.0,
        0.0
      ],
      [
        0.0,
        1.0,
        0.0,
        0.0,
        0.0,
        0.0
      ],
      [
        0.0,
        0.0,
        1.0,
        0.0,
        0.0,
        0.0
      ],
      [
        0.0,
        0.0,
        0.0,
        1.0,
        0.0,
        0.0
      ],
      [
        0.0,
        0.0,
        0.0,
        0.0,
        1.0,
        0.0
      ],
      [
        0.0,
        0.0,
        0.0,
        0.0,
        0.0,
        1.0
      ]
    ]
  },
  "b": {
    "trend": [
      [
        0.116956356357858
      ],
      [
        0.07028571285841671
      ],
      [
        1.2793103971274717
      ],
      [
        0.2741869148171523
      ],
      [
        0.2741869148171523
      ],
      [
        0.0
      ]
    ],
    "breakout": [
      [
        0.0
      ],
      [
        0.0
      ],
      [
        0.0
      ],
      [
        0.0
      ],
      [
        0.0
      ],
      [
        0.0
      ]
    ],
    "reversion": [
      [
        -0.4330601314580771
      ],
      [
        -0.13730932536392843
      ],
      [
        -3.7859090495619716
      ],
      [
        -3.2063524283103146
      ],
      [
        -3.2063524283103146
      ],
      [
        0.0
      ]
    ],
    "vwap": [
      [
        0.0
      ],
      [
        0.0
      ],
      [
        0.0
      ],
      [
        0.0
      ],
      [
        0.0
      ],
      [
        0.0
      ]
    ]
  },
  "counts": {
    "trend": 1,
    "breakout": 0,
    "reversion": 7,
    "vwap": 0
  },
  "reward_sum": {
    "trend": 0.2741869148171523,
    "breakout": 0.0,
    "reversion": -3.2063524283103146,
    "vwap": 0.0
  },
  "disabled_until": {
    "trend": 0.0,
    "breakout": 0.0,
    "reversion": 0.0,
    "vwap": 0.0
  },
  "_snapshot_time": "2025-09-19T15:33:00.437904"
}