{
  "arms": [
    "trend",
    "breakout",
    "reversion",
    "vwap"
  ],
  "d": 6,
  "alpha": 0.6,
  "alpha_base": 0.6,
  "alpha_boost_until": 0.0,
  "A": {
    "trend": [
      [
        1.0029845607379921,
        0.0017935919480696438,
        0.03264619129625634,
        0.006996862131465334,
        0.006996862131465334,
        0.0
      ],
      [
        0.0017935919480696438,
        1.0010778712040347,
        0.01961894931429643,
        0.004204811589524692,
        0.004204811589524692,
        0.0
      ],
      [
        0.03264619129625634,
        0.01961894931429643,
        1.3570957000757011,
        0.0765341769425742,
        0.0765341769425742,
        0.0
      ],
      [
        0.006996862131465334,
        0.004204811589524692,
        0.0765341769425742,
        1.0164031105360132,
        0.0164031105360144,
        0.0
      ],
      [
        0.006996862131465334,
        0.004204811589524692,
        0.0765341769425742,
        0.0164031105360144,
        1.0164031105360132,
        0.0
      ],
      [
        0.0,
        0.0,
        0.0,
        0.0,
        0.0,
        1.0
      ]
    ],
    "breakout": [
      [
        1.0,
        0.0,
        0.0,
        0.0,
        0.0,
        0.0
      ],
      [
        0.0,
        1.0,
        0.0,
        0.0,
        0.0,
        0.0
      ],
      [
        0.0,
        0.0,
        1.0,
        0.0,
        0.0,
        0.0
      ],
      [
        0.0,
        0.0,
        0.0,
        1.0,
        0.0,
        0.0
      ],
      [
        0.0,
        0.0,
        0.0,
        0.0,
        1.0,
        0.0
      ],
      [
        0.0,
        0.0,
        0.0,
        0.0,
        0.0,
        1.0
      ]
    ],
    "reversion": [
      [
        1.1599598439430632,
        0.01302017536203858,
        0.46799792718284333,
        0.5241997240543693,
        0.5241997240543693,
        0.0
      ],
      [
        0.01302017536203858,
        1.0011605068005491,
        0.04393571240790792,
        0.04312963661704335,
        0.04312963661704335,
        0.0
      ],
      [
        0.46799792718284333,
        0.04393571240790792,
        2.7724499094296218,
        1.5462163574728667,
        1.5462163574728667,
        0.0
      ],
      [
        0.5241997240543693,
        0.04312963661704335,
        1.5462163574728667,
        2.7266300822807708,
        1.726630082280786,
        0.0
      ],
      [
        0.5241997240543693,
        0.04312963661704335,
        1.5462163574728667,
        1.726630082280786,
        2.7266300822807708,
        0.0
      ],
      [
        0.0,
        0.0,
        0.0,
        0.0,
        0.0,
        1.0
      ]
    ],
    "vwap": [
      [
        1.0,
        0.0,
        0.0,
        0.0,
        0.0,
        0.0
      ],
      [
        0.0,
        1.0,
        0.0,
        0.0,
        0.0,
        0.0
      ],
      [
        0.0,
        0.0,
        1.0,
        0.0,
        0.0,
        0.0
      ],
      [
        0.0,
        0.0,
        0.0,
        1.0,
        0.0,
        0.0
      ],
      [
        0.0,
        0.0,
        0.0,
        0.0,
        1.0,
        0.0
      ],
      [
        0.0,
        0.0,
        0.0,
        0.0,
        0.0,
        1.0
      ]
    ]
  },
  "b": {
    "trend": [
      [
        0.007133503620356833
      ],
      [
        0.004286927215830536
      ],
      [
        0.07802881034995411
      ],
      [
        0.01672344633854707
      ],
      [
        0.01672344633854707
      ],
      [
        0.0
      ]
    ],
    "breakout": [
      [
        0.0
      ],
      [
        0.0
      ],
      [
        0.0
      ],
      [
        0.0
      ],
      [
        0.0
      ],
      [
        0.0
      ]
    ],
    "reversion": [
      [
        -0.5492930013901641
      ],
      [
        -0.052862711124508174
      ],
      [
        -1.888870931991595
      ],
      [
        -1.9429092311422285
      ],
      [
        -1.9429092311422285
      ],
      [
        0.0
      ]
    ],
    "vwap": [
      [
        0.0
      ],
      [
        0.0
      ],
      [
        0.0
      ],
      [
        0.0
      ],
      [
        0.0
      ],
      [
        0.0
      ]
    ]
  },
  "counts": {
    "trend": 1,
    "breakout": 0,
    "reversion": 10,
    "vwap": 0
  },
  "reward_sum": {
    "trend": 0.01672344633854707,
    "breakout": 0.0,
    "reversion": -1.9429092311422285,
    "vwap": 0.0
  },
  "disabled_until": {
    "trend": 0.0,
    "breakout": 0.0,
    "reversion": 0.0,
    "vwap": 0.0
  },
  "_snapshot_time": "2025-09-26T12:08:00.419528"
}