{
  "arms": [
    "trend",
    "breakout",
    "reversion",
    "vwap"
  ],
  "d": 6,
  "alpha": 0.6,
  "alpha_base": 0.6,
  "alpha_boost_until": 0.0,
  "A": {
    "trend": [
      [
        1.0511910029777747,
        0.030763579238236225,
        0.559945473578811,
        0.12000975073065515,
        0.12000975073065515,
        0.0
      ],
      [
        0.030763579238236225,
        1.0184875808735003,
        0.3365030170049944,
        0.07212067084456722,
        0.07212067084456722,
        0.0
      ],
      [
        0.559945473578811,
        0.3365030170049944,
        7.12488357607521,
        1.312709515305347,
        1.312709515305347,
        0.0
      ],
      [
        0.12000975073065515,
        0.07212067084456722,
        1.312709515305347,
        1.281345147245628,
        0.28134514724562876,
        0.0
      ],
      [
        0.12000975073065515,
        0.07212067084456722,
        1.312709515305347,
        0.28134514724562876,
        1.281345147245628,
        0.0
      ],
      [
        0.0,
        0.0,
        0.0,
        0.0,
        0.0,
        1.0
      ]
    ],
    "breakout": [
      [
        1.0,
        0.0,
        0.0,
        0.0,
        0.0,
        0.0
      ],
      [
        0.0,
        1.0,
        0.0,
        0.0,
        0.0,
        0.0
      ],
      [
        0.0,
        0.0,
        1.0,
        0.0,
        0.0,
        0.0
      ],
      [
        0.0,
        0.0,
        0.0,
        1.0,
        0.0,
        0.0
      ],
      [
        0.0,
        0.0,
        0.0,
        0.0,
        1.0,
        0.0
      ],
      [
        0.0,
        0.0,
        0.0,
        0.0,
        0.0,
        1.0
      ]
    ],
    "reversion": [
      [
        1.438762945621455,
        0.031006792105381837,
        0.7845165394469269,
        1.4254863390833425,
        1.4254863390833425,
        0.0
      ],
      [
        0.031006792105381837,
        1.002708828765624,
        0.06812831558862044,
        0.1075727455449677,
        0.1075727455449677,
        0.0
      ],
      [
        0.7845165394469269,
        0.06812831558862044,
        2.8361941655247573,
        2.7345858256807376,
        2.7345858256807376,
        0.0
      ],
      [
        1.4254863390833425,
        0.1075727455449677,
        2.7345858256807376,
        5.7460825630882155,
        4.746082563088224,
        0.0
      ],
      [
        1.4254863390833425,
        0.1075727455449677,
        2.7345858256807376,
        4.746082563088224,
        5.7460825630882155,
        0.0
      ],
      [
        0.0,
        0.0,
        0.0,
        0.0,
        0.0,
        1.0
      ]
    ],
    "vwap": [
      [
        1.0,
        0.0,
        0.0,
        0.0,
        0.0,
        0.0
      ],
      [
        0.0,
        1.0,
        0.0,
        0.0,
        0.0,
        0.0
      ],
      [
        0.0,
        0.0,
        1.0,
        0.0,
        0.0,
        0.0
      ],
      [
        0.0,
        0.0,
        0.0,
        1.0,
        0.0,
        0.0
      ],
      [
        0.0,
        0.0,
        0.0,
        0.0,
        1.0,
        0.0
      ],
      [
        0.0,
        0.0,
        0.0,
        0.0,
        0.0,
        1.0
      ]
    ]
  },
  "b": {
    "trend": [
      [
        0.12235341717901792
      ],
      [
        0.07352911303749529
      ],
      [
        1.3383453759644752
      ],
      [
        0.28683952731053836
      ],
      [
        0.28683952731053836
      ],
      [
        0.0
      ]
    ],
    "breakout": [
      [
        0.0
      ],
      [
        0.0
      ],
      [
        0.0
      ],
      [
        0.0
      ],
      [
        0.0
      ],
      [
        0.0
      ]
    ],
    "reversion": [
      [
        -0.453044097627024
      ],
      [
        -0.14364559304000132
      ],
      [
        -3.960613375518794
      ],
      [
        -3.3543125700978695
      ],
      [
        -3.3543125700978695
      ],
      [
        0.0
      ]
    ],
    "vwap": [
      [
        0.0
      ],
      [
        0.0
      ],
      [
        0.0
      ],
      [
        0.0
      ],
      [
        0.0
      ],
      [
        0.0
      ]
    ]
  },
  "counts": {
    "trend": 1,
    "breakout": 0,
    "reversion": 7,
    "vwap": 0
  },
  "reward_sum": {
    "trend": 0.28683952731053836,
    "breakout": 0.0,
    "reversion": -3.3543125700978695,
    "vwap": 0.0
  },
  "disabled_until": {
    "trend": 0.0,
    "breakout": 0.0,
    "reversion": 0.0,
    "vwap": 0.0
  },
  "_snapshot_time": "2025-09-19T13:30:00.050631"
}