{
  "arms": [
    "trend",
    "breakout",
    "reversion",
    "vwap"
  ],
  "d": 6,
  "alpha": 0.6,
  "alpha_base": 0.6,
  "alpha_boost_until": 0.0,
  "A": {
    "trend": [
      [
        1.0530190660830843,
        0.03186216611720627,
        0.5799414807224718,
        0.12429537486041493,
        0.12429537486041493,
        0.0
      ],
      [
        0.03186216611720627,
        1.019147784083739,
        0.3485197526505022,
        0.0746961456317754,
        0.0746961456317754,
        0.0
      ],
      [
        0.5799414807224718,
        0.3485197526505022,
        7.343607043841671,
        1.359587202659137,
        1.359587202659137,
        0.0
      ],
      [
        0.12429537486041493,
        0.0746961456317754,
        1.359587202659137,
        1.291392160463186,
        0.2913921604631864,
        0.0
      ],
      [
        0.12429537486041493,
        0.0746961456317754,
        1.359587202659137,
        0.2913921604631864,
        1.291392160463186,
        0.0
      ],
      [
        0.0,
        0.0,
        0.0,
        0.0,
        0.0,
        1.0
      ]
    ],
    "breakout": [
      [
        1.0,
        0.0,
        0.0,
        0.0,
        0.0,
        0.0
      ],
      [
        0.0,
        1.0,
        0.0,
        0.0,
        0.0,
        0.0
      ],
      [
        0.0,
        0.0,
        1.0,
        0.0,
        0.0,
        0.0
      ],
      [
        0.0,
        0.0,
        0.0,
        1.0,
        0.0,
        0.0
      ],
      [
        0.0,
        0.0,
        0.0,
        0.0,
        1.0,
        0.0
      ],
      [
        0.0,
        0.0,
        0.0,
        0.0,
        0.0,
        1.0
      ]
    ],
    "reversion": [
      [
        1.4544314480185645,
        0.032114064269720445,
        0.8125321214407205,
        1.4763913581690793,
        1.4763913581690793,
        0.0
      ],
      [
        0.032114064269720445,
        1.0028055627547428,
        0.07056122084364237,
        0.11141423635054991,
        0.11141423635054991,
        0.0
      ],
      [
        0.8125321214407205,
        0.07056122084364237,
        2.901765820950978,
        2.8322396157110084,
        2.8322396157110084,
        0.0
      ],
      [
        1.4763913581690793,
        0.11141423635054991,
        2.8322396157110084,
        5.9155681743020345,
        4.915568174302043,
        0.0
      ],
      [
        1.4763913581690793,
        0.11141423635054991,
        2.8322396157110084,
        4.915568174302043,
        5.9155681743020345,
        0.0
      ],
      [
        0.0,
        0.0,
        0.0,
        0.0,
        0.0,
        1.0
      ]
    ],
    "vwap": [
      [
        1.0,
        0.0,
        0.0,
        0.0,
        0.0,
        0.0
      ],
      [
        0.0,
        1.0,
        0.0,
        0.0,
        0.0,
        0.0
      ],
      [
        0.0,
        0.0,
        1.0,
        0.0,
        0.0,
        0.0
      ],
      [
        0.0,
        0.0,
        0.0,
        1.0,
        0.0,
        0.0
      ],
      [
        0.0,
        0.0,
        0.0,
        0.0,
        1.0,
        0.0
      ],
      [
        0.0,
        0.0,
        0.0,
        0.0,
        0.0,
        1.0
      ]
    ]
  },
  "b": {
    "trend": [
      [
        0.12672273512050602
      ],
      [
        0.07615488418654605
      ],
      [
        1.3861385361224245
      ],
      [
        0.2970827483165539
      ],
      [
        0.2970827483165539
      ],
      [
        0.0
      ]
    ],
    "breakout": [
      [
        0.0
      ],
      [
        0.0
      ],
      [
        0.0
      ],
      [
        0.0
      ],
      [
        0.0
      ],
      [
        0.0
      ]
    ],
    "reversion": [
      [
        -0.4692225889980562
      ],
      [
        -0.14877526805322203
      ],
      [
        -4.102049385071616
      ],
      [
        -3.4740971942775447
      ],
      [
        -3.4740971942775447
      ],
      [
        0.0
      ]
    ],
    "vwap": [
      [
        0.0
      ],
      [
        0.0
      ],
      [
        0.0
      ],
      [
        0.0
      ],
      [
        0.0
      ],
      [
        0.0
      ]
    ]
  },
  "counts": {
    "trend": 1,
    "breakout": 0,
    "reversion": 7,
    "vwap": 0
  },
  "reward_sum": {
    "trend": 0.2970827483165539,
    "breakout": 0.0,
    "reversion": -3.4740971942775447,
    "vwap": 0.0
  },
  "disabled_until": {
    "trend": 0.0,
    "breakout": 0.0,
    "reversion": 0.0,
    "vwap": 0.0
  },
  "_snapshot_time": "2025-09-19T12:18:00.796730"
}