{
  "arms": [
    "trend",
    "breakout",
    "reversion",
    "vwap"
  ],
  "d": 6,
  "alpha": 0.6,
  "alpha_base": 0.6,
  "alpha_boost_until": 0.0,
  "A": {
    "trend": [
      [
        1.0030603071559319,
        0.0018391122698984902,
        0.03347473266871904,
        0.007174438428213964,
        0.007174438428213964,
        0.0
      ],
      [
        0.0018391122698984902,
        1.0011052269491083,
        0.02011686685216883,
        0.0043115272652896434,
        0.0043115272652896434,
        0.0
      ],
      [
        0.03347473266871904,
        0.02011686685216883,
        1.3661585815235342,
        0.07847656989827484,
        0.07847656989827484,
        0.0
      ],
      [
        0.007174438428213964,
        0.0043115272652896434,
        0.07847656989827484,
        1.0168194119536222,
        0.01681941195362342,
        0.0
      ],
      [
        0.007174438428213964,
        0.0043115272652896434,
        0.07847656989827484,
        0.01681941195362342,
        1.0168194119536222,
        0.0
      ],
      [
        0.0,
        0.0,
        0.0,
        0.0,
        0.0,
        1.0
      ]
    ],
    "breakout": [
      [
        1.0,
        0.0,
        0.0,
        0.0,
        0.0,
        0.0
      ],
      [
        0.0,
        1.0,
        0.0,
        0.0,
        0.0,
        0.0
      ],
      [
        0.0,
        0.0,
        1.0,
        0.0,
        0.0,
        0.0
      ],
      [
        0.0,
        0.0,
        0.0,
        1.0,
        0.0,
        0.0
      ],
      [
        0.0,
        0.0,
        0.0,
        0.0,
        1.0,
        0.0
      ],
      [
        0.0,
        0.0,
        0.0,
        0.0,
        0.0,
        1.0
      ]
    ],
    "reversion": [
      [
        1.164019531869192,
        0.013350619849919943,
        0.47987544273677063,
        0.5375036085679169,
        0.5375036085679169,
        0.0
      ],
      [
        0.013350619849919943,
        1.001189959789063,
        0.04505077526863278,
        0.04422424174240757,
        0.04422424174240757,
        0.0
      ],
      [
        0.47987544273677063,
        0.04505077526863278,
        2.8174336585982003,
        1.5854584305012067,
        1.5854584305012067,
        0.0
      ],
      [
        0.5375036085679169,
        0.04422424174240757,
        1.5854584305012067,
        2.770450950850893,
        1.7704509508509079,
        0.0
      ],
      [
        0.5375036085679169,
        0.04422424174240757,
        1.5854584305012067,
        1.7704509508509079,
        2.770450950850893,
        0.0
      ],
      [
        0.0,
        0.0,
        0.0,
        0.0,
        0.0,
        1.0
      ]
    ],
    "vwap": [
      [
        1.0,
        0.0,
        0.0,
        0.0,
        0.0,
        0.0
      ],
      [
        0.0,
        1.0,
        0.0,
        0.0,
        0.0,
        0.0
      ],
      [
        0.0,
        0.0,
        1.0,
        0.0,
        0.0,
        0.0
      ],
      [
        0.0,
        0.0,
        0.0,
        1.0,
        0.0,
        0.0
      ],
      [
        0.0,
        0.0,
        0.0,
        0.0,
        1.0,
        0.0
      ],
      [
        0.0,
        0.0,
        0.0,
        0.0,
        0.0,
        1.0
      ]
    ]
  },
  "b": {
    "trend": [
      [
        0.00731454779872492
      ],
      [
        0.004395726938494027
      ],
      [
        0.08000913623337183
      ],
      [
        0.017147877692756375
      ],
      [
        0.017147877692756375
      ],
      [
        0.0
      ]
    ],
    "breakout": [
      [
        0.0
      ],
      [
        0.0
      ],
      [
        0.0
      ],
      [
        0.0
      ],
      [
        0.0
      ],
      [
        0.0
      ]
    ],
    "reversion": [
      [
        -0.5632337387069902
      ],
      [
        -0.05420433602738687
      ],
      [
        -1.9368093790893024
      ],
      [
        -1.992219138884074
      ],
      [
        -1.992219138884074
      ],
      [
        0.0
      ]
    ],
    "vwap": [
      [
        0.0
      ],
      [
        0.0
      ],
      [
        0.0
      ],
      [
        0.0
      ],
      [
        0.0
      ],
      [
        0.0
      ]
    ]
  },
  "counts": {
    "trend": 1,
    "breakout": 0,
    "reversion": 10,
    "vwap": 0
  },
  "reward_sum": {
    "trend": 0.017147877692756375,
    "breakout": 0.0,
    "reversion": -1.992219138884074,
    "vwap": 0.0
  },
  "disabled_until": {
    "trend": 0.0,
    "breakout": 0.0,
    "reversion": 0.0,
    "vwap": 0.0
  },
  "_snapshot_time": "2025-09-26T11:14:00.652808"
}