{
  "arms": [
    "trend",
    "breakout",
    "reversion",
    "vwap"
  ],
  "d": 6,
  "alpha": 0.6,
  "alpha_base": 0.6,
  "alpha_boost_until": 0.0,
  "A": {
    "trend": [
      [
        1.0408537824826745,
        0.024551356712683974,
        0.4468732638365891,
        0.09577566304529678,
        0.09577566304529678,
        0.0
      ],
      [
        0.024551356712683974,
        1.0147543037585072,
        0.26855150830809643,
        0.05755703205244318,
        0.05755703205244318,
        0.0
      ],
      [
        0.4468732638365891,
        0.26855150830809643,
        5.888059361863227,
        1.0476284089316465,
        1.0476284089316465,
        0.0
      ],
      [
        0.09577566304529678,
        0.05755703205244318,
        1.0476284089316465,
        1.2245319055990982,
        0.22453190559909803,
        0.0
      ],
      [
        0.09577566304529678,
        0.05755703205244318,
        1.0476284089316465,
        0.22453190559909803,
        1.2245319055990982,
        0.0
      ],
      [
        0.0,
        0.0,
        0.0,
        0.0,
        0.0,
        1.0
      ]
    ],
    "breakout": [
      [
        1.0,
        0.0,
        0.0,
        0.0,
        0.0,
        0.0
      ],
      [
        0.0,
        1.0,
        0.0,
        0.0,
        0.0,
        0.0
      ],
      [
        0.0,
        0.0,
        1.0,
        0.0,
        0.0,
        0.0
      ],
      [
        0.0,
        0.0,
        0.0,
        1.0,
        0.0,
        0.0
      ],
      [
        0.0,
        0.0,
        0.0,
        0.0,
        1.0,
        0.0
      ],
      [
        0.0,
        0.0,
        0.0,
        0.0,
        0.0,
        1.0
      ]
    ],
    "reversion": [
      [
        1.4711475651538684,
        0.030701697061320293,
        0.7913101620451816,
        1.4802706105441825,
        1.4802706105441825,
        0.0
      ],
      [
        0.030701697061320293,
        1.002455054094038,
        0.06250451887142773,
        0.10271852251329863,
        0.10271852251329863,
        0.0
      ],
      [
        0.7913101620451816,
        0.06250451887142773,
        2.6910150103479586,
        2.6502756252822244,
        2.6502756252822244,
        0.0
      ],
      [
        1.4802706105441825,
        0.10271852251329863,
        2.6502756252822244,
        5.7580581064015295,
        4.758058106401542,
        0.0
      ],
      [
        1.4802706105441825,
        0.10271852251329863,
        2.6502756252822244,
        4.758058106401542,
        5.7580581064015295,
        0.0
      ],
      [
        0.0,
        0.0,
        0.0,
        0.0,
        0.0,
        1.0
      ]
    ],
    "vwap": [
      [
        1.0,
        0.0,
        0.0,
        0.0,
        0.0,
        0.0
      ],
      [
        0.0,
        1.0,
        0.0,
        0.0,
        0.0,
        0.0
      ],
      [
        0.0,
        0.0,
        1.0,
        0.0,
        0.0,
        0.0
      ],
      [
        0.0,
        0.0,
        0.0,
        1.0,
        0.0,
        0.0
      ],
      [
        0.0,
        0.0,
        0.0,
        0.0,
        1.0,
        0.0
      ],
      [
        0.0,
        0.0,
        0.0,
        0.0,
        0.0,
        1.0
      ]
    ]
  },
  "b": {
    "trend": [
      [
        0.09764606279766974
      ],
      [
        0.05868106142561806
      ],
      [
        1.0680875094415325
      ],
      [
        0.22891678174904212
      ],
      [
        0.22891678174904212
      ],
      [
        0.0
      ]
    ],
    "breakout": [
      [
        0.0
      ],
      [
        0.0
      ],
      [
        0.0
      ],
      [
        0.0
      ],
      [
        0.0
      ],
      [
        0.0
      ]
    ],
    "reversion": [
      [
        -0.013467479980804695
      ],
      [
        -0.09750177614678072
      ],
      [
        -2.6854872024940635
      ],
      [
        -1.6911472261179472
      ],
      [
        -1.6911472261179472
      ],
      [
        0.0
      ]
    ],
    "vwap": [
      [
        0.0
      ],
      [
        0.0
      ],
      [
        0.0
      ],
      [
        0.0
      ],
      [
        0.0
      ],
      [
        0.0
      ]
    ]
  },
  "counts": {
    "trend": 1,
    "breakout": 0,
    "reversion": 8,
    "vwap": 0
  },
  "reward_sum": {
    "trend": 0.22891678174904212,
    "breakout": 0.0,
    "reversion": -1.6911472261179472,
    "vwap": 0.0
  },
  "disabled_until": {
    "trend": 0.0,
    "breakout": 0.0,
    "reversion": 0.0,
    "vwap": 0.0
  },
  "_snapshot_time": "2025-09-22T03:38:00.380772"
}