{
  "arms": [
    "trend",
    "breakout",
    "reversion",
    "vwap"
  ],
  "d": 6,
  "alpha": 0.6,
  "alpha_base": 0.6,
  "alpha_boost_until": 0.0,
  "A": {
    "trend": [
      [
        1.0641438473165108,
        0.038547678591558304,
        0.7016283110999736,
        0.15037578245344477,
        0.15037578245344477,
        0.0
      ],
      [
        0.038547678591558304,
        1.0231654879924181,
        0.42164827584418263,
        0.09036934285164597,
        0.09036934285164597,
        0.0
      ],
      [
        0.7016283110999736,
        0.42164827584418263,
        8.674661055297845,
        1.644864015601195,
        1.644864015601195,
        0.0
      ],
      [
        0.15037578245344477,
        0.09036934285164597,
        1.644864015601195,
        1.3525338266179232,
        0.35253382661792404,
        0.0
      ],
      [
        0.15037578245344477,
        0.09036934285164597,
        1.644864015601195,
        0.35253382661792404,
        1.3525338266179232,
        0.0
      ],
      [
        0.0,
        0.0,
        0.0,
        0.0,
        0.0,
        1.0
      ]
    ],
    "breakout": [
      [
        1.0,
        0.0,
        0.0,
        0.0,
        0.0,
        0.0
      ],
      [
        0.0,
        1.0,
        0.0,
        0.0,
        0.0,
        0.0
      ],
      [
        0.0,
        0.0,
        1.0,
        0.0,
        0.0,
        0.0
      ],
      [
        0.0,
        0.0,
        0.0,
        1.0,
        0.0,
        0.0
      ],
      [
        0.0,
        0.0,
        0.0,
        0.0,
        1.0,
        0.0
      ],
      [
        0.0,
        0.0,
        0.0,
        0.0,
        0.0,
        1.0
      ]
    ],
    "reversion": [
      [
        1.1725495211034502,
        0.011952917897862616,
        0.31436701754725693,
        0.5185581798386432,
        0.5185581798386432,
        0.0
      ],
      [
        0.011952917897862616,
        1.0009429351156434,
        0.024567035198366415,
        0.03677753426592886,
        0.03677753426592886,
        0.0
      ],
      [
        0.31436701754725693,
        0.024567035198366415,
        1.655394860213005,
        0.9767785651846986,
        0.9767785651846986,
        0.0
      ],
      [
        0.5185581798386432,
        0.03677753426592886,
        0.9767785651846986,
        2.573257122830079,
        1.5732571228300876,
        0.0
      ],
      [
        0.5185581798386432,
        0.03677753426592886,
        0.9767785651846986,
        1.5732571228300876,
        2.573257122830079,
        0.0
      ],
      [
        0.0,
        0.0,
        0.0,
        0.0,
        0.0,
        1.0
      ]
    ],
    "vwap": [
      [
        1.0,
        0.0,
        0.0,
        0.0,
        0.0,
        0.0
      ],
      [
        0.0,
        1.0,
        0.0,
        0.0,
        0.0,
        0.0
      ],
      [
        0.0,
        0.0,
        1.0,
        0.0,
        0.0,
        0.0
      ],
      [
        0.0,
        0.0,
        0.0,
        1.0,
        0.0,
        0.0
      ],
      [
        0.0,
        0.0,
        0.0,
        0.0,
        1.0,
        0.0
      ],
      [
        0.0,
        0.0,
        0.0,
        0.0,
        0.0,
        1.0
      ]
    ]
  },
  "b": {
    "trend": [
      [
        0.15331246612986887
      ],
      [
        0.09213416275596649
      ],
      [
        1.6769865104985955
      ],
      [
        0.35941844804515904
      ],
      [
        0.35941844804515904
      ],
      [
        0.0
      ]
    ],
    "breakout": [
      [
        0.0
      ],
      [
        0.0
      ],
      [
        0.0
      ],
      [
        0.0
      ],
      [
        0.0
      ],
      [
        0.0
      ]
    ],
    "reversion": [
      [
        -0.148013991624633
      ],
      [
        -0.004372070963725732
      ],
      [
        -0.09282102309908409
      ],
      [
        -0.3753485821257968
      ],
      [
        -0.3753485821257968
      ],
      [
        0.0
      ]
    ],
    "vwap": [
      [
        0.0
      ],
      [
        0.0
      ],
      [
        0.0
      ],
      [
        0.0
      ],
      [
        0.0
      ],
      [
        0.0
      ]
    ]
  },
  "counts": {
    "trend": 1,
    "breakout": 0,
    "reversion": 3,
    "vwap": 0
  },
  "reward_sum": {
    "trend": 0.35941844804515904,
    "breakout": 0.0,
    "reversion": -0.3753485821257968,
    "vwap": 0.0
  },
  "disabled_until": {
    "trend": 0.0,
    "breakout": 0.0,
    "reversion": 0.0,
    "vwap": 0.0
  },
  "_snapshot_time": "2025-09-19T06:02:00.519044"
}