{
  "arms": [
    "trend",
    "breakout",
    "reversion",
    "vwap"
  ],
  "d": 6,
  "alpha": 0.6,
  "alpha_base": 0.6,
  "alpha_boost_until": 0.0,
  "A": {
    "trend": [
      [
        1.0038927556346549,
        0.0023393778096858745,
        0.0425803514402579,
        0.009125991017855446,
        0.009125991017855446,
        0.0
      ],
      [
        0.0023393778096858745,
        1.0014058649065267,
        0.025588949997580438,
        0.0054843259845310756,
        0.0054843259845310756,
        0.0
      ],
      [
        0.0425803514402579,
        0.025588949997580438,
        1.4657590917434806,
        0.09982334912616275,
        0.09982334912616275,
        0.0
      ],
      [
        0.009125991017855446,
        0.0054843259845310756,
        0.09982334912616275,
        1.0213945389524484,
        0.021394538952450012,
        0.0
      ],
      [
        0.009125991017855446,
        0.0054843259845310756,
        0.09982334912616275,
        0.021394538952450012,
        1.0213945389524484,
        0.0
      ],
      [
        0.0,
        0.0,
        0.0,
        0.0,
        0.0,
        1.0
      ]
    ],
    "breakout": [
      [
        1.0,
        0.0,
        0.0,
        0.0,
        0.0,
        0.0
      ],
      [
        0.0,
        1.0,
        0.0,
        0.0,
        0.0,
        0.0
      ],
      [
        0.0,
        0.0,
        1.0,
        0.0,
        0.0,
        0.0
      ],
      [
        0.0,
        0.0,
        0.0,
        1.0,
        0.0,
        0.0
      ],
      [
        0.0,
        0.0,
        0.0,
        0.0,
        1.0,
        0.0
      ],
      [
        0.0,
        0.0,
        0.0,
        0.0,
        0.0,
        1.0
      ]
    ],
    "reversion": [
      [
        1.1039359963436084,
        0.009653971661380783,
        0.39159970987981063,
        0.3339976537973072,
        0.3339976537973072,
        0.0
      ],
      [
        0.009653971661380783,
        1.0010007228813507,
        0.04199016102010077,
        0.03177630234992066,
        0.03177630234992066,
        0.0
      ],
      [
        0.39159970987981063,
        0.04199016102010077,
        2.8545179204790703,
        1.285864319936454,
        1.285864319936454,
        0.0
      ],
      [
        0.3339976537973072,
        0.03177630234992066,
        1.285864319936454,
        2.0839275730190034,
        1.08392757301902,
        0.0
      ],
      [
        0.3339976537973072,
        0.03177630234992066,
        1.285864319936454,
        1.08392757301902,
        2.0839275730190034,
        0.0
      ],
      [
        0.0,
        0.0,
        0.0,
        0.0,
        0.0,
        1.0
      ]
    ],
    "vwap": [
      [
        1.0,
        0.0,
        0.0,
        0.0,
        0.0,
        0.0
      ],
      [
        0.0,
        1.0,
        0.0,
        0.0,
        0.0,
        0.0
      ],
      [
        0.0,
        0.0,
        1.0,
        0.0,
        0.0,
        0.0
      ],
      [
        0.0,
        0.0,
        0.0,
        1.0,
        0.0,
        0.0
      ],
      [
        0.0,
        0.0,
        0.0,
        0.0,
        1.0,
        0.0
      ],
      [
        0.0,
        0.0,
        0.0,
        0.0,
        0.0,
        1.0
      ]
    ]
  },
  "b": {
    "trend": [
      [
        0.009304212194271435
      ],
      [
        0.005591429205090856
      ],
      [
        0.10177279600598563
      ],
      [
        0.021812352195255524
      ],
      [
        0.021812352195255524
      ],
      [
        0.0
      ]
    ],
    "breakout": [
      [
        0.0
      ],
      [
        0.0
      ],
      [
        0.0
      ],
      [
        0.0
      ],
      [
        0.0
      ],
      [
        0.0
      ]
    ],
    "reversion": [
      [
        -0.21967371786997916
      ],
      [
        -0.03417844859020464
      ],
      [
        -1.4254646555992796
      ],
      [
        -0.8748356892478647
      ],
      [
        -0.8748356892478647
      ],
      [
        0.0
      ]
    ],
    "vwap": [
      [
        0.0
      ],
      [
        0.0
      ],
      [
        0.0
      ],
      [
        0.0
      ],
      [
        0.0
      ],
      [
        0.0
      ]
    ]
  },
  "counts": {
    "trend": 1,
    "breakout": 0,
    "reversion": 9,
    "vwap": 0
  },
  "reward_sum": {
    "trend": 0.021812352195255524,
    "breakout": 0.0,
    "reversion": -0.8748356892478647,
    "vwap": 0.0
  },
  "disabled_until": {
    "trend": 0.0,
    "breakout": 0.0,
    "reversion": 0.0,
    "vwap": 0.0
  },
  "_snapshot_time": "2025-09-26T03:11:00.921947"
}