{
  "arms": [
    "trend",
    "breakout",
    "reversion",
    "vwap"
  ],
  "d": 6,
  "alpha": 0.6,
  "alpha_base": 0.6,
  "alpha_boost_until": 0.0,
  "A": {
    "trend": [
      [
        1.0068588138750254,
        0.004121850556752126,
        0.07502415580931548,
        0.016079476774601604,
        0.016079476774601604,
        0.0
      ],
      [
        0.004121850556752126,
        1.0024770539515675,
        0.045086273520048514,
        0.009663070248488418,
        0.009663070248488418,
        0.0
      ],
      [
        0.07502415580931548,
        0.045086273520048514,
        1.8206410113264329,
        0.17588305979006671,
        0.17588305979006671,
        0.0
      ],
      [
        0.016079476774601604,
        0.009663070248488418,
        0.17588305979006671,
        1.0376959599802524,
        0.03769595998025326,
        0.0
      ],
      [
        0.016079476774601604,
        0.009663070248488418,
        0.17588305979006671,
        0.03769595998025326,
        1.0376959599802524,
        0.0
      ],
      [
        0.0,
        0.0,
        0.0,
        0.0,
        0.0,
        1.0
      ]
    ],
    "breakout": [
      [
        1.0,
        0.0,
        0.0,
        0.0,
        0.0,
        0.0
      ],
      [
        0.0,
        1.0,
        0.0,
        0.0,
        0.0,
        0.0
      ],
      [
        0.0,
        0.0,
        1.0,
        0.0,
        0.0,
        0.0
      ],
      [
        0.0,
        0.0,
        0.0,
        1.0,
        0.0,
        0.0
      ],
      [
        0.0,
        0.0,
        0.0,
        0.0,
        1.0,
        0.0
      ],
      [
        0.0,
        0.0,
        0.0,
        0.0,
        0.0,
        1.0
      ]
    ],
    "reversion": [
      [
        1.0790994924015171,
        0.0051544119783840684,
        0.1328505903017763,
        0.24851800703393123,
        0.24851800703393123,
        0.0
      ],
      [
        0.0051544119783840684,
        1.0004121713599297,
        0.010493688349883188,
        0.017245091754601916,
        0.017245091754601916,
        0.0
      ],
      [
        0.1328505903017763,
        0.010493688349883188,
        1.2838992257514596,
        0.4449464927521679,
        0.4449464927521679,
        0.0
      ],
      [
        0.24851800703393123,
        0.017245091754601916,
        0.4449464927521679,
        1.7988155067942806,
        0.7988155067942945,
        0.0
      ],
      [
        0.24851800703393123,
        0.017245091754601916,
        0.4449464927521679,
        0.7988155067942945,
        1.7988155067942806,
        0.0
      ],
      [
        0.0,
        0.0,
        0.0,
        0.0,
        0.0,
        1.0
      ]
    ],
    "vwap": [
      [
        1.0,
        0.0,
        0.0,
        0.0,
        0.0,
        0.0
      ],
      [
        0.0,
        1.0,
        0.0,
        0.0,
        0.0,
        0.0
      ],
      [
        0.0,
        0.0,
        1.0,
        0.0,
        0.0,
        0.0
      ],
      [
        0.0,
        0.0,
        0.0,
        1.0,
        0.0,
        0.0
      ],
      [
        0.0,
        0.0,
        0.0,
        0.0,
        1.0,
        0.0
      ],
      [
        0.0,
        0.0,
        0.0,
        0.0,
        0.0,
        1.0
      ]
    ]
  },
  "b": {
    "trend": [
      [
        0.01639349234412344
      ],
      [
        0.009851780027416157
      ],
      [
        0.17931787424102338
      ],
      [
        0.038432123134552555
      ],
      [
        0.038432123134552555
      ],
      [
        0.0
      ]
    ],
    "breakout": [
      [
        0.0
      ],
      [
        0.0
      ],
      [
        0.0
      ],
      [
        0.0
      ],
      [
        0.0
      ],
      [
        0.0
      ]
    ],
    "reversion": [
      [
        -0.00226101312878768
      ],
      [
        -0.016369268509194113
      ],
      [
        -0.45085805441587606
      ],
      [
        -0.2839214230439179
      ],
      [
        -0.2839214230439179
      ],
      [
        0.0
      ]
    ],
    "vwap": [
      [
        0.0
      ],
      [
        0.0
      ],
      [
        0.0
      ],
      [
        0.0
      ],
      [
        0.0
      ],
      [
        0.0
      ]
    ]
  },
  "counts": {
    "trend": 1,
    "breakout": 0,
    "reversion": 8,
    "vwap": 0
  },
  "reward_sum": {
    "trend": 0.038432123134552555,
    "breakout": 0.0,
    "reversion": -0.2839214230439179,
    "vwap": 0.0
  },
  "disabled_until": {
    "trend": 0.0,
    "breakout": 0.0,
    "reversion": 0.0,
    "vwap": 0.0
  },
  "_snapshot_time": "2025-09-25T05:12:00.233645"
}