{
  "arms": [
    "trend",
    "breakout",
    "reversion",
    "vwap"
  ],
  "d": 6,
  "alpha": 0.6,
  "alpha_base": 0.6,
  "alpha_boost_until": 0.0,
  "A": {
    "trend": [
      [
        1.0283346052597668,
        0.01702787254376369,
        0.30993403211374987,
        0.0664262998666474,
        0.0664262998666474,
        0.0
      ],
      [
        0.01702787254376369,
        1.0102330150961496,
        0.1862569514353267,
        0.03991933387860346,
        0.03991933387860346,
        0.0
      ],
      [
        0.30993403211374987,
        0.1862569514353267,
        4.390169137054527,
        0.7265945922775792,
        0.7265945922775792,
        0.0
      ],
      [
        0.0664262998666474,
        0.03991933387860346,
        0.7265945922775792,
        1.155726655569084,
        0.1557266555690826,
        0.0
      ],
      [
        0.0664262998666474,
        0.03991933387860346,
        0.7265945922775792,
        0.1557266555690826,
        1.155726655569084,
        0.0
      ],
      [
        0.0,
        0.0,
        0.0,
        0.0,
        0.0,
        1.0
      ]
    ],
    "breakout": [
      [
        1.0,
        0.0,
        0.0,
        0.0,
        0.0,
        0.0
      ],
      [
        0.0,
        1.0,
        0.0,
        0.0,
        0.0,
        0.0
      ],
      [
        0.0,
        0.0,
        1.0,
        0.0,
        0.0,
        0.0
      ],
      [
        0.0,
        0.0,
        0.0,
        1.0,
        0.0,
        0.0
      ],
      [
        0.0,
        0.0,
        0.0,
        0.0,
        1.0,
        0.0
      ],
      [
        0.0,
        0.0,
        0.0,
        0.0,
        0.0,
        1.0
      ]
    ],
    "reversion": [
      [
        1.3267697497385105,
        0.021293511008592038,
        0.5488221583668773,
        1.0266585094095229,
        1.0266585094095229,
        0.0
      ],
      [
        0.021293511008592038,
        1.0017027306755617,
        0.04335071960410579,
        0.0712415989759354,
        0.0712415989759354,
        0.0
      ],
      [
        0.5488221583668773,
        0.04335071960410579,
        2.172822683600213,
        1.8381287878007382,
        1.8381287878007382,
        0.0
      ],
      [
        1.0266585094095229,
        0.0712415989759354,
        1.8381287878007382,
        4.300005288496725,
        3.3000052884967404,
        0.0
      ],
      [
        1.0266585094095229,
        0.0712415989759354,
        1.8381287878007382,
        3.3000052884967404,
        4.300005288496725,
        0.0
      ],
      [
        0.0,
        0.0,
        0.0,
        0.0,
        0.0,
        1.0
      ]
    ],
    "vwap": [
      [
        1.0,
        0.0,
        0.0,
        0.0,
        0.0,
        0.0
      ],
      [
        0.0,
        1.0,
        0.0,
        0.0,
        0.0,
        0.0
      ],
      [
        0.0,
        0.0,
        1.0,
        0.0,
        0.0,
        0.0
      ],
      [
        0.0,
        0.0,
        0.0,
        1.0,
        0.0,
        0.0
      ],
      [
        0.0,
        0.0,
        0.0,
        0.0,
        1.0,
        0.0
      ],
      [
        0.0,
        0.0,
        0.0,
        0.0,
        0.0,
        1.0
      ]
    ]
  },
  "b": {
    "trend": [
      [
        0.0677235368772946
      ],
      [
        0.04069891722814522
      ],
      [
        0.7407842340118139
      ],
      [
        0.1587678362694087
      ],
      [
        0.1587678362694087
      ],
      [
        0.0
      ]
    ],
    "breakout": [
      [
        0.0
      ],
      [
        0.0
      ],
      [
        0.0
      ],
      [
        0.0
      ],
      [
        0.0
      ],
      [
        0.0
      ]
    ],
    "reversion": [
      [
        -0.00934052383672779
      ],
      [
        -0.06762346523034418
      ],
      [
        -1.8625501774552784
      ],
      [
        -1.1729143833505007
      ],
      [
        -1.1729143833505007
      ],
      [
        0.0
      ]
    ],
    "vwap": [
      [
        0.0
      ],
      [
        0.0
      ],
      [
        0.0
      ],
      [
        0.0
      ],
      [
        0.0
      ],
      [
        0.0
      ]
    ]
  },
  "counts": {
    "trend": 1,
    "breakout": 0,
    "reversion": 8,
    "vwap": 0
  },
  "reward_sum": {
    "trend": 0.1587678362694087,
    "breakout": 0.0,
    "reversion": -1.1729143833505007,
    "vwap": 0.0
  },
  "disabled_until": {
    "trend": 0.0,
    "breakout": 0.0,
    "reversion": 0.0,
    "vwap": 0.0
  },
  "_snapshot_time": "2025-09-22T16:42:00.099028"
}