{
  "arms": [
    "trend",
    "breakout",
    "reversion",
    "vwap"
  ],
  "d": 6,
  "alpha": 0.6,
  "alpha_base": 0.6,
  "alpha_boost_until": 0.0,
  "A": {
    "trend": [
      [
        1.0783847856952984,
        0.04710586676444466,
        0.8574007812775417,
        0.18376156053149048,
        0.18376156053149048,
        0.0
      ],
      [
        0.04710586676444466,
        1.0283085890194985,
        0.5152607946597213,
        0.11043275184130784,
        0.11043275184130784,
        0.0
      ],
      [
        0.8574007812775417,
        0.5152607946597213,
        10.37855596866738,
        2.010049580041573,
        2.010049580041573,
        0.0
      ],
      [
        0.18376156053149048,
        0.11043275184130784,
        2.010049580041573,
        1.43080185560799,
        0.43080185560799106,
        0.0
      ],
      [
        0.18376156053149048,
        0.11043275184130784,
        2.010049580041573,
        0.43080185560799106,
        1.43080185560799,
        0.0
      ],
      [
        0.0,
        0.0,
        0.0,
        0.0,
        0.0,
        1.0
      ]
    ],
    "breakout": [
      [
        1.0,
        0.0,
        0.0,
        0.0,
        0.0,
        0.0
      ],
      [
        0.0,
        1.0,
        0.0,
        0.0,
        0.0,
        0.0
      ],
      [
        0.0,
        0.0,
        1.0,
        0.0,
        0.0,
        0.0
      ],
      [
        0.0,
        0.0,
        0.0,
        1.0,
        0.0,
        0.0
      ],
      [
        0.0,
        0.0,
        0.0,
        0.0,
        1.0,
        0.0
      ],
      [
        0.0,
        0.0,
        0.0,
        0.0,
        0.0,
        1.0
      ]
    ],
    "reversion": [
      [
        1.0637548099699439,
        0.006463459572754862,
        0.18218682464134855,
        0.21915846075151452,
        0.21915846075151452,
        0.0
      ],
      [
        0.006463459572754862,
        1.000701499281226,
        0.018840607884196933,
        0.021995738063615215,
        0.021995738063615215,
        0.0
      ],
      [
        0.18218682464134855,
        0.018840607884196933,
        1.52358944613133,
        0.6244875404299866,
        0.6244875404299866,
        0.0
      ],
      [
        0.21915846075151452,
        0.021995738063615215,
        0.6244875404299866,
        1.7544328052217275,
        0.7544328052217371,
        0.0
      ],
      [
        0.21915846075151452,
        0.021995738063615215,
        0.6244875404299866,
        0.7544328052217371,
        1.7544328052217275,
        0.0
      ],
      [
        0.0,
        0.0,
        0.0,
        0.0,
        0.0,
        1.0
      ]
    ],
    "vwap": [
      [
        1.0,
        0.0,
        0.0,
        0.0,
        0.0,
        0.0
      ],
      [
        0.0,
        1.0,
        0.0,
        0.0,
        0.0,
        0.0
      ],
      [
        0.0,
        0.0,
        1.0,
        0.0,
        0.0,
        0.0
      ],
      [
        0.0,
        0.0,
        0.0,
        1.0,
        0.0,
        0.0
      ],
      [
        0.0,
        0.0,
        0.0,
        0.0,
        1.0,
        0.0
      ],
      [
        0.0,
        0.0,
        0.0,
        0.0,
        0.0,
        1.0
      ]
    ]
  },
  "b": {
    "trend": [
      [
        0.18735023396256048
      ],
      [
        0.11258938939546567
      ],
      [
        2.049303771735229
      ],
      [
        0.4392149707818318
      ],
      [
        0.4392149707818318
      ],
      [
        0.0
      ]
    ],
    "breakout": [
      [
        0.0
      ],
      [
        0.0
      ],
      [
        0.0
      ],
      [
        0.0
      ],
      [
        0.0
      ],
      [
        0.0
      ]
    ],
    "reversion": [
      [
        0.0873741480374223
      ],
      [
        0.009506733619083127
      ],
      [
        0.2548808532499447
      ],
      [
        0.29722783652160256
      ],
      [
        0.29722783652160256
      ],
      [
        0.0
      ]
    ],
    "vwap": [
      [
        0.0
      ],
      [
        0.0
      ],
      [
        0.0
      ],
      [
        0.0
      ],
      [
        0.0
      ],
      [
        0.0
      ]
    ]
  },
  "counts": {
    "trend": 1,
    "breakout": 0,
    "reversion": 2,
    "vwap": 0
  },
  "reward_sum": {
    "trend": 0.4392149707818318,
    "breakout": 0.0,
    "reversion": 0.29722783652160256,
    "vwap": 0.0
  },
  "disabled_until": {
    "trend": 0.0,
    "breakout": 0.0,
    "reversion": 0.0,
    "vwap": 0.0
  },
  "_snapshot_time": "2025-09-18T23:15:00.268267"
}