{
  "arms": [
    "trend",
    "breakout",
    "reversion",
    "vwap"
  ],
  "d": 6,
  "alpha": 0.6,
  "alpha_base": 0.6,
  "alpha_boost_until": 0.0,
  "A": {
    "trend": [
      [
        1.0183199882832916,
        0.01100952078319847,
        0.20039057487698475,
        0.042948508514686276,
        0.042948508514686276,
        0.0
      ],
      [
        0.01100952078319847,
        1.0066162459277446,
        0.12042607040733523,
        0.025810196479822956,
        0.025810196479822956,
        0.0
      ],
      [
        0.20039057487698475,
        0.12042607040733523,
        3.191943678050921,
        0.4697861253118998,
        0.4697861253118998,
        0.0
      ],
      [
        0.042948508514686276,
        0.025810196479822956,
        0.4697861253118998,
        1.100686439047473,
        0.10068643904747315,
        0.0
      ],
      [
        0.042948508514686276,
        0.025810196479822956,
        0.4697861253118998,
        0.10068643904747315,
        1.100686439047473,
        0.0
      ],
      [
        0.0,
        0.0,
        0.0,
        0.0,
        0.0,
        1.0
      ]
    ],
    "breakout": [
      [
        1.0,
        0.0,
        0.0,
        0.0,
        0.0,
        0.0
      ],
      [
        0.0,
        1.0,
        0.0,
        0.0,
        0.0,
        0.0
      ],
      [
        0.0,
        0.0,
        1.0,
        0.0,
        0.0,
        0.0
      ],
      [
        0.0,
        0.0,
        0.0,
        1.0,
        0.0,
        0.0
      ],
      [
        0.0,
        0.0,
        0.0,
        0.0,
        1.0,
        0.0
      ],
      [
        0.0,
        0.0,
        0.0,
        0.0,
        0.0,
        1.0
      ]
    ],
    "reversion": [
      [
        1.2112758562069619,
        0.013767506856411017,
        0.3548457943463349,
        0.6637950905224114,
        0.6637950905224114,
        0.0
      ],
      [
        0.013767506856411017,
        1.0011009154967896,
        0.028028789105707073,
        0.04606188251280447,
        0.04606188251280447,
        0.0
      ],
      [
        0.3548457943463349,
        0.028028789105707073,
        1.758298823115874,
        1.1884583373217246,
        1.1884583373217246,
        0.0
      ],
      [
        0.6637950905224114,
        0.04606188251280447,
        1.1884583373217246,
        3.133647448616564,
        2.1336474486165797,
        0.0
      ],
      [
        0.6637950905224114,
        0.04606188251280447,
        1.1884583373217246,
        2.1336474486165797,
        3.133647448616564,
        0.0
      ],
      [
        0.0,
        0.0,
        0.0,
        0.0,
        0.0,
        1.0
      ]
    ],
    "vwap": [
      [
        1.0,
        0.0,
        0.0,
        0.0,
        0.0,
        0.0
      ],
      [
        0.0,
        1.0,
        0.0,
        0.0,
        0.0,
        0.0
      ],
      [
        0.0,
        0.0,
        1.0,
        0.0,
        0.0,
        0.0
      ],
      [
        0.0,
        0.0,
        0.0,
        1.0,
        0.0,
        0.0
      ],
      [
        0.0,
        0.0,
        0.0,
        0.0,
        1.0,
        0.0
      ],
      [
        0.0,
        0.0,
        0.0,
        0.0,
        0.0,
        1.0
      ]
    ]
  },
  "b": {
    "trend": [
      [
        0.043787248515396775
      ],
      [
        0.026314242952273137
      ],
      [
        0.4789605629979755
      ],
      [
        0.10265274118179148
      ],
      [
        0.10265274118179148
      ],
      [
        0.0
      ]
    ],
    "breakout": [
      [
        0.0
      ],
      [
        0.0
      ],
      [
        0.0
      ],
      [
        0.0
      ],
      [
        0.0
      ],
      [
        0.0
      ]
    ],
    "reversion": [
      [
        -0.006039197852938923
      ],
      [
        -0.04372254631175522
      ],
      [
        -1.2042482016318559
      ],
      [
        -0.7583581123960852
      ],
      [
        -0.7583581123960852
      ],
      [
        0.0
      ]
    ],
    "vwap": [
      [
        0.0
      ],
      [
        0.0
      ],
      [
        0.0
      ],
      [
        0.0
      ],
      [
        0.0
      ],
      [
        0.0
      ]
    ]
  },
  "counts": {
    "trend": 1,
    "breakout": 0,
    "reversion": 8,
    "vwap": 0
  },
  "reward_sum": {
    "trend": 0.10265274118179148,
    "breakout": 0.0,
    "reversion": -0.7583581123960852,
    "vwap": 0.0
  },
  "disabled_until": {
    "trend": 0.0,
    "breakout": 0.0,
    "reversion": 0.0,
    "vwap": 0.0
  },
  "_snapshot_time": "2025-09-23T10:12:00.093924"
}