{
  "arms": [
    "trend",
    "breakout",
    "reversion",
    "vwap"
  ],
  "d": 6,
  "alpha": 0.6,
  "alpha_base": 0.6,
  "alpha_boost_until": 0.0,
  "A": {
    "trend": [
      [
        1.0906488781404229,
        0.05447605601204426,
        0.9915498045967548,
        0.21251291509893439,
        0.21251291509893439,
        0.0
      ],
      [
        0.05447605601204426,
        1.0327377540627736,
        0.5958785569333814,
        0.12771107269831797,
        0.12771107269831797,
        0.0
      ],
      [
        0.9915498045967548,
        0.5958785569333814,
        11.845925897426557,
        2.3245421649258486,
        2.3245421649258486,
        0.0
      ],
      [
        0.21251291509893439,
        0.12771107269831797,
        2.3245421649258486,
        1.4982051627146231,
        0.4982051627146237,
        0.0
      ],
      [
        0.21251291509893439,
        0.12771107269831797,
        2.3245421649258486,
        0.4982051627146237,
        1.4982051627146231,
        0.0
      ],
      [
        0.0,
        0.0,
        0.0,
        0.0,
        0.0,
        1.0
      ]
    ],
    "breakout": [
      [
        1.0,
        0.0,
        0.0,
        0.0,
        0.0,
        0.0
      ],
      [
        0.0,
        1.0,
        0.0,
        0.0,
        0.0,
        0.0
      ],
      [
        0.0,
        0.0,
        1.0,
        0.0,
        0.0,
        0.0
      ],
      [
        0.0,
        0.0,
        0.0,
        1.0,
        0.0,
        0.0
      ],
      [
        0.0,
        0.0,
        0.0,
        0.0,
        1.0,
        0.0
      ],
      [
        0.0,
        0.0,
        0.0,
        0.0,
        0.0,
        1.0
      ]
    ],
    "reversion": [
      [
        1.0737298947565788,
        0.007474733189343293,
        0.21069179585311884,
        0.2534480183352521,
        0.2534480183352521,
        0.0
      ],
      [
        0.007474733189343293,
        1.0008112559381943,
        0.02178841152701534,
        0.02543719373154991,
        0.02543719373154991,
        0.0
      ],
      [
        0.21069179585311884,
        0.02178841152701534,
        1.6055103101572623,
        0.7221949317142298,
        0.7221949317142298,
        0.0
      ],
      [
        0.2534480183352521,
        0.02543719373154991,
        0.7221949317142298,
        1.8724714473485409,
        0.872471447348551,
        0.0
      ],
      [
        0.2534480183352521,
        0.02543719373154991,
        0.7221949317142298,
        0.872471447348551,
        1.8724714473485409,
        0.0
      ],
      [
        0.0,
        0.0,
        0.0,
        0.0,
        0.0,
        1.0
      ]
    ],
    "vwap": [
      [
        1.0,
        0.0,
        0.0,
        0.0,
        0.0,
        0.0
      ],
      [
        0.0,
        1.0,
        0.0,
        0.0,
        0.0,
        0.0
      ],
      [
        0.0,
        0.0,
        1.0,
        0.0,
        0.0,
        0.0
      ],
      [
        0.0,
        0.0,
        0.0,
        1.0,
        0.0,
        0.0
      ],
      [
        0.0,
        0.0,
        0.0,
        0.0,
        1.0,
        0.0
      ],
      [
        0.0,
        0.0,
        0.0,
        0.0,
        0.0,
        1.0
      ]
    ]
  },
  "b": {
    "trend": [
      [
        0.21666307278136268
      ],
      [
        0.130205138008388
      ],
      [
        2.3699380718965117
      ],
      [
        0.5079345948411514
      ],
      [
        0.5079345948411514
      ],
      [
        0.0
      ]
    ],
    "breakout": [
      [
        0.0
      ],
      [
        0.0
      ],
      [
        0.0
      ],
      [
        0.0
      ],
      [
        0.0
      ],
      [
        0.0
      ]
    ],
    "reversion": [
      [
        0.1010447171324304
      ],
      [
        0.010994158237539485
      ],
      [
        0.29475954040870966
      ],
      [
        0.343732137477854
      ],
      [
        0.343732137477854
      ],
      [
        0.0
      ]
    ],
    "vwap": [
      [
        0.0
      ],
      [
        0.0
      ],
      [
        0.0
      ],
      [
        0.0
      ],
      [
        0.0
      ],
      [
        0.0
      ]
    ]
  },
  "counts": {
    "trend": 1,
    "breakout": 0,
    "reversion": 2,
    "vwap": 0
  },
  "reward_sum": {
    "trend": 0.5079345948411514,
    "breakout": 0.0,
    "reversion": 0.343732137477854,
    "vwap": 0.0
  },
  "disabled_until": {
    "trend": 0.0,
    "breakout": 0.0,
    "reversion": 0.0,
    "vwap": 0.0
  },
  "_snapshot_time": "2025-09-18T17:54:00.177305"
}