{
  "arms": [
    "trend",
    "breakout",
    "reversion",
    "vwap"
  ],
  "d": 6,
  "alpha": 0.6,
  "alpha_base": 0.6,
  "alpha_boost_until": 0.0,
  "A": {
    "trend": [
      [
        1.067779930149602,
        0.040732807146299545,
        0.7414010837653335,
        0.15890004197273358,
        0.15890004197273358,
        0.0
      ],
      [
        0.040732807146299545,
        1.02447865576662,
        0.44554999240063176,
        0.0954920542250249,
        0.0954920542250249,
        0.0
      ],
      [
        0.7414010837653335,
        0.44554999240063176,
        9.10970984766699,
        1.7381054106859726,
        1.7381054106859726,
        0.0
      ],
      [
        0.15890004197273358,
        0.0954920542250249,
        1.7381054106859726,
        1.3725176948870677,
        0.37251769488706843,
        0.0
      ],
      [
        0.15890004197273358,
        0.0954920542250249,
        1.7381054106859726,
        0.37251769488706843,
        1.3725176948870677,
        0.0
      ],
      [
        0.0,
        0.0,
        0.0,
        0.0,
        0.0,
        1.0
      ]
    ],
    "breakout": [
      [
        1.0,
        0.0,
        0.0,
        0.0,
        0.0,
        0.0
      ],
      [
        0.0,
        1.0,
        0.0,
        0.0,
        0.0,
        0.0
      ],
      [
        0.0,
        0.0,
        1.0,
        0.0,
        0.0,
        0.0
      ],
      [
        0.0,
        0.0,
        0.0,
        1.0,
        0.0,
        0.0
      ],
      [
        0.0,
        0.0,
        0.0,
        0.0,
        1.0,
        0.0
      ],
      [
        0.0,
        0.0,
        0.0,
        0.0,
        0.0,
        1.0
      ]
    ],
    "reversion": [
      [
        1.0551292770418748,
        0.0055890034587718585,
        0.1575383556749257,
        0.189508015231116,
        0.189508015231116,
        0.0
      ],
      [
        0.0055890034587718585,
        1.000606591851464,
        0.01629161928605672,
        0.01901988474314664,
        0.01901988474314664,
        0.0
      ],
      [
        0.1575383556749257,
        0.01629161928605672,
        1.4527518417133347,
        0.5399992038529146,
        0.5399992038529146,
        0.0
      ],
      [
        0.189508015231116,
        0.01901988474314664,
        0.5399992038529146,
        1.6523638788689787,
        0.6523638788689864,
        0.0
      ],
      [
        0.189508015231116,
        0.01901988474314664,
        0.5399992038529146,
        0.6523638788689864,
        1.6523638788689787,
        0.0
      ],
      [
        0.0,
        0.0,
        0.0,
        0.0,
        0.0,
        1.0
      ]
    ],
    "vwap": [
      [
        1.0,
        0.0,
        0.0,
        0.0,
        0.0,
        0.0
      ],
      [
        0.0,
        1.0,
        0.0,
        0.0,
        0.0,
        0.0
      ],
      [
        0.0,
        0.0,
        1.0,
        0.0,
        0.0,
        0.0
      ],
      [
        0.0,
        0.0,
        0.0,
        1.0,
        0.0,
        0.0
      ],
      [
        0.0,
        0.0,
        0.0,
        0.0,
        1.0,
        0.0
      ],
      [
        0.0,
        0.0,
        0.0,
        0.0,
        0.0,
        1.0
      ]
    ]
  },
  "b": {
    "trend": [
      [
        0.16200319563106216
      ],
      [
        0.09735691539013748
      ],
      [
        1.7720488137006574
      ],
      [
        0.3797925806160435
      ],
      [
        0.3797925806160435
      ],
      [
        0.0
      ]
    ],
    "breakout": [
      [
        0.0
      ],
      [
        0.0
      ],
      [
        0.0
      ],
      [
        0.0
      ],
      [
        0.0
      ],
      [
        0.0
      ]
    ],
    "reversion": [
      [
        0.07555310125971114
      ],
      [
        0.008220546052867449
      ],
      [
        0.22039744417887636
      ],
      [
        0.25701520798009275
      ],
      [
        0.25701520798009275
      ],
      [
        0.0
      ]
    ],
    "vwap": [
      [
        0.0
      ],
      [
        0.0
      ],
      [
        0.0
      ],
      [
        0.0
      ],
      [
        0.0
      ],
      [
        0.0
      ]
    ]
  },
  "counts": {
    "trend": 1,
    "breakout": 0,
    "reversion": 2,
    "vwap": 0
  },
  "reward_sum": {
    "trend": 0.3797925806160435,
    "breakout": 0.0,
    "reversion": 0.25701520798009275,
    "vwap": 0.0
  },
  "disabled_until": {
    "trend": 0.0,
    "breakout": 0.0,
    "reversion": 0.0,
    "vwap": 0.0
  },
  "_snapshot_time": "2025-09-19T04:10:00.513079"
}