{
  "arms": [
    "trend",
    "breakout",
    "reversion",
    "vwap"
  ],
  "d": 6,
  "alpha": 0.6,
  "alpha_base": 0.6,
  "alpha_boost_until": 0.0,
  "A": {
    "trend": [
      [
        1.1629528597111007,
        0.09792762243779307,
        1.7824365785832657,
        0.38201892788204184,
        0.38201892788204184,
        0.0
      ],
      [
        0.09792762243779307,
        1.0588502665944053,
        1.0711673093450031,
        0.22957685676733522,
        0.22957685676733522,
        0.0
      ],
      [
        1.7824365785832657,
        1.0711673093450031,
        20.496927898683467,
        4.178659472287416,
        4.178659472287416,
        0.0
      ],
      [
        0.38201892788204184,
        0.22957685676733522,
        4.178659472287416,
        1.8955869907338778,
        0.8955869907338783,
        0.0
      ],
      [
        0.38201892788204184,
        0.22957685676733522,
        4.178659472287416,
        0.8955869907338783,
        1.8955869907338778,
        0.0
      ],
      [
        0.0,
        0.0,
        0.0,
        0.0,
        0.0,
        1.0
      ]
    ],
    "breakout": [
      [
        1.0,
        0.0,
        0.0,
        0.0,
        0.0,
        0.0
      ],
      [
        0.0,
        1.0,
        0.0,
        0.0,
        0.0,
        0.0
      ],
      [
        0.0,
        0.0,
        1.0,
        0.0,
        0.0,
        0.0
      ],
      [
        0.0,
        0.0,
        0.0,
        1.0,
        0.0,
        0.0
      ],
      [
        0.0,
        0.0,
        0.0,
        0.0,
        1.0,
        0.0
      ],
      [
        0.0,
        0.0,
        0.0,
        0.0,
        0.0,
        1.0
      ]
    ],
    "reversion": [
      [
        1.1325388404495373,
        0.013436781279236044,
        0.37874523497962254,
        0.4556049696706013,
        0.4556049696706013,
        0.0
      ],
      [
        0.013436781279236044,
        1.0014583354785882,
        0.039167434167133405,
        0.045726583126162304,
        0.045726583126162304,
        0.0
      ],
      [
        0.37874523497962254,
        0.039167434167133405,
        2.088481607812457,
        1.298237019650661,
        1.298237019650661,
        0.0
      ],
      [
        0.4556049696706013,
        0.045726583126162304,
        1.298237019650661,
        2.568378123130158,
        1.5683781231301643,
        0.0
      ],
      [
        0.4556049696706013,
        0.045726583126162304,
        1.298237019650661,
        1.5683781231301643,
        2.568378123130158,
        0.0
      ],
      [
        0.0,
        0.0,
        0.0,
        0.0,
        0.0,
        1.0
      ]
    ],
    "vwap": [
      [
        1.0,
        0.0,
        0.0,
        0.0,
        0.0,
        0.0
      ],
      [
        0.0,
        1.0,
        0.0,
        0.0,
        0.0,
        0.0
      ],
      [
        0.0,
        0.0,
        1.0,
        0.0,
        0.0,
        0.0
      ],
      [
        0.0,
        0.0,
        0.0,
        1.0,
        0.0,
        0.0
      ],
      [
        0.0,
        0.0,
        0.0,
        0.0,
        1.0,
        0.0
      ],
      [
        0.0,
        0.0,
        0.0,
        0.0,
        0.0,
        1.0
      ]
    ]
  },
  "b": {
    "trend": [
      [
        0.38947936287557916
      ],
      [
        0.2340602556015997
      ],
      [
        4.2602643747616575
      ],
      [
        0.9130768794220397
      ],
      [
        0.9130768794220397
      ],
      [
        0.0
      ]
    ],
    "breakout": [
      [
        0.0
      ],
      [
        0.0
      ],
      [
        0.0
      ],
      [
        0.0
      ],
      [
        0.0
      ],
      [
        0.0
      ]
    ],
    "reversion": [
      [
        0.18164069929163942
      ],
      [
        0.019763394337304497
      ],
      [
        0.529867672077796
      ],
      [
        0.6179021288036095
      ],
      [
        0.6179021288036095
      ],
      [
        0.0
      ]
    ],
    "vwap": [
      [
        0.0
      ],
      [
        0.0
      ],
      [
        0.0
      ],
      [
        0.0
      ],
      [
        0.0
      ],
      [
        0.0
      ]
    ]
  },
  "counts": {
    "trend": 1,
    "breakout": 0,
    "reversion": 2,
    "vwap": 0
  },
  "reward_sum": {
    "trend": 0.9130768794220397,
    "breakout": 0.0,
    "reversion": 0.6179021288036095,
    "vwap": 0.0
  },
  "disabled_until": {
    "trend": 0.0,
    "breakout": 0.0,
    "reversion": 0.0,
    "vwap": 0.0
  },
  "_snapshot_time": "2025-09-17T19:26:00.364801"
}