{
  "arms": [
    "trend",
    "breakout",
    "reversion",
    "vwap"
  ],
  "d": 6,
  "alpha": 0.6,
  "alpha_base": 0.6,
  "alpha_boost_until": 0.0,
  "A": {
    "trend": [
      [
        1.1048318118781322,
        0.0629993859038244,
        1.1466877992937232,
        0.24576270985741702,
        0.24576270985741702,
        0.0
      ],
      [
        0.0629993859038244,
        1.037859906770219,
        0.6891097834204495,
        0.1476927615929805,
        0.1476927615929805,
        0.0
      ],
      [
        1.1466877992937232,
        0.6891097834204495,
        13.542880691384628,
        2.6882402952500284,
        2.6882402952500284,
        0.0
      ],
      [
        0.24576270985741702,
        0.1476927615929805,
        2.6882402952500284,
        1.576154398883003,
        0.5761543988830038,
        0.0
      ],
      [
        0.24576270985741702,
        0.1476927615929805,
        2.6882402952500284,
        0.5761543988830038,
        1.576154398883003,
        0.0
      ],
      [
        0.0,
        0.0,
        0.0,
        0.0,
        0.0,
        1.0
      ]
    ],
    "breakout": [
      [
        1.0,
        0.0,
        0.0,
        0.0,
        0.0,
        0.0
      ],
      [
        0.0,
        1.0,
        0.0,
        0.0,
        0.0,
        0.0
      ],
      [
        0.0,
        0.0,
        1.0,
        0.0,
        0.0,
        0.0
      ],
      [
        0.0,
        0.0,
        0.0,
        1.0,
        0.0,
        0.0
      ],
      [
        0.0,
        0.0,
        0.0,
        0.0,
        1.0,
        0.0
      ],
      [
        0.0,
        0.0,
        0.0,
        0.0,
        0.0,
        1.0
      ]
    ],
    "reversion": [
      [
        1.0852656824383744,
        0.008644230790486169,
        0.24365665808820217,
        0.29310252398102943,
        0.29310252398102943,
        0.0
      ],
      [
        0.008644230790486169,
        1.0009381851341392,
        0.025197428861558756,
        0.029417099942953807,
        0.029417099942953807,
        0.0
      ],
      [
        0.24365665808820217,
        0.025197428861558756,
        1.7002485218443084,
        0.8351896325018763,
        0.8351896325018763,
        0.0
      ],
      [
        0.29310252398102943,
        0.029417099942953807,
        0.8351896325018763,
        2.0089784287876222,
        1.0089784287876338,
        0.0
      ],
      [
        0.29310252398102943,
        0.029417099942953807,
        0.8351896325018763,
        1.0089784287876338,
        2.0089784287876222,
        0.0
      ],
      [
        0.0,
        0.0,
        0.0,
        0.0,
        0.0,
        1.0
      ]
    ],
    "vwap": [
      [
        1.0,
        0.0,
        0.0,
        0.0,
        0.0,
        0.0
      ],
      [
        0.0,
        1.0,
        0.0,
        0.0,
        0.0,
        0.0
      ],
      [
        0.0,
        0.0,
        1.0,
        0.0,
        0.0,
        0.0
      ],
      [
        0.0,
        0.0,
        0.0,
        1.0,
        0.0,
        0.0
      ],
      [
        0.0,
        0.0,
        0.0,
        0.0,
        1.0,
        0.0
      ],
      [
        0.0,
        0.0,
        0.0,
        0.0,
        0.0,
        1.0
      ]
    ]
  },
  "b": {
    "trend": [
      [
        0.2505622016807462
      ],
      [
        0.15057704864385849
      ],
      [
        2.740738850965344
      ],
      [
        0.5874060990616778
      ],
      [
        0.5874060990616778
      ],
      [
        0.0
      ]
    ],
    "breakout": [
      [
        0.0
      ],
      [
        0.0
      ],
      [
        0.0
      ],
      [
        0.0
      ],
      [
        0.0
      ],
      [
        0.0
      ]
    ],
    "reversion": [
      [
        0.11685418501591482
      ],
      [
        0.012714305480215477
      ],
      [
        0.34087765147566124
      ],
      [
        0.3975125066272419
      ],
      [
        0.3975125066272419
      ],
      [
        0.0
      ]
    ],
    "vwap": [
      [
        0.0
      ],
      [
        0.0
      ],
      [
        0.0
      ],
      [
        0.0
      ],
      [
        0.0
      ],
      [
        0.0
      ]
    ]
  },
  "counts": {
    "trend": 1,
    "breakout": 0,
    "reversion": 2,
    "vwap": 0
  },
  "reward_sum": {
    "trend": 0.5874060990616778,
    "breakout": 0.0,
    "reversion": 0.3975125066272419,
    "vwap": 0.0
  },
  "disabled_until": {
    "trend": 0.0,
    "breakout": 0.0,
    "reversion": 0.0,
    "vwap": 0.0
  },
  "_snapshot_time": "2025-09-18T11:29:00.107968"
}