{
  "arms": [
    "trend",
    "breakout",
    "reversion",
    "vwap"
  ],
  "d": 6,
  "alpha": 0.6,
  "alpha_base": 0.6,
  "alpha_boost_until": 0.0,
  "A": {
    "trend": [
      [
        1.0238947181435338,
        0.014359692372174894,
        0.26136896111846913,
        0.05601763984639651,
        0.05601763984639651,
        0.0
      ],
      [
        0.014359692372174894,
        1.008629554187869,
        0.1570714437705816,
        0.03366417928755433,
        0.03366417928755433,
        0.0
      ],
      [
        0.26136896111846913,
        0.1570714437705816,
        3.8589470453591006,
        0.6127409514944436,
        0.6127409514944436,
        0.0
      ],
      [
        0.05601763984639651,
        0.03366417928755433,
        0.6127409514944436,
        1.1313250884614274,
        0.1313250884614265,
        0.0
      ],
      [
        0.05601763984639651,
        0.03366417928755433,
        0.6127409514944436,
        0.1313250884614265,
        1.1313250884614274,
        0.0
      ],
      [
        0.0,
        0.0,
        0.0,
        0.0,
        0.0,
        1.0
      ]
    ],
    "breakout": [
      [
        1.0,
        0.0,
        0.0,
        0.0,
        0.0,
        0.0
      ],
      [
        0.0,
        1.0,
        0.0,
        0.0,
        0.0,
        0.0
      ],
      [
        0.0,
        0.0,
        1.0,
        0.0,
        0.0,
        0.0
      ],
      [
        0.0,
        0.0,
        0.0,
        1.0,
        0.0,
        0.0
      ],
      [
        0.0,
        0.0,
        0.0,
        0.0,
        1.0,
        0.0
      ],
      [
        0.0,
        0.0,
        0.0,
        0.0,
        0.0,
        1.0
      ]
    ],
    "reversion": [
      [
        1.2755666082605321,
        0.01795692719810063,
        0.46282454492929137,
        0.8657863939553434,
        0.8657863939553434,
        0.0
      ],
      [
        0.01795692719810063,
        1.001435921524012,
        0.03655788449364197,
        0.06007840631688014,
        0.06007840631688014,
        0.0
      ],
      [
        0.46282454492929137,
        0.03655788449364197,
        1.9890473927569787,
        1.5501034474752546,
        1.5501034474752546,
        0.0
      ],
      [
        0.8657863939553434,
        0.06007840631688014,
        1.5501034474752546,
        3.782911408784199,
        2.782911408784214,
        0.0
      ],
      [
        0.8657863939553434,
        0.06007840631688014,
        1.5501034474752546,
        2.782911408784214,
        3.782911408784199,
        0.0
      ],
      [
        0.0,
        0.0,
        0.0,
        0.0,
        0.0,
        1.0
      ]
    ],
    "vwap": [
      [
        1.0,
        0.0,
        0.0,
        0.0,
        0.0,
        0.0
      ],
      [
        0.0,
        1.0,
        0.0,
        0.0,
        0.0,
        0.0
      ],
      [
        0.0,
        0.0,
        1.0,
        0.0,
        0.0,
        0.0
      ],
      [
        0.0,
        0.0,
        0.0,
        1.0,
        0.0,
        0.0
      ],
      [
        0.0,
        0.0,
        0.0,
        0.0,
        1.0,
        0.0
      ],
      [
        0.0,
        0.0,
        0.0,
        0.0,
        0.0,
        1.0
      ]
    ]
  },
  "b": {
    "trend": [
      [
        0.05711160648015053
      ],
      [
        0.03432160593020261
      ],
      [
        0.6247071492476451
      ],
      [
        0.1338897317656702
      ],
      [
        0.1338897317656702
      ],
      [
        0.0
      ]
    ],
    "breakout": [
      [
        0.0
      ],
      [
        0.0
      ],
      [
        0.0
      ],
      [
        0.0
      ],
      [
        0.0
      ],
      [
        0.0
      ]
    ],
    "reversion": [
      [
        -0.00787691172491778
      ],
      [
        -0.057027215546304195
      ],
      [
        -1.5706981308004266
      ],
      [
        -0.9891247236273732
      ],
      [
        -0.9891247236273732
      ],
      [
        0.0
      ]
    ],
    "vwap": [
      [
        0.0
      ],
      [
        0.0
      ],
      [
        0.0
      ],
      [
        0.0
      ],
      [
        0.0
      ],
      [
        0.0
      ]
    ]
  },
  "counts": {
    "trend": 1,
    "breakout": 0,
    "reversion": 8,
    "vwap": 0
  },
  "reward_sum": {
    "trend": 0.1338897317656702,
    "breakout": 0.0,
    "reversion": -0.9891247236273732,
    "vwap": 0.0
  },
  "disabled_until": {
    "trend": 0.0,
    "breakout": 0.0,
    "reversion": 0.0,
    "vwap": 0.0
  },
  "_snapshot_time": "2025-09-23T01:25:00.695072"
}