{
  "arms": [
    "trend",
    "breakout",
    "reversion",
    "vwap"
  ],
  "d": 6,
  "alpha": 0.6,
  "alpha_base": 0.6,
  "alpha_boost_until": 0.0,
  "A": {
    "trend": [
      [
        1.0674410304988542,
        0.040529143110568044,
        0.7376940783465069,
        0.15810554176286992,
        0.15810554176286992,
        0.0
      ],
      [
        0.040529143110568044,
        1.0243562624877867,
        0.4433222424386286,
        0.09501459395389977,
        0.09501459395389977,
        0.0
      ],
      [
        0.7376940783465069,
        0.4433222424386286,
        9.069161298428655,
        1.7294148836325427,
        1.7294148836325427,
        0.0
      ],
      [
        0.15810554176286992,
        0.09501459395389977,
        1.7294148836325427,
        1.3706551064126322,
        0.3706551064126331,
        0.0
      ],
      [
        0.15810554176286992,
        0.09501459395389977,
        1.7294148836325427,
        0.3706551064126331,
        1.3706551064126322,
        0.0
      ],
      [
        0.0,
        0.0,
        0.0,
        0.0,
        0.0,
        1.0
      ]
    ],
    "breakout": [
      [
        1.0,
        0.0,
        0.0,
        0.0,
        0.0,
        0.0
      ],
      [
        0.0,
        1.0,
        0.0,
        0.0,
        0.0,
        0.0
      ],
      [
        0.0,
        0.0,
        1.0,
        0.0,
        0.0,
        0.0
      ],
      [
        0.0,
        0.0,
        0.0,
        1.0,
        0.0,
        0.0
      ],
      [
        0.0,
        0.0,
        0.0,
        0.0,
        1.0,
        0.0
      ],
      [
        0.0,
        0.0,
        0.0,
        0.0,
        0.0,
        1.0
      ]
    ],
    "reversion": [
      [
        1.0548536306566656,
        0.005561058441477999,
        0.15675066389655107,
        0.1885604751549604,
        0.1885604751549604,
        0.0
      ],
      [
        0.005561058441477999,
        1.0006035588922066,
        0.016210161189626437,
        0.018924785319430905,
        0.018924785319430905,
        0.0
      ],
      [
        0.15675066389655107,
        0.016210161189626437,
        1.450488082504768,
        0.5372992078336499,
        0.5372992078336499,
        0.0
      ],
      [
        0.1885604751549604,
        0.018924785319430905,
        0.5372992078336499,
        1.6491020594746337,
        0.6491020594746415,
        0.0
      ],
      [
        0.1885604751549604,
        0.018924785319430905,
        0.5372992078336499,
        0.6491020594746415,
        1.6491020594746337,
        0.0
      ],
      [
        0.0,
        0.0,
        0.0,
        0.0,
        0.0,
        1.0
      ]
    ],
    "vwap": [
      [
        1.0,
        0.0,
        0.0,
        0.0,
        0.0,
        0.0
      ],
      [
        0.0,
        1.0,
        0.0,
        0.0,
        0.0,
        0.0
      ],
      [
        0.0,
        0.0,
        1.0,
        0.0,
        0.0,
        0.0
      ],
      [
        0.0,
        0.0,
        0.0,
        1.0,
        0.0,
        0.0
      ],
      [
        0.0,
        0.0,
        0.0,
        0.0,
        1.0,
        0.0
      ],
      [
        0.0,
        0.0,
        0.0,
        0.0,
        0.0,
        1.0
      ]
    ]
  },
  "b": {
    "trend": [
      [
        0.16119317965290686
      ],
      [
        0.0968701308131868
      ],
      [
        1.763188569632154
      ],
      [
        0.37789361771296326
      ],
      [
        0.37789361771296326
      ],
      [
        0.0
      ]
    ],
    "breakout": [
      [
        0.0
      ],
      [
        0.0
      ],
      [
        0.0
      ],
      [
        0.0
      ],
      [
        0.0
      ],
      [
        0.0
      ]
    ],
    "reversion": [
      [
        0.07517533575341258
      ],
      [
        0.00817944332260311
      ],
      [
        0.21929545695798197
      ],
      [
        0.2557301319401923
      ],
      [
        0.2557301319401923
      ],
      [
        0.0
      ]
    ],
    "vwap": [
      [
        0.0
      ],
      [
        0.0
      ],
      [
        0.0
      ],
      [
        0.0
      ],
      [
        0.0
      ],
      [
        0.0
      ]
    ]
  },
  "counts": {
    "trend": 1,
    "breakout": 0,
    "reversion": 2,
    "vwap": 0
  },
  "reward_sum": {
    "trend": 0.37789361771296326,
    "breakout": 0.0,
    "reversion": 0.2557301319401923,
    "vwap": 0.0
  },
  "disabled_until": {
    "trend": 0.0,
    "breakout": 0.0,
    "reversion": 0.0,
    "vwap": 0.0
  },
  "_snapshot_time": "2025-09-19T04:18:00.480412"
}