{
  "arms": [
    "trend",
    "breakout",
    "reversion",
    "vwap"
  ],
  "d": 6,
  "alpha": 0.6,
  "alpha_base": 0.6,
  "alpha_boost_until": 0.0,
  "A": {
    "trend": [
      [
        1.006362022913375,
        0.0038233006705498205,
        0.06959007884051233,
        0.014914823690955464,
        0.014914823690955464,
        0.0
      ],
      [
        0.0038233006705498205,
        1.0022976383795628,
        0.041820628236852474,
        0.008963164106009468,
        0.008963164106009468,
        0.0
      ],
      [
        0.06959007884051233,
        0.041820628236852474,
        1.7612011366460893,
        0.16314366840208447,
        0.16314366840208447,
        0.0
      ],
      [
        0.014914823690955464,
        0.008963164106009468,
        0.16314366840208447,
        1.0349656027274992,
        0.03496560272750046,
        0.0
      ],
      [
        0.014914823690955464,
        0.008963164106009468,
        0.16314366840208447,
        0.03496560272750046,
        1.0349656027274992,
        0.0
      ],
      [
        0.0,
        0.0,
        0.0,
        0.0,
        0.0,
        1.0
      ]
    ],
    "breakout": [
      [
        1.0,
        0.0,
        0.0,
        0.0,
        0.0,
        0.0
      ],
      [
        0.0,
        1.0,
        0.0,
        0.0,
        0.0,
        0.0
      ],
      [
        0.0,
        0.0,
        1.0,
        0.0,
        0.0,
        0.0
      ],
      [
        0.0,
        0.0,
        0.0,
        1.0,
        0.0,
        0.0
      ],
      [
        0.0,
        0.0,
        0.0,
        0.0,
        1.0,
        0.0
      ],
      [
        0.0,
        0.0,
        0.0,
        0.0,
        0.0,
        1.0
      ]
    ],
    "reversion": [
      [
        1.0733702346009286,
        0.004781072603654547,
        0.12322808505312478,
        0.23051759151724957,
        0.23051759151724957,
        0.0
      ],
      [
        0.004781072603654547,
        1.0003823173633064,
        0.00973361968180205,
        0.01599601197599355,
        0.01599601197599355,
        0.0
      ],
      [
        0.12322808505312478,
        0.00973361968180205,
        1.263336112078603,
        0.4127185594614599,
        0.4127185594614599,
        0.0
      ],
      [
        0.23051759151724957,
        0.01599601197599355,
        0.4127185594614599,
        1.740956475913261,
        0.7409564759132736,
        0.0
      ],
      [
        0.23051759151724957,
        0.01599601197599355,
        0.4127185594614599,
        0.7409564759132736,
        1.740956475913261,
        0.0
      ],
      [
        0.0,
        0.0,
        0.0,
        0.0,
        0.0,
        1.0
      ]
    ],
    "vwap": [
      [
        1.0,
        0.0,
        0.0,
        0.0,
        0.0,
        0.0
      ],
      [
        0.0,
        1.0,
        0.0,
        0.0,
        0.0,
        0.0
      ],
      [
        0.0,
        0.0,
        1.0,
        0.0,
        0.0,
        0.0
      ],
      [
        0.0,
        0.0,
        0.0,
        1.0,
        0.0,
        0.0
      ],
      [
        0.0,
        0.0,
        0.0,
        0.0,
        1.0,
        0.0
      ],
      [
        0.0,
        0.0,
        0.0,
        0.0,
        0.0,
        1.0
      ]
    ]
  },
  "b": {
    "trend": [
      [
        0.015206094788969728
      ],
      [
        0.0091382054410554
      ],
      [
        0.1663296957004407
      ],
      [
        0.03564844482541592
      ],
      [
        0.03564844482541592
      ],
      [
        0.0
      ]
    ],
    "breakout": [
      [
        0.0
      ],
      [
        0.0
      ],
      [
        0.0
      ],
      [
        0.0
      ],
      [
        0.0
      ],
      [
        0.0
      ]
    ],
    "reversion": [
      [
        -0.0020972456163542894
      ],
      [
        -0.015183625511383511
      ],
      [
        -0.41820194061797156
      ],
      [
        -0.2633567015982791
      ],
      [
        -0.2633567015982791
      ],
      [
        0.0
      ]
    ],
    "vwap": [
      [
        0.0
      ],
      [
        0.0
      ],
      [
        0.0
      ],
      [
        0.0
      ],
      [
        0.0
      ],
      [
        0.0
      ]
    ]
  },
  "counts": {
    "trend": 1,
    "breakout": 0,
    "reversion": 8,
    "vwap": 0
  },
  "reward_sum": {
    "trend": 0.03564844482541592,
    "breakout": 0.0,
    "reversion": -0.2633567015982791,
    "vwap": 0.0
  },
  "disabled_until": {
    "trend": 0.0,
    "breakout": 0.0,
    "reversion": 0.0,
    "vwap": 0.0
  },
  "_snapshot_time": "2025-09-25T07:40:00.653027"
}