{
  "arms": [
    "trend",
    "breakout",
    "reversion",
    "vwap"
  ],
  "d": 6,
  "alpha": 0.6,
  "alpha_base": 0.6,
  "alpha_boost_until": 0.0,
  "A": {
    "trend": [
      [
        1.002768385926115,
        0.0016636802337518155,
        0.030281593996514356,
        0.006490072192247308,
        0.006490072192247308,
        0.0
      ],
      [
        0.0016636802337518155,
        1.000999799881245,
        0.01819792858476098,
        0.0039002527501707726,
        0.0039002527501707726,
        0.0
      ],
      [
        0.030281593996514356,
        0.01819792858476098,
        1.3312308902886776,
        0.07099072758598299,
        0.07099072758598299,
        0.0
      ],
      [
        0.006490072192247308,
        0.0039002527501707726,
        0.07099072758598299,
        1.0152150163253029,
        0.015215016325303928,
        0.0
      ],
      [
        0.006490072192247308,
        0.0039002527501707726,
        0.07099072758598299,
        0.015215016325303928,
        1.0152150163253029,
        0.0
      ],
      [
        0.0,
        0.0,
        0.0,
        0.0,
        0.0,
        1.0
      ]
    ],
    "breakout": [
      [
        1.0,
        0.0,
        0.0,
        0.0,
        0.0,
        0.0
      ],
      [
        0.0,
        1.0,
        0.0,
        0.0,
        0.0,
        0.0
      ],
      [
        0.0,
        0.0,
        1.0,
        0.0,
        0.0,
        0.0
      ],
      [
        0.0,
        0.0,
        0.0,
        1.0,
        0.0,
        0.0
      ],
      [
        0.0,
        0.0,
        0.0,
        0.0,
        1.0,
        0.0
      ],
      [
        0.0,
        0.0,
        0.0,
        0.0,
        0.0,
        1.0
      ]
    ],
    "reversion": [
      [
        1.1483737874986084,
        0.012077110634399925,
        0.4341003547261049,
        0.4862313974959633,
        0.4862313974959633,
        0.0
      ],
      [
        0.012077110634399925,
        1.001076450096292,
        0.040753403452501745,
        0.040005712562380086,
        0.040005712562380086,
        0.0
      ],
      [
        0.4341003547261049,
        0.040753403452501745,
        2.6440695347717713,
        1.4342223122711377,
        1.4342223122711377,
        0.0
      ],
      [
        0.4862313974959633,
        0.040005712562380086,
        1.4342223122711377,
        2.601568484951877,
        1.6015684849518934,
        0.0
      ],
      [
        0.4862313974959633,
        0.040005712562380086,
        1.4342223122711377,
        1.6015684849518934,
        2.601568484951877,
        0.0
      ],
      [
        0.0,
        0.0,
        0.0,
        0.0,
        0.0,
        1.0
      ]
    ],
    "vwap": [
      [
        1.0,
        0.0,
        0.0,
        0.0,
        0.0,
        0.0
      ],
      [
        0.0,
        1.0,
        0.0,
        0.0,
        0.0,
        0.0
      ],
      [
        0.0,
        0.0,
        1.0,
        0.0,
        0.0,
        0.0
      ],
      [
        0.0,
        0.0,
        0.0,
        1.0,
        0.0,
        0.0
      ],
      [
        0.0,
        0.0,
        0.0,
        0.0,
        1.0,
        0.0
      ],
      [
        0.0,
        0.0,
        0.0,
        0.0,
        0.0,
        1.0
      ]
    ]
  },
  "b": {
    "trend": [
      [
        0.0066168165971961955
      ],
      [
        0.003976420656987156
      ],
      [
        0.07237710315442779
      ],
      [
        0.015512149875334745
      ],
      [
        0.015512149875334745
      ],
      [
        0.0
      ]
    ],
    "breakout": [
      [
        0.0
      ],
      [
        0.0
      ],
      [
        0.0
      ],
      [
        0.0
      ],
      [
        0.0
      ],
      [
        0.0
      ]
    ],
    "reversion": [
      [
        -0.5095071428785988
      ],
      [
        -0.049033810446701194
      ],
      [
        -1.7520580626183575
      ],
      [
        -1.8021823120382072
      ],
      [
        -1.8021823120382072
      ],
      [
        0.0
      ]
    ],
    "vwap": [
      [
        0.0
      ],
      [
        0.0
      ],
      [
        0.0
      ],
      [
        0.0
      ],
      [
        0.0
      ],
      [
        0.0
      ]
    ]
  },
  "counts": {
    "trend": 1,
    "breakout": 0,
    "reversion": 10,
    "vwap": 0
  },
  "reward_sum": {
    "trend": 0.015512149875334745,
    "breakout": 0.0,
    "reversion": -1.8021823120382072,
    "vwap": 0.0
  },
  "disabled_until": {
    "trend": 0.0,
    "breakout": 0.0,
    "reversion": 0.0,
    "vwap": 0.0
  },
  "_snapshot_time": "2025-09-26T15:17:00.296547"
}