{
  "arms": [
    "trend",
    "breakout",
    "reversion",
    "vwap"
  ],
  "d": 6,
  "alpha": 0.6,
  "alpha_base": 0.6,
  "alpha_boost_until": 0.0,
  "A": {
    "trend": [
      [
        1.1206276399891575,
        0.07249199557076193,
        1.3194682086956855,
        0.28279369741222854,
        0.28279369741222854,
        0.0
      ],
      [
        0.07249199557076193,
        1.0435645547098829,
        0.7929433382691343,
        0.16994678385558673,
        0.16994678385558673,
        0.0
      ],
      [
        1.3194682086956855,
        0.7929433382691343,
        15.432814518422976,
        3.093298462843888,
        3.093298462843888,
        0.0
      ],
      [
        0.28279369741222854,
        0.16994678385558673,
        3.093298462843888,
        1.66296808346137,
        0.6629680834613705,
        0.0
      ],
      [
        0.28279369741222854,
        0.16994678385558673,
        3.093298462843888,
        0.6629680834613705,
        1.66296808346137,
        0.0
      ],
      [
        0.0,
        0.0,
        0.0,
        0.0,
        0.0,
        1.0
      ]
    ],
    "breakout": [
      [
        1.0,
        0.0,
        0.0,
        0.0,
        0.0,
        0.0
      ],
      [
        0.0,
        1.0,
        0.0,
        0.0,
        0.0,
        0.0
      ],
      [
        0.0,
        0.0,
        1.0,
        0.0,
        0.0,
        0.0
      ],
      [
        0.0,
        0.0,
        0.0,
        1.0,
        0.0,
        0.0
      ],
      [
        0.0,
        0.0,
        0.0,
        0.0,
        1.0,
        0.0
      ],
      [
        0.0,
        0.0,
        0.0,
        0.0,
        0.0,
        1.0
      ]
    ],
    "reversion": [
      [
        1.0981133289631857,
        0.00994672457812842,
        0.2803703103690788,
        0.33726657117973735,
        0.33726657117973735,
        0.0
      ],
      [
        0.00994672457812842,
        1.0010795488180229,
        0.028994122327084804,
        0.03384960421717086,
        0.03384960421717086,
        0.0
      ],
      [
        0.2803703103690788,
        0.028994122327084804,
        1.8057604374344964,
        0.9610341794839137,
        0.9610341794839137,
        0.0
      ],
      [
        0.33726657117973735,
        0.03384960421717086,
        0.9610341794839137,
        2.161009091458884,
        1.1610090914588953,
        0.0
      ],
      [
        0.33726657117973735,
        0.03384960421717086,
        0.9610341794839137,
        1.1610090914588953,
        2.161009091458884,
        0.0
      ],
      [
        0.0,
        0.0,
        0.0,
        0.0,
        0.0,
        1.0
      ]
    ],
    "vwap": [
      [
        1.0,
        0.0,
        0.0,
        0.0,
        0.0,
        0.0
      ],
      [
        0.0,
        1.0,
        0.0,
        0.0,
        0.0,
        0.0
      ],
      [
        0.0,
        0.0,
        1.0,
        0.0,
        0.0,
        0.0
      ],
      [
        0.0,
        0.0,
        0.0,
        1.0,
        0.0,
        0.0
      ],
      [
        0.0,
        0.0,
        0.0,
        0.0,
        1.0,
        0.0
      ],
      [
        0.0,
        0.0,
        0.0,
        0.0,
        0.0,
        1.0
      ]
    ]
  },
  "b": {
    "trend": [
      [
        0.2883163661653784
      ],
      [
        0.1732656689703757
      ],
      [
        3.1537073861022176
      ],
      [
        0.6759151652116776
      ],
      [
        0.6759151652116776
      ],
      [
        0.0
      ]
    ],
    "breakout": [
      [
        0.0
      ],
      [
        0.0
      ],
      [
        0.0
      ],
      [
        0.0
      ],
      [
        0.0
      ],
      [
        0.0
      ]
    ],
    "reversion": [
      [
        0.13446151801432812
      ],
      [
        0.014630069219470652
      ],
      [
        0.3922403503848327
      ],
      [
        0.45740882163099267
      ],
      [
        0.45740882163099267
      ],
      [
        0.0
      ]
    ],
    "vwap": [
      [
        0.0
      ],
      [
        0.0
      ],
      [
        0.0
      ],
      [
        0.0
      ],
      [
        0.0
      ],
      [
        0.0
      ]
    ]
  },
  "counts": {
    "trend": 1,
    "breakout": 0,
    "reversion": 2,
    "vwap": 0
  },
  "reward_sum": {
    "trend": 0.6759151652116776,
    "breakout": 0.0,
    "reversion": 0.45740882163099267,
    "vwap": 0.0
  },
  "disabled_until": {
    "trend": 0.0,
    "breakout": 0.0,
    "reversion": 0.0,
    "vwap": 0.0
  },
  "_snapshot_time": "2025-09-18T06:51:00.154232"
}