{
  "arms": [
    "trend",
    "breakout",
    "reversion",
    "vwap"
  ],
  "d": 6,
  "alpha": 0.6,
  "alpha_base": 0.6,
  "alpha_boost_until": 0.0,
  "A": {
    "trend": [
      [
        1.1130178082732565,
        0.0679188157664245,
        1.2362291515147827,
        0.26495357015932225,
        0.26495357015932225,
        0.0
      ],
      [
        0.0679188157664245,
        1.0408162713964555,
        0.7429202642455125,
        0.1592256388019675,
        0.1592256388019675,
        0.0
      ],
      [
        1.2362291515147827,
        0.7429202642455125,
        14.522315981919448,
        2.89815677930095,
        2.89815677930095,
        0.0
      ],
      [
        0.26495357015932225,
        0.1592256388019675,
        2.89815677930095,
        1.6211445383053213,
        0.6211445383053219,
        0.0
      ],
      [
        0.26495357015932225,
        0.1592256388019675,
        2.89815677930095,
        0.6211445383053219,
        1.6211445383053213,
        0.0
      ],
      [
        0.0,
        0.0,
        0.0,
        0.0,
        0.0,
        1.0
      ]
    ],
    "breakout": [
      [
        1.0,
        0.0,
        0.0,
        0.0,
        0.0,
        0.0
      ],
      [
        0.0,
        1.0,
        0.0,
        0.0,
        0.0,
        0.0
      ],
      [
        0.0,
        0.0,
        1.0,
        0.0,
        0.0,
        0.0
      ],
      [
        0.0,
        0.0,
        0.0,
        1.0,
        0.0,
        0.0
      ],
      [
        0.0,
        0.0,
        0.0,
        0.0,
        1.0,
        0.0
      ],
      [
        0.0,
        0.0,
        0.0,
        0.0,
        0.0,
        1.0
      ]
    ],
    "reversion": [
      [
        1.0919238194729584,
        0.009319232403277186,
        0.2626830632320607,
        0.31599000595548815,
        0.31599000595548815,
        0.0
      ],
      [
        0.009319232403277186,
        1.001011445149286,
        0.027165019215400123,
        0.031714191539233556,
        0.031714191539233556,
        0.0
      ],
      [
        0.2626830632320607,
        0.027165019215400123,
        1.754928792773637,
        0.9004070431181653,
        0.9004070431181653,
        0.0
      ],
      [
        0.31599000595548815,
        0.031714191539233556,
        0.9004070431181653,
        2.08776647635486,
        1.087766476354871,
        0.0
      ],
      [
        0.31599000595548815,
        0.031714191539233556,
        0.9004070431181653,
        1.087766476354871,
        2.08776647635486,
        0.0
      ],
      [
        0.0,
        0.0,
        0.0,
        0.0,
        0.0,
        1.0
      ]
    ],
    "vwap": [
      [
        1.0,
        0.0,
        0.0,
        0.0,
        0.0,
        0.0
      ],
      [
        0.0,
        1.0,
        0.0,
        0.0,
        0.0,
        0.0
      ],
      [
        0.0,
        0.0,
        1.0,
        0.0,
        0.0,
        0.0
      ],
      [
        0.0,
        0.0,
        0.0,
        1.0,
        0.0,
        0.0
      ],
      [
        0.0,
        0.0,
        0.0,
        0.0,
        1.0,
        0.0
      ],
      [
        0.0,
        0.0,
        0.0,
        0.0,
        0.0,
        1.0
      ]
    ]
  },
  "b": {
    "trend": [
      [
        0.27012783965805665
      ],
      [
        0.16233515102999335
      ],
      [
        2.9547547870827278
      ],
      [
        0.6332748494271008
      ],
      [
        0.6332748494271008
      ],
      [
        0.0
      ]
    ],
    "breakout": [
      [
        0.0
      ],
      [
        0.0
      ],
      [
        0.0
      ],
      [
        0.0
      ],
      [
        0.0
      ],
      [
        0.0
      ]
    ],
    "reversion": [
      [
        0.12597897185454646
      ],
      [
        0.013707126809570622
      ],
      [
        0.3674957474158721
      ],
      [
        0.42855304563891455
      ],
      [
        0.42855304563891455
      ],
      [
        0.0
      ]
    ],
    "vwap": [
      [
        0.0
      ],
      [
        0.0
      ],
      [
        0.0
      ],
      [
        0.0
      ],
      [
        0.0
      ],
      [
        0.0
      ]
    ]
  },
  "counts": {
    "trend": 1,
    "breakout": 0,
    "reversion": 2,
    "vwap": 0
  },
  "reward_sum": {
    "trend": 0.6332748494271008,
    "breakout": 0.0,
    "reversion": 0.42855304563891455,
    "vwap": 0.0
  },
  "disabled_until": {
    "trend": 0.0,
    "breakout": 0.0,
    "reversion": 0.0,
    "vwap": 0.0
  },
  "_snapshot_time": "2025-09-18T09:03:00.383063"
}