{
  "arms": [
    "trend",
    "breakout",
    "reversion",
    "vwap"
  ],
  "d": 6,
  "alpha": 0.6,
  "alpha_base": 0.6,
  "alpha_boost_until": 0.0,
  "A": {
    "trend": [
      [
        1.0600973130086775,
        0.036115886448839236,
        0.6573658736100073,
        0.14088928003392948,
        0.14088928003392948,
        0.0
      ],
      [
        0.036115886448839236,
        1.0217040860678268,
        0.39504846486585116,
        0.08466836510359958,
        0.08466836510359958,
        0.0
      ],
      [
        0.6573658736100073,
        0.39504846486585116,
        8.190502705580986,
        1.5410972640060345,
        1.5410972640060345,
        0.0
      ],
      [
        0.14088928003392948,
        0.08466836510359958,
        1.5410972640060345,
        1.3302941218954736,
        0.3302941218954743,
        0.0
      ],
      [
        0.14088928003392948,
        0.08466836510359958,
        1.5410972640060345,
        0.3302941218954743,
        1.3302941218954736,
        0.0
      ],
      [
        0.0,
        0.0,
        0.0,
        0.0,
        0.0,
        1.0
      ]
    ],
    "breakout": [
      [
        1.0,
        0.0,
        0.0,
        0.0,
        0.0,
        0.0
      ],
      [
        0.0,
        1.0,
        0.0,
        0.0,
        0.0,
        0.0
      ],
      [
        0.0,
        0.0,
        1.0,
        0.0,
        0.0,
        0.0
      ],
      [
        0.0,
        0.0,
        0.0,
        1.0,
        0.0,
        0.0
      ],
      [
        0.0,
        0.0,
        0.0,
        0.0,
        1.0,
        0.0
      ],
      [
        0.0,
        0.0,
        0.0,
        0.0,
        0.0,
        1.0
      ]
    ],
    "reversion": [
      [
        1.2796604051340168,
        0.01702324162662962,
        0.3906015707491553,
        0.827633032769946,
        0.827633032769946,
        0.0
      ],
      [
        0.01702324162662962,
        1.0011709451521713,
        0.02775912642240254,
        0.05132832273050126,
        0.05132832273050126,
        0.0
      ],
      [
        0.3906015707491553,
        0.02775912642240254,
        1.6922615017281815,
        1.193424713793951,
        1.193424713793951,
        0.0
      ],
      [
        0.827633032769946,
        0.05132832273050126,
        1.193424713793951,
        3.4640327140573057,
        2.464032714057315,
        0.0
      ],
      [
        0.827633032769946,
        0.05132832273050126,
        1.193424713793951,
        2.464032714057315,
        3.4640327140573057,
        0.0
      ],
      [
        0.0,
        0.0,
        0.0,
        0.0,
        0.0,
        1.0
      ]
    ],
    "vwap": [
      [
        1.0,
        0.0,
        0.0,
        0.0,
        0.0,
        0.0
      ],
      [
        0.0,
        1.0,
        0.0,
        0.0,
        0.0,
        0.0
      ],
      [
        0.0,
        0.0,
        1.0,
        0.0,
        0.0,
        0.0
      ],
      [
        0.0,
        0.0,
        0.0,
        1.0,
        0.0,
        0.0
      ],
      [
        0.0,
        0.0,
        0.0,
        0.0,
        1.0,
        0.0
      ],
      [
        0.0,
        0.0,
        0.0,
        0.0,
        0.0,
        1.0
      ]
    ]
  },
  "b": {
    "trend": [
      [
        0.14364070211871147
      ],
      [
        0.0863218508022442
      ],
      [
        1.5711933014473658
      ],
      [
        0.336744424865566
      ],
      [
        0.336744424865566
      ],
      [
        0.0
      ]
    ],
    "breakout": [
      [
        0.0
      ],
      [
        0.0
      ],
      [
        0.0
      ],
      [
        0.0
      ],
      [
        0.0
      ],
      [
        0.0
      ]
    ],
    "reversion": [
      [
        1.6054253820614963
      ],
      [
        0.08199384669900667
      ],
      [
        1.3329931970685642
      ],
      [
        4.700301682923164
      ],
      [
        4.700301682923164
      ],
      [
        0.0
      ]
    ],
    "vwap": [
      [
        0.0
      ],
      [
        0.0
      ],
      [
        0.0
      ],
      [
        0.0
      ],
      [
        0.0
      ],
      [
        0.0
      ]
    ]
  },
  "counts": {
    "trend": 1,
    "breakout": 0,
    "reversion": 4,
    "vwap": 0
  },
  "reward_sum": {
    "trend": 0.336744424865566,
    "breakout": 0.0,
    "reversion": 4.700301682923164,
    "vwap": 0.0
  },
  "disabled_until": {
    "trend": 0.0,
    "breakout": 0.0,
    "reversion": 0.0,
    "vwap": 0.0
  },
  "_snapshot_time": "2025-09-19T08:06:00.916914"
}