{
  "arms": [
    "trend",
    "breakout",
    "reversion",
    "vwap"
  ],
  "d": 6,
  "alpha": 0.6,
  "alpha_base": 0.6,
  "alpha_boost_until": 0.0,
  "A": {
    "trend": [
      [
        1.0137670469684683,
        0.008273399926835278,
        0.15058887667988682,
        0.0322748096125452,
        0.0322748096125452,
        0.0
      ],
      [
        0.008273399926835278,
        1.004971955605741,
        0.09049740326732492,
        0.019395764981310532,
        0.019395764981310532,
        0.0
      ],
      [
        0.15058887667988682,
        0.09049740326732492,
        2.6471949163572006,
        0.3530333945792811,
        0.3530333945792811,
        0.0
      ],
      [
        0.0322748096125452,
        0.019395764981310532,
        0.3530333945792811,
        1.0756635274007498,
        0.07566352740075044,
        0.0
      ],
      [
        0.0322748096125452,
        0.019395764981310532,
        0.3530333945792811,
        0.07566352740075044,
        1.0756635274007498,
        0.0
      ],
      [
        0.0,
        0.0,
        0.0,
        0.0,
        0.0,
        1.0
      ]
    ],
    "breakout": [
      [
        1.0,
        0.0,
        0.0,
        0.0,
        0.0,
        0.0
      ],
      [
        0.0,
        1.0,
        0.0,
        0.0,
        0.0,
        0.0
      ],
      [
        0.0,
        0.0,
        1.0,
        0.0,
        0.0,
        0.0
      ],
      [
        0.0,
        0.0,
        0.0,
        1.0,
        0.0,
        0.0
      ],
      [
        0.0,
        0.0,
        0.0,
        0.0,
        1.0,
        0.0
      ],
      [
        0.0,
        0.0,
        0.0,
        0.0,
        0.0,
        1.0
      ]
    ],
    "reversion": [
      [
        1.1587689135345753,
        0.010345962595607537,
        0.2666583974720354,
        0.4988266393704244,
        0.4988266393704244,
        0.0
      ],
      [
        0.010345962595607537,
        1.0008273125025107,
        0.02106298596486858,
        0.03461443807735095,
        0.03461443807735095,
        0.0
      ],
      [
        0.2666583974720354,
        0.02106298596486858,
        1.5698440060406988,
        0.8930989199865779,
        0.8930989199865779,
        0.0
      ],
      [
        0.4988266393704244,
        0.03461443807735095,
        0.8930989199865779,
        2.6033866498727045,
        1.6033866498727212,
        0.0
      ],
      [
        0.4988266393704244,
        0.03461443807735095,
        0.8930989199865779,
        1.6033866498727212,
        2.6033866498727045,
        0.0
      ],
      [
        0.0,
        0.0,
        0.0,
        0.0,
        0.0,
        1.0
      ]
    ],
    "vwap": [
      [
        1.0,
        0.0,
        0.0,
        0.0,
        0.0,
        0.0
      ],
      [
        0.0,
        1.0,
        0.0,
        0.0,
        0.0,
        0.0
      ],
      [
        0.0,
        0.0,
        1.0,
        0.0,
        0.0,
        0.0
      ],
      [
        0.0,
        0.0,
        0.0,
        1.0,
        0.0,
        0.0
      ],
      [
        0.0,
        0.0,
        0.0,
        0.0,
        1.0,
        0.0
      ],
      [
        0.0,
        0.0,
        0.0,
        0.0,
        0.0,
        1.0
      ]
    ]
  },
  "b": {
    "trend": [
      [
        0.032905103300813796
      ],
      [
        0.019774544233415226
      ],
      [
        0.359927772052692
      ],
      [
        0.07714115792205635
      ],
      [
        0.07714115792205635
      ],
      [
        0.0
      ]
    ],
    "breakout": [
      [
        0.0
      ],
      [
        0.0
      ],
      [
        0.0
      ],
      [
        0.0
      ],
      [
        0.0
      ],
      [
        0.0
      ]
    ],
    "reversion": [
      [
        -0.0045383173399244905
      ],
      [
        -0.032856481093052364
      ],
      [
        -0.9049646373779782
      ],
      [
        -0.5698885605618463
      ],
      [
        -0.5698885605618463
      ],
      [
        0.0
      ]
    ],
    "vwap": [
      [
        0.0
      ],
      [
        0.0
      ],
      [
        0.0
      ],
      [
        0.0
      ],
      [
        0.0
      ],
      [
        0.0
      ]
    ]
  },
  "counts": {
    "trend": 1,
    "breakout": 0,
    "reversion": 8,
    "vwap": 0
  },
  "reward_sum": {
    "trend": 0.07714115792205635,
    "breakout": 0.0,
    "reversion": -0.5698885605618463,
    "vwap": 0.0
  },
  "disabled_until": {
    "trend": 0.0,
    "breakout": 0.0,
    "reversion": 0.0,
    "vwap": 0.0
  },
  "_snapshot_time": "2025-09-23T23:23:00.908572"
}