{
  "arms": [
    "trend",
    "breakout",
    "reversion",
    "vwap"
  ],
  "d": 6,
  "alpha": 0.6,
  "alpha_base": 0.6,
  "alpha_boost_until": 0.0,
  "A": {
    "trend": [
      [
        1.0129633654093708,
        0.007790422061831824,
        0.14179792074939782,
        0.030390696819991892,
        0.030390696819991892,
        0.0
      ],
      [
        0.007790422061831824,
        1.004681706793332,
        0.08521441888304068,
        0.01826349466395318,
        0.01826349466395318,
        0.0
      ],
      [
        0.14179792074939782,
        0.08521441888304068,
        2.5510363006753565,
        0.33242429593825307,
        0.33242429593825307,
        0.0
      ],
      [
        0.030390696819991892,
        0.01826349466395318,
        0.33242429593825307,
        1.0712465030521372,
        0.0712465030521374,
        0.0
      ],
      [
        0.030390696819991892,
        0.01826349466395318,
        0.33242429593825307,
        0.0712465030521374,
        1.0712465030521372,
        0.0
      ],
      [
        0.0,
        0.0,
        0.0,
        0.0,
        0.0,
        1.0
      ]
    ],
    "breakout": [
      [
        1.0,
        0.0,
        0.0,
        0.0,
        0.0,
        0.0
      ],
      [
        0.0,
        1.0,
        0.0,
        0.0,
        0.0,
        0.0
      ],
      [
        0.0,
        0.0,
        1.0,
        0.0,
        0.0,
        0.0
      ],
      [
        0.0,
        0.0,
        0.0,
        1.0,
        0.0,
        0.0
      ],
      [
        0.0,
        0.0,
        0.0,
        0.0,
        1.0,
        0.0
      ],
      [
        0.0,
        0.0,
        0.0,
        0.0,
        0.0,
        1.0
      ]
    ],
    "reversion": [
      [
        1.1495004300131733,
        0.009741994339507112,
        0.2510916287149073,
        0.46970654032764414,
        0.46970654032764414,
        0.0
      ],
      [
        0.009741994339507112,
        1.0007790163208095,
        0.019833387966237657,
        0.03259374434215906,
        0.03259374434215906,
        0.0
      ],
      [
        0.2510916287149073,
        0.019833387966237657,
        1.5365781124713753,
        0.8409623118899588,
        0.8409623118899588,
        0.0
      ],
      [
        0.46970654032764414,
        0.03259374434215906,
        0.8409623118899588,
        2.5097854378221722,
        1.509785437822189,
        0.0
      ],
      [
        0.46970654032764414,
        0.03259374434215906,
        0.8409623118899588,
        1.509785437822189,
        2.5097854378221722,
        0.0
      ],
      [
        0.0,
        0.0,
        0.0,
        0.0,
        0.0,
        1.0
      ]
    ],
    "vwap": [
      [
        1.0,
        0.0,
        0.0,
        0.0,
        0.0,
        0.0
      ],
      [
        0.0,
        1.0,
        0.0,
        0.0,
        0.0,
        0.0
      ],
      [
        0.0,
        0.0,
        1.0,
        0.0,
        0.0,
        0.0
      ],
      [
        0.0,
        0.0,
        0.0,
        1.0,
        0.0,
        0.0
      ],
      [
        0.0,
        0.0,
        0.0,
        0.0,
        1.0,
        0.0
      ],
      [
        0.0,
        0.0,
        0.0,
        0.0,
        0.0,
        1.0
      ]
    ]
  },
  "b": {
    "trend": [
      [
        0.03098419573191978
      ],
      [
        0.018620161846520926
      ],
      [
        0.3389161990066934
      ],
      [
        0.07263787365119183
      ],
      [
        0.07263787365119183
      ],
      [
        0.0
      ]
    ],
    "breakout": [
      [
        0.0
      ],
      [
        0.0
      ],
      [
        0.0
      ],
      [
        0.0
      ],
      [
        0.0
      ],
      [
        0.0
      ]
    ],
    "reversion": [
      [
        -0.004273383112287883
      ],
      [
        -0.030938411952169093
      ],
      [
        -0.8521353420061022
      ],
      [
        -0.5366200660246391
      ],
      [
        -0.5366200660246391
      ],
      [
        0.0
      ]
    ],
    "vwap": [
      [
        0.0
      ],
      [
        0.0
      ],
      [
        0.0
      ],
      [
        0.0
      ],
      [
        0.0
      ],
      [
        0.0
      ]
    ]
  },
  "counts": {
    "trend": 1,
    "breakout": 0,
    "reversion": 8,
    "vwap": 0
  },
  "reward_sum": {
    "trend": 0.07263787365119183,
    "breakout": 0.0,
    "reversion": -0.5366200660246391,
    "vwap": 0.0
  },
  "disabled_until": {
    "trend": 0.0,
    "breakout": 0.0,
    "reversion": 0.0,
    "vwap": 0.0
  },
  "_snapshot_time": "2025-09-24T01:26:00.157045"
}