{
  "arms": [
    "trend",
    "breakout",
    "reversion",
    "vwap"
  ],
  "d": 6,
  "alpha": 0.6,
  "alpha_base": 0.6,
  "alpha_boost_until": 0.0,
  "A": {
    "trend": [
      [
        1.081591915565009,
        0.04903321313655973,
        0.8924815132277115,
        0.191280203141245,
        0.191280203141245,
        0.0
      ],
      [
        0.04903321313655973,
        1.0294668408487087,
        0.536342797634988,
        0.11495113093596195,
        0.11495113093596195,
        0.0
      ],
      [
        0.8924815132277115,
        0.536342797634988,
        10.762281543918498,
        2.0922911782110107,
        2.0922911782110107,
        0.0
      ],
      [
        0.191280203141245,
        0.11495113093596195,
        2.0922911782110107,
        1.448428203460976,
        0.4484282034609769,
        0.0
      ],
      [
        0.191280203141245,
        0.11495113093596195,
        2.0922911782110107,
        0.4484282034609769,
        1.448428203460976,
        0.0
      ],
      [
        0.0,
        0.0,
        0.0,
        0.0,
        0.0,
        1.0
      ]
    ],
    "breakout": [
      [
        1.0,
        0.0,
        0.0,
        0.0,
        0.0,
        0.0
      ],
      [
        0.0,
        1.0,
        0.0,
        0.0,
        0.0,
        0.0
      ],
      [
        0.0,
        0.0,
        1.0,
        0.0,
        0.0,
        0.0
      ],
      [
        0.0,
        0.0,
        0.0,
        1.0,
        0.0,
        0.0
      ],
      [
        0.0,
        0.0,
        0.0,
        0.0,
        1.0,
        0.0
      ],
      [
        0.0,
        0.0,
        0.0,
        0.0,
        0.0,
        1.0
      ]
    ],
    "reversion": [
      [
        1.0663633513288135,
        0.006727913370434778,
        0.18964103660342846,
        0.22812537492294796,
        0.22812537492294796,
        0.0
      ],
      [
        0.006727913370434778,
        1.0007302012707566,
        0.01961147528879499,
        0.022895698278144177,
        0.022895698278144177,
        0.0
      ],
      [
        0.18964103660342846,
        0.01961147528879499,
        1.5450122176201808,
        0.6500385785097544,
        0.6500385785097544,
        0.0
      ],
      [
        0.22812537492294796,
        0.022895698278144177,
        0.6500385785097544,
        1.7853005809367946,
        0.7853005809368041,
        0.0
      ],
      [
        0.22812537492294796,
        0.022895698278144177,
        0.6500385785097544,
        0.7853005809368041,
        1.7853005809367946,
        0.0
      ],
      [
        0.0,
        0.0,
        0.0,
        0.0,
        0.0,
        1.0
      ]
    ],
    "vwap": [
      [
        1.0,
        0.0,
        0.0,
        0.0,
        0.0,
        0.0
      ],
      [
        0.0,
        1.0,
        0.0,
        0.0,
        0.0,
        0.0
      ],
      [
        0.0,
        0.0,
        1.0,
        0.0,
        0.0,
        0.0
      ],
      [
        0.0,
        0.0,
        0.0,
        1.0,
        0.0,
        0.0
      ],
      [
        0.0,
        0.0,
        0.0,
        0.0,
        1.0,
        0.0
      ],
      [
        0.0,
        0.0,
        0.0,
        0.0,
        0.0,
        1.0
      ]
    ]
  },
  "b": {
    "trend": [
      [
        0.1950157078948903
      ],
      [
        0.11719600776585075
      ],
      [
        2.133151463352208
      ],
      [
        0.4571855429984106
      ],
      [
        0.4571855429984106
      ],
      [
        0.0
      ]
    ],
    "breakout": [
      [
        0.0
      ],
      [
        0.0
      ],
      [
        0.0
      ],
      [
        0.0
      ],
      [
        0.0
      ],
      [
        0.0
      ]
    ],
    "reversion": [
      [
        0.09094907954390886
      ],
      [
        0.009895703609658357
      ],
      [
        0.2653093565675752
      ],
      [
        0.309388975499814
      ],
      [
        0.309388975499814
      ],
      [
        0.0
      ]
    ],
    "vwap": [
      [
        0.0
      ],
      [
        0.0
      ],
      [
        0.0
      ],
      [
        0.0
      ],
      [
        0.0
      ],
      [
        0.0
      ]
    ]
  },
  "counts": {
    "trend": 1,
    "breakout": 0,
    "reversion": 2,
    "vwap": 0
  },
  "reward_sum": {
    "trend": 0.4571855429984106,
    "breakout": 0.0,
    "reversion": 0.309388975499814,
    "vwap": 0.0
  },
  "disabled_until": {
    "trend": 0.0,
    "breakout": 0.0,
    "reversion": 0.0,
    "vwap": 0.0
  },
  "_snapshot_time": "2025-09-18T21:22:00.188989"
}