{
  "arms": [
    "trend",
    "breakout",
    "reversion",
    "vwap"
  ],
  "d": 6,
  "alpha": 0.6,
  "alpha_base": 0.6,
  "alpha_boost_until": 0.0,
  "A": {
    "trend": [
      [
        1.0289084524776055,
        0.017372729907943363,
        0.31621097793358866,
        0.0677715999694844,
        0.0677715999694844,
        0.0
      ],
      [
        0.017372729907943363,
        1.0104402594600361,
        0.19002912445148268,
        0.040727801068253966,
        0.040727801068253966,
        0.0
      ],
      [
        0.31621097793358866,
        0.19002912445148268,
        4.458828612260435,
        0.7413099652800522,
        0.7413099652800522,
        0.0
      ],
      [
        0.0677715999694844,
        0.040727801068253966,
        0.7413099652800522,
        1.1588805130949753,
        0.15888051309497406,
        0.0
      ],
      [
        0.0677715999694844,
        0.040727801068253966,
        0.7413099652800522,
        0.15888051309497406,
        1.1588805130949753,
        0.0
      ],
      [
        0.0,
        0.0,
        0.0,
        0.0,
        0.0,
        1.0
      ]
    ],
    "breakout": [
      [
        1.0,
        0.0,
        0.0,
        0.0,
        0.0,
        0.0
      ],
      [
        0.0,
        1.0,
        0.0,
        0.0,
        0.0,
        0.0
      ],
      [
        0.0,
        0.0,
        1.0,
        0.0,
        0.0,
        0.0
      ],
      [
        0.0,
        0.0,
        0.0,
        1.0,
        0.0,
        0.0
      ],
      [
        0.0,
        0.0,
        0.0,
        0.0,
        1.0,
        0.0
      ],
      [
        0.0,
        0.0,
        0.0,
        0.0,
        0.0,
        1.0
      ]
    ],
    "reversion": [
      [
        1.3333876613007942,
        0.021724758309843613,
        0.5599371912314567,
        1.0474509335105164,
        1.0474509335105164,
        0.0
      ],
      [
        0.021724758309843613,
        1.0017372152661157,
        0.04422868100882862,
        0.07268442103016697,
        0.07268442103016697,
        0.0
      ],
      [
        0.5599371912314567,
        0.04422868100882862,
        2.1965753008621176,
        1.8753555316088422,
        1.8753555316088422,
        0.0
      ],
      [
        1.0474509335105164,
        0.07268442103016697,
        1.8753555316088422,
        4.3668387183714845,
        3.3668387183714996,
        0.0
      ],
      [
        1.0474509335105164,
        0.07268442103016697,
        1.8753555316088422,
        3.3668387183714996,
        4.3668387183714845,
        0.0
      ],
      [
        0.0,
        0.0,
        0.0,
        0.0,
        0.0,
        1.0
      ]
    ],
    "vwap": [
      [
        1.0,
        0.0,
        0.0,
        0.0,
        0.0,
        0.0
      ],
      [
        0.0,
        1.0,
        0.0,
        0.0,
        0.0,
        0.0
      ],
      [
        0.0,
        0.0,
        1.0,
        0.0,
        0.0,
        0.0
      ],
      [
        0.0,
        0.0,
        0.0,
        1.0,
        0.0,
        0.0
      ],
      [
        0.0,
        0.0,
        0.0,
        0.0,
        1.0,
        0.0
      ],
      [
        0.0,
        0.0,
        0.0,
        0.0,
        0.0,
        1.0
      ]
    ]
  },
  "b": {
    "trend": [
      [
        0.06909510930129552
      ],
      [
        0.04152317294677316
      ],
      [
        0.7557869830464099
      ],
      [
        0.1619832853744956
      ],
      [
        0.1619832853744956
      ],
      [
        0.0
      ]
    ],
    "breakout": [
      [
        0.0
      ],
      [
        0.0
      ],
      [
        0.0
      ],
      [
        0.0
      ],
      [
        0.0
      ],
      [
        0.0
      ]
    ],
    "reversion": [
      [
        -0.00952969300170202
      ],
      [
        -0.06899301095110852
      ],
      [
        -1.9002715159958852
      ],
      [
        -1.1966688577636195
      ],
      [
        -1.1966688577636195
      ],
      [
        0.0
      ]
    ],
    "vwap": [
      [
        0.0
      ],
      [
        0.0
      ],
      [
        0.0
      ],
      [
        0.0
      ],
      [
        0.0
      ],
      [
        0.0
      ]
    ]
  },
  "counts": {
    "trend": 1,
    "breakout": 0,
    "reversion": 8,
    "vwap": 0
  },
  "reward_sum": {
    "trend": 0.1619832853744956,
    "breakout": 0.0,
    "reversion": -1.1966688577636195,
    "vwap": 0.0
  },
  "disabled_until": {
    "trend": 0.0,
    "breakout": 0.0,
    "reversion": 0.0,
    "vwap": 0.0
  },
  "_snapshot_time": "2025-09-22T15:51:00.402575"
}