{
  "arms": [
    "trend",
    "breakout",
    "reversion",
    "vwap"
  ],
  "d": 6,
  "alpha": 0.6,
  "alpha_base": 0.6,
  "alpha_boost_until": 0.0,
  "A": {
    "trend": [
      [
        1.0036289440501491,
        0.0021808384548812113,
        0.03969468610790155,
        0.008507523696359293,
        0.008507523696359293,
        0.0
      ],
      [
        0.0021808384548812113,
        1.0013105896096937,
        0.02385478991195923,
        0.0051126538674724125,
        0.0051126538674724125,
        0.0
      ],
      [
        0.03969468610790155,
        0.02385478991195923,
        1.434194653714835,
        0.09305833267632838,
        0.09305833267632838,
        0.0
      ],
      [
        0.008507523696359293,
        0.0051126538674724125,
        0.09305833267632838,
        1.0199446336024791,
        0.019944633602480003,
        0.0
      ],
      [
        0.008507523696359293,
        0.0051126538674724125,
        0.09305833267632838,
        0.019944633602480003,
        1.0199446336024791,
        0.0
      ],
      [
        0.0,
        0.0,
        0.0,
        0.0,
        0.0,
        1.0
      ]
    ],
    "breakout": [
      [
        1.0,
        0.0,
        0.0,
        0.0,
        0.0,
        0.0
      ],
      [
        0.0,
        1.0,
        0.0,
        0.0,
        0.0,
        0.0
      ],
      [
        0.0,
        0.0,
        1.0,
        0.0,
        0.0,
        0.0
      ],
      [
        0.0,
        0.0,
        0.0,
        1.0,
        0.0,
        0.0
      ],
      [
        0.0,
        0.0,
        0.0,
        0.0,
        1.0,
        0.0
      ],
      [
        0.0,
        0.0,
        0.0,
        0.0,
        0.0,
        1.0
      ]
    ],
    "reversion": [
      [
        1.096892266282961,
        0.008999723154721936,
        0.3650610443042937,
        0.3113626726839287,
        0.3113626726839287,
        0.0
      ],
      [
        0.008999723154721936,
        1.0009329040111832,
        0.03914449282204062,
        0.02962282613424655,
        0.02962282613424655,
        0.0
      ],
      [
        0.3650610443042937,
        0.03914449282204062,
        2.7288374624662097,
        1.198721448526369,
        1.198721448526369,
        0.0
      ],
      [
        0.3113626726839287,
        0.02962282613424655,
        1.198721448526369,
        2.0104699308331537,
        1.010469930833171,
        0.0
      ],
      [
        0.3113626726839287,
        0.02962282613424655,
        1.198721448526369,
        1.010469930833171,
        2.0104699308331537,
        0.0
      ],
      [
        0.0,
        0.0,
        0.0,
        0.0,
        0.0,
        1.0
      ]
    ],
    "vwap": [
      [
        1.0,
        0.0,
        0.0,
        0.0,
        0.0,
        0.0
      ],
      [
        0.0,
        1.0,
        0.0,
        0.0,
        0.0,
        0.0
      ],
      [
        0.0,
        0.0,
        1.0,
        0.0,
        0.0,
        0.0
      ],
      [
        0.0,
        0.0,
        0.0,
        1.0,
        0.0,
        0.0
      ],
      [
        0.0,
        0.0,
        0.0,
        0.0,
        1.0,
        0.0
      ],
      [
        0.0,
        0.0,
        0.0,
        0.0,
        0.0,
        1.0
      ]
    ]
  },
  "b": {
    "trend": [
      [
        0.008673666844931927
      ],
      [
        0.00521249871556463
      ],
      [
        0.09487566577389961
      ],
      [
        0.020334131691713928
      ],
      [
        0.020334131691713928
      ],
      [
        0.0
      ]
    ],
    "breakout": [
      [
        0.0
      ],
      [
        0.0
      ],
      [
        0.0
      ],
      [
        0.0
      ],
      [
        0.0
      ],
      [
        0.0
      ]
    ],
    "reversion": [
      [
        -0.2047864562423566
      ],
      [
        -0.03186217921067974
      ],
      [
        -1.3288610861117554
      ],
      [
        -0.8155481790563948
      ],
      [
        -0.8155481790563948
      ],
      [
        0.0
      ]
    ],
    "vwap": [
      [
        0.0
      ],
      [
        0.0
      ],
      [
        0.0
      ],
      [
        0.0
      ],
      [
        0.0
      ],
      [
        0.0
      ]
    ]
  },
  "counts": {
    "trend": 1,
    "breakout": 0,
    "reversion": 9,
    "vwap": 0
  },
  "reward_sum": {
    "trend": 0.020334131691713928,
    "breakout": 0.0,
    "reversion": -0.8155481790563948,
    "vwap": 0.0
  },
  "disabled_until": {
    "trend": 0.0,
    "breakout": 0.0,
    "reversion": 0.0,
    "vwap": 0.0
  },
  "_snapshot_time": "2025-09-26T05:35:00.319619"
}