{
  "arms": [
    "trend",
    "breakout",
    "reversion",
    "vwap"
  ],
  "d": 6,
  "alpha": 0.6,
  "alpha_base": 0.6,
  "alpha_boost_until": 0.0,
  "A": {
    "trend": [
      [
        1.0203535653492883,
        0.012231612665907493,
        0.2226345671225228,
        0.047715929791583025,
        0.047715929791583025,
        0.0
      ],
      [
        0.012231612665907493,
        1.0073506703047483,
        0.13379374789389276,
        0.028675210519058265,
        0.028675210519058265,
        0.0
      ],
      [
        0.2226345671225228,
        0.13379374789389276,
        3.435256409735796,
        0.5219338819362531,
        0.5219338819362531,
        0.0
      ],
      [
        0.047715929791583025,
        0.028675210519058265,
        0.5219338819362531,
        1.111862954563624,
        0.11186295456362313,
        0.0
      ],
      [
        0.047715929791583025,
        0.028675210519058265,
        0.5219338819362531,
        0.11186295456362313,
        1.111862954563624,
        0.0
      ],
      [
        0.0,
        0.0,
        0.0,
        0.0,
        0.0,
        1.0
      ]
    ],
    "breakout": [
      [
        1.0,
        0.0,
        0.0,
        0.0,
        0.0,
        0.0
      ],
      [
        0.0,
        1.0,
        0.0,
        0.0,
        0.0,
        0.0
      ],
      [
        0.0,
        0.0,
        1.0,
        0.0,
        0.0,
        0.0
      ],
      [
        0.0,
        0.0,
        0.0,
        1.0,
        0.0,
        0.0
      ],
      [
        0.0,
        0.0,
        0.0,
        0.0,
        1.0,
        0.0
      ],
      [
        0.0,
        0.0,
        0.0,
        0.0,
        0.0,
        1.0
      ]
    ],
    "reversion": [
      [
        1.2347281493600817,
        0.015295743980050168,
        0.39423480803945465,
        0.7374784603878403,
        0.7374784603878403,
        0.0
      ],
      [
        0.015295743980050168,
        1.0012231206243931,
        0.031140073994738924,
        0.05117489822254372,
        0.05117489822254372,
        0.0
      ],
      [
        0.39423480803945465,
        0.031140073994738924,
        1.8424724083832693,
        1.3203809991323308,
        1.3203809991323308,
        0.0
      ],
      [
        0.7374784603878403,
        0.05117489822254372,
        1.3203809991323308,
        3.3704891131053984,
        2.370489113105414,
        0.0
      ],
      [
        0.7374784603878403,
        0.05117489822254372,
        1.3203809991323308,
        2.370489113105414,
        3.3704891131053984,
        0.0
      ],
      [
        0.0,
        0.0,
        0.0,
        0.0,
        0.0,
        1.0
      ]
    ],
    "vwap": [
      [
        1.0,
        0.0,
        0.0,
        0.0,
        0.0,
        0.0
      ],
      [
        0.0,
        1.0,
        0.0,
        0.0,
        0.0,
        0.0
      ],
      [
        0.0,
        0.0,
        1.0,
        0.0,
        0.0,
        0.0
      ],
      [
        0.0,
        0.0,
        0.0,
        1.0,
        0.0,
        0.0
      ],
      [
        0.0,
        0.0,
        0.0,
        0.0,
        1.0,
        0.0
      ],
      [
        0.0,
        0.0,
        0.0,
        0.0,
        0.0,
        1.0
      ]
    ]
  },
  "b": {
    "trend": [
      [
        0.04864777260455543
      ],
      [
        0.02923520775581688
      ],
      [
        0.5321267114347756
      ],
      [
        0.1140475224993895
      ],
      [
        0.1140475224993895
      ],
      [
        0.0
      ]
    ],
    "breakout": [
      [
        0.0
      ],
      [
        0.0
      ],
      [
        0.0
      ],
      [
        0.0
      ],
      [
        0.0
      ],
      [
        0.0
      ]
    ],
    "reversion": [
      [
        -0.006709568055192742
      ],
      [
        -0.04857588825017172
      ],
      [
        -1.3379235886865928
      ],
      [
        -0.8425382789624762
      ],
      [
        -0.8425382789624762
      ],
      [
        0.0
      ]
    ],
    "vwap": [
      [
        0.0
      ],
      [
        0.0
      ],
      [
        0.0
      ],
      [
        0.0
      ],
      [
        0.0
      ],
      [
        0.0
      ]
    ]
  },
  "counts": {
    "trend": 1,
    "breakout": 0,
    "reversion": 8,
    "vwap": 0
  },
  "reward_sum": {
    "trend": 0.1140475224993895,
    "breakout": 0.0,
    "reversion": -0.8425382789624762,
    "vwap": 0.0
  },
  "disabled_until": {
    "trend": 0.0,
    "breakout": 0.0,
    "reversion": 0.0,
    "vwap": 0.0
  },
  "_snapshot_time": "2025-09-23T06:43:00.692147"
}