{
  "arms": [
    "trend",
    "breakout",
    "reversion",
    "vwap"
  ],
  "d": 6,
  "alpha": 0.6,
  "alpha_base": 0.6,
  "alpha_boost_until": 0.0,
  "A": {
    "trend": [
      [
        1.0136297206749578,
        0.008190872762565094,
        0.14908675263500495,
        0.03195286838666006,
        0.03195286838666006,
        0.0
      ],
      [
        0.008190872762565094,
        1.0049223603485737,
        0.08959469166973334,
        0.019202292225621958,
        0.019202292225621958,
        0.0
      ],
      [
        0.14908675263500495,
        0.08959469166973334,
        2.6307641470665373,
        0.3495118864683528,
        0.3495118864683528,
        0.0
      ],
      [
        0.03195286838666006,
        0.019202292225621958,
        0.3495118864683528,
        1.0749087837149274,
        0.07490878371492794,
        0.0
      ],
      [
        0.03195286838666006,
        0.019202292225621958,
        0.3495118864683528,
        0.07490878371492794,
        1.0749087837149274,
        0.0
      ],
      [
        0.0,
        0.0,
        0.0,
        0.0,
        0.0,
        1.0
      ]
    ],
    "breakout": [
      [
        1.0,
        0.0,
        0.0,
        0.0,
        0.0,
        0.0
      ],
      [
        0.0,
        1.0,
        0.0,
        0.0,
        0.0,
        0.0
      ],
      [
        0.0,
        0.0,
        1.0,
        0.0,
        0.0,
        0.0
      ],
      [
        0.0,
        0.0,
        0.0,
        1.0,
        0.0,
        0.0
      ],
      [
        0.0,
        0.0,
        0.0,
        0.0,
        1.0,
        0.0
      ],
      [
        0.0,
        0.0,
        0.0,
        0.0,
        0.0,
        1.0
      ]
    ],
    "reversion": [
      [
        1.1571851936220678,
        0.010242761618716352,
        0.2639984799572519,
        0.49385084364270443,
        0.49385084364270443,
        0.0
      ],
      [
        0.010242761618716352,
        1.0008190600602982,
        0.020852882679869015,
        0.03426915905752937,
        0.03426915905752937,
        0.0
      ],
      [
        0.2639984799572519,
        0.020852882679869015,
        1.5641598120804425,
        0.8841902582597118,
        0.8841902582597118,
        0.0
      ],
      [
        0.49385084364270443,
        0.03426915905752937,
        0.8841902582597118,
        2.587392868040224,
        1.5873928680402407,
        0.0
      ],
      [
        0.49385084364270443,
        0.03426915905752937,
        0.8841902582597118,
        1.5873928680402407,
        2.587392868040224,
        0.0
      ],
      [
        0.0,
        0.0,
        0.0,
        0.0,
        0.0,
        1.0
      ]
    ],
    "vwap": [
      [
        1.0,
        0.0,
        0.0,
        0.0,
        0.0,
        0.0
      ],
      [
        0.0,
        1.0,
        0.0,
        0.0,
        0.0,
        0.0
      ],
      [
        0.0,
        0.0,
        1.0,
        0.0,
        0.0,
        0.0
      ],
      [
        0.0,
        0.0,
        0.0,
        1.0,
        0.0,
        0.0
      ],
      [
        0.0,
        0.0,
        0.0,
        0.0,
        1.0,
        0.0
      ],
      [
        0.0,
        0.0,
        0.0,
        0.0,
        0.0,
        1.0
      ]
    ]
  },
  "b": {
    "trend": [
      [
        0.03257687489538818
      ],
      [
        0.019577293154686908
      ],
      [
        0.3563374925264664
      ],
      [
        0.07637167487178384
      ],
      [
        0.07637167487178384
      ],
      [
        0.0
      ]
    ],
    "breakout": [
      [
        0.0
      ],
      [
        0.0
      ],
      [
        0.0
      ],
      [
        0.0
      ],
      [
        0.0
      ],
      [
        0.0
      ]
    ],
    "reversion": [
      [
        -0.004493047624458744
      ],
      [
        -0.03252873769414917
      ],
      [
        -0.8959376151201329
      ],
      [
        -0.564203922170242
      ],
      [
        -0.564203922170242
      ],
      [
        0.0
      ]
    ],
    "vwap": [
      [
        0.0
      ],
      [
        0.0
      ],
      [
        0.0
      ],
      [
        0.0
      ],
      [
        0.0
      ],
      [
        0.0
      ]
    ]
  },
  "counts": {
    "trend": 1,
    "breakout": 0,
    "reversion": 8,
    "vwap": 0
  },
  "reward_sum": {
    "trend": 0.07637167487178384,
    "breakout": 0.0,
    "reversion": -0.564203922170242,
    "vwap": 0.0
  },
  "disabled_until": {
    "trend": 0.0,
    "breakout": 0.0,
    "reversion": 0.0,
    "vwap": 0.0
  },
  "_snapshot_time": "2025-09-23T23:49:00.811514"
}