{
  "arms": [
    "trend",
    "breakout",
    "reversion",
    "vwap"
  ],
  "d": 6,
  "alpha": 0.6,
  "alpha_base": 0.6,
  "alpha_boost_until": 0.0,
  "A": {
    "trend": [
      [
        1.0088124157997127,
        0.0052958808377398525,
        0.09639335139584398,
        0.02065940813695942,
        0.02065940813695942,
        0.0
      ],
      [
        0.0052958808377398525,
        1.0031825953841695,
        0.057928236041644925,
        0.012415410956341796,
        0.012415410956341796,
        0.0
      ],
      [
        0.09639335139584398,
        0.057928236041644925,
        2.0543849047190164,
        0.22597998476665335,
        0.22597998476665335,
        0.0
      ],
      [
        0.02065940813695942,
        0.012415410956341796,
        0.22597998476665335,
        1.048432933065127,
        0.048432933065126825,
        0.0
      ],
      [
        0.02065940813695942,
        0.012415410956341796,
        0.22597998476665335,
        0.048432933065126825,
        1.048432933065127,
        0.0
      ],
      [
        0.0,
        0.0,
        0.0,
        0.0,
        0.0,
        1.0
      ]
    ],
    "breakout": [
      [
        1.0,
        0.0,
        0.0,
        0.0,
        0.0,
        0.0
      ],
      [
        0.0,
        1.0,
        0.0,
        0.0,
        0.0,
        0.0
      ],
      [
        0.0,
        0.0,
        1.0,
        0.0,
        0.0,
        0.0
      ],
      [
        0.0,
        0.0,
        0.0,
        1.0,
        0.0,
        0.0
      ],
      [
        0.0,
        0.0,
        0.0,
        0.0,
        1.0,
        0.0
      ],
      [
        0.0,
        0.0,
        0.0,
        0.0,
        0.0,
        1.0
      ]
    ],
    "reversion": [
      [
        1.101629469656035,
        0.006622547627648622,
        0.17069053954638913,
        0.3193036072422172,
        0.3193036072422172,
        0.0
      ],
      [
        0.006622547627648622,
        1.0005295704870567,
        0.013482614734375556,
        0.022157026246052234,
        0.022157026246052234,
        0.0
      ],
      [
        0.17069053954638913,
        0.013482614734375556,
        1.3647624892764276,
        0.5716809894831577,
        0.5716809894831577,
        0.0
      ],
      [
        0.3193036072422172,
        0.022157026246052234,
        0.5716809894831577,
        2.026342822738025,
        1.0263428227380438,
        0.0
      ],
      [
        0.3193036072422172,
        0.022157026246052234,
        0.5716809894831577,
        1.0263428227380438,
        2.026342822738025,
        0.0
      ],
      [
        0.0,
        0.0,
        0.0,
        0.0,
        0.0,
        1.0
      ]
    ],
    "vwap": [
      [
        1.0,
        0.0,
        0.0,
        0.0,
        0.0,
        0.0
      ],
      [
        0.0,
        1.0,
        0.0,
        0.0,
        0.0,
        0.0
      ],
      [
        0.0,
        0.0,
        1.0,
        0.0,
        0.0,
        0.0
      ],
      [
        0.0,
        0.0,
        0.0,
        1.0,
        0.0,
        0.0
      ],
      [
        0.0,
        0.0,
        0.0,
        0.0,
        1.0,
        0.0
      ],
      [
        0.0,
        0.0,
        0.0,
        0.0,
        0.0,
        1.0
      ]
    ]
  },
  "b": {
    "trend": [
      [
        0.021062865034410138
      ],
      [
        0.012657871105820149
      ],
      [
        0.2303931404067129
      ],
      [
        0.04937877821128757
      ],
      [
        0.04937877821128757
      ],
      [
        0.0
      ]
    ],
    "breakout": [
      [
        0.0
      ],
      [
        0.0
      ],
      [
        0.0
      ],
      [
        0.0
      ],
      [
        0.0
      ],
      [
        0.0
      ]
    ],
    "reversion": [
      [
        -0.0029050194658343073
      ],
      [
        -0.021031741503497868
      ],
      [
        -0.5792763463998867
      ],
      [
        -0.3647910090430132
      ],
      [
        -0.3647910090430132
      ],
      [
        0.0
      ]
    ],
    "vwap": [
      [
        0.0
      ],
      [
        0.0
      ],
      [
        0.0
      ],
      [
        0.0
      ],
      [
        0.0
      ],
      [
        0.0
      ]
    ]
  },
  "counts": {
    "trend": 1,
    "breakout": 0,
    "reversion": 8,
    "vwap": 0
  },
  "reward_sum": {
    "trend": 0.04937877821128757,
    "breakout": 0.0,
    "reversion": -0.3647910090430132,
    "vwap": 0.0
  },
  "disabled_until": {
    "trend": 0.0,
    "breakout": 0.0,
    "reversion": 0.0,
    "vwap": 0.0
  },
  "_snapshot_time": "2025-09-24T14:50:00.339124"
}