{
  "arms": [
    "trend",
    "breakout",
    "reversion",
    "vwap"
  ],
  "d": 6,
  "alpha": 0.6,
  "alpha_base": 0.6,
  "alpha_boost_until": 0.0,
  "A": {
    "trend": [
      [
        1.0073206386100568,
        0.004399387252731361,
        0.08007575970306646,
        0.01716215670092434,
        0.01716215670092434,
        0.0
      ],
      [
        0.004399387252731361,
        1.0026438415048802,
        0.04812206902366576,
        0.010313714068019304,
        0.010313714068019304,
        0.0
      ],
      [
        0.08007575970306646,
        0.04812206902366576,
        1.8758972589105425,
        0.1877257995063064,
        0.1877257995063064,
        0.0
      ],
      [
        0.01716215670092434,
        0.010313714068019304,
        0.1877257995063064,
        1.0402341432648328,
        0.04023414326483323,
        0.0
      ],
      [
        0.01716215670092434,
        0.010313714068019304,
        0.1877257995063064,
        0.04023414326483323,
        1.0402341432648328,
        0.0
      ],
      [
        0.0,
        0.0,
        0.0,
        0.0,
        0.0,
        1.0
      ]
    ],
    "breakout": [
      [
        1.0,
        0.0,
        0.0,
        0.0,
        0.0,
        0.0
      ],
      [
        0.0,
        1.0,
        0.0,
        0.0,
        0.0,
        0.0
      ],
      [
        0.0,
        0.0,
        1.0,
        0.0,
        0.0,
        0.0
      ],
      [
        0.0,
        0.0,
        0.0,
        1.0,
        0.0,
        0.0
      ],
      [
        0.0,
        0.0,
        0.0,
        0.0,
        1.0,
        0.0
      ],
      [
        0.0,
        0.0,
        0.0,
        0.0,
        0.0,
        1.0
      ]
    ],
    "reversion": [
      [
        1.0844255010649788,
        0.005501474165743842,
        0.14179582336726107,
        0.2652514779868155,
        0.2652514779868155,
        0.0
      ],
      [
        0.005501474165743842,
        1.0004399241073516,
        0.011200260204724331,
        0.01840625607182604,
        0.01840625607182604,
        0.0
      ],
      [
        0.14179582336726107,
        0.011200260204724331,
        1.3030150214411047,
        0.4749060892454695,
        0.4749060892454695,
        0.0
      ],
      [
        0.2652514779868155,
        0.01840625607182604,
        0.4749060892454695,
        1.8526021769804384,
        0.8526021769804543,
        0.0
      ],
      [
        0.2652514779868155,
        0.01840625607182604,
        0.4749060892454695,
        0.8526021769804543,
        1.8526021769804384,
        0.0
      ],
      [
        0.0,
        0.0,
        0.0,
        0.0,
        0.0,
        1.0
      ]
    ],
    "vwap": [
      [
        1.0,
        0.0,
        0.0,
        0.0,
        0.0,
        0.0
      ],
      [
        0.0,
        1.0,
        0.0,
        0.0,
        0.0,
        0.0
      ],
      [
        0.0,
        0.0,
        1.0,
        0.0,
        0.0,
        0.0
      ],
      [
        0.0,
        0.0,
        0.0,
        1.0,
        0.0,
        0.0
      ],
      [
        0.0,
        0.0,
        0.0,
        0.0,
        1.0,
        0.0
      ],
      [
        0.0,
        0.0,
        0.0,
        0.0,
        0.0,
        1.0
      ]
    ]
  },
  "b": {
    "trend": [
      [
        0.01749731589087861
      ],
      [
        0.010515130248555122
      ],
      [
        0.19139189042905522
      ],
      [
        0.041019874516455036
      ],
      [
        0.041019874516455036
      ],
      [
        0.0
      ]
    ],
    "breakout": [
      [
        0.0
      ],
      [
        0.0
      ],
      [
        0.0
      ],
      [
        0.0
      ],
      [
        0.0
      ],
      [
        0.0
      ]
    ],
    "reversion": [
      [
        -0.0024132539984381943
      ],
      [
        -0.01747146099169363
      ],
      [
        -0.48121569428062777
      ],
      [
        -0.30303871334456894
      ],
      [
        -0.30303871334456894
      ],
      [
        0.0
      ]
    ],
    "vwap": [
      [
        0.0
      ],
      [
        0.0
      ],
      [
        0.0
      ],
      [
        0.0
      ],
      [
        0.0
      ],
      [
        0.0
      ]
    ]
  },
  "counts": {
    "trend": 1,
    "breakout": 0,
    "reversion": 8,
    "vwap": 0
  },
  "reward_sum": {
    "trend": 0.041019874516455036,
    "breakout": 0.0,
    "reversion": -0.30303871334456894,
    "vwap": 0.0
  },
  "disabled_until": {
    "trend": 0.0,
    "breakout": 0.0,
    "reversion": 0.0,
    "vwap": 0.0
  },
  "_snapshot_time": "2025-09-25T03:08:00.885011"
}