{
  "arms": [
    "trend",
    "breakout",
    "reversion",
    "vwap"
  ],
  "d": 6,
  "alpha": 0.6,
  "alpha_base": 0.6,
  "alpha_boost_until": 0.0,
  "A": {
    "trend": [
      [
        1.032604001602905,
        0.019593595132918317,
        0.3566342141416721,
        0.07643526943367852,
        0.07643526943367852,
        0.0
      ],
      [
        0.019593595132918317,
        1.0117749034277583,
        0.21432174147039865,
        0.04593429179029218,
        0.04593429179029218,
        0.0
      ],
      [
        0.3566342141416721,
        0.21432174147039865,
        4.900992407174749,
        0.8360762761328503,
        0.8360762761328503,
        0.0
      ],
      [
        0.07643526943367852,
        0.04593429179029218,
        0.8360762761328503,
        1.179191207403155,
        0.17919120740315364,
        0.0
      ],
      [
        0.07643526943367852,
        0.04593429179029218,
        0.8360762761328503,
        0.17919120740315364,
        1.179191207403155,
        0.0
      ],
      [
        0.0,
        0.0,
        0.0,
        0.0,
        0.0,
        1.0
      ]
    ],
    "breakout": [
      [
        1.0,
        0.0,
        0.0,
        0.0,
        0.0,
        0.0
      ],
      [
        0.0,
        1.0,
        0.0,
        0.0,
        0.0,
        0.0
      ],
      [
        0.0,
        0.0,
        1.0,
        0.0,
        0.0,
        0.0
      ],
      [
        0.0,
        0.0,
        0.0,
        1.0,
        0.0,
        0.0
      ],
      [
        0.0,
        0.0,
        0.0,
        0.0,
        1.0,
        0.0
      ],
      [
        0.0,
        0.0,
        0.0,
        0.0,
        0.0,
        1.0
      ]
    ],
    "reversion": [
      [
        1.3760067008727002,
        0.024501970671227124,
        0.6315174807291658,
        1.1813531679565505,
        1.1813531679565505,
        0.0
      ],
      [
        0.024501970671227124,
        1.001959294409305,
        0.04988271121130738,
        0.08197612728005967,
        0.08197612728005967,
        0.0
      ],
      [
        0.6315174807291658,
        0.04988271121130738,
        2.349541040203614,
        2.1150940129346907,
        2.1150940129346907,
        0.0
      ],
      [
        1.1813531679565505,
        0.08197612728005967,
        2.1150940129346907,
        4.797242867135212,
        3.7972428671352274,
        0.0
      ],
      [
        1.1813531679565505,
        0.08197612728005967,
        2.1150940129346907,
        3.7972428671352274,
        4.797242867135212,
        0.0
      ],
      [
        0.0,
        0.0,
        0.0,
        0.0,
        0.0,
        1.0
      ]
    ],
    "vwap": [
      [
        1.0,
        0.0,
        0.0,
        0.0,
        0.0,
        0.0
      ],
      [
        0.0,
        1.0,
        0.0,
        0.0,
        0.0,
        0.0
      ],
      [
        0.0,
        0.0,
        1.0,
        0.0,
        0.0,
        0.0
      ],
      [
        0.0,
        0.0,
        0.0,
        1.0,
        0.0,
        0.0
      ],
      [
        0.0,
        0.0,
        0.0,
        0.0,
        1.0,
        0.0
      ],
      [
        0.0,
        0.0,
        0.0,
        0.0,
        0.0,
        1.0
      ]
    ]
  },
  "b": {
    "trend": [
      [
        0.07792797127959215
      ],
      [
        0.04683134105372937
      ],
      [
        0.8524039820460345
      ],
      [
        0.18269062655930998
      ],
      [
        0.18269062655930998
      ],
      [
        0.0
      ]
    ],
    "breakout": [
      [
        0.0
      ],
      [
        0.0
      ],
      [
        0.0
      ],
      [
        0.0
      ],
      [
        0.0
      ],
      [
        0.0
      ]
    ],
    "reversion": [
      [
        -0.010747933537548382
      ],
      [
        -0.07781282105576995
      ],
      [
        -2.143195164164506
      ],
      [
        -1.3496465570716931
      ],
      [
        -1.3496465570716931
      ],
      [
        0.0
      ]
    ],
    "vwap": [
      [
        0.0
      ],
      [
        0.0
      ],
      [
        0.0
      ],
      [
        0.0
      ],
      [
        0.0
      ],
      [
        0.0
      ]
    ]
  },
  "counts": {
    "trend": 1,
    "breakout": 0,
    "reversion": 8,
    "vwap": 0
  },
  "reward_sum": {
    "trend": 0.18269062655930998,
    "breakout": 0.0,
    "reversion": -1.3496465570716931,
    "vwap": 0.0
  },
  "disabled_until": {
    "trend": 0.0,
    "breakout": 0.0,
    "reversion": 0.0,
    "vwap": 0.0
  },
  "_snapshot_time": "2025-09-22T11:11:00.534331"
}