{
  "arms": [
    "trend",
    "breakout",
    "reversion",
    "vwap"
  ],
  "d": 6,
  "alpha": 0.6,
  "alpha_base": 0.6,
  "alpha_boost_until": 0.0,
  "A": {
    "trend": [
      [
        1.011668162227902,
        0.007012060955681186,
        0.12763052576509967,
        0.02735428413198209,
        0.02735428413198209,
        0.0
      ],
      [
        0.007012060955681186,
        1.0042139454256662,
        0.07670042711014931,
        0.01643874193605434,
        0.01643874193605434,
        0.0
      ],
      [
        0.12763052576509967,
        0.07670042711014931,
        2.3960682744129116,
        0.2992109294936363,
        0.2992109294936363,
        0.0
      ],
      [
        0.02735428413198209,
        0.01643874193605434,
        0.2992109294936363,
        1.0641280816771608,
        0.06412808167716157,
        0.0
      ],
      [
        0.02735428413198209,
        0.01643874193605434,
        0.2992109294936363,
        0.06412808167716157,
        1.0641280816771608,
        0.0
      ],
      [
        0.0,
        0.0,
        0.0,
        0.0,
        0.0,
        1.0
      ]
    ],
    "breakout": [
      [
        1.0,
        0.0,
        0.0,
        0.0,
        0.0,
        0.0
      ],
      [
        0.0,
        1.0,
        0.0,
        0.0,
        0.0,
        0.0
      ],
      [
        0.0,
        0.0,
        1.0,
        0.0,
        0.0,
        0.0
      ],
      [
        0.0,
        0.0,
        0.0,
        1.0,
        0.0,
        0.0
      ],
      [
        0.0,
        0.0,
        0.0,
        0.0,
        1.0,
        0.0
      ],
      [
        0.0,
        0.0,
        0.0,
        0.0,
        0.0,
        1.0
      ]
    ],
    "reversion": [
      [
        1.1345634575165024,
        0.008768646627402663,
        0.22600441825050466,
        0.42277695173874963,
        0.42277695173874963,
        0.0
      ],
      [
        0.008768646627402663,
        1.000701182796469,
        0.01785178316054301,
        0.029337219509692078,
        0.029337219509692078,
        0.0
      ],
      [
        0.22600441825050466,
        0.01785178316054301,
        1.4829672131074405,
        0.7569396042473705,
        0.7569396042473705,
        0.0
      ],
      [
        0.42277695173874963,
        0.029337219509692078,
        0.7569396042473705,
        2.3589388913698373,
        1.3589388913698544,
        0.0
      ],
      [
        0.42277695173874963,
        0.029337219509692078,
        0.7569396042473705,
        1.3589388913698544,
        2.3589388913698373,
        0.0
      ],
      [
        0.0,
        0.0,
        0.0,
        0.0,
        0.0,
        1.0
      ]
    ],
    "vwap": [
      [
        1.0,
        0.0,
        0.0,
        0.0,
        0.0,
        0.0
      ],
      [
        0.0,
        1.0,
        0.0,
        0.0,
        0.0,
        0.0
      ],
      [
        0.0,
        0.0,
        1.0,
        0.0,
        0.0,
        0.0
      ],
      [
        0.0,
        0.0,
        0.0,
        1.0,
        0.0,
        0.0
      ],
      [
        0.0,
        0.0,
        0.0,
        0.0,
        1.0,
        0.0
      ],
      [
        0.0,
        0.0,
        0.0,
        0.0,
        0.0,
        1.0
      ]
    ]
  },
  "b": {
    "trend": [
      [
        0.027888485041064833
      ],
      [
        0.016759773583018542
      ],
      [
        0.30505420982851134
      ],
      [
        0.06538043686088296
      ],
      [
        0.06538043686088296
      ],
      [
        0.0
      ]
    ],
    "breakout": [
      [
        0.0
      ],
      [
        0.0
      ],
      [
        0.0
      ],
      [
        0.0
      ],
      [
        0.0
      ],
      [
        0.0
      ]
    ],
    "reversion": [
      [
        -0.0038464184138561606
      ],
      [
        -0.027847275636510717
      ],
      [
        -0.7669963081861599
      ],
      [
        -0.4830049749732881
      ],
      [
        -0.4830049749732881
      ],
      [
        0.0
      ]
    ],
    "vwap": [
      [
        0.0
      ],
      [
        0.0
      ],
      [
        0.0
      ],
      [
        0.0
      ],
      [
        0.0
      ],
      [
        0.0
      ]
    ]
  },
  "counts": {
    "trend": 1,
    "breakout": 0,
    "reversion": 8,
    "vwap": 0
  },
  "reward_sum": {
    "trend": 0.06538043686088296,
    "breakout": 0.0,
    "reversion": -0.4830049749732881,
    "vwap": 0.0
  },
  "disabled_until": {
    "trend": 0.0,
    "breakout": 0.0,
    "reversion": 0.0,
    "vwap": 0.0
  },
  "_snapshot_time": "2025-09-24T04:54:00.736719"
}