{
  "arms": [
    "trend",
    "breakout",
    "reversion",
    "vwap"
  ],
  "d": 6,
  "alpha": 0.6,
  "alpha_base": 0.6,
  "alpha_boost_until": 0.0,
  "A": {
    "trend": [
      [
        1.0375167012484074,
        0.02254591518970018,
        0.4103710774484049,
        0.0879523686420546,
        0.0879523686420546,
        0.0
      ],
      [
        0.02254591518970018,
        1.0135491201205404,
        0.246615272680729,
        0.0528555704033586,
        0.0528555704033586,
        0.0
      ],
      [
        0.4103710774484049,
        0.246615272680729,
        5.488785410292727,
        0.9620544206378122,
        0.9620544206378122,
        0.0
      ],
      [
        0.0879523686420546,
        0.0528555704033586,
        0.9620544206378122,
        1.2061913465826404,
        0.20619134658263935,
        0.0
      ],
      [
        0.0879523686420546,
        0.0528555704033586,
        0.9620544206378122,
        0.20619134658263935,
        1.2061913465826404,
        0.0
      ],
      [
        0.0,
        0.0,
        0.0,
        0.0,
        0.0,
        1.0
      ]
    ],
    "breakout": [
      [
        1.0,
        0.0,
        0.0,
        0.0,
        0.0,
        0.0
      ],
      [
        0.0,
        1.0,
        0.0,
        0.0,
        0.0,
        0.0
      ],
      [
        0.0,
        0.0,
        1.0,
        0.0,
        0.0,
        0.0
      ],
      [
        0.0,
        0.0,
        0.0,
        1.0,
        0.0,
        0.0
      ],
      [
        0.0,
        0.0,
        0.0,
        0.0,
        1.0,
        0.0
      ],
      [
        0.0,
        0.0,
        0.0,
        0.0,
        0.0,
        1.0
      ]
    ],
    "reversion": [
      [
        1.4326625681058576,
        0.028193874017837243,
        0.7266731533822514,
        1.3593568792836934,
        1.3593568792836934,
        0.0
      ],
      [
        0.028193874017837243,
        1.0022545166052563,
        0.05739892902619827,
        0.09432811082899073,
        0.09432811082899073,
        0.0
      ],
      [
        0.7266731533822514,
        0.05739892902619827,
        2.5528869322369556,
        2.4337917523748285,
        2.4337917523748285,
        0.0
      ],
      [
        1.3593568792836934,
        0.09432811082899073,
        2.4337917523748285,
        5.369403116495508,
        4.369403116495522,
        0.0
      ],
      [
        1.3593568792836934,
        0.09432811082899073,
        2.4337917523748285,
        4.369403116495522,
        5.369403116495508,
        0.0
      ],
      [
        0.0,
        0.0,
        0.0,
        0.0,
        0.0,
        1.0
      ]
    ],
    "vwap": [
      [
        1.0,
        0.0,
        0.0,
        0.0,
        0.0,
        0.0
      ],
      [
        0.0,
        1.0,
        0.0,
        0.0,
        0.0,
        0.0
      ],
      [
        0.0,
        0.0,
        1.0,
        0.0,
        0.0,
        0.0
      ],
      [
        0.0,
        0.0,
        0.0,
        1.0,
        0.0,
        0.0
      ],
      [
        0.0,
        0.0,
        0.0,
        0.0,
        1.0,
        0.0
      ],
      [
        0.0,
        0.0,
        0.0,
        0.0,
        0.0,
        1.0
      ]
    ]
  },
  "b": {
    "trend": [
      [
        0.08966998753706461
      ],
      [
        0.053887785087659144
      ],
      [
        0.9808423495637574
      ],
      [
        0.2102180505628273
      ],
      [
        0.2102180505628273
      ],
      [
        0.0
      ]
    ],
    "breakout": [
      [
        0.0
      ],
      [
        0.0
      ],
      [
        0.0
      ],
      [
        0.0
      ],
      [
        0.0
      ],
      [
        0.0
      ]
    ],
    "reversion": [
      [
        -0.012367408653605676
      ],
      [
        -0.08953748672938955
      ],
      [
        -2.466127123605191
      ],
      [
        -1.553008348155914
      ],
      [
        -1.553008348155914
      ],
      [
        0.0
      ]
    ],
    "vwap": [
      [
        0.0
      ],
      [
        0.0
      ],
      [
        0.0
      ],
      [
        0.0
      ],
      [
        0.0
      ],
      [
        0.0
      ]
    ]
  },
  "counts": {
    "trend": 1,
    "breakout": 0,
    "reversion": 8,
    "vwap": 0
  },
  "reward_sum": {
    "trend": 0.2102180505628273,
    "breakout": 0.0,
    "reversion": -1.553008348155914,
    "vwap": 0.0
  },
  "disabled_until": {
    "trend": 0.0,
    "breakout": 0.0,
    "reversion": 0.0,
    "vwap": 0.0
  },
  "_snapshot_time": "2025-09-22T06:27:00.114290"
}