{
  "arms": [
    "trend",
    "breakout",
    "reversion",
    "vwap"
  ],
  "d": 6,
  "alpha": 0.6,
  "alpha_base": 0.6,
  "alpha_boost_until": 0.0,
  "A": {
    "trend": [
      [
        1.0371424721534548,
        0.02232101968568292,
        0.4062776259508571,
        0.0870750437648501,
        0.0870750437648501,
        0.0
      ],
      [
        0.02232101968568292,
        1.0134139676473382,
        0.24415528533573874,
        0.0523283360885851,
        0.0523283360885851,
        0.0
      ],
      [
        0.4062776259508571,
        0.24415528533573874,
        5.444009775825056,
        0.95245792779195,
        0.95245792779195,
        0.0
      ],
      [
        0.0870750437648501,
        0.0523283360885851,
        0.95245792779195,
        1.2041345879004783,
        0.2041345879004775,
        0.0
      ],
      [
        0.0870750437648501,
        0.0523283360885851,
        0.95245792779195,
        0.2041345879004775,
        1.2041345879004783,
        0.0
      ],
      [
        0.0,
        0.0,
        0.0,
        0.0,
        0.0,
        1.0
      ]
    ],
    "breakout": [
      [
        1.0,
        0.0,
        0.0,
        0.0,
        0.0,
        0.0
      ],
      [
        0.0,
        1.0,
        0.0,
        0.0,
        0.0,
        0.0
      ],
      [
        0.0,
        0.0,
        1.0,
        0.0,
        0.0,
        0.0
      ],
      [
        0.0,
        0.0,
        0.0,
        1.0,
        0.0,
        0.0
      ],
      [
        0.0,
        0.0,
        0.0,
        0.0,
        1.0,
        0.0
      ],
      [
        0.0,
        0.0,
        0.0,
        0.0,
        0.0,
        1.0
      ]
    ],
    "reversion": [
      [
        1.4283467589890013,
        0.027912640124509315,
        0.7194245886772633,
        1.3457972944128385,
        1.3457972944128385,
        0.0
      ],
      [
        0.027912640124509315,
        1.0022320278021188,
        0.05682637470916194,
        0.09338718792347156,
        0.09338718792347156,
        0.0
      ],
      [
        0.7194245886772633,
        0.05682637470916194,
        2.537396885087892,
        2.4095146796448894,
        2.4095146796448894,
        0.0
      ],
      [
        1.3457972944128385,
        0.09338718792347156,
        2.4095146796448894,
        5.325818320408465,
        4.325818320408479,
        0.0
      ],
      [
        1.3457972944128385,
        0.09338718792347156,
        2.4095146796448894,
        4.325818320408479,
        5.325818320408465,
        0.0
      ],
      [
        0.0,
        0.0,
        0.0,
        0.0,
        0.0,
        1.0
      ]
    ],
    "vwap": [
      [
        1.0,
        0.0,
        0.0,
        0.0,
        0.0,
        0.0
      ],
      [
        0.0,
        1.0,
        0.0,
        0.0,
        0.0,
        0.0
      ],
      [
        0.0,
        0.0,
        1.0,
        0.0,
        0.0,
        0.0
      ],
      [
        0.0,
        0.0,
        0.0,
        1.0,
        0.0,
        0.0
      ],
      [
        0.0,
        0.0,
        0.0,
        0.0,
        1.0,
        0.0
      ],
      [
        0.0,
        0.0,
        0.0,
        0.0,
        0.0,
        1.0
      ]
    ]
  },
  "b": {
    "trend": [
      [
        0.08877552941138239
      ],
      [
        0.05335025443140974
      ],
      [
        0.971058447126859
      ],
      [
        0.2081211255084631
      ],
      [
        0.2081211255084631
      ],
      [
        0.0
      ]
    ],
    "breakout": [
      [
        0.0
      ],
      [
        0.0
      ],
      [
        0.0
      ],
      [
        0.0
      ],
      [
        0.0
      ],
      [
        0.0
      ]
    ],
    "reversion": [
      [
        -0.01224404375228596
      ],
      [
        -0.08864435029926387
      ],
      [
        -2.441527505547229
      ],
      [
        -1.5375170898830588
      ],
      [
        -1.5375170898830588
      ],
      [
        0.0
      ]
    ],
    "vwap": [
      [
        0.0
      ],
      [
        0.0
      ],
      [
        0.0
      ],
      [
        0.0
      ],
      [
        0.0
      ],
      [
        0.0
      ]
    ]
  },
  "counts": {
    "trend": 1,
    "breakout": 0,
    "reversion": 8,
    "vwap": 0
  },
  "reward_sum": {
    "trend": 0.2081211255084631,
    "breakout": 0.0,
    "reversion": -1.5375170898830588,
    "vwap": 0.0
  },
  "disabled_until": {
    "trend": 0.0,
    "breakout": 0.0,
    "reversion": 0.0,
    "vwap": 0.0
  },
  "_snapshot_time": "2025-09-22T06:50:00.270523"
}