{
  "arms": [
    "trend",
    "breakout",
    "reversion",
    "vwap"
  ],
  "d": 6,
  "alpha": 0.6,
  "alpha_base": 0.6,
  "alpha_boost_until": 0.0,
  "A": {
    "trend": [
      [
        1.006756445220589,
        0.0040603314219612805,
        0.07390441090584196,
        0.015839488573806078,
        0.015839488573806078,
        0.0
      ],
      [
        0.0040603314219612805,
        1.0024400836117087,
        0.0444133552519776,
        0.009518847717145949,
        0.009518847717145949,
        0.0
      ],
      [
        0.07390441090584196,
        0.0444133552519776,
        1.8083928416522594,
        0.1732579831373175,
        0.1732579831373175,
        0.0
      ],
      [
        0.015839488573806078,
        0.009518847717145949,
        0.1732579831373175,
        1.0371333430655518,
        0.037133343065552986,
        0.0
      ],
      [
        0.015839488573806078,
        0.009518847717145949,
        0.1732579831373175,
        0.037133343065552986,
        1.0371333430655518,
        0.0
      ],
      [
        0.0,
        0.0,
        0.0,
        0.0,
        0.0,
        1.0
      ]
    ],
    "breakout": [
      [
        1.0,
        0.0,
        0.0,
        0.0,
        0.0,
        0.0
      ],
      [
        0.0,
        1.0,
        0.0,
        0.0,
        0.0,
        0.0
      ],
      [
        0.0,
        0.0,
        1.0,
        0.0,
        0.0,
        0.0
      ],
      [
        0.0,
        0.0,
        0.0,
        1.0,
        0.0,
        0.0
      ],
      [
        0.0,
        0.0,
        0.0,
        0.0,
        1.0,
        0.0
      ],
      [
        0.0,
        0.0,
        0.0,
        0.0,
        0.0,
        1.0
      ]
    ],
    "reversion": [
      [
        1.077918922589988,
        0.005077481735305188,
        0.1308677786351985,
        0.24480884471419892,
        0.24480884471419892,
        0.0
      ],
      [
        0.005077481735305188,
        1.0004060196508613,
        0.010337068739550138,
        0.016987706604528016,
        0.016987706604528016,
        0.0
      ],
      [
        0.1308677786351985,
        0.010337068739550138,
        1.2796619943197158,
        0.4383056107295302,
        0.4383056107295302,
        0.0
      ],
      [
        0.24480884471419892,
        0.016987706604528016,
        0.4383056107295302,
        1.7868930855034377,
        0.7868930855034512,
        0.0
      ],
      [
        0.24480884471419892,
        0.016987706604528016,
        0.4383056107295302,
        0.7868930855034512,
        1.7868930855034377,
        0.0
      ],
      [
        0.0,
        0.0,
        0.0,
        0.0,
        0.0,
        1.0
      ]
    ],
    "vwap": [
      [
        1.0,
        0.0,
        0.0,
        0.0,
        0.0,
        0.0
      ],
      [
        0.0,
        1.0,
        0.0,
        0.0,
        0.0,
        0.0
      ],
      [
        0.0,
        0.0,
        1.0,
        0.0,
        0.0,
        0.0
      ],
      [
        0.0,
        0.0,
        0.0,
        1.0,
        0.0,
        0.0
      ],
      [
        0.0,
        0.0,
        0.0,
        0.0,
        1.0,
        0.0
      ],
      [
        0.0,
        0.0,
        0.0,
        0.0,
        0.0,
        1.0
      ]
    ]
  },
  "b": {
    "trend": [
      [
        0.016148817421700854
      ],
      [
        0.009704740979034466
      ],
      [
        0.17664153255324183
      ],
      [
        0.03785851889275397
      ],
      [
        0.03785851889275397
      ],
      [
        0.0
      ]
    ],
    "breakout": [
      [
        0.0
      ],
      [
        0.0
      ],
      [
        0.0
      ],
      [
        0.0
      ],
      [
        0.0
      ],
      [
        0.0
      ]
    ],
    "reversion": [
      [
        -0.002227267225213883
      ],
      [
        -0.016124955130535825
      ],
      [
        -0.44412894159646227
      ],
      [
        -0.27968386031480946
      ],
      [
        -0.27968386031480946
      ],
      [
        0.0
      ]
    ],
    "vwap": [
      [
        0.0
      ],
      [
        0.0
      ],
      [
        0.0
      ],
      [
        0.0
      ],
      [
        0.0
      ],
      [
        0.0
      ]
    ]
  },
  "counts": {
    "trend": 1,
    "breakout": 0,
    "reversion": 8,
    "vwap": 0
  },
  "reward_sum": {
    "trend": 0.03785851889275397,
    "breakout": 0.0,
    "reversion": -0.27968386031480946,
    "vwap": 0.0
  },
  "disabled_until": {
    "trend": 0.0,
    "breakout": 0.0,
    "reversion": 0.0,
    "vwap": 0.0
  },
  "_snapshot_time": "2025-09-25T05:41:00.600637"
}