{
  "arms": [
    "trend",
    "breakout",
    "reversion",
    "vwap"
  ],
  "d": 6,
  "alpha": 0.6,
  "alpha_base": 0.6,
  "alpha_boost_until": 0.0,
  "A": {
    "trend": [
      [
        1.0749271997479255,
        0.045028007119632375,
        0.8195804712988316,
        0.1756557606147736,
        0.1756557606147736,
        0.0
      ],
      [
        0.045028007119632375,
        1.0270598852217456,
        0.49253242375146217,
        0.10556151659445275,
        0.10556151659445275,
        0.0
      ],
      [
        0.8195804712988316,
        0.49253242375146217,
        9.964863910492243,
        1.9213854455437291,
        1.9213854455437291,
        0.0
      ],
      [
        0.1756557606147736,
        0.10556151659445275,
        1.9213854455437291,
        1.4117990041127761,
        0.4117990041127769,
        0.0
      ],
      [
        0.1756557606147736,
        0.10556151659445275,
        1.9213854455437291,
        0.4117990041127769,
        1.4117990041127761,
        0.0
      ],
      [
        0.0,
        0.0,
        0.0,
        0.0,
        0.0,
        1.0
      ]
    ],
    "breakout": [
      [
        1.0,
        0.0,
        0.0,
        0.0,
        0.0,
        0.0
      ],
      [
        0.0,
        1.0,
        0.0,
        0.0,
        0.0,
        0.0
      ],
      [
        0.0,
        0.0,
        1.0,
        0.0,
        0.0,
        0.0
      ],
      [
        0.0,
        0.0,
        0.0,
        1.0,
        0.0,
        0.0
      ],
      [
        0.0,
        0.0,
        0.0,
        0.0,
        1.0,
        0.0
      ],
      [
        0.0,
        0.0,
        0.0,
        0.0,
        0.0,
        1.0
      ]
    ],
    "reversion": [
      [
        1.0609425584204364,
        0.006178353645731777,
        0.17415048698872135,
        0.20949128864125702,
        0.20949128864125702,
        0.0
      ],
      [
        0.006178353645731777,
        1.0006705558521491,
        0.018009540726425122,
        0.021025496783292474,
        0.021025496783292474,
        0.0
      ],
      [
        0.17415048698872135,
        0.018009540726425122,
        1.5004936948949457,
        0.5969411317111692,
        0.5969411317111692,
        0.0
      ],
      [
        0.20949128864125702,
        0.021025496783292474,
        0.5969411317111692,
        1.721154456082508,
        0.7211544560825172,
        0.0
      ],
      [
        0.20949128864125702,
        0.021025496783292474,
        0.5969411317111692,
        0.7211544560825172,
        1.721154456082508,
        0.0
      ],
      [
        0.0,
        0.0,
        0.0,
        0.0,
        0.0,
        1.0
      ]
    ],
    "vwap": [
      [
        1.0,
        0.0,
        0.0,
        0.0,
        0.0,
        0.0
      ],
      [
        0.0,
        1.0,
        0.0,
        0.0,
        0.0,
        0.0
      ],
      [
        0.0,
        0.0,
        1.0,
        0.0,
        0.0,
        0.0
      ],
      [
        0.0,
        0.0,
        0.0,
        1.0,
        0.0,
        0.0
      ],
      [
        0.0,
        0.0,
        0.0,
        0.0,
        1.0,
        0.0
      ],
      [
        0.0,
        0.0,
        0.0,
        0.0,
        0.0,
        1.0
      ]
    ]
  },
  "b": {
    "trend": [
      [
        0.17908613614766208
      ],
      [
        0.10762302395676679
      ],
      [
        1.958908118290545
      ],
      [
        0.4198410132289731
      ],
      [
        0.4198410132289731
      ],
      [
        0.0
      ]
    ],
    "breakout": [
      [
        0.0
      ],
      [
        0.0
      ],
      [
        0.0
      ],
      [
        0.0
      ],
      [
        0.0
      ],
      [
        0.0
      ]
    ],
    "reversion": [
      [
        0.08352003752684259
      ],
      [
        0.009087387590703008
      ],
      [
        0.24363795134450472
      ],
      [
        0.2841169913287643
      ],
      [
        0.2841169913287643
      ],
      [
        0.0
      ]
    ],
    "vwap": [
      [
        0.0
      ],
      [
        0.0
      ],
      [
        0.0
      ],
      [
        0.0
      ],
      [
        0.0
      ],
      [
        0.0
      ]
    ]
  },
  "counts": {
    "trend": 1,
    "breakout": 0,
    "reversion": 2,
    "vwap": 0
  },
  "reward_sum": {
    "trend": 0.4198410132289731,
    "breakout": 0.0,
    "reversion": 0.2841169913287643,
    "vwap": 0.0
  },
  "disabled_until": {
    "trend": 0.0,
    "breakout": 0.0,
    "reversion": 0.0,
    "vwap": 0.0
  },
  "_snapshot_time": "2025-09-19T00:48:00.976655"
}