{
  "arms": [
    "trend",
    "breakout",
    "reversion",
    "vwap"
  ],
  "d": 6,
  "alpha": 0.6,
  "alpha_base": 0.6,
  "alpha_boost_until": 0.0,
  "A": {
    "trend": [
      [
        1.0039123172207587,
        0.0023511334770712307,
        0.04279432305553558,
        0.009171850269201453,
        0.009171850269201453,
        0.0
      ],
      [
        0.0023511334770712307,
        1.0014129295542982,
        0.02571753768601049,
        0.005511885411589021,
        0.005511885411589021,
        0.0
      ],
      [
        0.04279432305553558,
        0.02571753768601049,
        1.4680995896919402,
        0.10032497399614347,
        0.10032497399614347,
        0.0
      ],
      [
        0.009171850269201453,
        0.005511885411589021,
        0.10032497399614347,
        1.0215020491984408,
        0.021502049198442223,
        0.0
      ],
      [
        0.009171850269201453,
        0.005511885411589021,
        0.10032497399614347,
        0.021502049198442223,
        1.0215020491984408,
        0.0
      ],
      [
        0.0,
        0.0,
        0.0,
        0.0,
        0.0,
        1.0
      ]
    ],
    "breakout": [
      [
        1.0,
        0.0,
        0.0,
        0.0,
        0.0,
        0.0
      ],
      [
        0.0,
        1.0,
        0.0,
        0.0,
        0.0,
        0.0
      ],
      [
        0.0,
        0.0,
        1.0,
        0.0,
        0.0,
        0.0
      ],
      [
        0.0,
        0.0,
        0.0,
        1.0,
        0.0,
        0.0
      ],
      [
        0.0,
        0.0,
        0.0,
        0.0,
        1.0,
        0.0
      ],
      [
        0.0,
        0.0,
        0.0,
        0.0,
        0.0,
        1.0
      ]
    ],
    "reversion": [
      [
        1.104458287782521,
        0.009702484081789732,
        0.39356754761790014,
        0.33567603396714296,
        0.33567603396714296,
        0.0
      ],
      [
        0.009702484081789732,
        1.0010057516395485,
        0.04220116685437263,
        0.0319359822612268,
        0.0319359822612268,
        0.0
      ],
      [
        0.39356754761790014,
        0.04220116685437263,
        2.863837106009116,
        1.2923259496848782,
        1.2923259496848782,
        0.0
      ],
      [
        0.33567603396714296,
        0.0319359822612268,
        1.2923259496848782,
        2.08937444524523,
        1.0893744452452463,
        0.0
      ],
      [
        0.33567603396714296,
        0.0319359822612268,
        1.2923259496848782,
        1.0893744452452463,
        2.08937444524523,
        0.0
      ],
      [
        0.0,
        0.0,
        0.0,
        0.0,
        0.0,
        1.0
      ]
    ],
    "vwap": [
      [
        1.0,
        0.0,
        0.0,
        0.0,
        0.0,
        0.0
      ],
      [
        0.0,
        1.0,
        0.0,
        0.0,
        0.0,
        0.0
      ],
      [
        0.0,
        0.0,
        1.0,
        0.0,
        0.0,
        0.0
      ],
      [
        0.0,
        0.0,
        0.0,
        1.0,
        0.0,
        0.0
      ],
      [
        0.0,
        0.0,
        0.0,
        0.0,
        1.0,
        0.0
      ],
      [
        0.0,
        0.0,
        0.0,
        0.0,
        0.0,
        1.0
      ]
    ]
  },
  "b": {
    "trend": [
      [
        0.009350967029418528
      ],
      [
        0.005619526839287292
      ],
      [
        0.10228421709144284
      ],
      [
        0.021921962005281934
      ],
      [
        0.021921962005281934
      ],
      [
        0.0
      ]
    ],
    "breakout": [
      [
        0.0
      ],
      [
        0.0
      ],
      [
        0.0
      ],
      [
        0.0
      ],
      [
        0.0
      ],
      [
        0.0
      ]
    ],
    "reversion": [
      [
        -0.22077760589947654
      ],
      [
        -0.03435019958814537
      ],
      [
        -1.4326277945721404
      ],
      [
        -0.8792318484903163
      ],
      [
        -0.8792318484903163
      ],
      [
        0.0
      ]
    ],
    "vwap": [
      [
        0.0
      ],
      [
        0.0
      ],
      [
        0.0
      ],
      [
        0.0
      ],
      [
        0.0
      ],
      [
        0.0
      ]
    ]
  },
  "counts": {
    "trend": 1,
    "breakout": 0,
    "reversion": 9,
    "vwap": 0
  },
  "reward_sum": {
    "trend": 0.021921962005281934,
    "breakout": 0.0,
    "reversion": -0.8792318484903163,
    "vwap": 0.0
  },
  "disabled_until": {
    "trend": 0.0,
    "breakout": 0.0,
    "reversion": 0.0,
    "vwap": 0.0
  },
  "_snapshot_time": "2025-09-26T03:04:00.977218"
}