{
  "arms": [
    "trend",
    "breakout",
    "reversion",
    "vwap"
  ],
  "d": 6,
  "alpha": 0.6,
  "alpha_base": 0.6,
  "alpha_boost_until": 0.0,
  "A": {
    "trend": [
      [
        1.0135615720715832,
        0.00814991839875227,
        0.14834131887182994,
        0.03179310404472676,
        0.03179310404472676,
        0.0
      ],
      [
        0.00814991839875227,
        1.004897748546831,
        0.08914671821138467,
        0.019106280764493846,
        0.019106280764493846,
        0.0
      ],
      [
        0.14834131887182994,
        0.08914671821138467,
        2.6226103263312046,
        0.347764327036011,
        0.347764327036011,
        0.0
      ],
      [
        0.03179310404472676,
        0.019106280764493846,
        0.347764327036011,
        1.0745342397963529,
        0.0745342397963533,
        0.0
      ],
      [
        0.03179310404472676,
        0.019106280764493846,
        0.347764327036011,
        0.0745342397963533,
        1.0745342397963529,
        0.0
      ],
      [
        0.0,
        0.0,
        0.0,
        0.0,
        0.0,
        1.0
      ]
    ],
    "breakout": [
      [
        1.0,
        0.0,
        0.0,
        0.0,
        0.0,
        0.0
      ],
      [
        0.0,
        1.0,
        0.0,
        0.0,
        0.0,
        0.0
      ],
      [
        0.0,
        0.0,
        1.0,
        0.0,
        0.0,
        0.0
      ],
      [
        0.0,
        0.0,
        0.0,
        1.0,
        0.0,
        0.0
      ],
      [
        0.0,
        0.0,
        0.0,
        0.0,
        1.0,
        0.0
      ],
      [
        0.0,
        0.0,
        0.0,
        0.0,
        0.0,
        1.0
      ]
    ],
    "reversion": [
      [
        1.1563992676539576,
        0.01019154781062277,
        0.26267848755746565,
        0.4913815894244909,
        0.4913815894244909,
        0.0
      ],
      [
        0.01019154781062277,
        1.0008149647599967,
        0.02074861826646967,
        0.034097813262241726,
        0.034097813262241726,
        0.0
      ],
      [
        0.26267848755746565,
        0.02074861826646967,
        1.5613390130200404,
        0.8797693069684132,
        0.8797693069684132,
        0.0
      ],
      [
        0.4913815894244909,
        0.034097813262241726,
        0.8797693069684132,
        2.5794559037000226,
        1.5794559037000395,
        0.0
      ],
      [
        0.4913815894244909,
        0.034097813262241726,
        0.8797693069684132,
        1.5794559037000395,
        2.5794559037000226,
        0.0
      ],
      [
        0.0,
        0.0,
        0.0,
        0.0,
        0.0,
        1.0
      ]
    ],
    "vwap": [
      [
        1.0,
        0.0,
        0.0,
        0.0,
        0.0,
        0.0
      ],
      [
        0.0,
        1.0,
        0.0,
        0.0,
        0.0,
        0.0
      ],
      [
        0.0,
        0.0,
        1.0,
        0.0,
        0.0,
        0.0
      ],
      [
        0.0,
        0.0,
        0.0,
        1.0,
        0.0,
        0.0
      ],
      [
        0.0,
        0.0,
        0.0,
        0.0,
        1.0,
        0.0
      ],
      [
        0.0,
        0.0,
        0.0,
        0.0,
        0.0,
        1.0
      ]
    ]
  },
  "b": {
    "trend": [
      [
        0.03241399052091124
      ],
      [
        0.019479406688913473
      ],
      [
        0.35455580506383405
      ],
      [
        0.07598981649742492
      ],
      [
        0.07598981649742492
      ],
      [
        0.0
      ]
    ],
    "breakout": [
      [
        0.0
      ],
      [
        0.0
      ],
      [
        0.0
      ],
      [
        0.0
      ],
      [
        0.0
      ],
      [
        0.0
      ]
    ],
    "reversion": [
      [
        -0.0044705823863364505
      ],
      [
        -0.03236609400567843
      ],
      [
        -0.8914579270445323
      ],
      [
        -0.5613829025593907
      ],
      [
        -0.5613829025593907
      ],
      [
        0.0
      ]
    ],
    "vwap": [
      [
        0.0
      ],
      [
        0.0
      ],
      [
        0.0
      ],
      [
        0.0
      ],
      [
        0.0
      ],
      [
        0.0
      ]
    ]
  },
  "counts": {
    "trend": 1,
    "breakout": 0,
    "reversion": 8,
    "vwap": 0
  },
  "reward_sum": {
    "trend": 0.07598981649742492,
    "breakout": 0.0,
    "reversion": -0.5613829025593907,
    "vwap": 0.0
  },
  "disabled_until": {
    "trend": 0.0,
    "breakout": 0.0,
    "reversion": 0.0,
    "vwap": 0.0
  },
  "_snapshot_time": "2025-09-23T23:54:00.451433"
}