{
  "arms": [
    "trend",
    "breakout",
    "reversion",
    "vwap"
  ],
  "d": 6,
  "alpha": 0.6,
  "alpha_base": 0.6,
  "alpha_boost_until": 0.0,
  "A": {
    "trend": [
      [
        1.0130939778383081,
        0.007868914483807807,
        0.14322660614570118,
        0.030696898381345816,
        0.030696898381345816,
        0.0
      ],
      [
        0.007868914483807807,
        1.0047288773448466,
        0.08607299702839896,
        0.01844750856185771,
        0.01844750856185771,
        0.0
      ],
      [
        0.14322660614570118,
        0.08607299702839896,
        2.5666637717990524,
        0.3357736379770744,
        0.3357736379770744,
        0.0
      ],
      [
        0.030696898381345816,
        0.01844750856185771,
        0.3357736379770744,
        1.071964347417628,
        0.07196434741762824,
        0.0
      ],
      [
        0.030696898381345816,
        0.01844750856185771,
        0.3357736379770744,
        0.07196434741762824,
        1.071964347417628,
        0.0
      ],
      [
        0.0,
        0.0,
        0.0,
        0.0,
        0.0,
        1.0
      ]
    ],
    "breakout": [
      [
        1.0,
        0.0,
        0.0,
        0.0,
        0.0,
        0.0
      ],
      [
        0.0,
        1.0,
        0.0,
        0.0,
        0.0,
        0.0
      ],
      [
        0.0,
        0.0,
        1.0,
        0.0,
        0.0,
        0.0
      ],
      [
        0.0,
        0.0,
        0.0,
        1.0,
        0.0,
        0.0
      ],
      [
        0.0,
        0.0,
        0.0,
        0.0,
        1.0,
        0.0
      ],
      [
        0.0,
        0.0,
        0.0,
        0.0,
        0.0,
        1.0
      ]
    ],
    "reversion": [
      [
        1.1510067220657794,
        0.009840149834102281,
        0.2536215032094213,
        0.4744390700514069,
        0.4744390700514069,
        0.0
      ],
      [
        0.009840149834102281,
        1.000786865302199,
        0.02003321932904488,
        0.03292214271574865,
        0.03292214271574865,
        0.0
      ],
      [
        0.2536215032094213,
        0.02003321932904488,
        1.5419844069305069,
        0.8494354303072739,
        0.8494354303072739,
        0.0
      ],
      [
        0.4744390700514069,
        0.03292214271574865,
        0.8494354303072739,
        2.524997285747504,
        1.5249972857475207,
        0.0
      ],
      [
        0.4744390700514069,
        0.03292214271574865,
        0.8494354303072739,
        1.5249972857475207,
        2.524997285747504,
        0.0
      ],
      [
        0.0,
        0.0,
        0.0,
        0.0,
        0.0,
        1.0
      ]
    ],
    "vwap": [
      [
        1.0,
        0.0,
        0.0,
        0.0,
        0.0,
        0.0
      ],
      [
        0.0,
        1.0,
        0.0,
        0.0,
        0.0,
        0.0
      ],
      [
        0.0,
        0.0,
        1.0,
        0.0,
        0.0,
        0.0
      ],
      [
        0.0,
        0.0,
        0.0,
        1.0,
        0.0,
        0.0
      ],
      [
        0.0,
        0.0,
        0.0,
        0.0,
        1.0,
        0.0
      ],
      [
        0.0,
        0.0,
        0.0,
        0.0,
        0.0,
        1.0
      ]
    ]
  },
  "b": {
    "trend": [
      [
        0.03129637709342671
      ],
      [
        0.01880776934574473
      ],
      [
        0.3423309502352904
      ],
      [
        0.07336973677552772
      ],
      [
        0.07336973677552772
      ],
      [
        0.0
      ]
    ],
    "breakout": [
      [
        0.0
      ],
      [
        0.0
      ],
      [
        0.0
      ],
      [
        0.0
      ],
      [
        0.0
      ],
      [
        0.0
      ]
    ],
    "reversion": [
      [
        -0.004316439597270658
      ],
      [
        -0.031250132019059206
      ],
      [
        -0.8607210343234789
      ],
      [
        -0.5420267831869288
      ],
      [
        -0.5420267831869288
      ],
      [
        0.0
      ]
    ],
    "vwap": [
      [
        0.0
      ],
      [
        0.0
      ],
      [
        0.0
      ],
      [
        0.0
      ],
      [
        0.0
      ],
      [
        0.0
      ]
    ]
  },
  "counts": {
    "trend": 1,
    "breakout": 0,
    "reversion": 8,
    "vwap": 0
  },
  "reward_sum": {
    "trend": 0.07336973677552772,
    "breakout": 0.0,
    "reversion": -0.5420267831869288,
    "vwap": 0.0
  },
  "disabled_until": {
    "trend": 0.0,
    "breakout": 0.0,
    "reversion": 0.0,
    "vwap": 0.0
  },
  "_snapshot_time": "2025-09-24T01:04:00.665503"
}