{
  "arms": [
    "trend",
    "breakout",
    "reversion",
    "vwap"
  ],
  "d": 6,
  "alpha": 0.6,
  "alpha_base": 0.6,
  "alpha_boost_until": 0.0,
  "A": {
    "trend": [
      [
        1.0117267962089467,
        0.007047297442895664,
        0.12827188519105495,
        0.027491742846213158,
        0.027491742846213158,
        0.0
      ],
      [
        0.007047297442895664,
        1.0042351210308205,
        0.07708585639210985,
        0.0165213486794516,
        0.0165213486794516,
        0.0
      ],
      [
        0.12827188519105495,
        0.07708585639210985,
        2.4030836928772983,
        0.30071450200365457,
        0.30071450200365457,
        0.0
      ],
      [
        0.027491742846213158,
        0.0165213486794516,
        0.30071450200365457,
        1.0644503333438804,
        0.06445033334388098,
        0.0
      ],
      [
        0.027491742846213158,
        0.0165213486794516,
        0.30071450200365457,
        0.06445033334388098,
        1.0644503333438804,
        0.0
      ],
      [
        0.0,
        0.0,
        0.0,
        0.0,
        0.0,
        1.0
      ]
    ],
    "breakout": [
      [
        1.0,
        0.0,
        0.0,
        0.0,
        0.0,
        0.0
      ],
      [
        0.0,
        1.0,
        0.0,
        0.0,
        0.0,
        0.0
      ],
      [
        0.0,
        0.0,
        1.0,
        0.0,
        0.0,
        0.0
      ],
      [
        0.0,
        0.0,
        0.0,
        1.0,
        0.0,
        0.0
      ],
      [
        0.0,
        0.0,
        0.0,
        0.0,
        1.0,
        0.0
      ],
      [
        0.0,
        0.0,
        0.0,
        0.0,
        0.0,
        1.0
      ]
    ],
    "reversion": [
      [
        1.13523965579548,
        0.008812710178294133,
        0.2271401188447283,
        0.42490145903391924,
        0.42490145903391924,
        0.0
      ],
      [
        0.008812710178294133,
        1.0007047063281096,
        0.017941490613611066,
        0.02948464272330862,
        0.02948464272330862,
        0.0
      ],
      [
        0.2271401188447283,
        0.017941490613611066,
        1.4853941840275784,
        0.7607433208516287,
        0.7607433208516287,
        0.0
      ],
      [
        0.42490145903391924,
        0.02948464272330862,
        0.7607433208516287,
        2.365767730019937,
        1.3657677300199542,
        0.0
      ],
      [
        0.42490145903391924,
        0.02948464272330862,
        0.7607433208516287,
        1.3657677300199542,
        2.365767730019937,
        0.0
      ],
      [
        0.0,
        0.0,
        0.0,
        0.0,
        0.0,
        1.0
      ]
    ],
    "vwap": [
      [
        1.0,
        0.0,
        0.0,
        0.0,
        0.0,
        0.0
      ],
      [
        0.0,
        1.0,
        0.0,
        0.0,
        0.0,
        0.0
      ],
      [
        0.0,
        0.0,
        1.0,
        0.0,
        0.0,
        0.0
      ],
      [
        0.0,
        0.0,
        0.0,
        1.0,
        0.0,
        0.0
      ],
      [
        0.0,
        0.0,
        0.0,
        0.0,
        1.0,
        0.0
      ],
      [
        0.0,
        0.0,
        0.0,
        0.0,
        0.0,
        1.0
      ]
    ]
  },
  "b": {
    "trend": [
      [
        0.028028628181974706
      ],
      [
        0.016843993550772405
      ],
      [
        0.3065871455562928
      ],
      [
        0.06570898176973163
      ],
      [
        0.06570898176973163
      ],
      [
        0.0
      ]
    ],
    "breakout": [
      [
        0.0
      ],
      [
        0.0
      ],
      [
        0.0
      ],
      [
        0.0
      ],
      [
        0.0
      ],
      [
        0.0
      ]
    ],
    "reversion": [
      [
        -0.0038657471496041816
      ],
      [
        -0.027987211694985647
      ],
      [
        -0.7708505609911155
      ],
      [
        -0.4854321356515458
      ],
      [
        -0.4854321356515458
      ],
      [
        0.0
      ]
    ],
    "vwap": [
      [
        0.0
      ],
      [
        0.0
      ],
      [
        0.0
      ],
      [
        0.0
      ],
      [
        0.0
      ],
      [
        0.0
      ]
    ]
  },
  "counts": {
    "trend": 1,
    "breakout": 0,
    "reversion": 8,
    "vwap": 0
  },
  "reward_sum": {
    "trend": 0.06570898176973163,
    "breakout": 0.0,
    "reversion": -0.4854321356515458,
    "vwap": 0.0
  },
  "disabled_until": {
    "trend": 0.0,
    "breakout": 0.0,
    "reversion": 0.0,
    "vwap": 0.0
  },
  "_snapshot_time": "2025-09-24T04:43:00.093950"
}