{
  "arms": [
    "trend",
    "breakout",
    "reversion",
    "vwap"
  ],
  "d": 6,
  "alpha": 0.6,
  "alpha_base": 0.6,
  "alpha_boost_until": 0.0,
  "A": {
    "trend": [
      [
        1.022387312510899,
        0.013453806768724702,
        0.24488041993462395,
        0.052483749832538056,
        0.052483749832538056,
        0.0
      ],
      [
        0.013453806768724702,
        1.0080851561116173,
        0.14716254350050187,
        0.03154046419824963,
        0.03154046419824963,
        0.0
      ],
      [
        0.24488041993462395,
        0.14716254350050187,
        3.678589492962243,
        0.5740860003842955,
        0.5740860003842955,
        0.0
      ],
      [
        0.052483749832538056,
        0.03154046419824963,
        0.5740860003842955,
        1.1230404049232519,
        0.12304040492325048,
        0.0
      ],
      [
        0.052483749832538056,
        0.03154046419824963,
        0.5740860003842955,
        0.12304040492325048,
        1.1230404049232519,
        0.0
      ],
      [
        0.0,
        0.0,
        0.0,
        0.0,
        0.0,
        1.0
      ]
    ],
    "breakout": [
      [
        1.0,
        0.0,
        0.0,
        0.0,
        0.0,
        0.0
      ],
      [
        0.0,
        1.0,
        0.0,
        0.0,
        0.0,
        0.0
      ],
      [
        0.0,
        0.0,
        1.0,
        0.0,
        0.0,
        0.0
      ],
      [
        0.0,
        0.0,
        0.0,
        1.0,
        0.0,
        0.0
      ],
      [
        0.0,
        0.0,
        0.0,
        0.0,
        1.0,
        0.0
      ],
      [
        0.0,
        0.0,
        0.0,
        0.0,
        0.0,
        1.0
      ]
    ],
    "reversion": [
      [
        1.2581824041463454,
        0.016824108930873456,
        0.43362711636966206,
        0.8111679933921835,
        0.8111679933921835,
        0.0
      ],
      [
        0.016824108930873456,
        1.0013453359736688,
        0.03425161912269592,
        0.05628834160308783,
        0.05628834160308783,
        0.0
      ],
      [
        0.43362711636966206,
        0.03425161912269592,
        1.9266530342284756,
        1.4523146954232034,
        1.4523146954232034,
        0.0
      ],
      [
        0.8111679933921835,
        0.05628834160308783,
        1.4523146954232034,
        3.607350587872749,
        2.607350587872764,
        0.0
      ],
      [
        0.8111679933921835,
        0.05628834160308783,
        1.4523146954232034,
        2.607350587872764,
        3.607350587872749,
        0.0
      ],
      [
        0.0,
        0.0,
        0.0,
        0.0,
        0.0,
        1.0
      ]
    ],
    "vwap": [
      [
        1.0,
        0.0,
        0.0,
        0.0,
        0.0,
        0.0
      ],
      [
        0.0,
        1.0,
        0.0,
        0.0,
        0.0,
        0.0
      ],
      [
        0.0,
        0.0,
        1.0,
        0.0,
        0.0,
        0.0
      ],
      [
        0.0,
        0.0,
        0.0,
        1.0,
        0.0,
        0.0
      ],
      [
        0.0,
        0.0,
        0.0,
        0.0,
        1.0,
        0.0
      ],
      [
        0.0,
        0.0,
        0.0,
        0.0,
        0.0,
        1.0
      ]
    ]
  },
  "b": {
    "trend": [
      [
        0.053508703245222444
      ],
      [
        0.03215641687923744
      ],
      [
        0.5852973068771752
      ],
      [
        0.1254432569169922
      ],
      [
        0.1254432569169922
      ],
      [
        0.0
      ]
    ],
    "breakout": [
      [
        0.0
      ],
      [
        0.0
      ],
      [
        0.0
      ],
      [
        0.0
      ],
      [
        0.0
      ],
      [
        0.0
      ]
    ],
    "reversion": [
      [
        -0.007379994329592668
      ],
      [
        -0.05342963613935597
      ],
      [
        -1.4716101568257638
      ],
      [
        -0.9267254866571614
      ],
      [
        -0.9267254866571614
      ],
      [
        0.0
      ]
    ],
    "vwap": [
      [
        0.0
      ],
      [
        0.0
      ],
      [
        0.0
      ],
      [
        0.0
      ],
      [
        0.0
      ],
      [
        0.0
      ]
    ]
  },
  "counts": {
    "trend": 1,
    "breakout": 0,
    "reversion": 8,
    "vwap": 0
  },
  "reward_sum": {
    "trend": 0.1254432569169922,
    "breakout": 0.0,
    "reversion": -0.9267254866571614,
    "vwap": 0.0
  },
  "disabled_until": {
    "trend": 0.0,
    "breakout": 0.0,
    "reversion": 0.0,
    "vwap": 0.0
  },
  "_snapshot_time": "2025-09-23T03:37:00.241776"
}