{
  "arms": [
    "trend",
    "breakout",
    "reversion",
    "vwap"
  ],
  "d": 6,
  "alpha": 0.6,
  "alpha_base": 0.6,
  "alpha_boost_until": 0.0,
  "A": {
    "trend": [
      [
        1.0231867776053023,
        0.013934250720771379,
        0.25362525466836916,
        0.054357977745963314,
        0.054357977745963314,
        0.0
      ],
      [
        0.013934250720771379,
        1.0083738821519086,
        0.15241781103987087,
        0.03266679413068332,
        0.03266679413068332,
        0.0
      ],
      [
        0.25362525466836916,
        0.15241781103987087,
        3.7742436185217914,
        0.5945869746870092,
        0.5945869746870092,
        0.0
      ],
      [
        0.054357977745963314,
        0.03266679413068332,
        0.5945869746870092,
        1.1274342556317487,
        0.12743425563174798,
        0.0
      ],
      [
        0.054357977745963314,
        0.03266679413068332,
        0.5945869746870092,
        0.12743425563174798,
        1.1274342556317487,
        0.0
      ],
      [
        0.0,
        0.0,
        0.0,
        0.0,
        0.0,
        1.0
      ]
    ],
    "breakout": [
      [
        1.0,
        0.0,
        0.0,
        0.0,
        0.0,
        0.0
      ],
      [
        0.0,
        1.0,
        0.0,
        0.0,
        0.0,
        0.0
      ],
      [
        0.0,
        0.0,
        1.0,
        0.0,
        0.0,
        0.0
      ],
      [
        0.0,
        0.0,
        0.0,
        1.0,
        0.0,
        0.0
      ],
      [
        0.0,
        0.0,
        0.0,
        0.0,
        1.0,
        0.0
      ],
      [
        0.0,
        0.0,
        0.0,
        0.0,
        0.0,
        1.0
      ]
    ],
    "reversion": [
      [
        1.2674022611525677,
        0.01742490850554869,
        0.4491122150547082,
        0.8401353156689589,
        0.8401353156689589,
        0.0
      ],
      [
        0.01742490850554869,
        1.0013933787724942,
        0.03547476611285188,
        0.058298433895836305,
        0.058298433895836305,
        0.0
      ],
      [
        0.4491122150547082,
        0.03547476611285188,
        1.9597444003818616,
        1.5041777720883611,
        1.5041777720883611,
        0.0
      ],
      [
        0.8401353156689589,
        0.058298433895836305,
        1.5041777720883611,
        3.700460727058103,
        2.7004607270581182,
        0.0
      ],
      [
        0.8401353156689589,
        0.058298433895836305,
        1.5041777720883611,
        2.7004607270581182,
        3.700460727058103,
        0.0
      ],
      [
        0.0,
        0.0,
        0.0,
        0.0,
        0.0,
        1.0
      ]
    ],
    "vwap": [
      [
        1.0,
        0.0,
        0.0,
        0.0,
        0.0,
        0.0
      ],
      [
        0.0,
        1.0,
        0.0,
        0.0,
        0.0,
        0.0
      ],
      [
        0.0,
        0.0,
        1.0,
        0.0,
        0.0,
        0.0
      ],
      [
        0.0,
        0.0,
        0.0,
        1.0,
        0.0,
        0.0
      ],
      [
        0.0,
        0.0,
        0.0,
        0.0,
        1.0,
        0.0
      ],
      [
        0.0,
        0.0,
        0.0,
        0.0,
        0.0,
        1.0
      ]
    ]
  },
  "b": {
    "trend": [
      [
        0.055419532893511224
      ],
      [
        0.03330474287162759
      ],
      [
        0.6061986440282365
      ],
      [
        0.1299229149904907
      ],
      [
        0.1299229149904907
      ],
      [
        0.0
      ]
    ],
    "breakout": [
      [
        0.0
      ],
      [
        0.0
      ],
      [
        0.0
      ],
      [
        0.0
      ],
      [
        0.0
      ],
      [
        0.0
      ]
    ],
    "reversion": [
      [
        -0.007643538596486257
      ],
      [
        -0.05533764225126784
      ],
      [
        -1.5241622866260058
      ],
      [
        -0.9598194401326169
      ],
      [
        -0.9598194401326169
      ],
      [
        0.0
      ]
    ],
    "vwap": [
      [
        0.0
      ],
      [
        0.0
      ],
      [
        0.0
      ],
      [
        0.0
      ],
      [
        0.0
      ],
      [
        0.0
      ]
    ]
  },
  "counts": {
    "trend": 1,
    "breakout": 0,
    "reversion": 8,
    "vwap": 0
  },
  "reward_sum": {
    "trend": 0.1299229149904907,
    "breakout": 0.0,
    "reversion": -0.9598194401326169,
    "vwap": 0.0
  },
  "disabled_until": {
    "trend": 0.0,
    "breakout": 0.0,
    "reversion": 0.0,
    "vwap": 0.0
  },
  "_snapshot_time": "2025-09-23T02:22:00.107105"
}