{
  "arms": [
    "trend",
    "breakout",
    "reversion",
    "vwap"
  ],
  "d": 6,
  "alpha": 0.6,
  "alpha_base": 0.6,
  "alpha_boost_until": 0.0,
  "A": {
    "trend": [
      [
        1.003383010945222,
        0.002033043293219619,
        0.03700458197052606,
        0.00793096983138641,
        0.00793096983138641,
        0.0
      ],
      [
        0.002033043293219619,
        1.0012217711083484,
        0.022238153648255148,
        0.004766169925403439,
        0.004766169925403439,
        0.0
      ],
      [
        0.03700458197052606,
        0.022238153648255148,
        1.4047693338821112,
        0.08675178058345209,
        0.08675178058345209,
        0.0
      ],
      [
        0.00793096983138641,
        0.004766169925403439,
        0.08675178058345209,
        1.0185929881649356,
        0.018592988164936427,
        0.0
      ],
      [
        0.00793096983138641,
        0.004766169925403439,
        0.08675178058345209,
        0.018592988164936427,
        1.0185929881649356,
        0.0
      ],
      [
        0.0,
        0.0,
        0.0,
        0.0,
        0.0,
        1.0
      ]
    ],
    "breakout": [
      [
        1.0,
        0.0,
        0.0,
        0.0,
        0.0,
        0.0
      ],
      [
        0.0,
        1.0,
        0.0,
        0.0,
        0.0,
        0.0
      ],
      [
        0.0,
        0.0,
        1.0,
        0.0,
        0.0,
        0.0
      ],
      [
        0.0,
        0.0,
        0.0,
        1.0,
        0.0,
        0.0
      ],
      [
        0.0,
        0.0,
        0.0,
        0.0,
        1.0,
        0.0
      ],
      [
        0.0,
        0.0,
        0.0,
        0.0,
        0.0,
        1.0
      ]
    ],
    "reversion": [
      [
        1.0903258889673944,
        0.008389812991232015,
        0.34032090092570416,
        0.2902616615376384,
        0.2902616615376384,
        0.0
      ],
      [
        0.008389812991232015,
        1.0008696812177482,
        0.036491675217946384,
        0.027615290744550436,
        0.027615290744550436,
        0.0
      ],
      [
        0.34032090092570416,
        0.036491675217946384,
        2.6116743540846987,
        1.1174842391055442,
        1.1174842391055442,
        0.0
      ],
      [
        0.2902616615376384,
        0.027615290744550436,
        1.1174842391055442,
        1.9419905042862666,
        0.9419905042862827,
        0.0
      ],
      [
        0.2902616615376384,
        0.027615290744550436,
        1.1174842391055442,
        0.9419905042862827,
        1.9419905042862666,
        0.0
      ],
      [
        0.0,
        0.0,
        0.0,
        0.0,
        0.0,
        1.0
      ]
    ],
    "vwap": [
      [
        1.0,
        0.0,
        0.0,
        0.0,
        0.0,
        0.0
      ],
      [
        0.0,
        1.0,
        0.0,
        0.0,
        0.0,
        0.0
      ],
      [
        0.0,
        0.0,
        1.0,
        0.0,
        0.0,
        0.0
      ],
      [
        0.0,
        0.0,
        0.0,
        1.0,
        0.0,
        0.0
      ],
      [
        0.0,
        0.0,
        0.0,
        0.0,
        1.0,
        0.0
      ],
      [
        0.0,
        0.0,
        0.0,
        0.0,
        0.0,
        1.0
      ]
    ]
  },
  "b": {
    "trend": [
      [
        0.008085853478620328
      ],
      [
        0.00485924830006346
      ],
      [
        0.08844595323401849
      ],
      [
        0.018956090015175044
      ],
      [
        0.018956090015175044
      ],
      [
        0.0
      ]
    ],
    "breakout": [
      [
        0.0
      ],
      [
        0.0
      ],
      [
        0.0
      ],
      [
        0.0
      ],
      [
        0.0
      ],
      [
        0.0
      ]
    ],
    "reversion": [
      [
        -0.1909081025574697
      ],
      [
        -0.029702883130407004
      ],
      [
        -1.2388043289924466
      ],
      [
        -0.7602785763507588
      ],
      [
        -0.7602785763507588
      ],
      [
        0.0
      ]
    ],
    "vwap": [
      [
        0.0
      ],
      [
        0.0
      ],
      [
        0.0
      ],
      [
        0.0
      ],
      [
        0.0
      ],
      [
        0.0
      ]
    ]
  },
  "counts": {
    "trend": 1,
    "breakout": 0,
    "reversion": 9,
    "vwap": 0
  },
  "reward_sum": {
    "trend": 0.018956090015175044,
    "breakout": 0.0,
    "reversion": -0.7602785763507588,
    "vwap": 0.0
  },
  "disabled_until": {
    "trend": 0.0,
    "breakout": 0.0,
    "reversion": 0.0,
    "vwap": 0.0
  },
  "_snapshot_time": "2025-09-26T07:59:00.348307"
}