{
  "arms": [
    "trend",
    "breakout",
    "reversion",
    "vwap"
  ],
  "d": 6,
  "alpha": 0.6,
  "alpha_base": 0.6,
  "alpha_boost_until": 0.0,
  "A": {
    "trend": [
      [
        1.0041134218798016,
        0.0024719886811844258,
        0.04499407764122816,
        0.009643310459441608,
        0.009643310459441608,
        0.0
      ],
      [
        0.0024719886811844258,
        1.0014855583060673,
        0.027039495072370065,
        0.005795212599501778,
        0.005795212599501778,
        0.0
      ],
      [
        0.04499407764122816,
        0.027039495072370065,
        1.4921612909986628,
        0.10548197394029747,
        0.10548197394029747,
        0.0
      ],
      [
        0.009643310459441608,
        0.005795212599501778,
        0.10548197394029747,
        1.022607318027315,
        0.02260731802731653,
        0.0
      ],
      [
        0.009643310459441608,
        0.005795212599501778,
        0.10548197394029747,
        0.02260731802731653,
        1.022607318027315,
        0.0
      ],
      [
        0.0,
        0.0,
        0.0,
        0.0,
        0.0,
        1.0
      ]
    ],
    "breakout": [
      [
        1.0,
        0.0,
        0.0,
        0.0,
        0.0,
        0.0
      ],
      [
        0.0,
        1.0,
        0.0,
        0.0,
        0.0,
        0.0
      ],
      [
        0.0,
        0.0,
        1.0,
        0.0,
        0.0,
        0.0
      ],
      [
        0.0,
        0.0,
        0.0,
        1.0,
        0.0,
        0.0
      ],
      [
        0.0,
        0.0,
        0.0,
        0.0,
        1.0,
        0.0
      ],
      [
        0.0,
        0.0,
        0.0,
        0.0,
        0.0,
        1.0
      ]
    ],
    "reversion": [
      [
        1.10982775226184,
        0.010201220417070198,
        0.41379808185321787,
        0.352930773434994,
        0.352930773434994,
        0.0
      ],
      [
        0.010201220417070198,
        1.0010574502440175,
        0.04437043145961039,
        0.03357758606312741,
        0.03357758606312741,
        0.0
      ],
      [
        0.41379808185321787,
        0.04437043145961039,
        2.95964383756103,
        1.3587553200090599,
        1.3587553200090599,
        0.0
      ],
      [
        0.352930773434994,
        0.03357758606312741,
        1.3587553200090599,
        2.14537150888273,
        1.1453715088827459,
        0.0
      ],
      [
        0.352930773434994,
        0.03357758606312741,
        1.3587553200090599,
        1.1453715088827459,
        2.14537150888273,
        0.0
      ],
      [
        0.0,
        0.0,
        0.0,
        0.0,
        0.0,
        1.0
      ]
    ],
    "vwap": [
      [
        1.0,
        0.0,
        0.0,
        0.0,
        0.0,
        0.0
      ],
      [
        0.0,
        1.0,
        0.0,
        0.0,
        0.0,
        0.0
      ],
      [
        0.0,
        0.0,
        1.0,
        0.0,
        0.0,
        0.0
      ],
      [
        0.0,
        0.0,
        0.0,
        1.0,
        0.0,
        0.0
      ],
      [
        0.0,
        0.0,
        0.0,
        0.0,
        1.0,
        0.0
      ],
      [
        0.0,
        0.0,
        0.0,
        0.0,
        0.0,
        1.0
      ]
    ]
  },
  "b": {
    "trend": [
      [
        0.009831634350103318
      ],
      [
        0.005908387114471521
      ],
      [
        0.10754192791675223
      ],
      [
        0.023048815592518652
      ],
      [
        0.023048815592518652
      ],
      [
        0.0
      ]
    ],
    "breakout": [
      [
        0.0
      ],
      [
        0.0
      ],
      [
        0.0
      ],
      [
        0.0
      ],
      [
        0.0
      ],
      [
        0.0
      ]
    ],
    "reversion": [
      [
        -0.23212622684542186
      ],
      [
        -0.036115901290341215
      ],
      [
        -1.5062690940643884
      ],
      [
        -0.9244269620593193
      ],
      [
        -0.9244269620593193
      ],
      [
        0.0
      ]
    ],
    "vwap": [
      [
        0.0
      ],
      [
        0.0
      ],
      [
        0.0
      ],
      [
        0.0
      ],
      [
        0.0
      ],
      [
        0.0
      ]
    ]
  },
  "counts": {
    "trend": 1,
    "breakout": 0,
    "reversion": 9,
    "vwap": 0
  },
  "reward_sum": {
    "trend": 0.023048815592518652,
    "breakout": 0.0,
    "reversion": -0.9244269620593193,
    "vwap": 0.0
  },
  "disabled_until": {
    "trend": 0.0,
    "breakout": 0.0,
    "reversion": 0.0,
    "vwap": 0.0
  },
  "_snapshot_time": "2025-09-26T01:23:00.169757"
}