{
  "arms": [
    "trend",
    "breakout",
    "reversion",
    "vwap"
  ],
  "d": 6,
  "alpha": 0.6,
  "alpha_base": 0.6,
  "alpha_boost_until": 0.0,
  "A": {
    "trend": [
      [
        1.0594978423114156,
        0.03575563048151206,
        0.6508086490207475,
        0.13948390946559103,
        0.13948390946559103,
        0.0
      ],
      [
        0.03575563048151206,
        1.0214875878093,
        0.3911078564288143,
        0.08382379816169118,
        0.08382379816169118,
        0.0
      ],
      [
        0.6508086490207475,
        0.3911078564288143,
        8.118777441092817,
        1.5257248187975745,
        1.5257248187975745,
        0.0
      ],
      [
        0.13948390946559103,
        0.08382379816169118,
        1.5257248187975745,
        1.3269994380295662,
        0.326999438029567,
        0.0
      ],
      [
        0.13948390946559103,
        0.08382379816169118,
        1.5257248187975745,
        0.326999438029567,
        1.3269994380295662,
        0.0
      ],
      [
        0.0,
        0.0,
        0.0,
        0.0,
        0.0,
        1.0
      ]
    ],
    "breakout": [
      [
        1.0,
        0.0,
        0.0,
        0.0,
        0.0,
        0.0
      ],
      [
        0.0,
        1.0,
        0.0,
        0.0,
        0.0,
        0.0
      ],
      [
        0.0,
        0.0,
        1.0,
        0.0,
        0.0,
        0.0
      ],
      [
        0.0,
        0.0,
        0.0,
        1.0,
        0.0,
        0.0
      ],
      [
        0.0,
        0.0,
        0.0,
        0.0,
        1.0,
        0.0
      ],
      [
        0.0,
        0.0,
        0.0,
        0.0,
        0.0,
        1.0
      ]
    ],
    "reversion": [
      [
        1.3771471820262098,
        0.021764808211435314,
        0.49150315662417166,
        1.136041867804451,
        1.136041867804451,
        0.0
      ],
      [
        0.021764808211435314,
        1.0013998160053565,
        0.03261505563501425,
        0.06632603035125746,
        0.06632603035125746,
        0.0
      ],
      [
        0.49150315662417166,
        0.03261505563501425,
        1.7948793482622873,
        1.5124631296834332,
        1.5124631296834332,
        0.0
      ],
      [
        1.136041867804451,
        0.06632603035125746,
        1.5124631296834332,
        4.439453987734584,
        3.4394539877345935,
        0.0
      ],
      [
        1.136041867804451,
        0.06632603035125746,
        1.5124631296834332,
        3.4394539877345935,
        4.439453987734584,
        0.0
      ],
      [
        0.0,
        0.0,
        0.0,
        0.0,
        0.0,
        1.0
      ]
    ],
    "vwap": [
      [
        1.0,
        0.0,
        0.0,
        0.0,
        0.0,
        0.0
      ],
      [
        0.0,
        1.0,
        0.0,
        0.0,
        0.0,
        0.0
      ],
      [
        0.0,
        0.0,
        1.0,
        0.0,
        0.0,
        0.0
      ],
      [
        0.0,
        0.0,
        0.0,
        1.0,
        0.0,
        0.0
      ],
      [
        0.0,
        0.0,
        0.0,
        0.0,
        1.0,
        0.0
      ],
      [
        0.0,
        0.0,
        0.0,
        0.0,
        0.0,
        1.0
      ]
    ]
  },
  "b": {
    "trend": [
      [
        0.14220788611507731
      ],
      [
        0.0854607903404918
      ],
      [
        1.5555206482654282
      ],
      [
        0.33338539922753196
      ],
      [
        0.33338539922753196
      ],
      [
        0.0
      ]
    ],
    "breakout": [
      [
        0.0
      ],
      [
        0.0
      ],
      [
        0.0
      ],
      [
        0.0
      ],
      [
        0.0
      ],
      [
        0.0
      ]
    ],
    "reversion": [
      [
        1.0670098339381715
      ],
      [
        0.055589591117054624
      ],
      [
        0.7737401591682239
      ],
      [
        3.003716027441561
      ],
      [
        3.003716027441561
      ],
      [
        0.0
      ]
    ],
    "vwap": [
      [
        0.0
      ],
      [
        0.0
      ],
      [
        0.0
      ],
      [
        0.0
      ],
      [
        0.0
      ],
      [
        0.0
      ]
    ]
  },
  "counts": {
    "trend": 1,
    "breakout": 0,
    "reversion": 5,
    "vwap": 0
  },
  "reward_sum": {
    "trend": 0.33338539922753196,
    "breakout": 0.0,
    "reversion": 3.003716027441561,
    "vwap": 0.0
  },
  "disabled_until": {
    "trend": 0.0,
    "breakout": 0.0,
    "reversion": 0.0,
    "vwap": 0.0
  },
  "_snapshot_time": "2025-09-19T08:31:00.970161"
}