{
  "arms": [
    "trend",
    "breakout",
    "reversion",
    "vwap"
  ],
  "d": 6,
  "alpha": 0.6,
  "alpha_base": 0.6,
  "alpha_boost_until": 0.0,
  "A": {
    "trend": [
      [
        1.0884052053783448,
        0.05312770570074359,
        0.9670077105912239,
        0.20725295547253064,
        0.20725295547253064,
        0.0
      ],
      [
        0.05312770570074359,
        1.0319274538297303,
        0.5811298196613425,
        0.12455006440889171,
        0.12455006440889171,
        0.0
      ],
      [
        0.9670077105912239,
        0.5811298196613425,
        11.577475707917507,
        2.2670068479231578,
        2.2670068479231578,
        0.0
      ],
      [
        0.20725295547253064,
        0.12455006440889171,
        2.2670068479231578,
        1.4858739637363167,
        0.4858739637363176,
        0.0
      ],
      [
        0.20725295547253064,
        0.12455006440889171,
        2.2670068479231578,
        0.4858739637363176,
        1.4858739637363167,
        0.0
      ],
      [
        0.0,
        0.0,
        0.0,
        0.0,
        0.0,
        1.0
      ]
    ],
    "breakout": [
      [
        1.0,
        0.0,
        0.0,
        0.0,
        0.0,
        0.0
      ],
      [
        0.0,
        1.0,
        0.0,
        0.0,
        0.0,
        0.0
      ],
      [
        0.0,
        0.0,
        1.0,
        0.0,
        0.0,
        0.0
      ],
      [
        0.0,
        0.0,
        0.0,
        1.0,
        0.0,
        0.0
      ],
      [
        0.0,
        0.0,
        0.0,
        0.0,
        1.0,
        0.0
      ],
      [
        0.0,
        0.0,
        0.0,
        0.0,
        0.0,
        1.0
      ]
    ],
    "reversion": [
      [
        1.0719049879291607,
        0.007289724222825742,
        0.2054769111987628,
        0.2471748638626647,
        0.2471748638626647,
        0.0
      ],
      [
        0.007289724222825742,
        1.0007911763421868,
        0.021249121174228,
        0.024807591469613626,
        0.024807591469613626,
        0.0
      ],
      [
        0.2054769111987628,
        0.021249121174228,
        1.5905231749833098,
        0.7043197066652402,
        0.7043197066652402,
        0.0
      ],
      [
        0.2471748638626647,
        0.024807591469613626,
        0.7043197066652402,
        1.850876691161102,
        0.850876691161112,
        0.0
      ],
      [
        0.2471748638626647,
        0.024807591469613626,
        0.7043197066652402,
        0.850876691161112,
        1.850876691161102,
        0.0
      ],
      [
        0.0,
        0.0,
        0.0,
        0.0,
        0.0,
        1.0
      ]
    ],
    "vwap": [
      [
        1.0,
        0.0,
        0.0,
        0.0,
        0.0,
        0.0
      ],
      [
        0.0,
        1.0,
        0.0,
        0.0,
        0.0,
        0.0
      ],
      [
        0.0,
        0.0,
        1.0,
        0.0,
        0.0,
        0.0
      ],
      [
        0.0,
        0.0,
        0.0,
        1.0,
        0.0,
        0.0
      ],
      [
        0.0,
        0.0,
        0.0,
        0.0,
        1.0,
        0.0
      ],
      [
        0.0,
        0.0,
        0.0,
        0.0,
        0.0,
        1.0
      ]
    ]
  },
  "b": {
    "trend": [
      [
        0.211300391577578
      ],
      [
        0.12698239849274204
      ],
      [
        2.3112791495931333
      ],
      [
        0.49536258028629776
      ],
      [
        0.49536258028629776
      ],
      [
        0.0
      ]
    ],
    "breakout": [
      [
        0.0
      ],
      [
        0.0
      ],
      [
        0.0
      ],
      [
        0.0
      ],
      [
        0.0
      ],
      [
        0.0
      ]
    ],
    "reversion": [
      [
        0.09854373439295532
      ],
      [
        0.010722039112784973
      ],
      [
        0.28746387425437103
      ],
      [
        0.335224338483194
      ],
      [
        0.335224338483194
      ],
      [
        0.0
      ]
    ],
    "vwap": [
      [
        0.0
      ],
      [
        0.0
      ],
      [
        0.0
      ],
      [
        0.0
      ],
      [
        0.0
      ],
      [
        0.0
      ]
    ]
  },
  "counts": {
    "trend": 1,
    "breakout": 0,
    "reversion": 2,
    "vwap": 0
  },
  "reward_sum": {
    "trend": 0.49536258028629776,
    "breakout": 0.0,
    "reversion": 0.335224338483194,
    "vwap": 0.0
  },
  "disabled_until": {
    "trend": 0.0,
    "breakout": 0.0,
    "reversion": 0.0,
    "vwap": 0.0
  },
  "_snapshot_time": "2025-09-18T18:45:00.311210"
}