{
  "arms": [
    "trend",
    "breakout",
    "reversion",
    "vwap"
  ],
  "d": 6,
  "alpha": 0.6,
  "alpha_base": 0.6,
  "alpha_boost_until": 0.0,
  "A": {
    "trend": [
      [
        1.0094530477144832,
        0.005680872916936928,
        0.10340081208306334,
        0.022161275104386022,
        0.022161275104386022,
        0.0
      ],
      [
        0.005680872916936928,
        1.0034139589763156,
        0.062139416904885385,
        0.01331796806149904,
        0.01331796806149904,
        0.0
      ],
      [
        0.10340081208306334,
        0.062139416904885385,
        2.1310350124497326,
        0.24240794205229482,
        0.24240794205229482,
        0.0
      ],
      [
        0.022161275104386022,
        0.01331796806149904,
        0.24240794205229482,
        1.0519538384959057,
        0.05195383849590569,
        0.0
      ],
      [
        0.022161275104386022,
        0.01331796806149904,
        0.24240794205229482,
        0.05195383849590569,
        1.0519538384959057,
        0.0
      ],
      [
        0.0,
        0.0,
        0.0,
        0.0,
        0.0,
        1.0
      ]
    ],
    "breakout": [
      [
        1.0,
        0.0,
        0.0,
        0.0,
        0.0,
        0.0
      ],
      [
        0.0,
        1.0,
        0.0,
        0.0,
        0.0,
        0.0
      ],
      [
        0.0,
        0.0,
        1.0,
        0.0,
        0.0,
        0.0
      ],
      [
        0.0,
        0.0,
        0.0,
        1.0,
        0.0,
        0.0
      ],
      [
        0.0,
        0.0,
        0.0,
        0.0,
        1.0,
        0.0
      ],
      [
        0.0,
        0.0,
        0.0,
        0.0,
        0.0,
        1.0
      ]
    ],
    "reversion": [
      [
        1.1090175778913536,
        0.007103983758647034,
        0.18309914686454026,
        0.34251586662148414,
        0.34251586662148414,
        0.0
      ],
      [
        0.007103983758647034,
        1.0005680684157565,
        0.014462753834675938,
        0.02376776483036908,
        0.02376776483036908,
        0.0
      ],
      [
        0.18309914686454026,
        0.014462753834675938,
        1.3912794509419708,
        0.6132402049417315,
        0.6132402049417315,
        0.0
      ],
      [
        0.34251586662148414,
        0.02376776483036908,
        0.6132402049417315,
        2.1009543688436487,
        1.1009543688436674,
        0.0
      ],
      [
        0.34251586662148414,
        0.02376776483036908,
        0.6132402049417315,
        1.1009543688436674,
        2.1009543688436487,
        0.0
      ],
      [
        0.0,
        0.0,
        0.0,
        0.0,
        0.0,
        1.0
      ]
    ],
    "vwap": [
      [
        1.0,
        0.0,
        0.0,
        0.0,
        0.0,
        0.0
      ],
      [
        0.0,
        1.0,
        0.0,
        0.0,
        0.0,
        0.0
      ],
      [
        0.0,
        0.0,
        1.0,
        0.0,
        0.0,
        0.0
      ],
      [
        0.0,
        0.0,
        0.0,
        1.0,
        0.0,
        0.0
      ],
      [
        0.0,
        0.0,
        0.0,
        0.0,
        1.0,
        0.0
      ],
      [
        0.0,
        0.0,
        0.0,
        0.0,
        0.0,
        1.0
      ]
    ]
  },
  "b": {
    "trend": [
      [
        0.022594061912115132
      ],
      [
        0.013578054218799337
      ],
      [
        0.24714191872623775
      ],
      [
        0.052968443287643045
      ],
      [
        0.052968443287643045
      ],
      [
        0.0
      ]
    ],
    "breakout": [
      [
        0.0
      ],
      [
        0.0
      ],
      [
        0.0
      ],
      [
        0.0
      ],
      [
        0.0
      ],
      [
        0.0
      ]
    ],
    "reversion": [
      [
        -0.0031162042561508584
      ],
      [
        -0.02256067580898023
      ],
      [
        -0.6213877178342478
      ],
      [
        -0.39131004399618746
      ],
      [
        -0.39131004399618746
      ],
      [
        0.0
      ]
    ],
    "vwap": [
      [
        0.0
      ],
      [
        0.0
      ],
      [
        0.0
      ],
      [
        0.0
      ],
      [
        0.0
      ],
      [
        0.0
      ]
    ]
  },
  "counts": {
    "trend": 1,
    "breakout": 0,
    "reversion": 8,
    "vwap": 0
  },
  "reward_sum": {
    "trend": 0.052968443287643045,
    "breakout": 0.0,
    "reversion": -0.39131004399618746,
    "vwap": 0.0
  },
  "disabled_until": {
    "trend": 0.0,
    "breakout": 0.0,
    "reversion": 0.0,
    "vwap": 0.0
  },
  "_snapshot_time": "2025-09-24T11:55:00.411952"
}