{
  "arms": [
    "trend",
    "breakout",
    "reversion",
    "vwap"
  ],
  "d": 6,
  "alpha": 0.6,
  "alpha_base": 0.6,
  "alpha_boost_until": 0.0,
  "A": {
    "trend": [
      [
        1.0299407916061996,
        0.017993121084826823,
        0.32750307202491463,
        0.07019176668405003,
        0.07019176668405003,
        0.0
      ],
      [
        0.017993121084826823,
        1.0108130877309929,
        0.19681518471865372,
        0.04218221661322001,
        0.04218221661322001,
        0.0
      ],
      [
        0.32750307202491463,
        0.19681518471865372,
        4.582345570433906,
        0.7677826131731877,
        0.7677826131731877,
        0.0
      ],
      [
        0.07019176668405003,
        0.04218221661322001,
        0.7677826131731877,
        1.16455423674262,
        0.16455423674261854,
        0.0
      ],
      [
        0.07019176668405003,
        0.04218221661322001,
        0.7677826131731877,
        0.16455423674261854,
        1.16455423674262,
        0.0
      ],
      [
        0.0,
        0.0,
        0.0,
        0.0,
        0.0,
        1.0
      ]
    ],
    "breakout": [
      [
        1.0,
        0.0,
        0.0,
        0.0,
        0.0,
        0.0
      ],
      [
        0.0,
        1.0,
        0.0,
        0.0,
        0.0,
        0.0
      ],
      [
        0.0,
        0.0,
        1.0,
        0.0,
        0.0,
        0.0
      ],
      [
        0.0,
        0.0,
        0.0,
        1.0,
        0.0,
        0.0
      ],
      [
        0.0,
        0.0,
        0.0,
        0.0,
        1.0,
        0.0
      ],
      [
        0.0,
        0.0,
        0.0,
        0.0,
        0.0,
        1.0
      ]
    ],
    "reversion": [
      [
        1.3452931456229935,
        0.02250056317452352,
        0.5799329026072532,
        1.0848560690771005,
        1.0848560690771005,
        0.0
      ],
      [
        0.02250056317452352,
        1.0017992523224188,
        0.04580811519150847,
        0.07528002769319234,
        0.07528002769319234,
        0.0
      ],
      [
        0.5799329026072532,
        0.04580811519150847,
        2.239305761939057,
        1.9423256641956468,
        1.9423256641956468,
        0.0
      ],
      [
        1.0848560690771005,
        0.07528002769319234,
        1.9423256641956468,
        4.48707065923141,
        3.4870706592314247,
        0.0
      ],
      [
        1.0848560690771005,
        0.07528002769319234,
        1.9423256641956468,
        3.4870706592314247,
        4.48707065923141,
        0.0
      ],
      [
        0.0,
        0.0,
        0.0,
        0.0,
        0.0,
        1.0
      ]
    ],
    "vwap": [
      [
        1.0,
        0.0,
        0.0,
        0.0,
        0.0,
        0.0
      ],
      [
        0.0,
        1.0,
        0.0,
        0.0,
        0.0,
        0.0
      ],
      [
        0.0,
        0.0,
        1.0,
        0.0,
        0.0,
        0.0
      ],
      [
        0.0,
        0.0,
        0.0,
        1.0,
        0.0,
        0.0
      ],
      [
        0.0,
        0.0,
        0.0,
        0.0,
        1.0,
        0.0
      ],
      [
        0.0,
        0.0,
        0.0,
        0.0,
        0.0,
        1.0
      ]
    ]
  },
  "b": {
    "trend": [
      [
        0.07156253937149548
      ],
      [
        0.04300599172475953
      ],
      [
        0.7827766144037118
      ],
      [
        0.16776781098339166
      ],
      [
        0.16776781098339166
      ],
      [
        0.0
      ]
    ],
    "breakout": [
      [
        0.0
      ],
      [
        0.0
      ],
      [
        0.0
      ],
      [
        0.0
      ],
      [
        0.0
      ],
      [
        0.0
      ]
    ],
    "reversion": [
      [
        -0.009870004368308871
      ],
      [
        -0.07145679502462483
      ],
      [
        -1.9681314141497022
      ],
      [
        -1.2394026598167047
      ],
      [
        -1.2394026598167047
      ],
      [
        0.0
      ]
    ],
    "vwap": [
      [
        0.0
      ],
      [
        0.0
      ],
      [
        0.0
      ],
      [
        0.0
      ],
      [
        0.0
      ],
      [
        0.0
      ]
    ]
  },
  "counts": {
    "trend": 1,
    "breakout": 0,
    "reversion": 8,
    "vwap": 0
  },
  "reward_sum": {
    "trend": 0.16776781098339166,
    "breakout": 0.0,
    "reversion": -1.2394026598167047,
    "vwap": 0.0
  },
  "disabled_until": {
    "trend": 0.0,
    "breakout": 0.0,
    "reversion": 0.0,
    "vwap": 0.0
  },
  "_snapshot_time": "2025-09-22T14:44:00.985131"
}