{
  "arms": [
    "trend",
    "breakout",
    "reversion",
    "vwap"
  ],
  "d": 6,
  "alpha": 0.6,
  "alpha_base": 0.6,
  "alpha_boost_until": 0.0,
  "A": {
    "trend": [
      [
        1.0123295881657826,
        0.007409549343612294,
        0.13486543890373495,
        0.028904899617408206,
        0.028904899617408206,
        0.0
      ],
      [
        0.007409549343612294,
        1.0044528187590078,
        0.08104829706141377,
        0.017370594792593435,
        0.017370594792593435,
        0.0
      ],
      [
        0.13486543890373495,
        0.08104829706141377,
        2.4752063382924856,
        0.31617211547982416,
        0.31617211547982416,
        0.0
      ],
      [
        0.028904899617408206,
        0.017370594792593435,
        0.31617211547982416,
        1.0677632708131481,
        0.0677632708131484,
        0.0
      ],
      [
        0.028904899617408206,
        0.017370594792593435,
        0.31617211547982416,
        0.0677632708131484,
        1.0677632708131481,
        0.0
      ],
      [
        0.0,
        0.0,
        0.0,
        0.0,
        0.0,
        1.0
      ]
    ],
    "breakout": [
      [
        1.0,
        0.0,
        0.0,
        0.0,
        0.0,
        0.0
      ],
      [
        0.0,
        1.0,
        0.0,
        0.0,
        0.0,
        0.0
      ],
      [
        0.0,
        0.0,
        1.0,
        0.0,
        0.0,
        0.0
      ],
      [
        0.0,
        0.0,
        0.0,
        1.0,
        0.0,
        0.0
      ],
      [
        0.0,
        0.0,
        0.0,
        0.0,
        1.0,
        0.0
      ],
      [
        0.0,
        0.0,
        0.0,
        0.0,
        0.0,
        1.0
      ]
    ],
    "reversion": [
      [
        1.1421913734945188,
        0.009265709507245416,
        0.23881579174589865,
        0.446742648851652,
        0.446742648851652,
        0.0
      ],
      [
        0.009265709507245416,
        1.0007409303145203,
        0.018863736216146565,
        0.031000240433638925,
        0.031000240433638925,
        0.0
      ],
      [
        0.23881579174589865,
        0.018863736216146565,
        1.5103448785577274,
        0.799847774178456,
        0.799847774178456,
        0.0
      ],
      [
        0.446742648851652,
        0.031000240433638925,
        0.799847774178456,
        2.4359722247423674,
        1.4359722247423847,
        0.0
      ],
      [
        0.446742648851652,
        0.031000240433638925,
        0.799847774178456,
        1.4359722247423847,
        2.4359722247423674,
        0.0
      ],
      [
        0.0,
        0.0,
        0.0,
        0.0,
        0.0,
        1.0
      ]
    ],
    "vwap": [
      [
        1.0,
        0.0,
        0.0,
        0.0,
        0.0,
        0.0
      ],
      [
        0.0,
        1.0,
        0.0,
        0.0,
        0.0,
        0.0
      ],
      [
        0.0,
        0.0,
        1.0,
        0.0,
        0.0,
        0.0
      ],
      [
        0.0,
        0.0,
        0.0,
        1.0,
        0.0,
        0.0
      ],
      [
        0.0,
        0.0,
        0.0,
        0.0,
        1.0,
        0.0
      ],
      [
        0.0,
        0.0,
        0.0,
        0.0,
        0.0,
        1.0
      ]
    ]
  },
  "b": {
    "trend": [
      [
        0.029469382444963235
      ],
      [
        0.017709824563138306
      ],
      [
        0.32234663025421967
      ],
      [
        0.06908661748514132
      ],
      [
        0.06908661748514132
      ],
      [
        0.0
      ]
    ],
    "breakout": [
      [
        0.0
      ],
      [
        0.0
      ],
      [
        0.0
      ],
      [
        0.0
      ],
      [
        0.0
      ],
      [
        0.0
      ]
    ],
    "reversion": [
      [
        -0.004064457969458355
      ],
      [
        -0.029425837028231337
      ],
      [
        -0.8104745563099189
      ],
      [
        -0.5103847810072455
      ],
      [
        -0.5103847810072455
      ],
      [
        0.0
      ]
    ],
    "vwap": [
      [
        0.0
      ],
      [
        0.0
      ],
      [
        0.0
      ],
      [
        0.0
      ],
      [
        0.0
      ],
      [
        0.0
      ]
    ]
  },
  "counts": {
    "trend": 1,
    "breakout": 0,
    "reversion": 8,
    "vwap": 0
  },
  "reward_sum": {
    "trend": 0.06908661748514132,
    "breakout": 0.0,
    "reversion": -0.5103847810072455,
    "vwap": 0.0
  },
  "disabled_until": {
    "trend": 0.0,
    "breakout": 0.0,
    "reversion": 0.0,
    "vwap": 0.0
  },
  "_snapshot_time": "2025-09-24T03:06:00.743431"
}