{
  "arms": [
    "trend",
    "breakout",
    "reversion",
    "vwap"
  ],
  "d": 6,
  "alpha": 0.6,
  "alpha_base": 0.6,
  "alpha_boost_until": 0.0,
  "A": {
    "trend": [
      [
        1.0046625793419257,
        0.002802008569789625,
        0.05100095809504038,
        0.010930729074192475,
        0.010930729074192475,
        0.0
      ],
      [
        0.002802008569789625,
        1.0016838859887214,
        0.030649370481447093,
        0.006568895517667346,
        0.006568895517667346,
        0.0
      ],
      [
        0.05100095809504038,
        0.030649370481447093,
        1.5578666947763802,
        0.11956421855355115,
        0.11956421855355115,
        0.0
      ],
      [
        0.010930729074192475,
        0.006568895517667346,
        0.11956421855355115,
        1.0256254809476495,
        0.02562548094765099,
        0.0
      ],
      [
        0.010930729074192475,
        0.006568895517667346,
        0.11956421855355115,
        0.02562548094765099,
        1.0256254809476495,
        0.0
      ],
      [
        0.0,
        0.0,
        0.0,
        0.0,
        0.0,
        1.0
      ]
    ],
    "breakout": [
      [
        1.0,
        0.0,
        0.0,
        0.0,
        0.0,
        0.0
      ],
      [
        0.0,
        1.0,
        0.0,
        0.0,
        0.0,
        0.0
      ],
      [
        0.0,
        0.0,
        1.0,
        0.0,
        0.0,
        0.0
      ],
      [
        0.0,
        0.0,
        0.0,
        1.0,
        0.0,
        0.0
      ],
      [
        0.0,
        0.0,
        0.0,
        0.0,
        1.0,
        0.0
      ],
      [
        0.0,
        0.0,
        0.0,
        0.0,
        0.0,
        1.0
      ]
    ],
    "reversion": [
      [
        1.1244901748057181,
        0.011563122132601321,
        0.4690416992361308,
        0.4000483736978547,
        0.4000483736978547,
        0.0
      ],
      [
        0.011563122132601321,
        1.0011986238725183,
        0.05029405277677968,
        0.038060321480376705,
        0.038060321480376705,
        0.0
      ],
      [
        0.4690416992361308,
        0.05029405277677968,
        3.2212637413657235,
        1.540154321858962,
        1.540154321858962,
        0.0
      ],
      [
        0.4000483736978547,
        0.038060321480376705,
        1.540154321858962,
        2.2982829605613615,
        1.2982829605613755,
        0.0
      ],
      [
        0.4000483736978547,
        0.038060321480376705,
        1.540154321858962,
        1.2982829605613755,
        2.2982829605613615,
        0.0
      ],
      [
        0.0,
        0.0,
        0.0,
        0.0,
        0.0,
        1.0
      ]
    ],
    "vwap": [
      [
        1.0,
        0.0,
        0.0,
        0.0,
        0.0,
        0.0
      ],
      [
        0.0,
        1.0,
        0.0,
        0.0,
        0.0,
        0.0
      ],
      [
        0.0,
        0.0,
        1.0,
        0.0,
        0.0,
        0.0
      ],
      [
        0.0,
        0.0,
        0.0,
        1.0,
        0.0,
        0.0
      ],
      [
        0.0,
        0.0,
        0.0,
        0.0,
        1.0,
        0.0
      ],
      [
        0.0,
        0.0,
        0.0,
        0.0,
        0.0,
        1.0
      ]
    ]
  },
  "b": {
    "trend": [
      [
        0.011144194920353791
      ],
      [
        0.006697179260728445
      ],
      [
        0.12189918421877938
      ],
      [
        0.026125920116589593
      ],
      [
        0.026125920116589593
      ],
      [
        0.0
      ]
    ],
    "breakout": [
      [
        0.0
      ],
      [
        0.0
      ],
      [
        0.0
      ],
      [
        0.0
      ],
      [
        0.0
      ],
      [
        0.0
      ]
    ],
    "reversion": [
      [
        -0.2631159607827011
      ],
      [
        -0.04093751144229547
      ],
      [
        -1.7073617456676329
      ],
      [
        -1.0478414766016284
      ],
      [
        -1.0478414766016284
      ],
      [
        0.0
      ]
    ],
    "vwap": [
      [
        0.0
      ],
      [
        0.0
      ],
      [
        0.0
      ],
      [
        0.0
      ],
      [
        0.0
      ],
      [
        0.0
      ]
    ]
  },
  "counts": {
    "trend": 1,
    "breakout": 0,
    "reversion": 9,
    "vwap": 0
  },
  "reward_sum": {
    "trend": 0.026125920116589593,
    "breakout": 0.0,
    "reversion": -1.0478414766016284,
    "vwap": 0.0
  },
  "disabled_until": {
    "trend": 0.0,
    "breakout": 0.0,
    "reversion": 0.0,
    "vwap": 0.0
  },
  "_snapshot_time": "2025-09-25T20:03:00.113183"
}