{
  "arms": [
    "trend",
    "breakout",
    "reversion",
    "vwap"
  ],
  "d": 6,
  "alpha": 0.6,
  "alpha_base": 0.6,
  "alpha_boost_until": 0.0,
  "A": {
    "trend": [
      [
        1.0517067780892146,
        0.031073537777567464,
        0.5655872059582445,
        0.12121890935143573,
        0.12121890935143573,
        0.0
      ],
      [
        0.031073537777567464,
        1.0186738525527135,
        0.3398934542107466,
        0.07284732289039894,
        0.07284732289039894,
        0.0
      ],
      [
        0.5655872059582445,
        0.3398934542107466,
        7.186594859801732,
        1.325935724153781,
        1.325935724153781,
        0.0
      ],
      [
        0.12121890935143573,
        0.07284732289039894,
        1.325935724153781,
        1.2841798411612113,
        0.28417984116121187,
        0.0
      ],
      [
        0.12121890935143573,
        0.07284732289039894,
        1.325935724153781,
        0.28417984116121187,
        1.2841798411612113,
        0.0
      ],
      [
        0.0,
        0.0,
        0.0,
        0.0,
        0.0,
        1.0
      ]
    ],
    "breakout": [
      [
        1.0,
        0.0,
        0.0,
        0.0,
        0.0,
        0.0
      ],
      [
        0.0,
        1.0,
        0.0,
        0.0,
        0.0,
        0.0
      ],
      [
        0.0,
        0.0,
        1.0,
        0.0,
        0.0,
        0.0
      ],
      [
        0.0,
        0.0,
        0.0,
        1.0,
        0.0,
        0.0
      ],
      [
        0.0,
        0.0,
        0.0,
        0.0,
        1.0,
        0.0
      ],
      [
        0.0,
        0.0,
        0.0,
        0.0,
        0.0,
        1.0
      ]
    ],
    "reversion": [
      [
        1.4431837030594732,
        0.031319201136720626,
        0.7924209383065346,
        1.4398488311743063,
        1.4398488311743063,
        0.0
      ],
      [
        0.031319201136720626,
        1.0027361215783683,
        0.06881474264651948,
        0.10865659508089967,
        0.10865659508089967,
        0.0
      ],
      [
        0.7924209383065346,
        0.06881474264651948,
        2.85469474561224,
        2.762138153764539,
        2.762138153764539,
        0.0
      ],
      [
        1.4398488311743063,
        0.10865659508089967,
        2.762138153764539,
        5.79390173287363,
        4.793901732873639,
        0.0
      ],
      [
        1.4398488311743063,
        0.10865659508089967,
        2.762138153764539,
        4.793901732873639,
        5.79390173287363,
        0.0
      ],
      [
        0.0,
        0.0,
        0.0,
        0.0,
        0.0,
        1.0
      ]
    ],
    "vwap": [
      [
        1.0,
        0.0,
        0.0,
        0.0,
        0.0,
        0.0
      ],
      [
        0.0,
        1.0,
        0.0,
        0.0,
        0.0,
        0.0
      ],
      [
        0.0,
        0.0,
        1.0,
        0.0,
        0.0,
        0.0
      ],
      [
        0.0,
        0.0,
        0.0,
        1.0,
        0.0,
        0.0
      ],
      [
        0.0,
        0.0,
        0.0,
        0.0,
        1.0,
        0.0
      ],
      [
        0.0,
        0.0,
        0.0,
        0.0,
        0.0,
        1.0
      ]
    ]
  },
  "b": {
    "trend": [
      [
        0.12358618941846714
      ],
      [
        0.07426995584706982
      ],
      [
        1.3518298790075758
      ],
      [
        0.28972957986973896
      ],
      [
        0.28972957986973896
      ],
      [
        0.0
      ]
    ],
    "breakout": [
      [
        0.0
      ],
      [
        0.0
      ],
      [
        0.0
      ],
      [
        0.0
      ],
      [
        0.0
      ],
      [
        0.0
      ]
    ],
    "reversion": [
      [
        -0.45760874485697234
      ],
      [
        -0.1450928946642775
      ],
      [
        -4.000518548035448
      ],
      [
        -3.3881089569433795
      ],
      [
        -3.3881089569433795
      ],
      [
        0.0
      ]
    ],
    "vwap": [
      [
        0.0
      ],
      [
        0.0
      ],
      [
        0.0
      ],
      [
        0.0
      ],
      [
        0.0
      ],
      [
        0.0
      ]
    ]
  },
  "counts": {
    "trend": 1,
    "breakout": 0,
    "reversion": 7,
    "vwap": 0
  },
  "reward_sum": {
    "trend": 0.28972957986973896,
    "breakout": 0.0,
    "reversion": -3.3881089569433795,
    "vwap": 0.0
  },
  "disabled_until": {
    "trend": 0.0,
    "breakout": 0.0,
    "reversion": 0.0,
    "vwap": 0.0
  },
  "_snapshot_time": "2025-09-19T13:13:00.004960"
}