{
  "arms": [
    "trend",
    "breakout",
    "reversion",
    "vwap"
  ],
  "d": 6,
  "alpha": 0.6,
  "alpha_base": 0.6,
  "alpha_boost_until": 0.0,
  "A": {
    "trend": [
      [
        1.0100895500799831,
        0.0060633833155882885,
        0.11036310228548046,
        0.02365346095306574,
        0.02365346095306574,
        0.0
      ],
      [
        0.0060633833155882885,
        1.0036438311857634,
        0.06632345225997774,
        0.014214707232910897,
        0.014214707232910897,
        0.0
      ],
      [
        0.11036310228548046,
        0.06632345225997774,
        2.2071910292849193,
        0.25873000380344463,
        0.25873000380344463,
        0.0
      ],
      [
        0.02365346095306574,
        0.014214707232910897,
        0.25873000380344463,
        1.0554520479727079,
        0.0554520479727078,
        0.0
      ],
      [
        0.02365346095306574,
        0.014214707232910897,
        0.25873000380344463,
        0.0554520479727078,
        1.0554520479727079,
        0.0
      ],
      [
        0.0,
        0.0,
        0.0,
        0.0,
        0.0,
        1.0
      ]
    ],
    "breakout": [
      [
        1.0,
        0.0,
        0.0,
        0.0,
        0.0,
        0.0
      ],
      [
        0.0,
        1.0,
        0.0,
        0.0,
        0.0,
        0.0
      ],
      [
        0.0,
        0.0,
        1.0,
        0.0,
        0.0,
        0.0
      ],
      [
        0.0,
        0.0,
        0.0,
        1.0,
        0.0,
        0.0
      ],
      [
        0.0,
        0.0,
        0.0,
        0.0,
        1.0,
        0.0
      ],
      [
        0.0,
        0.0,
        0.0,
        0.0,
        0.0,
        1.0
      ]
    ],
    "reversion": [
      [
        1.1163580619664155,
        0.007582316525330018,
        0.19542776760362957,
        0.365578498474274,
        0.365578498474274,
        0.0
      ],
      [
        0.007582316525330018,
        1.0006063181846476,
        0.015436574903336855,
        0.025368120503387416,
        0.025368120503387416,
        0.0
      ],
      [
        0.19542776760362957,
        0.015436574903336855,
        1.4176254827846613,
        0.6545315273654307,
        0.6545315273654307,
        0.0
      ],
      [
        0.365578498474274,
        0.025368120503387416,
        0.6545315273654307,
        2.1750849647363695,
        1.175084964736387,
        0.0
      ],
      [
        0.365578498474274,
        0.025368120503387416,
        0.6545315273654307,
        1.175084964736387,
        2.1750849647363695,
        0.0
      ],
      [
        0.0,
        0.0,
        0.0,
        0.0,
        0.0,
        1.0
      ]
    ],
    "vwap": [
      [
        1.0,
        0.0,
        0.0,
        0.0,
        0.0,
        0.0
      ],
      [
        0.0,
        1.0,
        0.0,
        0.0,
        0.0,
        0.0
      ],
      [
        0.0,
        0.0,
        1.0,
        0.0,
        0.0,
        0.0
      ],
      [
        0.0,
        0.0,
        0.0,
        1.0,
        0.0,
        0.0
      ],
      [
        0.0,
        0.0,
        0.0,
        0.0,
        1.0,
        0.0
      ],
      [
        0.0,
        0.0,
        0.0,
        0.0,
        0.0,
        1.0
      ]
    ]
  },
  "b": {
    "trend": [
      [
        0.024115388608825793
      ],
      [
        0.014492305779797666
      ],
      [
        0.2637827334808842
      ],
      [
        0.05653496918148804
      ],
      [
        0.05653496918148804
      ],
      [
        0.0
      ]
    ],
    "breakout": [
      [
        0.0
      ],
      [
        0.0
      ],
      [
        0.0
      ],
      [
        0.0
      ],
      [
        0.0
      ],
      [
        0.0
      ]
    ],
    "reversion": [
      [
        -0.003326027737458734
      ],
      [
        -0.02407975451813576
      ],
      [
        -0.663227637005331
      ],
      [
        -0.4176581357619805
      ],
      [
        -0.4176581357619805
      ],
      [
        0.0
      ]
    ],
    "vwap": [
      [
        0.0
      ],
      [
        0.0
      ],
      [
        0.0
      ],
      [
        0.0
      ],
      [
        0.0
      ],
      [
        0.0
      ]
    ]
  },
  "counts": {
    "trend": 1,
    "breakout": 0,
    "reversion": 8,
    "vwap": 0
  },
  "reward_sum": {
    "trend": 0.05653496918148804,
    "breakout": 0.0,
    "reversion": -0.4176581357619805,
    "vwap": 0.0
  },
  "disabled_until": {
    "trend": 0.0,
    "breakout": 0.0,
    "reversion": 0.0,
    "vwap": 0.0
  },
  "_snapshot_time": "2025-09-24T09:42:00.134022"
}