{
  "arms": [
    "trend",
    "breakout",
    "reversion",
    "vwap"
  ],
  "d": 6,
  "alpha": 0.6,
  "alpha_base": 0.6,
  "alpha_boost_until": 0.0,
  "A": {
    "trend": [
      [
        1.0574463951922861,
        0.034522799469590436,
        0.6283691877517189,
        0.134674594486733,
        0.134674594486733,
        0.0
      ],
      [
        0.034522799469590436,
        1.0207467096800102,
        0.37762271051141966,
        0.0809336078191037,
        0.0809336078191037,
        0.0
      ],
      [
        0.6283691877517189,
        0.37762271051141966,
        7.873326599416704,
        1.4731188138987175,
        1.4731188138987175,
        0.0
      ],
      [
        0.134674594486733,
        0.0809336078191037,
        1.4731188138987175,
        1.315724708912645,
        0.3157247089126454,
        0.0
      ],
      [
        0.134674594486733,
        0.0809336078191037,
        1.4731188138987175,
        0.3157247089126454,
        1.315724708912645,
        0.0
      ],
      [
        0.0,
        0.0,
        0.0,
        0.0,
        0.0,
        1.0
      ]
    ],
    "breakout": [
      [
        1.0,
        0.0,
        0.0,
        0.0,
        0.0,
        0.0
      ],
      [
        0.0,
        1.0,
        0.0,
        0.0,
        0.0,
        0.0
      ],
      [
        0.0,
        0.0,
        1.0,
        0.0,
        0.0,
        0.0
      ],
      [
        0.0,
        0.0,
        0.0,
        1.0,
        0.0,
        0.0
      ],
      [
        0.0,
        0.0,
        0.0,
        0.0,
        1.0,
        0.0
      ],
      [
        0.0,
        0.0,
        0.0,
        0.0,
        0.0,
        1.0
      ]
    ],
    "reversion": [
      [
        1.443967052181336,
        0.0270941018902873,
        0.7109061060158263,
        1.3779900392689166,
        1.3779900392689166,
        0.0
      ],
      [
        0.0270941018902873,
        1.001814610937671,
        0.0494919661477243,
        0.08545037921040262,
        0.08545037921040262,
        0.0
      ],
      [
        0.7109061060158263,
        0.0494919661477243,
        2.4672794872016524,
        2.2926763733709428,
        2.2926763733709428,
        0.0
      ],
      [
        1.3779900392689166,
        0.08545037921040262,
        2.2926763733709428,
        5.310888838908955,
        4.310888838908964,
        0.0
      ],
      [
        1.3779900392689166,
        0.08545037921040262,
        2.2926763733709428,
        4.310888838908964,
        5.310888838908955,
        0.0
      ],
      [
        0.0,
        0.0,
        0.0,
        0.0,
        0.0,
        1.0
      ]
    ],
    "vwap": [
      [
        1.0,
        0.0,
        0.0,
        0.0,
        0.0,
        0.0
      ],
      [
        0.0,
        1.0,
        0.0,
        0.0,
        0.0,
        0.0
      ],
      [
        0.0,
        0.0,
        1.0,
        0.0,
        0.0,
        0.0
      ],
      [
        0.0,
        0.0,
        0.0,
        1.0,
        0.0,
        0.0
      ],
      [
        0.0,
        0.0,
        0.0,
        0.0,
        1.0,
        0.0
      ],
      [
        0.0,
        0.0,
        0.0,
        0.0,
        0.0,
        1.0
      ]
    ]
  },
  "b": {
    "trend": [
      [
        0.13730465018323895
      ],
      [
        0.08251415756640137
      ],
      [
        1.5018873024387447
      ],
      [
        0.3218904862990048
      ],
      [
        0.3218904862990048
      ],
      [
        0.0
      ]
    ],
    "breakout": [
      [
        0.0
      ],
      [
        0.0
      ],
      [
        0.0
      ],
      [
        0.0
      ],
      [
        0.0
      ],
      [
        0.0
      ]
    ],
    "reversion": [
      [
        0.6695992291724636
      ],
      [
        0.026206391045753605
      ],
      [
        -0.32069903206796996
      ],
      [
        1.6301372495396906
      ],
      [
        1.6301372495396906
      ],
      [
        0.0
      ]
    ],
    "vwap": [
      [
        0.0
      ],
      [
        0.0
      ],
      [
        0.0
      ],
      [
        0.0
      ],
      [
        0.0
      ],
      [
        0.0
      ]
    ]
  },
  "counts": {
    "trend": 1,
    "breakout": 0,
    "reversion": 6,
    "vwap": 0
  },
  "reward_sum": {
    "trend": 0.3218904862990048,
    "breakout": 0.0,
    "reversion": 1.6301372495396906,
    "vwap": 0.0
  },
  "disabled_until": {
    "trend": 0.0,
    "breakout": 0.0,
    "reversion": 0.0,
    "vwap": 0.0
  },
  "_snapshot_time": "2025-09-19T09:36:00.325831"
}