{
  "arms": [
    "trend",
    "breakout",
    "reversion",
    "vwap"
  ],
  "d": 6,
  "alpha": 0.6,
  "alpha_base": 0.6,
  "alpha_boost_until": 0.0,
  "A": {
    "trend": [
      [
        1.027220858165514,
        0.01635855869968296,
        0.29775146861896556,
        0.0638152841923441,
        0.0638152841923441,
        0.0
      ],
      [
        0.01635855869968296,
        1.0098307864176728,
        0.17893575756148636,
        0.038350226361339605,
        0.038350226361339605,
        0.0
      ],
      [
        0.29775146861896556,
        0.17893575756148636,
        4.256911906512426,
        0.6980343703006011,
        0.6980343703006011,
        0.0
      ],
      [
        0.0638152841923441,
        0.038350226361339605,
        0.6980343703006011,
        1.1496055147044872,
        0.14960551470448571,
        0.0
      ],
      [
        0.0638152841923441,
        0.038350226361339605,
        0.6980343703006011,
        0.14960551470448571,
        1.1496055147044872,
        0.0
      ],
      [
        0.0,
        0.0,
        0.0,
        0.0,
        0.0,
        1.0
      ]
    ],
    "breakout": [
      [
        1.0,
        0.0,
        0.0,
        0.0,
        0.0,
        0.0
      ],
      [
        0.0,
        1.0,
        0.0,
        0.0,
        0.0,
        0.0
      ],
      [
        0.0,
        0.0,
        1.0,
        0.0,
        0.0,
        0.0
      ],
      [
        0.0,
        0.0,
        0.0,
        1.0,
        0.0,
        0.0
      ],
      [
        0.0,
        0.0,
        0.0,
        0.0,
        1.0,
        0.0
      ],
      [
        0.0,
        0.0,
        0.0,
        0.0,
        0.0,
        1.0
      ]
    ],
    "reversion": [
      [
        1.3139254254246735,
        0.02045652789925135,
        0.5272496297031157,
        0.9863036881172559,
        0.9863036881172559,
        0.0
      ],
      [
        0.02045652789925135,
        1.0016358015150946,
        0.04164673475765375,
        0.06844130854937211,
        0.06844130854937211,
        0.0
      ],
      [
        0.5272496297031157,
        0.04164673475765375,
        2.1267225934821994,
        1.7658775396359192,
        1.7658775396359192,
        0.0
      ],
      [
        0.9863036881172559,
        0.06844130854937211,
        1.7658775396359192,
        4.170292124420956,
        3.170292124420971,
        0.0
      ],
      [
        0.9863036881172559,
        0.06844130854937211,
        1.7658775396359192,
        3.170292124420971,
        4.170292124420956,
        0.0
      ],
      [
        0.0,
        0.0,
        0.0,
        0.0,
        0.0,
        1.0
      ]
    ],
    "vwap": [
      [
        1.0,
        0.0,
        0.0,
        0.0,
        0.0,
        0.0
      ],
      [
        0.0,
        1.0,
        0.0,
        0.0,
        0.0,
        0.0
      ],
      [
        0.0,
        0.0,
        1.0,
        0.0,
        0.0,
        0.0
      ],
      [
        0.0,
        0.0,
        0.0,
        1.0,
        0.0,
        0.0
      ],
      [
        0.0,
        0.0,
        0.0,
        0.0,
        1.0,
        0.0
      ],
      [
        0.0,
        0.0,
        0.0,
        0.0,
        0.0,
        1.0
      ]
    ]
  },
  "b": {
    "trend": [
      [
        0.06506153076434147
      ],
      [
        0.03909916666213162
      ],
      [
        0.7116662604055081
      ],
      [
        0.1525271558475449
      ],
      [
        0.1525271558475449
      ],
      [
        0.0
      ]
    ],
    "breakout": [
      [
        0.0
      ],
      [
        0.0
      ],
      [
        0.0
      ],
      [
        0.0
      ],
      [
        0.0
      ],
      [
        0.0
      ]
    ],
    "reversion": [
      [
        -0.008973376273294935
      ],
      [
        -0.06496539262925707
      ],
      [
        -1.789338998791481
      ],
      [
        -1.1268106887943992
      ],
      [
        -1.1268106887943992
      ],
      [
        0.0
      ]
    ],
    "vwap": [
      [
        0.0
      ],
      [
        0.0
      ],
      [
        0.0
      ],
      [
        0.0
      ],
      [
        0.0
      ],
      [
        0.0
      ]
    ]
  },
  "counts": {
    "trend": 1,
    "breakout": 0,
    "reversion": 8,
    "vwap": 0
  },
  "reward_sum": {
    "trend": 0.1525271558475449,
    "breakout": 0.0,
    "reversion": -1.1268106887943992,
    "vwap": 0.0
  },
  "disabled_until": {
    "trend": 0.0,
    "breakout": 0.0,
    "reversion": 0.0,
    "vwap": 0.0
  },
  "_snapshot_time": "2025-09-22T18:08:00.973201"
}