{
  "arms": [
    "trend",
    "breakout",
    "reversion",
    "vwap"
  ],
  "d": 6,
  "alpha": 0.6,
  "alpha_base": 0.6,
  "alpha_boost_until": 0.0,
  "A": {
    "trend": [
      [
        1.0565890005632417,
        0.03400754237215687,
        0.6189906990783761,
        0.13266455932969418,
        0.13266455932969418,
        0.0
      ],
      [
        0.03400754237215687,
        1.0204370624446977,
        0.3719866443541979,
        0.0797256636057026,
        0.0797256636057026,
        0.0
      ],
      [
        0.6189906990783761,
        0.3719866443541979,
        7.770741340754585,
        1.4511323314614273,
        1.4511323314614273,
        0.0
      ],
      [
        0.13266455932969418,
        0.0797256636057026,
        1.4511323314614273,
        1.311012478166535,
        0.31101247816653554,
        0.0
      ],
      [
        0.13266455932969418,
        0.0797256636057026,
        1.4511323314614273,
        0.31101247816653554,
        1.311012478166535,
        0.0
      ],
      [
        0.0,
        0.0,
        0.0,
        0.0,
        0.0,
        1.0
      ]
    ],
    "breakout": [
      [
        1.0,
        0.0,
        0.0,
        0.0,
        0.0,
        0.0
      ],
      [
        0.0,
        1.0,
        0.0,
        0.0,
        0.0,
        0.0
      ],
      [
        0.0,
        0.0,
        1.0,
        0.0,
        0.0,
        0.0
      ],
      [
        0.0,
        0.0,
        0.0,
        1.0,
        0.0,
        0.0
      ],
      [
        0.0,
        0.0,
        0.0,
        0.0,
        1.0,
        0.0
      ],
      [
        0.0,
        0.0,
        0.0,
        0.0,
        0.0,
        1.0
      ]
    ],
    "reversion": [
      [
        1.4373407884316478,
        0.026689719032812028,
        0.7002957435202768,
        1.357423365684073,
        1.357423365684073,
        0.0
      ],
      [
        0.026689719032812028,
        1.0017875276426,
        0.04875329236647375,
        0.08417502161938996,
        0.08417502161938996,
        0.0
      ],
      [
        0.7002957435202768,
        0.04875329236647375,
        2.445380157445231,
        2.258457891913835,
        2.258457891913835,
        0.0
      ],
      [
        1.357423365684073,
        0.08417502161938996,
        2.258457891913835,
        5.246548284127133,
        4.246548284127142,
        0.0
      ],
      [
        1.357423365684073,
        0.08417502161938996,
        2.258457891913835,
        4.246548284127142,
        5.246548284127133,
        0.0
      ],
      [
        0.0,
        0.0,
        0.0,
        0.0,
        0.0,
        1.0
      ]
    ],
    "vwap": [
      [
        1.0,
        0.0,
        0.0,
        0.0,
        0.0,
        0.0
      ],
      [
        0.0,
        1.0,
        0.0,
        0.0,
        0.0,
        0.0
      ],
      [
        0.0,
        0.0,
        1.0,
        0.0,
        0.0,
        0.0
      ],
      [
        0.0,
        0.0,
        0.0,
        1.0,
        0.0,
        0.0
      ],
      [
        0.0,
        0.0,
        0.0,
        0.0,
        1.0,
        0.0
      ],
      [
        0.0,
        0.0,
        0.0,
        0.0,
        0.0,
        1.0
      ]
    ]
  },
  "b": {
    "trend": [
      [
        0.1352553611161728
      ],
      [
        0.08128262345045315
      ],
      [
        1.4794714467139336
      ],
      [
        0.3170862305546814
      ],
      [
        0.3170862305546814
      ],
      [
        0.0
      ]
    ],
    "breakout": [
      [
        0.0
      ],
      [
        0.0
      ],
      [
        0.0
      ],
      [
        0.0
      ],
      [
        0.0
      ],
      [
        0.0
      ]
    ],
    "reversion": [
      [
        0.6596053769771609
      ],
      [
        0.02581525738359685
      ],
      [
        -0.31591255892697645
      ],
      [
        1.6058072473231544
      ],
      [
        1.6058072473231544
      ],
      [
        0.0
      ]
    ],
    "vwap": [
      [
        0.0
      ],
      [
        0.0
      ],
      [
        0.0
      ],
      [
        0.0
      ],
      [
        0.0
      ],
      [
        0.0
      ]
    ]
  },
  "counts": {
    "trend": 1,
    "breakout": 0,
    "reversion": 6,
    "vwap": 0
  },
  "reward_sum": {
    "trend": 0.3170862305546814,
    "breakout": 0.0,
    "reversion": 1.6058072473231544,
    "vwap": 0.0
  },
  "disabled_until": {
    "trend": 0.0,
    "breakout": 0.0,
    "reversion": 0.0,
    "vwap": 0.0
  },
  "_snapshot_time": "2025-09-19T10:08:00.615428"
}