{
  "arms": [
    "trend",
    "breakout",
    "reversion",
    "vwap"
  ],
  "d": 6,
  "alpha": 0.6,
  "alpha_base": 0.6,
  "alpha_boost_until": 0.0,
  "A": {
    "trend": [
      [
        1.0482026159126945,
        0.02896768783304081,
        0.5272574285502795,
        0.11300391834009405,
        0.11300391834009405,
        0.0
      ],
      [
        0.02896768783304081,
        1.0174083277951613,
        0.31685891540739874,
        0.0679104685172092,
        0.0679104685172092,
        0.0
      ],
      [
        0.5272574285502795,
        0.31685891540739874,
        6.767330064927698,
        1.2360772184650306,
        1.2360772184650306,
        0.0
      ],
      [
        0.11300391834009405,
        0.0679104685172092,
        1.2360772184650306,
        1.2649210072611656,
        0.2649210072611673,
        0.0
      ],
      [
        0.11300391834009405,
        0.0679104685172092,
        1.2360772184650306,
        0.2649210072611673,
        1.2649210072611656,
        0.0
      ],
      [
        0.0,
        0.0,
        0.0,
        0.0,
        0.0,
        1.0
      ]
    ],
    "breakout": [
      [
        1.0,
        0.0,
        0.0,
        0.0,
        0.0,
        0.0
      ],
      [
        0.0,
        1.0,
        0.0,
        0.0,
        0.0,
        0.0
      ],
      [
        0.0,
        0.0,
        1.0,
        0.0,
        0.0,
        0.0
      ],
      [
        0.0,
        0.0,
        0.0,
        1.0,
        0.0,
        0.0
      ],
      [
        0.0,
        0.0,
        0.0,
        0.0,
        1.0,
        0.0
      ],
      [
        0.0,
        0.0,
        0.0,
        0.0,
        0.0,
        1.0
      ]
    ],
    "reversion": [
      [
        1.4131491964260938,
        0.029196702615680154,
        0.738718665944768,
        1.342270447825755,
        1.342270447825755,
        0.0
      ],
      [
        0.029196702615680154,
        1.002550694945737,
        0.06415117575490521,
        0.1012929506075384,
        0.1012929506075384,
        0.0
      ],
      [
        0.738718665944768,
        0.06415117575490521,
        2.7290023041812206,
        2.574948380925762,
        2.574948380925762,
        0.0
      ],
      [
        1.342270447825755,
        0.1012929506075384,
        2.574948380925762,
        5.4690195849025,
        4.469019584902509,
        0.0
      ],
      [
        1.342270447825755,
        0.1012929506075384,
        2.574948380925762,
        4.469019584902509,
        5.4690195849025,
        0.0
      ],
      [
        0.0,
        0.0,
        0.0,
        0.0,
        0.0,
        1.0
      ]
    ],
    "vwap": [
      [
        1.0,
        0.0,
        0.0,
        0.0,
        0.0,
        0.0
      ],
      [
        0.0,
        1.0,
        0.0,
        0.0,
        0.0,
        0.0
      ],
      [
        0.0,
        0.0,
        1.0,
        0.0,
        0.0,
        0.0
      ],
      [
        0.0,
        0.0,
        0.0,
        1.0,
        0.0,
        0.0
      ],
      [
        0.0,
        0.0,
        0.0,
        0.0,
        1.0,
        0.0
      ],
      [
        0.0,
        0.0,
        0.0,
        0.0,
        0.0,
        1.0
      ]
    ]
  },
  "b": {
    "trend": [
      [
        0.11521076811967243
      ],
      [
        0.06923668980829074
      ],
      [
        1.2602165295365446
      ],
      [
        0.2700946408401419
      ],
      [
        0.2700946408401419
      ],
      [
        0.0
      ]
    ],
    "breakout": [
      [
        0.0
      ],
      [
        0.0
      ],
      [
        0.0
      ],
      [
        0.0
      ],
      [
        0.0
      ],
      [
        0.0
      ]
    ],
    "reversion": [
      [
        -0.42659665486354886
      ],
      [
        -0.13525996651920613
      ],
      [
        -3.7294038837586276
      ],
      [
        -3.15849721752373
      ],
      [
        -3.15849721752373
      ],
      [
        0.0
      ]
    ],
    "vwap": [
      [
        0.0
      ],
      [
        0.0
      ],
      [
        0.0
      ],
      [
        0.0
      ],
      [
        0.0
      ],
      [
        0.0
      ]
    ]
  },
  "counts": {
    "trend": 1,
    "breakout": 0,
    "reversion": 7,
    "vwap": 0
  },
  "reward_sum": {
    "trend": 0.2700946408401419,
    "breakout": 0.0,
    "reversion": -3.15849721752373,
    "vwap": 0.0
  },
  "disabled_until": {
    "trend": 0.0,
    "breakout": 0.0,
    "reversion": 0.0,
    "vwap": 0.0
  },
  "_snapshot_time": "2025-09-21T22:02:00.244347"
}