{
  "arms": [
    "trend",
    "breakout",
    "reversion",
    "vwap"
  ],
  "d": 6,
  "alpha": 0.6,
  "alpha_base": 0.6,
  "alpha_boost_until": 0.0,
  "A": {
    "trend": [
      [
        1.008637484945388,
        0.005190754958480223,
        0.09447989523420663,
        0.020249308568648837,
        0.020249308568648837,
        0.0
      ],
      [
        0.005190754958480223,
        1.0031194192764854,
        0.0567783316283054,
        0.012168958848912564,
        0.012168958848912564,
        0.0
      ],
      [
        0.09447989523420663,
        0.0567783316283054,
        2.033454837826882,
        0.22149416922028037,
        0.22149416922028037,
        0.0
      ],
      [
        0.020249308568648837,
        0.012168958848912564,
        0.22149416922028037,
        1.0474715151575884,
        0.047471515157588115,
        0.0
      ],
      [
        0.020249308568648837,
        0.012168958848912564,
        0.22149416922028037,
        0.047471515157588115,
        1.0474715151575884,
        0.0
      ],
      [
        0.0,
        0.0,
        0.0,
        0.0,
        0.0,
        1.0
      ]
    ],
    "breakout": [
      [
        1.0,
        0.0,
        0.0,
        0.0,
        0.0,
        0.0
      ],
      [
        0.0,
        1.0,
        0.0,
        0.0,
        0.0,
        0.0
      ],
      [
        0.0,
        0.0,
        1.0,
        0.0,
        0.0,
        0.0
      ],
      [
        0.0,
        0.0,
        0.0,
        1.0,
        0.0,
        0.0
      ],
      [
        0.0,
        0.0,
        0.0,
        0.0,
        1.0,
        0.0
      ],
      [
        0.0,
        0.0,
        0.0,
        0.0,
        0.0,
        1.0
      ]
    ],
    "reversion": [
      [
        1.0996120739321462,
        0.0064910867501050745,
        0.1673022470978051,
        0.31296527118622025,
        0.31296527118622025,
        0.0
      ],
      [
        0.0064910867501050745,
        1.0005190582484347,
        0.013214978099017467,
        0.021717198210403115,
        0.021717198210403115,
        0.0
      ],
      [
        0.1673022470978051,
        0.013214978099017467,
        1.3575217717110224,
        0.560332836358723,
        0.560332836358723,
        0.0
      ],
      [
        0.31296527118622025,
        0.021717198210403115,
        0.560332836358723,
        2.005969405176727,
        1.0059694051767465,
        0.0
      ],
      [
        0.31296527118622025,
        0.021717198210403115,
        0.560332836358723,
        1.0059694051767465,
        2.005969405176727,
        0.0
      ],
      [
        0.0,
        0.0,
        0.0,
        0.0,
        0.0,
        1.0
      ]
    ],
    "vwap": [
      [
        1.0,
        0.0,
        0.0,
        0.0,
        0.0,
        0.0
      ],
      [
        0.0,
        1.0,
        0.0,
        0.0,
        0.0,
        0.0
      ],
      [
        0.0,
        0.0,
        1.0,
        0.0,
        0.0,
        0.0
      ],
      [
        0.0,
        0.0,
        0.0,
        1.0,
        0.0,
        0.0
      ],
      [
        0.0,
        0.0,
        0.0,
        0.0,
        1.0,
        0.0
      ],
      [
        0.0,
        0.0,
        0.0,
        0.0,
        0.0,
        1.0
      ]
    ]
  },
  "b": {
    "trend": [
      [
        0.02064475664520887
      ],
      [
        0.012406606043345234
      ],
      [
        0.22581972151706514
      ],
      [
        0.04839858480526614
      ],
      [
        0.04839858480526614
      ],
      [
        0.0
      ]
    ],
    "breakout": [
      [
        0.0
      ],
      [
        0.0
      ],
      [
        0.0
      ],
      [
        0.0
      ],
      [
        0.0
      ],
      [
        0.0
      ]
    ],
    "reversion": [
      [
        -0.0028473533787434003
      ],
      [
        -0.020614250931927522
      ],
      [
        -0.5677774216477234
      ],
      [
        -0.35754972534599927
      ],
      [
        -0.35754972534599927
      ],
      [
        0.0
      ]
    ],
    "vwap": [
      [
        0.0
      ],
      [
        0.0
      ],
      [
        0.0
      ],
      [
        0.0
      ],
      [
        0.0
      ],
      [
        0.0
      ]
    ]
  },
  "counts": {
    "trend": 1,
    "breakout": 0,
    "reversion": 8,
    "vwap": 0
  },
  "reward_sum": {
    "trend": 0.04839858480526614,
    "breakout": 0.0,
    "reversion": -0.35754972534599927,
    "vwap": 0.0
  },
  "disabled_until": {
    "trend": 0.0,
    "breakout": 0.0,
    "reversion": 0.0,
    "vwap": 0.0
  },
  "_snapshot_time": "2025-09-24T15:33:00.129384"
}