{
  "arms": [
    "trend",
    "breakout",
    "reversion",
    "vwap"
  ],
  "d": 6,
  "alpha": 0.6,
  "alpha_base": 0.6,
  "alpha_boost_until": 0.0,
  "A": {
    "trend": [
      [
        1.0037210445422593,
        0.0022361868681196623,
        0.04070211418454485,
        0.008723439706152719,
        0.008723439706152719,
        0.0
      ],
      [
        0.0022361868681196623,
        1.0013438516127275,
        0.024460210623799838,
        0.005242410052928818,
        0.005242410052928818,
        0.0
      ],
      [
        0.04070211418454485,
        0.024460210623799838,
        1.4452142618228754,
        0.09542009910644719,
        0.09542009910644719,
        0.0
      ],
      [
        0.008723439706152719,
        0.005242410052928818,
        0.09542009910644719,
        1.020450816818411,
        0.020450816818411825,
        0.0
      ],
      [
        0.008723439706152719,
        0.005242410052928818,
        0.09542009910644719,
        0.020450816818411825,
        1.020450816818411,
        0.0
      ],
      [
        0.0,
        0.0,
        0.0,
        0.0,
        0.0,
        1.0
      ]
    ],
    "breakout": [
      [
        1.0,
        0.0,
        0.0,
        0.0,
        0.0,
        0.0
      ],
      [
        0.0,
        1.0,
        0.0,
        0.0,
        0.0,
        0.0
      ],
      [
        0.0,
        0.0,
        1.0,
        0.0,
        0.0,
        0.0
      ],
      [
        0.0,
        0.0,
        0.0,
        1.0,
        0.0,
        0.0
      ],
      [
        0.0,
        0.0,
        0.0,
        0.0,
        1.0,
        0.0
      ],
      [
        0.0,
        0.0,
        0.0,
        0.0,
        0.0,
        1.0
      ]
    ],
    "reversion": [
      [
        1.0993513357210647,
        0.009228130900873103,
        0.37432608156195485,
        0.31926487646072216,
        0.31926487646072216,
        0.0
      ],
      [
        0.009228130900873103,
        1.0009565805731069,
        0.04013795731267016,
        0.030374636255027995,
        0.030374636255027995,
        0.0
      ],
      [
        0.37432608156195485,
        0.04013795731267016,
        2.772714353063275,
        1.2291443026090871,
        1.2291443026090871,
        0.0
      ],
      [
        0.31926487646072216,
        0.030374636255027995,
        1.2291443026090871,
        2.0361150707432674,
        1.0361150707432838,
        0.0
      ],
      [
        0.31926487646072216,
        0.030374636255027995,
        1.2291443026090871,
        1.0361150707432838,
        2.0361150707432674,
        0.0
      ],
      [
        0.0,
        0.0,
        0.0,
        0.0,
        0.0,
        1.0
      ]
    ],
    "vwap": [
      [
        1.0,
        0.0,
        0.0,
        0.0,
        0.0,
        0.0
      ],
      [
        0.0,
        1.0,
        0.0,
        0.0,
        0.0,
        0.0
      ],
      [
        0.0,
        0.0,
        1.0,
        0.0,
        0.0,
        0.0
      ],
      [
        0.0,
        0.0,
        0.0,
        1.0,
        0.0,
        0.0
      ],
      [
        0.0,
        0.0,
        0.0,
        0.0,
        1.0,
        0.0
      ],
      [
        0.0,
        0.0,
        0.0,
        0.0,
        0.0,
        1.0
      ]
    ]
  },
  "b": {
    "trend": [
      [
        0.008893799471331386
      ],
      [
        0.005344788905270442
      ],
      [
        0.09728355506243153
      ],
      [
        0.020850200142909395
      ],
      [
        0.020850200142909395
      ],
      [
        0.0
      ]
    ],
    "breakout": [
      [
        0.0
      ],
      [
        0.0
      ],
      [
        0.0
      ],
      [
        0.0
      ],
      [
        0.0
      ],
      [
        0.0
      ]
    ],
    "reversion": [
      [
        -0.2099838175509719
      ],
      [
        -0.032670822811806235
      ],
      [
        -1.3625868086043993
      ],
      [
        -0.8362463181272864
      ],
      [
        -0.8362463181272864
      ],
      [
        0.0
      ]
    ],
    "vwap": [
      [
        0.0
      ],
      [
        0.0
      ],
      [
        0.0
      ],
      [
        0.0
      ],
      [
        0.0
      ],
      [
        0.0
      ]
    ]
  },
  "counts": {
    "trend": 1,
    "breakout": 0,
    "reversion": 9,
    "vwap": 0
  },
  "reward_sum": {
    "trend": 0.020850200142909395,
    "breakout": 0.0,
    "reversion": -0.8362463181272864,
    "vwap": 0.0
  },
  "disabled_until": {
    "trend": 0.0,
    "breakout": 0.0,
    "reversion": 0.0,
    "vwap": 0.0
  },
  "_snapshot_time": "2025-09-26T04:42:00.376245"
}