{
  "arms": [
    "trend",
    "breakout",
    "reversion",
    "vwap"
  ],
  "d": 6,
  "alpha": 0.6,
  "alpha_base": 0.6,
  "alpha_boost_until": 0.0,
  "A": {
    "trend": [
      [
        1.109121027344985,
        0.06557701892933239,
        1.1936047699752927,
        0.2558181424347109,
        0.2558181424347109,
        0.0
      ],
      [
        0.06557701892933239,
        1.0394089527590573,
        0.7173048540622001,
        0.15373564176472895,
        0.15373564176472895,
        0.0
      ],
      [
        1.1936047699752927,
        0.7173048540622001,
        14.056075273225096,
        2.7982302081059447,
        2.7982302081059447,
        0.0
      ],
      [
        0.2558181424347109,
        0.15373564176472895,
        2.7982302081059447,
        1.5997278763867318,
        0.5997278763867329,
        0.0
      ],
      [
        0.2558181424347109,
        0.15373564176472895,
        2.7982302081059447,
        0.5997278763867329,
        1.5997278763867318,
        0.0
      ],
      [
        0.0,
        0.0,
        0.0,
        0.0,
        0.0,
        1.0
      ]
    ],
    "breakout": [
      [
        1.0,
        0.0,
        0.0,
        0.0,
        0.0,
        0.0
      ],
      [
        0.0,
        1.0,
        0.0,
        0.0,
        0.0,
        0.0
      ],
      [
        0.0,
        0.0,
        1.0,
        0.0,
        0.0,
        0.0
      ],
      [
        0.0,
        0.0,
        0.0,
        1.0,
        0.0,
        0.0
      ],
      [
        0.0,
        0.0,
        0.0,
        0.0,
        1.0,
        0.0
      ],
      [
        0.0,
        0.0,
        0.0,
        0.0,
        0.0,
        1.0
      ]
    ],
    "reversion": [
      [
        1.088754345634729,
        0.008997911297780095,
        0.2536259211177159,
        0.3050948749354757,
        0.3050948749354757,
        0.0
      ],
      [
        0.008997911297780095,
        1.0009765711747507,
        0.026228386923445195,
        0.030620706728000657,
        0.030620706728000657,
        0.0
      ],
      [
        0.2536259211177159,
        0.026228386923445195,
        1.7288993362939054,
        0.8693615906632661,
        0.8693615906632661,
        0.0
      ],
      [
        0.3050948749354757,
        0.030620706728000657,
        0.8693615906632661,
        2.0502609918278174,
        1.0502609918278285,
        0.0
      ],
      [
        0.3050948749354757,
        0.030620706728000657,
        0.8693615906632661,
        1.0502609918278285,
        2.0502609918278174,
        0.0
      ],
      [
        0.0,
        0.0,
        0.0,
        0.0,
        0.0,
        1.0
      ]
    ],
    "vwap": [
      [
        1.0,
        0.0,
        0.0,
        0.0,
        0.0,
        0.0
      ],
      [
        0.0,
        1.0,
        0.0,
        0.0,
        0.0,
        0.0
      ],
      [
        0.0,
        0.0,
        1.0,
        0.0,
        0.0,
        0.0
      ],
      [
        0.0,
        0.0,
        0.0,
        1.0,
        0.0,
        0.0
      ],
      [
        0.0,
        0.0,
        0.0,
        0.0,
        1.0,
        0.0
      ],
      [
        0.0,
        0.0,
        0.0,
        0.0,
        0.0,
        1.0
      ]
    ]
  },
  "b": {
    "trend": [
      [
        0.26081400646789554
      ],
      [
        0.15673794002239452
      ],
      [
        2.8528767531875356
      ],
      [
        0.611439942227033
      ],
      [
        0.611439942227033
      ],
      [
        0.0
      ]
    ],
    "breakout": [
      [
        0.0
      ],
      [
        0.0
      ],
      [
        0.0
      ],
      [
        0.0
      ],
      [
        0.0
      ],
      [
        0.0
      ]
    ],
    "reversion": [
      [
        0.12163529838939552
      ],
      [
        0.01323451394307625
      ],
      [
        0.35482473174470774
      ],
      [
        0.4137768138174593
      ],
      [
        0.4137768138174593
      ],
      [
        0.0
      ]
    ],
    "vwap": [
      [
        0.0
      ],
      [
        0.0
      ],
      [
        0.0
      ],
      [
        0.0
      ],
      [
        0.0
      ],
      [
        0.0
      ]
    ]
  },
  "counts": {
    "trend": 1,
    "breakout": 0,
    "reversion": 2,
    "vwap": 0
  },
  "reward_sum": {
    "trend": 0.611439942227033,
    "breakout": 0.0,
    "reversion": 0.4137768138174593,
    "vwap": 0.0
  },
  "disabled_until": {
    "trend": 0.0,
    "breakout": 0.0,
    "reversion": 0.0,
    "vwap": 0.0
  },
  "_snapshot_time": "2025-09-18T10:11:00.665898"
}