{
  "arms": [
    "trend",
    "breakout",
    "reversion",
    "vwap"
  ],
  "d": 6,
  "alpha": 0.6,
  "alpha_base": 0.6,
  "alpha_boost_until": 0.0,
  "A": {
    "trend": [
      [
        1.035149948628015,
        0.021123599205652044,
        0.3844826919943265,
        0.08240386645432186,
        0.08240386645432186,
        0.0
      ],
      [
        0.021123599205652044,
        1.0126943697165278,
        0.2310574724631343,
        0.04952116051144957,
        0.04952116051144957,
        0.0
      ],
      [
        0.3844826919943265,
        0.2310574724631343,
        5.205609004087752,
        0.9013629220455334,
        0.9013629220455334,
        0.0
      ],
      [
        0.08240386645432186,
        0.04952116051144957,
        0.9013629220455334,
        1.1931837021579477,
        0.19318370215794672,
        0.0
      ],
      [
        0.08240386645432186,
        0.04952116051144957,
        0.9013629220455334,
        0.19318370215794672,
        1.1931837021579477,
        0.0
      ],
      [
        0.0,
        0.0,
        0.0,
        0.0,
        0.0,
        1.0
      ]
    ],
    "breakout": [
      [
        1.0,
        0.0,
        0.0,
        0.0,
        0.0,
        0.0
      ],
      [
        0.0,
        1.0,
        0.0,
        0.0,
        0.0,
        0.0
      ],
      [
        0.0,
        0.0,
        1.0,
        0.0,
        0.0,
        0.0
      ],
      [
        0.0,
        0.0,
        0.0,
        1.0,
        0.0,
        0.0
      ],
      [
        0.0,
        0.0,
        0.0,
        0.0,
        1.0,
        0.0
      ],
      [
        0.0,
        0.0,
        0.0,
        0.0,
        0.0,
        1.0
      ]
    ],
    "reversion": [
      [
        1.4053679171174869,
        0.02641525481651386,
        0.6808307543251305,
        1.2736014330681305,
        1.2736014330681305,
        0.0
      ],
      [
        0.02641525481651386,
        1.0021122897328065,
        0.053777899960210214,
        0.08837739298727597,
        0.08837739298727597,
        0.0
      ],
      [
        0.6808307543251305,
        0.053777899960210214,
        2.4549225831938473,
        2.2802552522096615,
        2.2802552522096615,
        0.0
      ],
      [
        1.2736014330681305,
        0.08837739298727597,
        2.2802552522096615,
        5.093757978959445,
        4.093757978959459,
        0.0
      ],
      [
        1.2736014330681305,
        0.08837739298727597,
        2.2802552522096615,
        4.093757978959459,
        5.093757978959445,
        0.0
      ],
      [
        0.0,
        0.0,
        0.0,
        0.0,
        0.0,
        1.0
      ]
    ],
    "vwap": [
      [
        1.0,
        0.0,
        0.0,
        0.0,
        0.0,
        0.0
      ],
      [
        0.0,
        1.0,
        0.0,
        0.0,
        0.0,
        0.0
      ],
      [
        0.0,
        0.0,
        1.0,
        0.0,
        0.0,
        0.0
      ],
      [
        0.0,
        0.0,
        0.0,
        1.0,
        0.0,
        0.0
      ],
      [
        0.0,
        0.0,
        0.0,
        0.0,
        1.0,
        0.0
      ],
      [
        0.0,
        0.0,
        0.0,
        0.0,
        0.0,
        1.0
      ]
    ]
  },
  "b": {
    "trend": [
      [
        0.08401312883382472
      ],
      [
        0.05048825761537704
      ],
      [
        0.9189656087050331
      ],
      [
        0.1969563802808624
      ],
      [
        0.1969563802808624
      ],
      [
        0.0
      ]
    ],
    "breakout": [
      [
        0.0
      ],
      [
        0.0
      ],
      [
        0.0
      ],
      [
        0.0
      ],
      [
        0.0
      ],
      [
        0.0
      ]
    ],
    "reversion": [
      [
        -0.01158720688041199
      ],
      [
        -0.0838889868802955
      ],
      [
        -2.3105507366151117
      ],
      [
        -1.4550363395522696
      ],
      [
        -1.4550363395522696
      ],
      [
        0.0
      ]
    ],
    "vwap": [
      [
        0.0
      ],
      [
        0.0
      ],
      [
        0.0
      ],
      [
        0.0
      ],
      [
        0.0
      ],
      [
        0.0
      ]
    ]
  },
  "counts": {
    "trend": 1,
    "breakout": 0,
    "reversion": 8,
    "vwap": 0
  },
  "reward_sum": {
    "trend": 0.1969563802808624,
    "breakout": 0.0,
    "reversion": -1.4550363395522696,
    "vwap": 0.0
  },
  "disabled_until": {
    "trend": 0.0,
    "breakout": 0.0,
    "reversion": 0.0,
    "vwap": 0.0
  },
  "_snapshot_time": "2025-09-22T08:34:00.569965"
}