{
  "arms": [
    "trend",
    "breakout",
    "reversion",
    "vwap"
  ],
  "d": 6,
  "alpha": 0.6,
  "alpha_base": 0.6,
  "alpha_boost_until": 0.0,
  "A": {
    "trend": [
      [
        1.07234375836424,
        0.043475470558689513,
        0.7913218667608698,
        0.16959926360458813,
        0.16959926360458813,
        0.0
      ],
      [
        0.043475470558689513,
        1.0261268778818904,
        0.47555022435515476,
        0.10192182378046612,
        0.10192182378046612,
        0.0
      ],
      [
        0.7913218667608698,
        0.47555022435515476,
        9.655761201417477,
        1.8551373181517103,
        1.8551373181517103,
        0.0
      ],
      [
        0.16959926360458813,
        0.10192182378046612,
        1.8551373181517103,
        1.3976004408064688,
        0.3976004408064698,
        0.0
      ],
      [
        0.16959926360458813,
        0.10192182378046612,
        1.8551373181517103,
        0.3976004408064698,
        1.3976004408064688,
        0.0
      ],
      [
        0.0,
        0.0,
        0.0,
        0.0,
        0.0,
        1.0
      ]
    ],
    "breakout": [
      [
        1.0,
        0.0,
        0.0,
        0.0,
        0.0,
        0.0
      ],
      [
        0.0,
        1.0,
        0.0,
        0.0,
        0.0,
        0.0
      ],
      [
        0.0,
        0.0,
        1.0,
        0.0,
        0.0,
        0.0
      ],
      [
        0.0,
        0.0,
        0.0,
        1.0,
        0.0,
        0.0
      ],
      [
        0.0,
        0.0,
        0.0,
        0.0,
        1.0,
        0.0
      ],
      [
        0.0,
        0.0,
        0.0,
        0.0,
        0.0,
        1.0
      ]
    ],
    "reversion": [
      [
        1.058841298424324,
        0.005965328008244681,
        0.1681458908395369,
        0.20226816450985885,
        0.20226816450985885,
        0.0
      ],
      [
        0.005965328008244681,
        1.0006474355200892,
        0.017388583410919735,
        0.02030055125369528,
        0.02030055125369528,
        0.0
      ],
      [
        0.1681458908395369,
        0.017388583410919735,
        1.4832369960190364,
        0.5763589875969537,
        0.5763589875969537,
        0.0
      ],
      [
        0.20226816450985885,
        0.02030055125369528,
        0.5763589875969537,
        1.6962895168863255,
        0.6962895168863337,
        0.0
      ],
      [
        0.20226816450985885,
        0.02030055125369528,
        0.5763589875969537,
        0.6962895168863337,
        1.6962895168863255,
        0.0
      ],
      [
        0.0,
        0.0,
        0.0,
        0.0,
        0.0,
        1.0
      ]
    ],
    "vwap": [
      [
        1.0,
        0.0,
        0.0,
        0.0,
        0.0,
        0.0
      ],
      [
        0.0,
        1.0,
        0.0,
        0.0,
        0.0,
        0.0
      ],
      [
        0.0,
        0.0,
        1.0,
        0.0,
        0.0,
        0.0
      ],
      [
        0.0,
        0.0,
        0.0,
        1.0,
        0.0,
        0.0
      ],
      [
        0.0,
        0.0,
        0.0,
        0.0,
        1.0,
        0.0
      ],
      [
        0.0,
        0.0,
        0.0,
        0.0,
        0.0,
        1.0
      ]
    ]
  },
  "b": {
    "trend": [
      [
        0.17291136200790205
      ],
      [
        0.1039122517023301
      ],
      [
        1.891366233412237
      ],
      [
        0.40536516664998734
      ],
      [
        0.40536516664998734
      ],
      [
        0.0
      ]
    ],
    "breakout": [
      [
        0.0
      ],
      [
        0.0
      ],
      [
        0.0
      ],
      [
        0.0
      ],
      [
        0.0
      ],
      [
        0.0
      ]
    ],
    "reversion": [
      [
        0.08064032065446945
      ],
      [
        0.00877406034438405
      ],
      [
        0.23523747236948386
      ],
      [
        0.2743208212373131
      ],
      [
        0.2743208212373131
      ],
      [
        0.0
      ]
    ],
    "vwap": [
      [
        0.0
      ],
      [
        0.0
      ],
      [
        0.0
      ],
      [
        0.0
      ],
      [
        0.0
      ],
      [
        0.0
      ]
    ]
  },
  "counts": {
    "trend": 1,
    "breakout": 0,
    "reversion": 2,
    "vwap": 0
  },
  "reward_sum": {
    "trend": 0.40536516664998734,
    "breakout": 0.0,
    "reversion": 0.2743208212373131,
    "vwap": 0.0
  },
  "disabled_until": {
    "trend": 0.0,
    "breakout": 0.0,
    "reversion": 0.0,
    "vwap": 0.0
  },
  "_snapshot_time": "2025-09-19T02:03:00.108606"
}