{
  "arms": [
    "trend",
    "breakout",
    "reversion",
    "vwap"
  ],
  "d": 6,
  "alpha": 0.6,
  "alpha_base": 0.6,
  "alpha_boost_until": 0.0,
  "A": {
    "trend": [
      [
        1.0180465601681652,
        0.010845202309319135,
        0.1973997204981239,
        0.042307496656541016,
        0.042307496656541016,
        0.0
      ],
      [
        0.010845202309319135,
        1.0065174976302425,
        0.11862869625324696,
        0.025424976071087037,
        0.025424976071087037,
        0.0
      ],
      [
        0.1973997204981239,
        0.11862869625324696,
        3.159228644663051,
        0.462774508668354,
        0.462774508668354,
        0.0
      ],
      [
        0.042307496656541016,
        0.025424976071087037,
        0.462774508668354,
        1.099183681358885,
        0.09918368135888474,
        0.0
      ],
      [
        0.042307496656541016,
        0.025424976071087037,
        0.462774508668354,
        0.09918368135888474,
        1.099183681358885,
        0.0
      ],
      [
        0.0,
        0.0,
        0.0,
        0.0,
        0.0,
        1.0
      ]
    ],
    "breakout": [
      [
        1.0,
        0.0,
        0.0,
        0.0,
        0.0,
        0.0
      ],
      [
        0.0,
        1.0,
        0.0,
        0.0,
        0.0,
        0.0
      ],
      [
        0.0,
        0.0,
        1.0,
        0.0,
        0.0,
        0.0
      ],
      [
        0.0,
        0.0,
        0.0,
        1.0,
        0.0,
        0.0
      ],
      [
        0.0,
        0.0,
        0.0,
        0.0,
        1.0,
        0.0
      ],
      [
        0.0,
        0.0,
        0.0,
        0.0,
        0.0,
        1.0
      ]
    ],
    "reversion": [
      [
        1.208122537643591,
        0.013562025095640726,
        0.3495496765099915,
        0.653887865821978,
        0.653887865821978,
        0.0
      ],
      [
        0.013562025095640726,
        1.0010844841953854,
        0.02761045592470576,
        0.04537440315856555,
        0.04537440315856555,
        0.0
      ],
      [
        0.3495496765099915,
        0.02761045592470576,
        1.746981118393517,
        1.1707204480799056,
        1.1707204480799056,
        0.0
      ],
      [
        0.653887865821978,
        0.04537440315856555,
        1.1707204480799056,
        3.1018024937400304,
        2.1018024937400464,
        0.0
      ],
      [
        0.653887865821978,
        0.04537440315856555,
        1.1707204480799056,
        2.1018024937400464,
        3.1018024937400304,
        0.0
      ],
      [
        0.0,
        0.0,
        0.0,
        0.0,
        0.0,
        1.0
      ]
    ],
    "vwap": [
      [
        1.0,
        0.0,
        0.0,
        0.0,
        0.0,
        0.0
      ],
      [
        0.0,
        1.0,
        0.0,
        0.0,
        0.0,
        0.0
      ],
      [
        0.0,
        0.0,
        1.0,
        0.0,
        0.0,
        0.0
      ],
      [
        0.0,
        0.0,
        0.0,
        1.0,
        0.0,
        0.0
      ],
      [
        0.0,
        0.0,
        0.0,
        0.0,
        1.0,
        0.0
      ],
      [
        0.0,
        0.0,
        0.0,
        0.0,
        0.0,
        1.0
      ]
    ]
  },
  "b": {
    "trend": [
      [
        0.043133718357898414
      ],
      [
        0.025921499586930092
      ],
      [
        0.4718120167251603
      ],
      [
        0.1011206361880606
      ],
      [
        0.1011206361880606
      ],
      [
        0.0
      ]
    ],
    "breakout": [
      [
        0.0
      ],
      [
        0.0
      ],
      [
        0.0
      ],
      [
        0.0
      ],
      [
        0.0
      ],
      [
        0.0
      ]
    ],
    "reversion": [
      [
        -0.005949062070084078
      ],
      [
        -0.04306998184273398
      ],
      [
        -1.186274646691475
      ],
      [
        -0.7470395227738096
      ],
      [
        -0.7470395227738096
      ],
      [
        0.0
      ]
    ],
    "vwap": [
      [
        0.0
      ],
      [
        0.0
      ],
      [
        0.0
      ],
      [
        0.0
      ],
      [
        0.0
      ],
      [
        0.0
      ]
    ]
  },
  "counts": {
    "trend": 1,
    "breakout": 0,
    "reversion": 8,
    "vwap": 0
  },
  "reward_sum": {
    "trend": 0.1011206361880606,
    "breakout": 0.0,
    "reversion": -0.7470395227738096,
    "vwap": 0.0
  },
  "disabled_until": {
    "trend": 0.0,
    "breakout": 0.0,
    "reversion": 0.0,
    "vwap": 0.0
  },
  "_snapshot_time": "2025-09-23T10:45:00.813198"
}