{
  "arms": [
    "trend",
    "breakout",
    "reversion",
    "vwap"
  ],
  "d": 6,
  "alpha": 0.6,
  "alpha_base": 0.6,
  "alpha_boost_until": 0.0,
  "A": {
    "trend": [
      [
        1.0355041020459228,
        0.02133643009585823,
        0.38835654856627505,
        0.08323412686984862,
        0.08323412686984862,
        0.0
      ],
      [
        0.02133643009585823,
        1.012822271878516,
        0.23338549275334897,
        0.05002011111987028,
        0.05002011111987028,
        0.0
      ],
      [
        0.38835654856627505,
        0.23338549275334897,
        5.247982630830285,
        0.910444607000362,
        0.910444607000362,
        0.0
      ],
      [
        0.08323412686984862,
        0.05002011111987028,
        0.910444607000362,
        1.1951301251563828,
        0.19513012515638165,
        0.0
      ],
      [
        0.08323412686984862,
        0.05002011111987028,
        0.910444607000362,
        0.19513012515638165,
        1.1951301251563828,
        0.0
      ],
      [
        0.0,
        0.0,
        0.0,
        0.0,
        0.0,
        1.0
      ]
    ],
    "breakout": [
      [
        1.0,
        0.0,
        0.0,
        0.0,
        0.0,
        0.0
      ],
      [
        0.0,
        1.0,
        0.0,
        0.0,
        0.0,
        0.0
      ],
      [
        0.0,
        0.0,
        1.0,
        0.0,
        0.0,
        0.0
      ],
      [
        0.0,
        0.0,
        0.0,
        1.0,
        0.0,
        0.0
      ],
      [
        0.0,
        0.0,
        0.0,
        0.0,
        1.0,
        0.0
      ],
      [
        0.0,
        0.0,
        0.0,
        0.0,
        0.0,
        1.0
      ]
    ],
    "reversion": [
      [
        1.409452202840824,
        0.02668140179946351,
        0.68769046673077,
        1.286433608311033,
        1.286433608311033,
        0.0
      ],
      [
        0.02668140179946351,
        1.0021335721146503,
        0.0543197393603295,
        0.08926783968816542,
        0.08926783968816542,
        0.0
      ],
      [
        0.68769046673077,
        0.0543197393603295,
        2.4695816602548897,
        2.303229971172103,
        2.303229971172103,
        0.0
      ],
      [
        1.286433608311033,
        0.08926783968816542,
        2.303229971172103,
        5.135004650346653,
        4.1350046503466675,
        0.0
      ],
      [
        1.286433608311033,
        0.08926783968816542,
        2.303229971172103,
        4.1350046503466675,
        5.135004650346653,
        0.0
      ],
      [
        0.0,
        0.0,
        0.0,
        0.0,
        0.0,
        1.0
      ]
    ],
    "vwap": [
      [
        1.0,
        0.0,
        0.0,
        0.0,
        0.0,
        0.0
      ],
      [
        0.0,
        1.0,
        0.0,
        0.0,
        0.0,
        0.0
      ],
      [
        0.0,
        0.0,
        1.0,
        0.0,
        0.0,
        0.0
      ],
      [
        0.0,
        0.0,
        0.0,
        1.0,
        0.0,
        0.0
      ],
      [
        0.0,
        0.0,
        0.0,
        0.0,
        1.0,
        0.0
      ],
      [
        0.0,
        0.0,
        0.0,
        0.0,
        0.0,
        1.0
      ]
    ]
  },
  "b": {
    "trend": [
      [
        0.08485960337751544
      ],
      [
        0.050996952213708785
      ],
      [
        0.9282246495846399
      ],
      [
        0.19894081490958554
      ],
      [
        0.19894081490958554
      ],
      [
        0.0
      ]
    ],
    "breakout": [
      [
        0.0
      ],
      [
        0.0
      ],
      [
        0.0
      ],
      [
        0.0
      ],
      [
        0.0
      ],
      [
        0.0
      ]
    ],
    "reversion": [
      [
        -0.011703953819764138
      ],
      [
        -0.08473421063134315
      ],
      [
        -2.3338306978259253
      ],
      [
        -1.4696965627658591
      ],
      [
        -1.4696965627658591
      ],
      [
        0.0
      ]
    ],
    "vwap": [
      [
        0.0
      ],
      [
        0.0
      ],
      [
        0.0
      ],
      [
        0.0
      ],
      [
        0.0
      ],
      [
        0.0
      ]
    ]
  },
  "counts": {
    "trend": 1,
    "breakout": 0,
    "reversion": 8,
    "vwap": 0
  },
  "reward_sum": {
    "trend": 0.19894081490958554,
    "breakout": 0.0,
    "reversion": -1.4696965627658591,
    "vwap": 0.0
  },
  "disabled_until": {
    "trend": 0.0,
    "breakout": 0.0,
    "reversion": 0.0,
    "vwap": 0.0
  },
  "_snapshot_time": "2025-09-22T08:17:00.563809"
}