{
  "arms": [
    "trend",
    "breakout",
    "reversion",
    "vwap"
  ],
  "d": 6,
  "alpha": 0.6,
  "alpha_base": 0.6,
  "alpha_boost_until": 0.0,
  "A": {
    "trend": [
      [
        1.162138095412545,
        0.0974379843256041,
        1.7735243956903493,
        0.3801088332426316,
        0.3801088332426316,
        0.0
      ],
      [
        0.0974379843256041,
        1.0585560152614333,
        1.0658114727982781,
        0.22842897248349855,
        0.22842897248349855,
        0.0
      ],
      [
        1.7735243956903493,
        1.0658114727982781,
        20.399443259190047,
        4.157766174925979,
        4.157766174925979,
        0.0
      ],
      [
        0.3801088332426316,
        0.22842897248349855,
        4.157766174925979,
        1.8911090557802086,
        0.8911090557802088,
        0.0
      ],
      [
        0.3801088332426316,
        0.22842897248349855,
        4.157766174925979,
        0.8911090557802088,
        1.8911090557802086,
        0.0
      ],
      [
        0.0,
        0.0,
        0.0,
        0.0,
        0.0,
        1.0
      ]
    ],
    "breakout": [
      [
        1.0,
        0.0,
        0.0,
        0.0,
        0.0,
        0.0
      ],
      [
        0.0,
        1.0,
        0.0,
        0.0,
        0.0,
        0.0
      ],
      [
        0.0,
        0.0,
        1.0,
        0.0,
        0.0,
        0.0
      ],
      [
        0.0,
        0.0,
        0.0,
        1.0,
        0.0,
        0.0
      ],
      [
        0.0,
        0.0,
        0.0,
        0.0,
        1.0,
        0.0
      ],
      [
        0.0,
        0.0,
        0.0,
        0.0,
        0.0,
        1.0
      ]
    ],
    "reversion": [
      [
        1.1318761462472895,
        0.013369597372839864,
        0.3768515088047244,
        0.45332694482224833,
        0.45332694482224833,
        0.0
      ],
      [
        0.013369597372839864,
        1.0014510438011952,
        0.038971596996297736,
        0.04549795021053149,
        0.04549795021053149,
        0.0
      ],
      [
        0.3768515088047244,
        0.038971596996297736,
        2.0830391997733946,
        1.2917458345524075,
        1.2917458345524075,
        0.0
      ],
      [
        0.45332694482224833,
        0.04549795021053149,
        1.2917458345524075,
        2.560536232514507,
        1.5605362325145136,
        0.0
      ],
      [
        0.45332694482224833,
        0.04549795021053149,
        1.2917458345524075,
        1.5605362325145136,
        2.560536232514507,
        0.0
      ],
      [
        0.0,
        0.0,
        0.0,
        0.0,
        0.0,
        1.0
      ]
    ],
    "vwap": [
      [
        1.0,
        0.0,
        0.0,
        0.0,
        0.0,
        0.0
      ],
      [
        0.0,
        1.0,
        0.0,
        0.0,
        0.0,
        0.0
      ],
      [
        0.0,
        0.0,
        1.0,
        0.0,
        0.0,
        0.0
      ],
      [
        0.0,
        0.0,
        0.0,
        1.0,
        0.0,
        0.0
      ],
      [
        0.0,
        0.0,
        0.0,
        0.0,
        1.0,
        0.0
      ],
      [
        0.0,
        0.0,
        0.0,
        0.0,
        0.0,
        1.0
      ]
    ]
  },
  "b": {
    "trend": [
      [
        0.38753196606120127
      ],
      [
        0.23288995432359172
      ],
      [
        4.238963052887849
      ],
      [
        0.9085114950249296
      ],
      [
        0.9085114950249296
      ],
      [
        0.0
      ]
    ],
    "breakout": [
      [
        0.0
      ],
      [
        0.0
      ],
      [
        0.0
      ],
      [
        0.0
      ],
      [
        0.0
      ],
      [
        0.0
      ]
    ],
    "reversion": [
      [
        0.18073249579518122
      ],
      [
        0.019664577365617976
      ],
      [
        0.527218333717407
      ],
      [
        0.6148126181595914
      ],
      [
        0.6148126181595914
      ],
      [
        0.0
      ]
    ],
    "vwap": [
      [
        0.0
      ],
      [
        0.0
      ],
      [
        0.0
      ],
      [
        0.0
      ],
      [
        0.0
      ],
      [
        0.0
      ]
    ]
  },
  "counts": {
    "trend": 1,
    "breakout": 0,
    "reversion": 2,
    "vwap": 0
  },
  "reward_sum": {
    "trend": 0.9085114950249296,
    "breakout": 0.0,
    "reversion": 0.6148126181595914,
    "vwap": 0.0
  },
  "disabled_until": {
    "trend": 0.0,
    "breakout": 0.0,
    "reversion": 0.0,
    "vwap": 0.0
  },
  "_snapshot_time": "2025-09-17T21:06:00.982431"
}