{
  "arms": [
    "trend",
    "breakout",
    "reversion",
    "vwap"
  ],
  "d": 6,
  "alpha": 0.6,
  "alpha_base": 0.6,
  "alpha_boost_until": 0.0,
  "A": {
    "trend": [
      [
        1.005930869380259,
        0.003564196040667657,
        0.06487396750761826,
        0.013904047870479122,
        0.013904047870479122,
        0.0
      ],
      [
        0.003564196040667657,
        1.0021419277009525,
        0.038986449255268237,
        0.008355731544885076,
        0.008355731544885076,
        0.0
      ],
      [
        0.06487396750761826,
        0.038986449255268237,
        1.709614626514726,
        0.1520874414763424,
        0.1520874414763424,
        0.0
      ],
      [
        0.013904047870479122,
        0.008355731544885076,
        0.1520874414763424,
        1.0325959880060878,
        0.032595988006089364,
        0.0
      ],
      [
        0.013904047870479122,
        0.008355731544885076,
        0.1520874414763424,
        0.032595988006089364,
        1.0325959880060878,
        0.0
      ],
      [
        0.0,
        0.0,
        0.0,
        0.0,
        0.0,
        1.0
      ]
    ],
    "breakout": [
      [
        1.0,
        0.0,
        0.0,
        0.0,
        0.0,
        0.0
      ],
      [
        0.0,
        1.0,
        0.0,
        0.0,
        0.0,
        0.0
      ],
      [
        0.0,
        0.0,
        1.0,
        0.0,
        0.0,
        0.0
      ],
      [
        0.0,
        0.0,
        0.0,
        1.0,
        0.0,
        0.0
      ],
      [
        0.0,
        0.0,
        0.0,
        0.0,
        1.0,
        0.0
      ],
      [
        0.0,
        0.0,
        0.0,
        0.0,
        0.0,
        1.0
      ]
    ],
    "reversion": [
      [
        1.1583533301534055,
        0.014708461125751832,
        0.5966279280334121,
        0.508867404968887,
        0.508867404968887,
        0.0
      ],
      [
        0.014708461125751832,
        1.0015246671643847,
        0.06397477356380356,
        0.04841328773561953,
        0.04841328773561953,
        0.0
      ],
      [
        0.5966279280334121,
        0.06397477356380356,
        3.8254800922499563,
        1.9590989103930674,
        1.9590989103930674,
        0.0
      ],
      [
        0.508867404968887,
        0.04841328773561953,
        1.9590989103930674,
        2.6514349875976726,
        1.6514349875976857,
        0.0
      ],
      [
        0.508867404968887,
        0.04841328773561953,
        1.9590989103930674,
        1.6514349875976857,
        2.6514349875976726,
        0.0
      ],
      [
        0.0,
        0.0,
        0.0,
        0.0,
        0.0,
        1.0
      ]
    ],
    "vwap": [
      [
        1.0,
        0.0,
        0.0,
        0.0,
        0.0,
        0.0
      ],
      [
        0.0,
        1.0,
        0.0,
        0.0,
        0.0,
        0.0
      ],
      [
        0.0,
        0.0,
        1.0,
        0.0,
        0.0,
        0.0
      ],
      [
        0.0,
        0.0,
        0.0,
        1.0,
        0.0,
        0.0
      ],
      [
        0.0,
        0.0,
        0.0,
        0.0,
        1.0,
        0.0
      ],
      [
        0.0,
        0.0,
        0.0,
        0.0,
        0.0,
        1.0
      ]
    ]
  },
  "b": {
    "trend": [
      [
        0.014175579560963214
      ],
      [
        0.00851891034955758
      ],
      [
        0.15505755208514976
      ],
      [
        0.03323255397657097
      ],
      [
        0.03323255397657097
      ],
      [
        0.0
      ]
    ],
    "breakout": [
      [
        0.0
      ],
      [
        0.0
      ],
      [
        0.0
      ],
      [
        0.0
      ],
      [
        0.0
      ],
      [
        0.0
      ]
    ],
    "reversion": [
      [
        -0.33468736525976445
      ],
      [
        -0.052073115610910256
      ],
      [
        -2.1717892084651584
      ],
      [
        -1.3328697429470315
      ],
      [
        -1.3328697429470315
      ],
      [
        0.0
      ]
    ],
    "vwap": [
      [
        0.0
      ],
      [
        0.0
      ],
      [
        0.0
      ],
      [
        0.0
      ],
      [
        0.0
      ],
      [
        0.0
      ]
    ]
  },
  "counts": {
    "trend": 1,
    "breakout": 0,
    "reversion": 9,
    "vwap": 0
  },
  "reward_sum": {
    "trend": 0.03323255397657097,
    "breakout": 0.0,
    "reversion": -1.3328697429470315,
    "vwap": 0.0
  },
  "disabled_until": {
    "trend": 0.0,
    "breakout": 0.0,
    "reversion": 0.0,
    "vwap": 0.0
  },
  "_snapshot_time": "2025-09-25T10:03:00.710592"
}