{
  "arms": [
    "trend",
    "breakout",
    "reversion",
    "vwap"
  ],
  "d": 6,
  "alpha": 0.6,
  "alpha_base": 0.6,
  "alpha_boost_until": 0.0,
  "A": {
    "trend": [
      [
        1.0066223264089609,
        0.003979731815607346,
        0.0724373714433458,
        0.015525066815771423,
        0.015525066815771423,
        0.0
      ],
      [
        0.003979731815607346,
        1.0023916467334995,
        0.04353172797130656,
        0.009329893836486023,
        0.009329893836486023,
        0.0
      ],
      [
        0.0724373714433458,
        0.04353172797130656,
        1.7923458400542867,
        0.16981872565133643,
        0.16981872565133643,
        0.0
      ],
      [
        0.015525066815771423,
        0.009329893836486023,
        0.16981872565133643,
        1.036396227662237,
        0.036396227662238566,
        0.0
      ],
      [
        0.015525066815771423,
        0.009329893836486023,
        0.16981872565133643,
        0.036396227662238566,
        1.036396227662237,
        0.0
      ],
      [
        0.0,
        0.0,
        0.0,
        0.0,
        0.0,
        1.0
      ]
    ],
    "breakout": [
      [
        1.0,
        0.0,
        0.0,
        0.0,
        0.0,
        0.0
      ],
      [
        0.0,
        1.0,
        0.0,
        0.0,
        0.0,
        0.0
      ],
      [
        0.0,
        0.0,
        1.0,
        0.0,
        0.0,
        0.0
      ],
      [
        0.0,
        0.0,
        0.0,
        1.0,
        0.0,
        0.0
      ],
      [
        0.0,
        0.0,
        0.0,
        0.0,
        1.0,
        0.0
      ],
      [
        0.0,
        0.0,
        0.0,
        0.0,
        0.0,
        1.0
      ]
    ],
    "reversion": [
      [
        1.076372193065815,
        0.004976691187291939,
        0.12826998787719285,
        0.23994926689520524,
        0.23994926689520524,
        0.0
      ],
      [
        0.004976691187291939,
        1.0003979599580355,
        0.010131872762996366,
        0.01665049214519215,
        0.01665049214519215,
        0.0
      ],
      [
        0.12826998787719285,
        0.010131872762996366,
        1.274110564076261,
        0.42960502547768464,
        0.42960502547768464,
        0.0
      ],
      [
        0.23994926689520524,
        0.01665049214519215,
        0.42960502547768464,
        1.77127286480146,
        0.7712728648014731,
        0.0
      ],
      [
        0.23994926689520524,
        0.01665049214519215,
        0.42960502547768464,
        0.7712728648014731,
        1.77127286480146,
        0.0
      ],
      [
        0.0,
        0.0,
        0.0,
        0.0,
        0.0,
        1.0
      ]
    ],
    "vwap": [
      [
        1.0,
        0.0,
        0.0,
        0.0,
        0.0,
        0.0
      ],
      [
        0.0,
        1.0,
        0.0,
        0.0,
        0.0,
        0.0
      ],
      [
        0.0,
        0.0,
        1.0,
        0.0,
        0.0,
        0.0
      ],
      [
        0.0,
        0.0,
        0.0,
        1.0,
        0.0,
        0.0
      ],
      [
        0.0,
        0.0,
        0.0,
        0.0,
        1.0,
        0.0
      ],
      [
        0.0,
        0.0,
        0.0,
        0.0,
        0.0,
        1.0
      ]
    ]
  },
  "b": {
    "trend": [
      [
        0.01582825533156439
      ],
      [
        0.009512097024295606
      ],
      [
        0.17313510992169467
      ],
      [
        0.03710700838713493
      ],
      [
        0.03710700838713493
      ],
      [
        0.0
      ]
    ],
    "breakout": [
      [
        0.0
      ],
      [
        0.0
      ],
      [
        0.0
      ],
      [
        0.0
      ],
      [
        0.0
      ],
      [
        0.0
      ]
    ],
    "reversion": [
      [
        -0.0021830548585518167
      ],
      [
        -0.01580486671879522
      ],
      [
        -0.4353127603188822
      ],
      [
        -0.27413199602043276
      ],
      [
        -0.27413199602043276
      ],
      [
        0.0
      ]
    ],
    "vwap": [
      [
        0.0
      ],
      [
        0.0
      ],
      [
        0.0
      ],
      [
        0.0
      ],
      [
        0.0
      ],
      [
        0.0
      ]
    ]
  },
  "counts": {
    "trend": 1,
    "breakout": 0,
    "reversion": 8,
    "vwap": 0
  },
  "reward_sum": {
    "trend": 0.03710700838713493,
    "breakout": 0.0,
    "reversion": -0.27413199602043276,
    "vwap": 0.0
  },
  "disabled_until": {
    "trend": 0.0,
    "breakout": 0.0,
    "reversion": 0.0,
    "vwap": 0.0
  },
  "_snapshot_time": "2025-09-25T06:25:00.600728"
}