{
  "arms": [
    "trend",
    "breakout",
    "reversion",
    "vwap"
  ],
  "d": 6,
  "alpha": 0.6,
  "alpha_base": 0.6,
  "alpha_boost_until": 0.0,
  "A": {
    "trend": [
      [
        1.1605207679108052,
        0.0964660404319562,
        1.7558334898433379,
        0.37631724763103636,
        0.37631724763103636,
        0.0
      ],
      [
        0.0964660404319562,
        1.0579719190092005,
        1.0551800033571153,
        0.22615039348297566,
        0.22615039348297566,
        0.0
      ],
      [
        1.7558334898433379,
        1.0551800033571153,
        20.205933812679625,
        4.116292457331093,
        4.116292457331093,
        0.0
      ],
      [
        0.37631724763103636,
        0.22615039348297566,
        4.116292457331093,
        1.8822202429488009,
        0.8822202429488013,
        0.0
      ],
      [
        0.37631724763103636,
        0.22615039348297566,
        4.116292457331093,
        0.8822202429488013,
        1.8822202429488009,
        0.0
      ],
      [
        0.0,
        0.0,
        0.0,
        0.0,
        0.0,
        1.0
      ]
    ],
    "breakout": [
      [
        1.0,
        0.0,
        0.0,
        0.0,
        0.0,
        0.0
      ],
      [
        0.0,
        1.0,
        0.0,
        0.0,
        0.0,
        0.0
      ],
      [
        0.0,
        0.0,
        1.0,
        0.0,
        0.0,
        0.0
      ],
      [
        0.0,
        0.0,
        0.0,
        1.0,
        0.0,
        0.0
      ],
      [
        0.0,
        0.0,
        0.0,
        0.0,
        1.0,
        0.0
      ],
      [
        0.0,
        0.0,
        0.0,
        0.0,
        0.0,
        1.0
      ]
    ],
    "reversion": [
      [
        1.1305606816884728,
        0.013236235639045786,
        0.37309241500439727,
        0.4488050085476464,
        0.4488050085476464,
        0.0
      ],
      [
        0.013236235639045786,
        1.0014365696392784,
        0.038582855316259664,
        0.04504410815718144,
        0.04504410815718144,
        0.0
      ],
      [
        0.37309241500439727,
        0.038582855316259664,
        2.072235883755655,
        1.2788606698527474,
        1.2788606698527474,
        0.0
      ],
      [
        0.4488050085476464,
        0.04504410815718144,
        1.2788606698527474,
        2.544969883595175,
        1.5449698835951813,
        0.0
      ],
      [
        0.4488050085476464,
        0.04504410815718144,
        1.2788606698527474,
        1.5449698835951813,
        2.544969883595175,
        0.0
      ],
      [
        0.0,
        0.0,
        0.0,
        0.0,
        0.0,
        1.0
      ]
    ],
    "vwap": [
      [
        1.0,
        0.0,
        0.0,
        0.0,
        0.0,
        0.0
      ],
      [
        0.0,
        1.0,
        0.0,
        0.0,
        0.0,
        0.0
      ],
      [
        0.0,
        0.0,
        1.0,
        0.0,
        0.0,
        0.0
      ],
      [
        0.0,
        0.0,
        0.0,
        1.0,
        0.0,
        0.0
      ],
      [
        0.0,
        0.0,
        0.0,
        0.0,
        1.0,
        0.0
      ],
      [
        0.0,
        0.0,
        0.0,
        0.0,
        0.0,
        1.0
      ]
    ]
  },
  "b": {
    "trend": [
      [
        0.38366633469974076
      ],
      [
        0.2305668770292139
      ],
      [
        4.196679396435292
      ],
      [
        0.8994490928620559
      ],
      [
        0.8994490928620559
      ],
      [
        0.0
      ]
    ],
    "breakout": [
      [
        0.0
      ],
      [
        0.0
      ],
      [
        0.0
      ],
      [
        0.0
      ],
      [
        0.0
      ],
      [
        0.0
      ]
    ],
    "reversion": [
      [
        0.1789296891496243
      ],
      [
        0.019468423206395934
      ],
      [
        0.5219593308385759
      ],
      [
        0.6086798622934495
      ],
      [
        0.6086798622934495
      ],
      [
        0.0
      ]
    ],
    "vwap": [
      [
        0.0
      ],
      [
        0.0
      ],
      [
        0.0
      ],
      [
        0.0
      ],
      [
        0.0
      ],
      [
        0.0
      ]
    ]
  },
  "counts": {
    "trend": 1,
    "breakout": 0,
    "reversion": 2,
    "vwap": 0
  },
  "reward_sum": {
    "trend": 0.8994490928620559,
    "breakout": 0.0,
    "reversion": 0.6086798622934495,
    "vwap": 0.0
  },
  "disabled_until": {
    "trend": 0.0,
    "breakout": 0.0,
    "reversion": 0.0,
    "vwap": 0.0
  },
  "_snapshot_time": "2025-09-17T21:23:00.406835"
}