{
  "arms": [
    "trend",
    "breakout",
    "reversion",
    "vwap"
  ],
  "d": 6,
  "alpha": 0.6,
  "alpha_base": 0.6,
  "alpha_boost_until": 0.0,
  "A": {
    "trend": [
      [
        1.137418983528542,
        0.0825828669630377,
        1.503137921404143,
        0.32215852395155886,
        0.32215852395155886,
        0.0
      ],
      [
        0.0825828669630377,
        1.0496287320770232,
        0.903320893540393,
        0.19360334243030033,
        0.19360334243030033,
        0.0
      ],
      [
        1.503137921404143,
        0.903320893540393,
        17.441859434172517,
        3.523884994787443,
        3.523884994787443,
        0.0
      ],
      [
        0.32215852395155886,
        0.19360334243030033,
        3.523884994787443,
        1.7552531090661891,
        0.7552531090661897,
        0.0
      ],
      [
        0.32215852395155886,
        0.19360334243030033,
        3.523884994787443,
        0.7552531090661897,
        1.7552531090661891,
        0.0
      ],
      [
        0.0,
        0.0,
        0.0,
        0.0,
        0.0,
        1.0
      ]
    ],
    "breakout": [
      [
        1.0,
        0.0,
        0.0,
        0.0,
        0.0,
        0.0
      ],
      [
        0.0,
        1.0,
        0.0,
        0.0,
        0.0,
        0.0
      ],
      [
        0.0,
        0.0,
        1.0,
        0.0,
        0.0,
        0.0
      ],
      [
        0.0,
        0.0,
        0.0,
        1.0,
        0.0,
        0.0
      ],
      [
        0.0,
        0.0,
        0.0,
        0.0,
        1.0,
        0.0
      ],
      [
        0.0,
        0.0,
        0.0,
        0.0,
        0.0,
        1.0
      ]
    ],
    "reversion": [
      [
        1.111770684877317,
        0.011331306664771439,
        0.3193978019130955,
        0.38421401093350227,
        0.38421401093350227,
        0.0
      ],
      [
        0.011331306664771439,
        1.0012298217991784,
        0.0330300983990765,
        0.03856146240434804,
        0.03856146240434804,
        0.0
      ],
      [
        0.3193978019130955,
        0.0330300983990765,
        1.9179221303651128,
        1.0948099464827292,
        1.0948099464827292,
        0.0
      ],
      [
        0.38421401093350227,
        0.03856146240434804,
        1.0948099464827292,
        2.322621326505425,
        1.3226213265054336,
        0.0
      ],
      [
        0.38421401093350227,
        0.03856146240434804,
        1.0948099464827292,
        1.3226213265054336,
        2.322621326505425,
        0.0
      ],
      [
        0.0,
        0.0,
        0.0,
        0.0,
        0.0,
        1.0
      ]
    ],
    "vwap": [
      [
        1.0,
        0.0,
        0.0,
        0.0,
        0.0,
        0.0
      ],
      [
        0.0,
        1.0,
        0.0,
        0.0,
        0.0,
        0.0
      ],
      [
        0.0,
        0.0,
        1.0,
        0.0,
        0.0,
        0.0
      ],
      [
        0.0,
        0.0,
        0.0,
        1.0,
        0.0,
        0.0
      ],
      [
        0.0,
        0.0,
        0.0,
        0.0,
        1.0,
        0.0
      ],
      [
        0.0,
        0.0,
        0.0,
        0.0,
        0.0,
        1.0
      ]
    ]
  },
  "b": {
    "trend": [
      [
        0.32844994709878217
      ],
      [
        0.1973842156942
      ],
      [
        3.5927028281708995
      ],
      [
        0.7700024220258735
      ],
      [
        0.7700024220258735
      ],
      [
        0.0
      ]
    ],
    "breakout": [
      [
        0.0
      ],
      [
        0.0
      ],
      [
        0.0
      ],
      [
        0.0
      ],
      [
        0.0
      ],
      [
        0.0
      ]
    ],
    "reversion": [
      [
        0.15317853462850448
      ],
      [
        0.016666571950446834
      ],
      [
        0.44684012929050426
      ],
      [
        0.5210800387968277
      ],
      [
        0.5210800387968277
      ],
      [
        0.0
      ]
    ],
    "vwap": [
      [
        0.0
      ],
      [
        0.0
      ],
      [
        0.0
      ],
      [
        0.0
      ],
      [
        0.0
      ],
      [
        0.0
      ]
    ]
  },
  "counts": {
    "trend": 1,
    "breakout": 0,
    "reversion": 2,
    "vwap": 0
  },
  "reward_sum": {
    "trend": 0.7700024220258735,
    "breakout": 0.0,
    "reversion": 0.5210800387968277,
    "vwap": 0.0
  },
  "disabled_until": {
    "trend": 0.0,
    "breakout": 0.0,
    "reversion": 0.0,
    "vwap": 0.0
  },
  "_snapshot_time": "2025-09-18T02:33:00.973040"
}