{
  "arms": [
    "trend",
    "breakout",
    "reversion",
    "vwap"
  ],
  "d": 6,
  "alpha": 0.6,
  "alpha_base": 0.6,
  "alpha_boost_until": 0.0,
  "A": {
    "trend": [
      [
        1.0268145834547866,
        0.016114405166270353,
        0.2933074907308939,
        0.06286283309886283,
        0.06286283309886283,
        0.0
      ],
      [
        0.016114405166270353,
        1.0096840607015407,
        0.17626511901291148,
        0.037777844439118316,
        0.037777844439118316,
        0.0
      ],
      [
        0.2933074907308939,
        0.17626511901291148,
        4.208302089193738,
        0.6876161200695683,
        0.6876161200695683,
        0.0
      ],
      [
        0.06286283309886283,
        0.037777844439118316,
        0.6876161200695683,
        1.1473726336968335,
        0.1473726336968319,
        0.0
      ],
      [
        0.06286283309886283,
        0.037777844439118316,
        0.6876161200695683,
        0.1473726336968319,
        1.1473726336968335,
        0.0
      ],
      [
        0.0,
        0.0,
        0.0,
        0.0,
        0.0,
        1.0
      ]
    ],
    "breakout": [
      [
        1.0,
        0.0,
        0.0,
        0.0,
        0.0,
        0.0
      ],
      [
        0.0,
        1.0,
        0.0,
        0.0,
        0.0,
        0.0
      ],
      [
        0.0,
        0.0,
        1.0,
        0.0,
        0.0,
        0.0
      ],
      [
        0.0,
        0.0,
        0.0,
        1.0,
        0.0,
        0.0
      ],
      [
        0.0,
        0.0,
        0.0,
        0.0,
        1.0,
        0.0
      ],
      [
        0.0,
        0.0,
        0.0,
        0.0,
        0.0,
        1.0
      ]
    ],
    "reversion": [
      [
        1.309240049209532,
        0.020151211663289037,
        0.5193803630735929,
        0.9715829822841449,
        0.9715829822841449,
        0.0
      ],
      [
        0.020151211663289037,
        1.0016113869730066,
        0.04102515203555392,
        0.06741981346410916,
        0.06741981346410916,
        0.0
      ],
      [
        0.5193803630735929,
        0.04102515203555392,
        2.109906117934153,
        1.7395215966221607,
        1.7395215966221607,
        0.0
      ],
      [
        0.9715829822841449,
        0.06741981346410916,
        1.7395215966221607,
        4.122975118177457,
        3.1229751181774725,
        0.0
      ],
      [
        0.9715829822841449,
        0.06741981346410916,
        1.7395215966221607,
        3.1229751181774725,
        4.122975118177457,
        0.0
      ],
      [
        0.0,
        0.0,
        0.0,
        0.0,
        0.0,
        1.0
      ]
    ],
    "vwap": [
      [
        1.0,
        0.0,
        0.0,
        0.0,
        0.0,
        0.0
      ],
      [
        0.0,
        1.0,
        0.0,
        0.0,
        0.0,
        0.0
      ],
      [
        0.0,
        0.0,
        1.0,
        0.0,
        0.0,
        0.0
      ],
      [
        0.0,
        0.0,
        0.0,
        1.0,
        0.0,
        0.0
      ],
      [
        0.0,
        0.0,
        0.0,
        0.0,
        1.0,
        0.0
      ],
      [
        0.0,
        0.0,
        0.0,
        0.0,
        0.0,
        1.0
      ]
    ]
  },
  "b": {
    "trend": [
      [
        0.06409047928499233
      ],
      [
        0.03851560671230347
      ],
      [
        0.7010445525106733
      ],
      [
        0.1502506689806258
      ],
      [
        0.1502506689806258
      ],
      [
        0.0
      ]
    ],
    "breakout": [
      [
        0.0
      ],
      [
        0.0
      ],
      [
        0.0
      ],
      [
        0.0
      ],
      [
        0.0
      ],
      [
        0.0
      ]
    ],
    "reversion": [
      [
        -0.008839447510743975
      ],
      [
        -0.06399577602359134
      ],
      [
        -1.7626328905671433
      ],
      [
        -1.1099928984128067
      ],
      [
        -1.1099928984128067
      ],
      [
        0.0
      ]
    ],
    "vwap": [
      [
        0.0
      ],
      [
        0.0
      ],
      [
        0.0
      ],
      [
        0.0
      ],
      [
        0.0
      ],
      [
        0.0
      ]
    ]
  },
  "counts": {
    "trend": 1,
    "breakout": 0,
    "reversion": 8,
    "vwap": 0
  },
  "reward_sum": {
    "trend": 0.1502506689806258,
    "breakout": 0.0,
    "reversion": -1.1099928984128067,
    "vwap": 0.0
  },
  "disabled_until": {
    "trend": 0.0,
    "breakout": 0.0,
    "reversion": 0.0,
    "vwap": 0.0
  },
  "_snapshot_time": "2025-09-22T18:34:00.511990"
}