{
  "arms": [
    "trend",
    "breakout",
    "reversion",
    "vwap"
  ],
  "d": 6,
  "alpha": 0.6,
  "alpha_base": 0.6,
  "alpha_boost_until": 0.0,
  "A": {
    "trend": [
      [
        1.0458459963095148,
        0.027551461354175192,
        0.5014798816575037,
        0.10747917151559029,
        0.10747917151559029,
        0.0
      ],
      [
        0.027551461354175192,
        1.0165572369204465,
        0.301367724372374,
        0.06459033457139454,
        0.06459033457139454,
        0.0
      ],
      [
        0.5014798816575037,
        0.301367724372374,
        6.4853660504925505,
        1.1756455645200434,
        1.1756455645200434,
        0.0
      ],
      [
        0.10747917151559029,
        0.06459033457139454,
        1.1756455645200434,
        1.2519690537792911,
        0.2519690537792925,
        0.0
      ],
      [
        0.10747917151559029,
        0.06459033457139454,
        1.1756455645200434,
        0.2519690537792925,
        1.2519690537792911,
        0.0
      ],
      [
        0.0,
        0.0,
        0.0,
        0.0,
        0.0,
        1.0
      ]
    ],
    "breakout": [
      [
        1.0,
        0.0,
        0.0,
        0.0,
        0.0,
        0.0
      ],
      [
        0.0,
        1.0,
        0.0,
        0.0,
        0.0,
        0.0
      ],
      [
        0.0,
        0.0,
        1.0,
        0.0,
        0.0,
        0.0
      ],
      [
        0.0,
        0.0,
        0.0,
        1.0,
        0.0,
        0.0
      ],
      [
        0.0,
        0.0,
        0.0,
        0.0,
        1.0,
        0.0
      ],
      [
        0.0,
        0.0,
        0.0,
        0.0,
        0.0,
        1.0
      ]
    ],
    "reversion": [
      [
        1.3929503861146504,
        0.027769279633969895,
        0.7026028067442291,
        1.2766470207519038,
        1.2766470207519038,
        0.0
      ],
      [
        0.027769279633969895,
        1.0024259918026184,
        0.06101483314178054,
        0.09634075146759884,
        0.09634075146759884,
        0.0
      ],
      [
        0.7026028067442291,
        0.06101483314178054,
        2.64447160710542,
        2.449059490524929,
        2.449059490524929,
        0.0
      ],
      [
        1.2766470207519038,
        0.09634075146759884,
        2.449059490524929,
        5.250529800450705,
        4.250529800450715,
        0.0
      ],
      [
        1.2766470207519038,
        0.09634075146759884,
        2.449059490524929,
        4.250529800450715,
        5.250529800450705,
        0.0
      ],
      [
        0.0,
        0.0,
        0.0,
        0.0,
        0.0,
        1.0
      ]
    ],
    "vwap": [
      [
        1.0,
        0.0,
        0.0,
        0.0,
        0.0,
        0.0
      ],
      [
        0.0,
        1.0,
        0.0,
        0.0,
        0.0,
        0.0
      ],
      [
        0.0,
        0.0,
        1.0,
        0.0,
        0.0,
        0.0
      ],
      [
        0.0,
        0.0,
        0.0,
        1.0,
        0.0,
        0.0
      ],
      [
        0.0,
        0.0,
        0.0,
        0.0,
        1.0,
        0.0
      ],
      [
        0.0,
        0.0,
        0.0,
        0.0,
        0.0,
        1.0
      ]
    ]
  },
  "b": {
    "trend": [
      [
        0.10957812869736341
      ],
      [
        0.06585171707658158
      ],
      [
        1.198604707822625
      ],
      [
        0.25688974908757317
      ],
      [
        0.25688974908757317
      ],
      [
        0.0
      ]
    ],
    "breakout": [
      [
        0.0
      ],
      [
        0.0
      ],
      [
        0.0
      ],
      [
        0.0
      ],
      [
        0.0
      ],
      [
        0.0
      ]
    ],
    "reversion": [
      [
        -0.4057404000635318
      ],
      [
        -0.12864712440287804
      ],
      [
        -3.5470738144412244
      ],
      [
        -3.0040787006347722
      ],
      [
        -3.0040787006347722
      ],
      [
        0.0
      ]
    ],
    "vwap": [
      [
        0.0
      ],
      [
        0.0
      ],
      [
        0.0
      ],
      [
        0.0
      ],
      [
        0.0
      ],
      [
        0.0
      ]
    ]
  },
  "counts": {
    "trend": 1,
    "breakout": 0,
    "reversion": 7,
    "vwap": 0
  },
  "reward_sum": {
    "trend": 0.25688974908757317,
    "breakout": 0.0,
    "reversion": -3.0040787006347722,
    "vwap": 0.0
  },
  "disabled_until": {
    "trend": 0.0,
    "breakout": 0.0,
    "reversion": 0.0,
    "vwap": 0.0
  },
  "_snapshot_time": "2025-09-21T23:47:00.009993"
}