{
  "arms": [
    "trend",
    "breakout",
    "reversion",
    "vwap"
  ],
  "d": 6,
  "alpha": 0.6,
  "alpha_base": 0.6,
  "alpha_boost_until": 0.0,
  "A": {
    "trend": [
      [
        1.1589195732508948,
        0.09550379167864743,
        1.7383190507821504,
        0.37256348308591675,
        0.37256348308591675,
        0.0
      ],
      [
        0.09550379167864743,
        1.057393649117084,
        1.044654582823628,
        0.22389454330798297,
        0.22389454330798297,
        0.0
      ],
      [
        1.7383190507821504,
        1.044654582823628,
        20.014354622898143,
        4.0752324400692155,
        4.0752324400692155,
        0.0
      ],
      [
        0.37256348308591675,
        0.22389454330798297,
        4.0752324400692155,
        1.8734200960253866,
        0.8734200960253871,
        0.0
      ],
      [
        0.37256348308591675,
        0.22389454330798297,
        4.0752324400692155,
        0.8734200960253871,
        1.8734200960253866,
        0.0
      ],
      [
        0.0,
        0.0,
        0.0,
        0.0,
        0.0,
        1.0
      ]
    ],
    "breakout": [
      [
        1.0,
        0.0,
        0.0,
        0.0,
        0.0,
        0.0
      ],
      [
        0.0,
        1.0,
        0.0,
        0.0,
        0.0,
        0.0
      ],
      [
        0.0,
        0.0,
        1.0,
        0.0,
        0.0,
        0.0
      ],
      [
        0.0,
        0.0,
        0.0,
        1.0,
        0.0,
        0.0
      ],
      [
        0.0,
        0.0,
        0.0,
        0.0,
        1.0,
        0.0
      ],
      [
        0.0,
        0.0,
        0.0,
        0.0,
        0.0,
        1.0
      ]
    ],
    "reversion": [
      [
        1.1292583388886301,
        0.013104204188546303,
        0.36937081816472844,
        0.4443281785873836,
        0.4443281785873836,
        0.0
      ],
      [
        0.013104204188546303,
        1.0014222398571269,
        0.03819799133447997,
        0.04459479317831356,
        0.04459479317831356,
        0.0
      ],
      [
        0.36937081816472844,
        0.03819799133447997,
        2.061540330815192,
        1.2661040346709662,
        1.2661040346709662,
        0.0
      ],
      [
        0.4443281785873836,
        0.04459479317831356,
        1.2661040346709662,
        2.529558809006313,
        1.5295588090063192,
        0.0
      ],
      [
        0.4443281785873836,
        0.04459479317831356,
        1.2661040346709662,
        1.5295588090063192,
        2.529558809006313,
        0.0
      ],
      [
        0.0,
        0.0,
        0.0,
        0.0,
        0.0,
        1.0
      ]
    ],
    "vwap": [
      [
        1.0,
        0.0,
        0.0,
        0.0,
        0.0,
        0.0
      ],
      [
        0.0,
        1.0,
        0.0,
        0.0,
        0.0,
        0.0
      ],
      [
        0.0,
        0.0,
        1.0,
        0.0,
        0.0,
        0.0
      ],
      [
        0.0,
        0.0,
        0.0,
        1.0,
        0.0,
        0.0
      ],
      [
        0.0,
        0.0,
        0.0,
        0.0,
        1.0,
        0.0
      ],
      [
        0.0,
        0.0,
        0.0,
        0.0,
        0.0,
        1.0
      ]
    ]
  },
  "b": {
    "trend": [
      [
        0.3798392630111109
      ],
      [
        0.2282669724308475
      ],
      [
        4.15481751945585
      ],
      [
        0.8904770881607569
      ],
      [
        0.8904770881607569
      ],
      [
        0.0
      ]
    ],
    "breakout": [
      [
        0.0
      ],
      [
        0.0
      ],
      [
        0.0
      ],
      [
        0.0
      ],
      [
        0.0
      ],
      [
        0.0
      ]
    ],
    "reversion": [
      [
        0.17714486550035677
      ],
      [
        0.019274225684912133
      ],
      [
        0.5167527865134611
      ],
      [
        0.6026082806670724
      ],
      [
        0.6026082806670724
      ],
      [
        0.0
      ]
    ],
    "vwap": [
      [
        0.0
      ],
      [
        0.0
      ],
      [
        0.0
      ],
      [
        0.0
      ],
      [
        0.0
      ],
      [
        0.0
      ]
    ]
  },
  "counts": {
    "trend": 1,
    "breakout": 0,
    "reversion": 2,
    "vwap": 0
  },
  "reward_sum": {
    "trend": 0.8904770881607569,
    "breakout": 0.0,
    "reversion": 0.6026082806670724,
    "vwap": 0.0
  },
  "disabled_until": {
    "trend": 0.0,
    "breakout": 0.0,
    "reversion": 0.0,
    "vwap": 0.0
  },
  "_snapshot_time": "2025-09-17T21:38:00.136394"
}