{
  "arms": [
    "trend",
    "breakout",
    "reversion",
    "vwap"
  ],
  "d": 6,
  "alpha": 0.6,
  "alpha_base": 0.6,
  "alpha_boost_until": 0.0,
  "A": {
    "trend": [
      [
        1.0948319556911361,
        0.05698990473946455,
        1.0373058008441391,
        0.22231952299770955,
        0.22231952299770955,
        0.0
      ],
      [
        0.05698990473946455,
        1.0342484684465596,
        0.6233759321419103,
        0.1336044199977107,
        0.1336044199977107,
        0.0
      ],
      [
        1.0373058008441391,
        0.6233759321419103,
        12.346421326260687,
        2.4318103445797075,
        2.4318103445797075,
        0.0
      ],
      [
        0.22231952299770955,
        0.1336044199977107,
        2.4318103445797075,
        1.521195307485887,
        0.5211953074858876,
        0.0
      ],
      [
        0.22231952299770955,
        0.1336044199977107,
        2.4318103445797075,
        0.5211953074858876,
        1.521195307485887,
        0.0
      ],
      [
        0.0,
        0.0,
        0.0,
        0.0,
        0.0,
        1.0
      ]
    ],
    "breakout": [
      [
        1.0,
        0.0,
        0.0,
        0.0,
        0.0,
        0.0
      ],
      [
        0.0,
        1.0,
        0.0,
        0.0,
        0.0,
        0.0
      ],
      [
        0.0,
        0.0,
        1.0,
        0.0,
        0.0,
        0.0
      ],
      [
        0.0,
        0.0,
        0.0,
        1.0,
        0.0,
        0.0
      ],
      [
        0.0,
        0.0,
        0.0,
        0.0,
        1.0,
        0.0
      ],
      [
        0.0,
        0.0,
        0.0,
        0.0,
        0.0,
        1.0
      ]
    ],
    "reversion": [
      [
        1.0771322299415211,
        0.00781966176698633,
        0.22041436649527685,
        0.2651436149881816,
        0.2651436149881816,
        0.0
      ],
      [
        0.00781966176698633,
        1.0008486921047806,
        0.022793858224140175,
        0.026611016907681872,
        0.026611016907681872,
        0.0
      ],
      [
        0.22041436649527685,
        0.022793858224140175,
        1.633452151657171,
        0.7555212945779034,
        0.7555212945779034,
        0.0
      ],
      [
        0.2651436149881816,
        0.026611016907681872,
        0.7555212945779034,
        1.9127324610523,
        0.9127324610523105,
        0.0
      ],
      [
        0.2651436149881816,
        0.026611016907681872,
        0.7555212945779034,
        0.9127324610523105,
        1.9127324610523,
        0.0
      ],
      [
        0.0,
        0.0,
        0.0,
        0.0,
        0.0,
        1.0
      ]
    ],
    "vwap": [
      [
        1.0,
        0.0,
        0.0,
        0.0,
        0.0,
        0.0
      ],
      [
        0.0,
        1.0,
        0.0,
        0.0,
        0.0,
        0.0
      ],
      [
        0.0,
        0.0,
        1.0,
        0.0,
        0.0,
        0.0
      ],
      [
        0.0,
        0.0,
        0.0,
        1.0,
        0.0,
        0.0
      ],
      [
        0.0,
        0.0,
        0.0,
        0.0,
        1.0,
        0.0
      ],
      [
        0.0,
        0.0,
        0.0,
        0.0,
        0.0,
        1.0
      ]
    ]
  },
  "b": {
    "trend": [
      [
        0.2266611936010854
      ],
      [
        0.13621357629205527
      ],
      [
        2.4793010882790623
      ],
      [
        0.5313737133884241
      ],
      [
        0.5313737133884241
      ],
      [
        0.0
      ]
    ],
    "breakout": [
      [
        0.0
      ],
      [
        0.0
      ],
      [
        0.0
      ],
      [
        0.0
      ],
      [
        0.0
      ],
      [
        0.0
      ]
    ],
    "reversion": [
      [
        0.10570752042934572
      ],
      [
        0.011501493986815927
      ],
      [
        0.30836149601628154
      ],
      [
        0.3595939795352363
      ],
      [
        0.3595939795352363
      ],
      [
        0.0
      ]
    ],
    "vwap": [
      [
        0.0
      ],
      [
        0.0
      ],
      [
        0.0
      ],
      [
        0.0
      ],
      [
        0.0
      ],
      [
        0.0
      ]
    ]
  },
  "counts": {
    "trend": 1,
    "breakout": 0,
    "reversion": 2,
    "vwap": 0
  },
  "reward_sum": {
    "trend": 0.5313737133884241,
    "breakout": 0.0,
    "reversion": 0.3595939795352363,
    "vwap": 0.0
  },
  "disabled_until": {
    "trend": 0.0,
    "breakout": 0.0,
    "reversion": 0.0,
    "vwap": 0.0
  },
  "_snapshot_time": "2025-09-18T16:29:00.586447"
}