{
  "arms": [
    "trend",
    "breakout",
    "reversion",
    "vwap"
  ],
  "d": 6,
  "alpha": 0.6,
  "alpha_base": 0.6,
  "alpha_boost_until": 0.0,
  "A": {
    "trend": [
      [
        1.0248723755244487,
        0.014947222183198126,
        0.27206292672394644,
        0.05830961327451084,
        0.05830961327451084,
        0.0
      ],
      [
        0.014947222183198126,
        1.0089826341989028,
        0.16349805468144607,
        0.03504155621057217,
        0.03504155621057217,
        0.0
      ],
      [
        0.27206292672394644,
        0.16349805468144607,
        3.9759214605311213,
        0.6378113754357889,
        0.6378113754357889,
        0.0
      ],
      [
        0.05830961327451084,
        0.03504155621057217,
        0.6378113754357889,
        1.1366982818702125,
        0.13669828187021155,
        0.0
      ],
      [
        0.05830961327451084,
        0.03504155621057217,
        0.6378113754357889,
        0.13669828187021155,
        1.1366982818702125,
        0.0
      ],
      [
        0.0,
        0.0,
        0.0,
        0.0,
        0.0,
        1.0
      ]
    ],
    "breakout": [
      [
        1.0,
        0.0,
        0.0,
        0.0,
        0.0,
        0.0
      ],
      [
        0.0,
        1.0,
        0.0,
        0.0,
        0.0,
        0.0
      ],
      [
        0.0,
        0.0,
        1.0,
        0.0,
        0.0,
        0.0
      ],
      [
        0.0,
        0.0,
        0.0,
        1.0,
        0.0,
        0.0
      ],
      [
        0.0,
        0.0,
        0.0,
        0.0,
        1.0,
        0.0
      ],
      [
        0.0,
        0.0,
        0.0,
        0.0,
        0.0,
        1.0
      ]
    ],
    "reversion": [
      [
        1.2868414735626148,
        0.018691638622956877,
        0.4817611078006612,
        0.9012102249987398,
        0.9012102249987398,
        0.0
      ],
      [
        0.018691638622956877,
        1.0014946725529186,
        0.03805365796923388,
        0.06253652685282776,
        0.06253652685282776,
        0.0
      ],
      [
        0.4817611078006612,
        0.03805365796923388,
        2.0295144732973345,
        1.6135262536160284,
        1.6135262536160284,
        0.0
      ],
      [
        0.9012102249987398,
        0.06253652685282776,
        1.6135262536160284,
        3.896774810013159,
        2.8967748100131736,
        0.0
      ],
      [
        0.9012102249987398,
        0.06253652685282776,
        1.6135262536160284,
        2.8967748100131736,
        3.896774810013159,
        0.0
      ],
      [
        0.0,
        0.0,
        0.0,
        0.0,
        0.0,
        1.0
      ]
    ],
    "vwap": [
      [
        1.0,
        0.0,
        0.0,
        0.0,
        0.0,
        0.0
      ],
      [
        0.0,
        1.0,
        0.0,
        0.0,
        0.0,
        0.0
      ],
      [
        0.0,
        0.0,
        1.0,
        0.0,
        0.0,
        0.0
      ],
      [
        0.0,
        0.0,
        0.0,
        1.0,
        0.0,
        0.0
      ],
      [
        0.0,
        0.0,
        0.0,
        0.0,
        1.0,
        0.0
      ],
      [
        0.0,
        0.0,
        0.0,
        0.0,
        0.0,
        1.0
      ]
    ]
  },
  "b": {
    "trend": [
      [
        0.05944833978145272
      ],
      [
        0.03572588160154359
      ],
      [
        0.6502671726680314
      ],
      [
        0.139367858090623
      ],
      [
        0.139367858090623
      ],
      [
        0.0
      ]
    ],
    "breakout": [
      [
        0.0
      ],
      [
        0.0
      ],
      [
        0.0
      ],
      [
        0.0
      ],
      [
        0.0
      ],
      [
        0.0
      ]
    ],
    "reversion": [
      [
        -0.008199197212464523
      ],
      [
        -0.05936049597493129
      ],
      [
        -1.6349635727086334
      ],
      [
        -1.0295949681764338
      ],
      [
        -1.0295949681764338
      ],
      [
        0.0
      ]
    ],
    "vwap": [
      [
        0.0
      ],
      [
        0.0
      ],
      [
        0.0
      ],
      [
        0.0
      ],
      [
        0.0
      ],
      [
        0.0
      ]
    ]
  },
  "counts": {
    "trend": 1,
    "breakout": 0,
    "reversion": 8,
    "vwap": 0
  },
  "reward_sum": {
    "trend": 0.139367858090623,
    "breakout": 0.0,
    "reversion": -1.0295949681764338,
    "vwap": 0.0
  },
  "disabled_until": {
    "trend": 0.0,
    "breakout": 0.0,
    "reversion": 0.0,
    "vwap": 0.0
  },
  "_snapshot_time": "2025-09-22T23:58:00.641227"
}