{
  "arms": [
    "trend",
    "breakout",
    "reversion",
    "vwap"
  ],
  "d": 6,
  "alpha": 0.6,
  "alpha_base": 0.6,
  "alpha_boost_until": 0.0,
  "A": {
    "trend": [
      [
        1.00765845634873,
        0.004602401106088561,
        0.08377093078120511,
        0.017954120527616708,
        0.017954120527616708,
        0.0
      ],
      [
        0.004602401106088561,
        1.002765844052221,
        0.05034270705864441,
        0.01078965008253428,
        0.01078965008253428,
        0.0
      ],
      [
        0.08377093078120511,
        0.05034270705864441,
        1.9163163599037638,
        0.1963885826947323,
        0.1963885826947323,
        0.0
      ],
      [
        0.017954120527616708,
        0.01078965008253428,
        0.1963885826947323,
        1.0420907855632908,
        0.04209078556329156,
        0.0
      ],
      [
        0.017954120527616708,
        0.01078965008253428,
        0.1963885826947323,
        0.04209078556329156,
        1.0420907855632908,
        0.0
      ],
      [
        0.0,
        0.0,
        0.0,
        0.0,
        0.0,
        1.0
      ]
    ],
    "breakout": [
      [
        1.0,
        0.0,
        0.0,
        0.0,
        0.0,
        0.0
      ],
      [
        0.0,
        1.0,
        0.0,
        0.0,
        0.0,
        0.0
      ],
      [
        0.0,
        0.0,
        1.0,
        0.0,
        0.0,
        0.0
      ],
      [
        0.0,
        0.0,
        0.0,
        1.0,
        0.0,
        0.0
      ],
      [
        0.0,
        0.0,
        0.0,
        0.0,
        1.0,
        0.0
      ],
      [
        0.0,
        0.0,
        0.0,
        0.0,
        0.0,
        1.0
      ]
    ],
    "reversion": [
      [
        1.0883213950402535,
        0.00575534485394919,
        0.1483391247040262,
        0.2774917563622559,
        0.2774917563622559,
        0.0
      ],
      [
        0.00575534485394919,
        1.0004602248181298,
        0.011717106722691736,
        0.019255630031506637,
        0.019255630031506637,
        0.0
      ],
      [
        0.1483391247040262,
        0.011717106722691736,
        1.3169979339682256,
        0.49682107640661644,
        0.49682107640661644,
        0.0
      ],
      [
        0.2774917563622559,
        0.019255630031506637,
        0.49682107640661644,
        1.8919463045568579,
        0.8919463045568745,
        0.0
      ],
      [
        0.2774917563622559,
        0.019255630031506637,
        0.49682107640661644,
        0.8919463045568745,
        1.8919463045568579,
        0.0
      ],
      [
        0.0,
        0.0,
        0.0,
        0.0,
        0.0,
        1.0
      ]
    ],
    "vwap": [
      [
        1.0,
        0.0,
        0.0,
        0.0,
        0.0,
        0.0
      ],
      [
        0.0,
        1.0,
        0.0,
        0.0,
        0.0,
        0.0
      ],
      [
        0.0,
        0.0,
        1.0,
        0.0,
        0.0,
        0.0
      ],
      [
        0.0,
        0.0,
        0.0,
        1.0,
        0.0,
        0.0
      ],
      [
        0.0,
        0.0,
        0.0,
        0.0,
        1.0,
        0.0
      ],
      [
        0.0,
        0.0,
        0.0,
        0.0,
        0.0,
        1.0
      ]
    ]
  },
  "b": {
    "trend": [
      [
        0.018304745952919647
      ],
      [
        0.011000360801738794
      ],
      [
        0.2002238488235335
      ],
      [
        0.04291277512088447
      ],
      [
        0.04291277512088447
      ],
      [
        0.0
      ]
    ],
    "breakout": [
      [
        0.0
      ],
      [
        0.0
      ],
      [
        0.0
      ],
      [
        0.0
      ],
      [
        0.0
      ],
      [
        0.0
      ]
    ],
    "reversion": [
      [
        -0.0025246158689005956
      ],
      [
        -0.018277697955148397
      ],
      [
        -0.5034218440873349
      ],
      [
        -0.3170227191568087
      ],
      [
        -0.3170227191568087
      ],
      [
        0.0
      ]
    ],
    "vwap": [
      [
        0.0
      ],
      [
        0.0
      ],
      [
        0.0
      ],
      [
        0.0
      ],
      [
        0.0
      ],
      [
        0.0
      ]
    ]
  },
  "counts": {
    "trend": 1,
    "breakout": 0,
    "reversion": 8,
    "vwap": 0
  },
  "reward_sum": {
    "trend": 0.04291277512088447,
    "breakout": 0.0,
    "reversion": -0.3170227191568087,
    "vwap": 0.0
  },
  "disabled_until": {
    "trend": 0.0,
    "breakout": 0.0,
    "reversion": 0.0,
    "vwap": 0.0
  },
  "_snapshot_time": "2025-09-24T19:34:00.076725"
}