{
  "arms": [
    "trend",
    "breakout",
    "reversion",
    "vwap"
  ],
  "d": 6,
  "alpha": 0.6,
  "alpha_base": 0.6,
  "alpha_boost_until": 0.0,
  "A": {
    "trend": [
      [
        1.0176883269368258,
        0.010629919627656246,
        0.1934812374697507,
        0.04146767172060254,
        0.04146767172060254,
        0.0
      ],
      [
        0.010629919627656246,
        1.006388122047607,
        0.1162738573924148,
        0.024920277599478534,
        0.024920277599478534,
        0.0
      ],
      [
        0.1934812374697507,
        0.1162738573924148,
        3.116366877801685,
        0.4535882035732669,
        0.4535882035732669,
        0.0
      ],
      [
        0.04146767172060254,
        0.024920277599478534,
        0.4535882035732669,
        1.0972148357540599,
        0.09721483575406,
        0.0
      ],
      [
        0.04146767172060254,
        0.024920277599478534,
        0.4535882035732669,
        0.09721483575406,
        1.0972148357540599,
        0.0
      ],
      [
        0.0,
        0.0,
        0.0,
        0.0,
        0.0,
        1.0
      ]
    ],
    "breakout": [
      [
        1.0,
        0.0,
        0.0,
        0.0,
        0.0,
        0.0
      ],
      [
        0.0,
        1.0,
        0.0,
        0.0,
        0.0,
        0.0
      ],
      [
        0.0,
        0.0,
        1.0,
        0.0,
        0.0,
        0.0
      ],
      [
        0.0,
        0.0,
        0.0,
        1.0,
        0.0,
        0.0
      ],
      [
        0.0,
        0.0,
        0.0,
        0.0,
        1.0,
        0.0
      ],
      [
        0.0,
        0.0,
        0.0,
        0.0,
        0.0,
        1.0
      ]
    ],
    "reversion": [
      [
        1.2039912013401732,
        0.013292812124955975,
        0.34261094087489846,
        0.6409078651501586,
        0.6409078651501586,
        0.0
      ],
      [
        0.013292812124955975,
        1.0010629566425429,
        0.027062374586628923,
        0.04447369859702545,
        0.04447369859702545,
        0.0
      ],
      [
        0.34261094087489846,
        0.027062374586628923,
        1.7321531701697097,
        1.1474810625569958,
        1.1474810625569958,
        0.0
      ],
      [
        0.6409078651501586,
        0.04447369859702545,
        1.1474810625569958,
        3.06008066465167,
        2.060080664651686,
        0.0
      ],
      [
        0.6409078651501586,
        0.04447369859702545,
        1.1474810625569958,
        2.060080664651686,
        3.06008066465167,
        0.0
      ],
      [
        0.0,
        0.0,
        0.0,
        0.0,
        0.0,
        1.0
      ]
    ],
    "vwap": [
      [
        1.0,
        0.0,
        0.0,
        0.0,
        0.0,
        0.0
      ],
      [
        0.0,
        1.0,
        0.0,
        0.0,
        0.0,
        0.0
      ],
      [
        0.0,
        0.0,
        1.0,
        0.0,
        0.0,
        0.0
      ],
      [
        0.0,
        0.0,
        0.0,
        1.0,
        0.0,
        0.0
      ],
      [
        0.0,
        0.0,
        0.0,
        0.0,
        1.0,
        0.0
      ],
      [
        0.0,
        0.0,
        0.0,
        0.0,
        0.0,
        1.0
      ]
    ]
  },
  "b": {
    "trend": [
      [
        0.04227749250859352
      ],
      [
        0.025406944875580668
      ],
      [
        0.46244631258204005
      ],
      [
        0.0991133410626099
      ],
      [
        0.0991133410626099
      ],
      [
        0.0
      ]
    ],
    "breakout": [
      [
        0.0
      ],
      [
        0.0
      ],
      [
        0.0
      ],
      [
        0.0
      ],
      [
        0.0
      ],
      [
        0.0
      ]
    ],
    "reversion": [
      [
        -0.005830970217180038
      ],
      [
        -0.042215021195083524
      ],
      [
        -1.1627265025587477
      ],
      [
        -0.7322104151938877
      ],
      [
        -0.7322104151938877
      ],
      [
        0.0
      ]
    ],
    "vwap": [
      [
        0.0
      ],
      [
        0.0
      ],
      [
        0.0
      ],
      [
        0.0
      ],
      [
        0.0
      ],
      [
        0.0
      ]
    ]
  },
  "counts": {
    "trend": 1,
    "breakout": 0,
    "reversion": 8,
    "vwap": 0
  },
  "reward_sum": {
    "trend": 0.0991133410626099,
    "breakout": 0.0,
    "reversion": -0.7322104151938877,
    "vwap": 0.0
  },
  "disabled_until": {
    "trend": 0.0,
    "breakout": 0.0,
    "reversion": 0.0,
    "vwap": 0.0
  },
  "_snapshot_time": "2025-09-23T11:20:00.509928"
}