{
  "arms": [
    "trend",
    "breakout",
    "reversion",
    "vwap"
  ],
  "d": 6,
  "alpha": 0.6,
  "alpha_base": 0.6,
  "alpha_boost_until": 0.0,
  "A": {
    "trend": [
      [
        1.0141873835416062,
        0.0085260040315072,
        0.15518666824123634,
        0.0332602266669281,
        0.0332602266669281,
        0.0
      ],
      [
        0.0085260040315072,
        1.0051237597497882,
        0.09326047718247903,
        0.019987958020551783,
        0.019987958020551783,
        0.0
      ],
      [
        0.15518666824123634,
        0.09326047718247903,
        2.6974872025691785,
        0.3638122382645398,
        0.3638122382645398,
        0.0
      ],
      [
        0.0332602266669281,
        0.019987958020551783,
        0.3638122382645398,
        1.0779736922379883,
        0.07797369223798889,
        0.0
      ],
      [
        0.0332602266669281,
        0.019987958020551783,
        0.3638122382645398,
        0.07797369223798889,
        1.0779736922379883,
        0.0
      ],
      [
        0.0,
        0.0,
        0.0,
        0.0,
        0.0,
        1.0
      ]
    ],
    "breakout": [
      [
        1.0,
        0.0,
        0.0,
        0.0,
        0.0,
        0.0
      ],
      [
        0.0,
        1.0,
        0.0,
        0.0,
        0.0,
        0.0
      ],
      [
        0.0,
        0.0,
        1.0,
        0.0,
        0.0,
        0.0
      ],
      [
        0.0,
        0.0,
        0.0,
        1.0,
        0.0,
        0.0
      ],
      [
        0.0,
        0.0,
        0.0,
        0.0,
        1.0,
        0.0
      ],
      [
        0.0,
        0.0,
        0.0,
        0.0,
        0.0,
        1.0
      ]
    ],
    "reversion": [
      [
        1.1636164586318514,
        0.010661846348543957,
        0.2748000328749355,
        0.5140568540027379,
        0.5140568540027379,
        0.0
      ],
      [
        0.010661846348543957,
        1.0008525720736456,
        0.02170608272779856,
        0.03567128885412652,
        0.03567128885412652,
        0.0
      ],
      [
        0.2748000328749355,
        0.02170608272779856,
        1.5872425285612497,
        0.920367087252966,
        0.920367087252966,
        0.0
      ],
      [
        0.5140568540027379,
        0.03567128885412652,
        0.920367087252966,
        2.6523413786076584,
        1.6523413786076755,
        0.0
      ],
      [
        0.5140568540027379,
        0.03567128885412652,
        0.920367087252966,
        1.6523413786076755,
        2.6523413786076584,
        0.0
      ],
      [
        0.0,
        0.0,
        0.0,
        0.0,
        0.0,
        1.0
      ]
    ],
    "vwap": [
      [
        1.0,
        0.0,
        0.0,
        0.0,
        0.0,
        0.0
      ],
      [
        0.0,
        1.0,
        0.0,
        0.0,
        0.0,
        0.0
      ],
      [
        0.0,
        0.0,
        1.0,
        0.0,
        0.0,
        0.0
      ],
      [
        0.0,
        0.0,
        0.0,
        1.0,
        0.0,
        0.0
      ],
      [
        0.0,
        0.0,
        0.0,
        0.0,
        1.0,
        0.0
      ],
      [
        0.0,
        0.0,
        0.0,
        0.0,
        0.0,
        1.0
      ]
    ]
  },
  "b": {
    "trend": [
      [
        0.03390976453222348
      ],
      [
        0.020378302190911655
      ],
      [
        0.3709171154193806
      ],
      [
        0.0794964378919091
      ],
      [
        0.0794964378919091
      ],
      [
        0.0
      ]
    ],
    "breakout": [
      [
        0.0
      ],
      [
        0.0
      ],
      [
        0.0
      ],
      [
        0.0
      ],
      [
        0.0
      ],
      [
        0.0
      ]
    ],
    "reversion": [
      [
        -0.004676881605946524
      ],
      [
        -0.033859657787347036
      ],
      [
        -0.9325950896716168
      ],
      [
        -0.5872884434245814
      ],
      [
        -0.5872884434245814
      ],
      [
        0.0
      ]
    ],
    "vwap": [
      [
        0.0
      ],
      [
        0.0
      ],
      [
        0.0
      ],
      [
        0.0
      ],
      [
        0.0
      ],
      [
        0.0
      ]
    ]
  },
  "counts": {
    "trend": 1,
    "breakout": 0,
    "reversion": 8,
    "vwap": 0
  },
  "reward_sum": {
    "trend": 0.0794964378919091,
    "breakout": 0.0,
    "reversion": -0.5872884434245814,
    "vwap": 0.0
  },
  "disabled_until": {
    "trend": 0.0,
    "breakout": 0.0,
    "reversion": 0.0,
    "vwap": 0.0
  },
  "_snapshot_time": "2025-09-23T20:19:00.427825"
}