{
  "arms": [
    "trend",
    "breakout",
    "reversion",
    "vwap"
  ],
  "d": 6,
  "alpha": 0.6,
  "alpha_base": 0.6,
  "alpha_boost_until": 0.0,
  "A": {
    "trend": [
      [
        1.0631864923773309,
        0.03797234967011947,
        0.6911564208532677,
        0.1481314051033543,
        0.1481314051033543,
        0.0
      ],
      [
        0.03797234967011947,
        1.0228197401884453,
        0.41535512262117374,
        0.0890205691134173,
        0.0890205691134173,
        0.0
      ],
      [
        0.6911564208532677,
        0.41535512262117374,
        8.560115779714895,
        1.6203142145603453,
        1.6203142145603453,
        0.0
      ],
      [
        0.1481314051033543,
        0.0890205691134173,
        1.6203142145603453,
        1.347272215188922,
        0.3472722151889232,
        0.0
      ],
      [
        0.1481314051033543,
        0.0890205691134173,
        1.6203142145603453,
        0.3472722151889232,
        1.347272215188922,
        0.0
      ],
      [
        0.0,
        0.0,
        0.0,
        0.0,
        0.0,
        1.0
      ]
    ],
    "breakout": [
      [
        1.0,
        0.0,
        0.0,
        0.0,
        0.0,
        0.0
      ],
      [
        0.0,
        1.0,
        0.0,
        0.0,
        0.0,
        0.0
      ],
      [
        0.0,
        0.0,
        1.0,
        0.0,
        0.0,
        0.0
      ],
      [
        0.0,
        0.0,
        0.0,
        1.0,
        0.0,
        0.0
      ],
      [
        0.0,
        0.0,
        0.0,
        0.0,
        1.0,
        0.0
      ],
      [
        0.0,
        0.0,
        0.0,
        0.0,
        0.0,
        1.0
      ]
    ],
    "reversion": [
      [
        1.1699741979322913,
        0.01177451910412228,
        0.3096750505144869,
        0.5108186341847789,
        0.5108186341847789,
        0.0
      ],
      [
        0.01177451910412228,
        1.0009288616911758,
        0.024200369127151393,
        0.036228624969818095,
        0.036228624969818095,
        0.0
      ],
      [
        0.3096750505144869,
        0.024200369127151393,
        1.645613009999968,
        0.9622000230019963,
        0.9622000230019963,
        0.0
      ],
      [
        0.5108186341847789,
        0.036228624969818095,
        0.9622000230019963,
        2.5497760636146993,
        1.5497760636147082,
        0.0
      ],
      [
        0.5108186341847789,
        0.036228624969818095,
        0.9622000230019963,
        1.5497760636147082,
        2.5497760636146993,
        0.0
      ],
      [
        0.0,
        0.0,
        0.0,
        0.0,
        0.0,
        1.0
      ]
    ],
    "vwap": [
      [
        1.0,
        0.0,
        0.0,
        0.0,
        0.0,
        0.0
      ],
      [
        0.0,
        1.0,
        0.0,
        0.0,
        0.0,
        0.0
      ],
      [
        0.0,
        0.0,
        1.0,
        0.0,
        0.0,
        0.0
      ],
      [
        0.0,
        0.0,
        0.0,
        1.0,
        0.0,
        0.0
      ],
      [
        0.0,
        0.0,
        0.0,
        0.0,
        1.0,
        0.0
      ],
      [
        0.0,
        0.0,
        0.0,
        0.0,
        0.0,
        1.0
      ]
    ]
  },
  "b": {
    "trend": [
      [
        0.15102425840882233
      ],
      [
        0.09075904886006333
      ],
      [
        1.6519572772060902
      ],
      [
        0.35405408278077904
      ],
      [
        0.35405408278077904
      ],
      [
        0.0
      ]
    ],
    "breakout": [
      [
        0.0
      ],
      [
        0.0
      ],
      [
        0.0
      ],
      [
        0.0
      ],
      [
        0.0
      ],
      [
        0.0
      ]
    ],
    "reversion": [
      [
        -0.1458048642978864
      ],
      [
        -0.0043068172580832545
      ],
      [
        -0.09143565772670237
      ],
      [
        -0.3697464576189965
      ],
      [
        -0.3697464576189965
      ],
      [
        0.0
      ]
    ],
    "vwap": [
      [
        0.0
      ],
      [
        0.0
      ],
      [
        0.0
      ],
      [
        0.0
      ],
      [
        0.0
      ],
      [
        0.0
      ]
    ]
  },
  "counts": {
    "trend": 1,
    "breakout": 0,
    "reversion": 3,
    "vwap": 0
  },
  "reward_sum": {
    "trend": 0.35405408278077904,
    "breakout": 0.0,
    "reversion": -0.3697464576189965,
    "vwap": 0.0
  },
  "disabled_until": {
    "trend": 0.0,
    "breakout": 0.0,
    "reversion": 0.0,
    "vwap": 0.0
  },
  "_snapshot_time": "2025-09-19T06:27:00.583361"
}