{
  "arms": [
    "trend",
    "breakout",
    "reversion",
    "vwap"
  ],
  "d": 6,
  "alpha": 0.6,
  "alpha_base": 0.6,
  "alpha_boost_until": 0.0,
  "A": {
    "trend": [
      [
        1.0266805105375125,
        0.016033833140439,
        0.2918409532772394,
        0.06254851893336852,
        0.06254851893336852,
        0.0
      ],
      [
        0.016033833140439,
        1.009635640398033,
        0.1753837934178469,
        0.03758895521692272,
        0.03758895521692272,
        0.0
      ],
      [
        0.2918409532772394,
        0.1753837934178469,
        4.19226057874777,
        0.6841780394692204,
        0.6841780394692204,
        0.0
      ],
      [
        0.06254851893336852,
        0.03758895521692272,
        0.6841780394692204,
        1.1466357705283494,
        0.14663577052834775,
        0.0
      ],
      [
        0.06254851893336852,
        0.03758895521692272,
        0.6841780394692204,
        0.14663577052834775,
        1.1466357705283494,
        0.0
      ],
      [
        0.0,
        0.0,
        0.0,
        0.0,
        0.0,
        1.0
      ]
    ],
    "breakout": [
      [
        1.0,
        0.0,
        0.0,
        0.0,
        0.0,
        0.0
      ],
      [
        0.0,
        1.0,
        0.0,
        0.0,
        0.0,
        0.0
      ],
      [
        0.0,
        0.0,
        1.0,
        0.0,
        0.0,
        0.0
      ],
      [
        0.0,
        0.0,
        0.0,
        1.0,
        0.0,
        0.0
      ],
      [
        0.0,
        0.0,
        0.0,
        0.0,
        1.0,
        0.0
      ],
      [
        0.0,
        0.0,
        0.0,
        0.0,
        0.0,
        1.0
      ]
    ],
    "reversion": [
      [
        1.3076938489634844,
        0.02005045560497259,
        0.5167834612582249,
        0.9667250673727241,
        0.9667250673727241,
        0.0
      ],
      [
        0.02005045560497259,
        1.0016033300381415,
        0.040820026275376155,
        0.06708271439678862,
        0.06708271439678862,
        0.0
      ],
      [
        0.5167834612582249,
        0.040820026275376155,
        2.1043565873444825,
        1.73082398863905,
        1.73082398863905,
        0.0
      ],
      [
        0.9667250673727241,
        0.06708271439678862,
        1.73082398863905,
        4.10736024258657,
        3.107360242586585,
        0.0
      ],
      [
        0.9667250673727241,
        0.06708271439678862,
        1.73082398863905,
        3.107360242586585,
        4.10736024258657,
        0.0
      ],
      [
        0.0,
        0.0,
        0.0,
        0.0,
        0.0,
        1.0
      ]
    ],
    "vwap": [
      [
        1.0,
        0.0,
        0.0,
        0.0,
        0.0,
        0.0
      ],
      [
        0.0,
        1.0,
        0.0,
        0.0,
        0.0,
        0.0
      ],
      [
        0.0,
        0.0,
        1.0,
        0.0,
        0.0,
        0.0
      ],
      [
        0.0,
        0.0,
        0.0,
        1.0,
        0.0,
        0.0
      ],
      [
        0.0,
        0.0,
        0.0,
        0.0,
        1.0,
        0.0
      ],
      [
        0.0,
        0.0,
        0.0,
        0.0,
        0.0,
        1.0
      ]
    ]
  },
  "b": {
    "trend": [
      [
        0.06377002688856737
      ],
      [
        0.03832302867874195
      ],
      [
        0.6975393297481199
      ],
      [
        0.14949941563572267
      ],
      [
        0.14949941563572267
      ],
      [
        0.0
      ]
    ],
    "breakout": [
      [
        0.0
      ],
      [
        0.0
      ],
      [
        0.0
      ],
      [
        0.0
      ],
      [
        0.0
      ],
      [
        0.0
      ]
    ],
    "reversion": [
      [
        -0.008795250273190254
      ],
      [
        -0.06367579714347338
      ],
      [
        -1.7538197261143076
      ],
      [
        -1.1044429339207427
      ],
      [
        -1.1044429339207427
      ],
      [
        0.0
      ]
    ],
    "vwap": [
      [
        0.0
      ],
      [
        0.0
      ],
      [
        0.0
      ],
      [
        0.0
      ],
      [
        0.0
      ],
      [
        0.0
      ]
    ]
  },
  "counts": {
    "trend": 1,
    "breakout": 0,
    "reversion": 8,
    "vwap": 0
  },
  "reward_sum": {
    "trend": 0.14949941563572267,
    "breakout": 0.0,
    "reversion": -1.1044429339207427,
    "vwap": 0.0
  },
  "disabled_until": {
    "trend": 0.0,
    "breakout": 0.0,
    "reversion": 0.0,
    "vwap": 0.0
  },
  "_snapshot_time": "2025-09-22T18:41:00.893030"
}