{
  "arms": [
    "trend",
    "breakout",
    "reversion",
    "vwap"
  ],
  "d": 6,
  "alpha": 0.6,
  "alpha_base": 0.6,
  "alpha_boost_until": 0.0,
  "A": {
    "trend": [
      [
        1.1287498647485,
        0.07737310143780818,
        1.4083120039883492,
        0.30183505452668574,
        0.30183505452668574,
        0.0
      ],
      [
        0.07737310143780818,
        1.0464978882719596,
        0.8463346175433075,
        0.18138981611358837,
        0.18138981611358837,
        0.0
      ],
      [
        1.4083120039883492,
        0.8463346175433075,
        16.404619682140638,
        3.3015796276350264,
        3.3015796276350264,
        0.0
      ],
      [
        0.30183505452668574,
        0.18138981611358837,
        3.3015796276350264,
        1.7076077347272656,
        0.7076077347272662,
        0.0
      ],
      [
        0.30183505452668574,
        0.18138981611358837,
        3.3015796276350264,
        0.7076077347272662,
        1.7076077347272656,
        0.0
      ],
      [
        0.0,
        0.0,
        0.0,
        0.0,
        0.0,
        1.0
      ]
    ],
    "breakout": [
      [
        1.0,
        0.0,
        0.0,
        0.0,
        0.0,
        0.0
      ],
      [
        0.0,
        1.0,
        0.0,
        0.0,
        0.0,
        0.0
      ],
      [
        0.0,
        0.0,
        1.0,
        0.0,
        0.0,
        0.0
      ],
      [
        0.0,
        0.0,
        0.0,
        1.0,
        0.0,
        0.0
      ],
      [
        0.0,
        0.0,
        0.0,
        0.0,
        1.0,
        0.0
      ],
      [
        0.0,
        0.0,
        0.0,
        0.0,
        0.0,
        1.0
      ]
    ],
    "reversion": [
      [
        1.1047195968947965,
        0.01061646770375121,
        0.2992484934858923,
        0.3599757520538798,
        0.3599757520538798,
        0.0
      ],
      [
        0.01061646770375121,
        1.0011522381132743,
        0.030946384497360462,
        0.03612880070556585,
        0.03612880070556585,
        0.0
      ],
      [
        0.2992484934858923,
        0.030946384497360462,
        1.8600147308586052,
        1.0257435247706206,
        1.0257435247706206,
        0.0
      ],
      [
        0.3599757520538798,
        0.03612880070556585,
        1.0257435247706206,
        2.2391833539191075,
        1.2391833539191175,
        0.0
      ],
      [
        0.3599757520538798,
        0.03612880070556585,
        1.0257435247706206,
        1.2391833539191175,
        2.2391833539191075,
        0.0
      ],
      [
        0.0,
        0.0,
        0.0,
        0.0,
        0.0,
        1.0
      ]
    ],
    "vwap": [
      [
        1.0,
        0.0,
        0.0,
        0.0,
        0.0,
        0.0
      ],
      [
        0.0,
        1.0,
        0.0,
        0.0,
        0.0,
        0.0
      ],
      [
        0.0,
        0.0,
        1.0,
        0.0,
        0.0,
        0.0
      ],
      [
        0.0,
        0.0,
        0.0,
        1.0,
        0.0,
        0.0
      ],
      [
        0.0,
        0.0,
        0.0,
        0.0,
        1.0,
        0.0
      ],
      [
        0.0,
        0.0,
        0.0,
        0.0,
        0.0,
        1.0
      ]
    ]
  },
  "b": {
    "trend": [
      [
        0.3077295813124433
      ],
      [
        0.18493217182645233
      ],
      [
        3.366056066864141
      ],
      [
        0.7214265827490766
      ],
      [
        0.7214265827490766
      ],
      [
        0.0
      ]
    ],
    "breakout": [
      [
        0.0
      ],
      [
        0.0
      ],
      [
        0.0
      ],
      [
        0.0
      ],
      [
        0.0
      ],
      [
        0.0
      ]
    ],
    "reversion": [
      [
        0.14351521972724368
      ],
      [
        0.015615156140312055
      ],
      [
        0.41865108250058464
      ],
      [
        0.48820754451512627
      ],
      [
        0.48820754451512627
      ],
      [
        0.0
      ]
    ],
    "vwap": [
      [
        0.0
      ],
      [
        0.0
      ],
      [
        0.0
      ],
      [
        0.0
      ],
      [
        0.0
      ],
      [
        0.0
      ]
    ]
  },
  "counts": {
    "trend": 1,
    "breakout": 0,
    "reversion": 2,
    "vwap": 0
  },
  "reward_sum": {
    "trend": 0.7214265827490766,
    "breakout": 0.0,
    "reversion": 0.48820754451512627,
    "vwap": 0.0
  },
  "disabled_until": {
    "trend": 0.0,
    "breakout": 0.0,
    "reversion": 0.0,
    "vwap": 0.0
  },
  "_snapshot_time": "2025-09-18T04:45:00.875403"
}