{
  "arms": [
    "trend",
    "breakout",
    "reversion",
    "vwap"
  ],
  "d": 6,
  "alpha": 0.6,
  "alpha_base": 0.6,
  "alpha_boost_until": 0.0,
  "A": {
    "trend": [
      [
        1.040042814499036,
        0.024064000021603436,
        0.4380026063920967,
        0.0938744683058759,
        0.0938744683058759,
        0.0
      ],
      [
        0.024064000021603436,
        1.0144614234609706,
        0.2632206267602712,
        0.0564144962236593,
        0.0564144962236593,
        0.0
      ],
      [
        0.4380026063920967,
        0.2632206267602712,
        5.791028942555597,
        1.0268324618549167,
        1.0268324618549167,
        0.0
      ],
      [
        0.0938744683058759,
        0.0564144962236593,
        1.0268324618549167,
        1.220074835147336,
        0.22007483514733558,
        0.0
      ],
      [
        0.0938744683058759,
        0.0564144962236593,
        1.0268324618549167,
        0.22007483514733558,
        1.220074835147336,
        0.0
      ],
      [
        0.0,
        0.0,
        0.0,
        0.0,
        0.0,
        1.0
      ]
    ],
    "breakout": [
      [
        1.0,
        0.0,
        0.0,
        0.0,
        0.0,
        0.0
      ],
      [
        0.0,
        1.0,
        0.0,
        0.0,
        0.0,
        0.0
      ],
      [
        0.0,
        0.0,
        1.0,
        0.0,
        0.0,
        0.0
      ],
      [
        0.0,
        0.0,
        0.0,
        1.0,
        0.0,
        0.0
      ],
      [
        0.0,
        0.0,
        0.0,
        0.0,
        1.0,
        0.0
      ],
      [
        0.0,
        0.0,
        0.0,
        0.0,
        0.0,
        1.0
      ]
    ],
    "reversion": [
      [
        1.4617950507062485,
        0.030092253042993115,
        0.7756022601680724,
        1.4508864997147444,
        1.4508864997147444,
        0.0
      ],
      [
        0.030092253042993115,
        1.0024063200442785,
        0.061263772958635776,
        0.10067950854634747,
        0.10067950854634747,
        0.0
      ],
      [
        0.7756022601680724,
        0.061263772958635776,
        2.65744751794193,
        2.597666330638982,
        2.597666330638982,
        0.0
      ],
      [
        1.4508864997147444,
        0.10067950854634747,
        2.597666330638982,
        5.663608276934191,
        4.663608276934204,
        0.0
      ],
      [
        1.4508864997147444,
        0.10067950854634747,
        2.597666330638982,
        4.663608276934204,
        5.663608276934191,
        0.0
      ],
      [
        0.0,
        0.0,
        0.0,
        0.0,
        0.0,
        1.0
      ]
    ],
    "vwap": [
      [
        1.0,
        0.0,
        0.0,
        0.0,
        0.0,
        0.0
      ],
      [
        0.0,
        1.0,
        0.0,
        0.0,
        0.0,
        0.0
      ],
      [
        0.0,
        0.0,
        1.0,
        0.0,
        0.0,
        0.0
      ],
      [
        0.0,
        0.0,
        0.0,
        1.0,
        0.0,
        0.0
      ],
      [
        0.0,
        0.0,
        0.0,
        0.0,
        1.0,
        0.0
      ],
      [
        0.0,
        0.0,
        0.0,
        0.0,
        0.0,
        1.0
      ]
    ]
  },
  "b": {
    "trend": [
      [
        0.09570773968913338
      ],
      [
        0.057516213052464495
      ],
      [
        1.0468854390029179
      ],
      [
        0.22437266931600572
      ],
      [
        0.22437266931600572
      ],
      [
        0.0
      ]
    ],
    "breakout": [
      [
        0.0
      ],
      [
        0.0
      ],
      [
        0.0
      ],
      [
        0.0
      ],
      [
        0.0
      ],
      [
        0.0
      ]
    ],
    "reversion": [
      [
        -0.013200143777862905
      ],
      [
        -0.09556631720031766
      ],
      [
        -2.6321789404593843
      ],
      [
        -1.65757710916286
      ],
      [
        -1.65757710916286
      ],
      [
        0.0
      ]
    ],
    "vwap": [
      [
        0.0
      ],
      [
        0.0
      ],
      [
        0.0
      ],
      [
        0.0
      ],
      [
        0.0
      ],
      [
        0.0
      ]
    ]
  },
  "counts": {
    "trend": 1,
    "breakout": 0,
    "reversion": 8,
    "vwap": 0
  },
  "reward_sum": {
    "trend": 0.22437266931600572,
    "breakout": 0.0,
    "reversion": -1.65757710916286,
    "vwap": 0.0
  },
  "disabled_until": {
    "trend": 0.0,
    "breakout": 0.0,
    "reversion": 0.0,
    "vwap": 0.0
  },
  "_snapshot_time": "2025-09-22T04:16:00.857960"
}