{
  "arms": [
    "trend",
    "breakout",
    "reversion",
    "vwap"
  ],
  "d": 6,
  "alpha": 0.6,
  "alpha_base": 0.6,
  "alpha_boost_until": 0.0,
  "A": {
    "trend": [
      [
        1.004524438816097,
        0.0027189920871045197,
        0.04948992768625808,
        0.010606879000817642,
        0.010606879000817642,
        0.0
      ],
      [
        0.0027189920871045197,
        1.0016339966723455,
        0.02974130654427167,
        0.00637427562717799,
        0.00637427562717799,
        0.0
      ],
      [
        0.04948992768625808,
        0.02974130654427167,
        1.5413385044964425,
        0.1160218307870304,
        0.1160218307870304,
        0.0
      ],
      [
        0.010606879000817642,
        0.00637427562717799,
        0.1160218307870304,
        1.0248662622506317,
        0.024866262250633264,
        0.0
      ],
      [
        0.010606879000817642,
        0.00637427562717799,
        0.1160218307870304,
        0.024866262250633264,
        1.0248662622506317,
        0.0
      ],
      [
        0.0,
        0.0,
        0.0,
        0.0,
        0.0,
        1.0
      ]
    ],
    "breakout": [
      [
        1.0,
        0.0,
        0.0,
        0.0,
        0.0,
        0.0
      ],
      [
        0.0,
        1.0,
        0.0,
        0.0,
        0.0,
        0.0
      ],
      [
        0.0,
        0.0,
        1.0,
        0.0,
        0.0,
        0.0
      ],
      [
        0.0,
        0.0,
        0.0,
        1.0,
        0.0,
        0.0
      ],
      [
        0.0,
        0.0,
        0.0,
        0.0,
        1.0,
        0.0
      ],
      [
        0.0,
        0.0,
        0.0,
        0.0,
        0.0,
        1.0
      ]
    ],
    "reversion": [
      [
        1.1208018433164253,
        0.011220535839805318,
        0.4551451706804911,
        0.38819594424908027,
        0.38819594424908027,
        0.0
      ],
      [
        0.011220535839805318,
        1.0011631116549502,
        0.04880396619870016,
        0.03693268966181932,
        0.03693268966181932,
        0.0
      ],
      [
        0.4551451706804911,
        0.04880396619870016,
        3.155453270651144,
        1.4945234140981787,
        1.4945234140981787,
        0.0
      ],
      [
        0.38819594424908027,
        0.03693268966181932,
        1.4945234140981787,
        2.2598180942944093,
        1.2598180942944237,
        0.0
      ],
      [
        0.38819594424908027,
        0.03693268966181932,
        1.4945234140981787,
        1.2598180942944237,
        2.2598180942944093,
        0.0
      ],
      [
        0.0,
        0.0,
        0.0,
        0.0,
        0.0,
        1.0
      ]
    ],
    "vwap": [
      [
        1.0,
        0.0,
        0.0,
        0.0,
        0.0,
        0.0
      ],
      [
        0.0,
        1.0,
        0.0,
        0.0,
        0.0,
        0.0
      ],
      [
        0.0,
        0.0,
        1.0,
        0.0,
        0.0,
        0.0
      ],
      [
        0.0,
        0.0,
        0.0,
        1.0,
        0.0,
        0.0
      ],
      [
        0.0,
        0.0,
        0.0,
        0.0,
        1.0,
        0.0
      ],
      [
        0.0,
        0.0,
        0.0,
        0.0,
        0.0,
        1.0
      ]
    ]
  },
  "b": {
    "trend": [
      [
        0.010814020389619056
      ],
      [
        0.006498758644841801
      ],
      [
        0.11828761727885863
      ],
      [
        0.025351874662776382
      ],
      [
        0.025351874662776382
      ],
      [
        0.0
      ]
    ],
    "breakout": [
      [
        0.0
      ],
      [
        0.0
      ],
      [
        0.0
      ],
      [
        0.0
      ],
      [
        0.0
      ],
      [
        0.0
      ]
    ],
    "reversion": [
      [
        -0.2553204951163945
      ],
      [
        -0.03972463570506108
      ],
      [
        -1.6567769015223952
      ],
      [
        -1.0167965630574969
      ],
      [
        -1.0167965630574969
      ],
      [
        0.0
      ]
    ],
    "vwap": [
      [
        0.0
      ],
      [
        0.0
      ],
      [
        0.0
      ],
      [
        0.0
      ],
      [
        0.0
      ],
      [
        0.0
      ]
    ]
  },
  "counts": {
    "trend": 1,
    "breakout": 0,
    "reversion": 9,
    "vwap": 0
  },
  "reward_sum": {
    "trend": 0.025351874662776382,
    "breakout": 0.0,
    "reversion": -1.0167965630574969,
    "vwap": 0.0
  },
  "disabled_until": {
    "trend": 0.0,
    "breakout": 0.0,
    "reversion": 0.0,
    "vwap": 0.0
  },
  "_snapshot_time": "2025-09-25T22:18:00.693354"
}