{
  "arms": [
    "trend",
    "breakout",
    "reversion",
    "vwap"
  ],
  "d": 6,
  "alpha": 0.6,
  "alpha_base": 0.6,
  "alpha_boost_until": 0.0,
  "A": {
    "trend": [
      [
        1.1153067039275029,
        0.0692943430804337,
        1.261265909666323,
        0.27031954818155046,
        0.27031954818155046,
        0.0
      ],
      [
        0.0692943430804337,
        1.0416429038329653,
        0.7579662732795186,
        0.16245035956294018,
        0.16245035956294018,
        0.0
      ],
      [
        1.261265909666323,
        0.7579662732795186,
        14.796176984528211,
        2.9568517633819313,
        2.9568517633819313,
        0.0
      ],
      [
        0.27031954818155046,
        0.16245035956294018,
        2.9568517633819313,
        1.6337242817644082,
        0.6337242817644086,
        0.0
      ],
      [
        0.27031954818155046,
        0.16245035956294018,
        2.9568517633819313,
        0.6337242817644086,
        1.6337242817644082,
        0.0
      ],
      [
        0.0,
        0.0,
        0.0,
        0.0,
        0.0,
        1.0
      ]
    ],
    "breakout": [
      [
        1.0,
        0.0,
        0.0,
        0.0,
        0.0,
        0.0
      ],
      [
        0.0,
        1.0,
        0.0,
        0.0,
        0.0,
        0.0
      ],
      [
        0.0,
        0.0,
        1.0,
        0.0,
        0.0,
        0.0
      ],
      [
        0.0,
        0.0,
        0.0,
        1.0,
        0.0,
        0.0
      ],
      [
        0.0,
        0.0,
        0.0,
        0.0,
        1.0,
        0.0
      ],
      [
        0.0,
        0.0,
        0.0,
        0.0,
        0.0,
        1.0
      ]
    ],
    "reversion": [
      [
        1.0937855086538764,
        0.00950797036302595,
        0.26800305776267686,
        0.32238960051909904,
        0.32238960051909904,
        0.0
      ],
      [
        0.00950797036302595,
        1.001031929464476,
        0.0277151793660846,
        0.03235648390272173,
        0.03235648390272173,
        0.0
      ],
      [
        0.26800305776267686,
        0.0277151793660846,
        1.7702180047964635,
        0.9186425566140816,
        0.9186425566140816,
        0.0
      ],
      [
        0.32238960051909904,
        0.03235648390272173,
        0.9186425566140816,
        2.1097964909039253,
        1.1097964909039368,
        0.0
      ],
      [
        0.32238960051909904,
        0.03235648390272173,
        0.9186425566140816,
        1.1097964909039368,
        2.1097964909039253,
        0.0
      ],
      [
        0.0,
        0.0,
        0.0,
        0.0,
        0.0,
        1.0
      ]
    ],
    "vwap": [
      [
        1.0,
        0.0,
        0.0,
        0.0,
        0.0,
        0.0
      ],
      [
        0.0,
        1.0,
        0.0,
        0.0,
        0.0,
        0.0
      ],
      [
        0.0,
        0.0,
        1.0,
        0.0,
        0.0,
        0.0
      ],
      [
        0.0,
        0.0,
        0.0,
        1.0,
        0.0,
        0.0
      ],
      [
        0.0,
        0.0,
        0.0,
        0.0,
        1.0,
        0.0
      ],
      [
        0.0,
        0.0,
        0.0,
        0.0,
        0.0,
        1.0
      ]
    ]
  },
  "b": {
    "trend": [
      [
        0.2755986096874074
      ],
      [
        0.16562284725593296
      ],
      [
        3.01459602356437
      ],
      [
        0.6461002622796708
      ],
      [
        0.6461002622796708
      ],
      [
        0.0
      ]
    ],
    "breakout": [
      [
        0.0
      ],
      [
        0.0
      ],
      [
        0.0
      ],
      [
        0.0
      ],
      [
        0.0
      ],
      [
        0.0
      ]
    ],
    "reversion": [
      [
        0.12853036376003352
      ],
      [
        0.013984730697541716
      ],
      [
        0.37493846314417917
      ],
      [
        0.43723232564587783
      ],
      [
        0.43723232564587783
      ],
      [
        0.0
      ]
    ],
    "vwap": [
      [
        0.0
      ],
      [
        0.0
      ],
      [
        0.0
      ],
      [
        0.0
      ],
      [
        0.0
      ],
      [
        0.0
      ]
    ]
  },
  "counts": {
    "trend": 1,
    "breakout": 0,
    "reversion": 2,
    "vwap": 0
  },
  "reward_sum": {
    "trend": 0.6461002622796708,
    "breakout": 0.0,
    "reversion": 0.43723232564587783,
    "vwap": 0.0
  },
  "disabled_until": {
    "trend": 0.0,
    "breakout": 0.0,
    "reversion": 0.0,
    "vwap": 0.0
  },
  "_snapshot_time": "2025-09-18T08:21:00.915855"
}