{
  "arms": [
    "trend",
    "breakout",
    "reversion",
    "vwap"
  ],
  "d": 6,
  "alpha": 0.6,
  "alpha_base": 0.6,
  "alpha_boost_until": 0.0,
  "A": {
    "trend": [
      [
        1.025760583791386,
        0.015480996944592009,
        0.2817784659737366,
        0.06039188645752124,
        0.06039188645752124,
        0.0
      ],
      [
        0.015480996944592009,
        1.0093034097495326,
        0.1693366736607005,
        0.03629291235393596,
        0.03629291235393596,
        0.0
      ],
      [
        0.2817784659737366,
        0.1693366736607005,
        4.082193498776964,
        0.6605880232011665,
        0.6605880232011665,
        0.0
      ],
      [
        0.06039188645752124,
        0.03629291235393596,
        0.6605880232011665,
        1.1415798640059385,
        0.14157986400593744,
        0.0
      ],
      [
        0.06039188645752124,
        0.03629291235393596,
        0.6605880232011665,
        0.14157986400593744,
        1.1415798640059385,
        0.0
      ],
      [
        0.0,
        0.0,
        0.0,
        0.0,
        0.0,
        1.0
      ]
    ],
    "breakout": [
      [
        1.0,
        0.0,
        0.0,
        0.0,
        0.0,
        0.0
      ],
      [
        0.0,
        1.0,
        0.0,
        0.0,
        0.0,
        0.0
      ],
      [
        0.0,
        0.0,
        1.0,
        0.0,
        0.0,
        0.0
      ],
      [
        0.0,
        0.0,
        0.0,
        1.0,
        0.0,
        0.0
      ],
      [
        0.0,
        0.0,
        0.0,
        0.0,
        1.0,
        0.0
      ],
      [
        0.0,
        0.0,
        0.0,
        0.0,
        0.0,
        1.0
      ]
    ],
    "reversion": [
      [
        1.2970847640705236,
        0.019359128864537986,
        0.49896510177448533,
        0.9333930123366548,
        0.9333930123366548,
        0.0
      ],
      [
        0.019359128864537986,
        1.0015480482554753,
        0.03941257817218133,
        0.06476974579412326,
        0.06476974579412326,
        0.0
      ],
      [
        0.49896510177448533,
        0.03941257817218133,
        2.0662790865211584,
        1.6711462970241466,
        1.6711462970241466,
        0.0
      ],
      [
        0.9333930123366548,
        0.06476974579412326,
        1.6711462970241466,
        4.000220471292261,
        3.0002204712922755,
        0.0
      ],
      [
        0.9333930123366548,
        0.06476974579412326,
        1.6711462970241466,
        3.0002204712922755,
        4.000220471292261,
        0.0
      ],
      [
        0.0,
        0.0,
        0.0,
        0.0,
        0.0,
        1.0
      ]
    ],
    "vwap": [
      [
        1.0,
        0.0,
        0.0,
        0.0,
        0.0,
        0.0
      ],
      [
        0.0,
        1.0,
        0.0,
        0.0,
        0.0,
        0.0
      ],
      [
        0.0,
        0.0,
        1.0,
        0.0,
        0.0,
        0.0
      ],
      [
        0.0,
        0.0,
        0.0,
        1.0,
        0.0,
        0.0
      ],
      [
        0.0,
        0.0,
        0.0,
        0.0,
        1.0,
        0.0
      ],
      [
        0.0,
        0.0,
        0.0,
        0.0,
        0.0,
        1.0
      ]
    ]
  },
  "b": {
    "trend": [
      [
        0.06157127760850775
      ],
      [
        0.03700167543759734
      ],
      [
        0.673488624833459
      ],
      [
        0.14434477248224287
      ],
      [
        0.14434477248224287
      ],
      [
        0.0
      ]
    ],
    "breakout": [
      [
        0.0
      ],
      [
        0.0
      ],
      [
        0.0
      ],
      [
        0.0
      ],
      [
        0.0
      ],
      [
        0.0
      ]
    ],
    "reversion": [
      [
        -0.00849199573262195
      ],
      [
        -0.06148029684407593
      ],
      [
        -1.6933491563451186
      ],
      [
        -1.0663624559233198
      ],
      [
        -1.0663624559233198
      ],
      [
        0.0
      ]
    ],
    "vwap": [
      [
        0.0
      ],
      [
        0.0
      ],
      [
        0.0
      ],
      [
        0.0
      ],
      [
        0.0
      ],
      [
        0.0
      ]
    ]
  },
  "counts": {
    "trend": 1,
    "breakout": 0,
    "reversion": 8,
    "vwap": 0
  },
  "reward_sum": {
    "trend": 0.14434477248224287,
    "breakout": 0.0,
    "reversion": -1.0663624559233198,
    "vwap": 0.0
  },
  "disabled_until": {
    "trend": 0.0,
    "breakout": 0.0,
    "reversion": 0.0,
    "vwap": 0.0
  },
  "_snapshot_time": "2025-09-22T19:54:00.567731"
}