{
  "arms": [
    "trend",
    "breakout",
    "reversion",
    "vwap"
  ],
  "d": 6,
  "alpha": 0.6,
  "alpha_base": 0.6,
  "alpha_boost_until": 0.0,
  "A": {
    "trend": [
      [
        1.013975635068825,
        0.008398752355586452,
        0.15287048781940235,
        0.03276381362639586,
        0.03276381362639586,
        0.0
      ],
      [
        0.008398752355586452,
        1.0050472869950529,
        0.09186855290297087,
        0.019689635248600297,
        0.019689635248600297,
        0.0
      ],
      [
        0.15287048781940235,
        0.09186855290297087,
        2.672151993884933,
        0.3583822951319118,
        0.3583822951319118,
        0.0
      ],
      [
        0.03276381362639586,
        0.019689635248600297,
        0.3583822951319118,
        1.0768099251346248,
        0.07680992513462537,
        0.0
      ],
      [
        0.03276381362639586,
        0.019689635248600297,
        0.3583822951319118,
        0.07680992513462537,
        1.0768099251346248,
        0.0
      ],
      [
        0.0,
        0.0,
        0.0,
        0.0,
        0.0,
        1.0
      ]
    ],
    "breakout": [
      [
        1.0,
        0.0,
        0.0,
        0.0,
        0.0,
        0.0
      ],
      [
        0.0,
        1.0,
        0.0,
        0.0,
        0.0,
        0.0
      ],
      [
        0.0,
        0.0,
        1.0,
        0.0,
        0.0,
        0.0
      ],
      [
        0.0,
        0.0,
        0.0,
        1.0,
        0.0,
        0.0
      ],
      [
        0.0,
        0.0,
        0.0,
        0.0,
        1.0,
        0.0
      ],
      [
        0.0,
        0.0,
        0.0,
        0.0,
        0.0,
        1.0
      ]
    ],
    "reversion": [
      [
        1.1611744625347136,
        0.010502716959061145,
        0.2706986080342729,
        0.5063844911996404,
        0.5063844911996404,
        0.0
      ],
      [
        0.010502716959061145,
        1.000839847328875,
        0.021382116729825824,
        0.03513889040906758,
        0.03513889040906758,
        0.0
      ],
      [
        0.2706986080342729,
        0.021382116729825824,
        1.5784778604171574,
        0.9066304934298297,
        0.9066304934298297,
        0.0
      ],
      [
        0.5063844911996404,
        0.03513889040906758,
        0.9066304934298297,
        2.6276799769892665,
        1.6276799769892836,
        0.0
      ],
      [
        0.5063844911996404,
        0.03513889040906758,
        0.9066304934298297,
        1.6276799769892836,
        2.6276799769892665,
        0.0
      ],
      [
        0.0,
        0.0,
        0.0,
        0.0,
        0.0,
        1.0
      ]
    ],
    "vwap": [
      [
        1.0,
        0.0,
        0.0,
        0.0,
        0.0,
        0.0
      ],
      [
        0.0,
        1.0,
        0.0,
        0.0,
        0.0,
        0.0
      ],
      [
        0.0,
        0.0,
        1.0,
        0.0,
        0.0,
        0.0
      ],
      [
        0.0,
        0.0,
        0.0,
        1.0,
        0.0,
        0.0
      ],
      [
        0.0,
        0.0,
        0.0,
        0.0,
        1.0,
        0.0
      ],
      [
        0.0,
        0.0,
        0.0,
        0.0,
        0.0,
        1.0
      ]
    ]
  },
  "b": {
    "trend": [
      [
        0.03340365705785948
      ],
      [
        0.020074153483424523
      ],
      [
        0.36538113110710696
      ],
      [
        0.07830994361931762
      ],
      [
        0.07830994361931762
      ],
      [
        0.0
      ]
    ],
    "breakout": [
      [
        0.0
      ],
      [
        0.0
      ],
      [
        0.0
      ],
      [
        0.0
      ],
      [
        0.0
      ],
      [
        0.0
      ]
    ],
    "reversion": [
      [
        -0.004607078563367571
      ],
      [
        -0.033354298162413656
      ],
      [
        -0.9186759913838816
      ],
      [
        -0.5785230899954141
      ],
      [
        -0.5785230899954141
      ],
      [
        0.0
      ]
    ],
    "vwap": [
      [
        0.0
      ],
      [
        0.0
      ],
      [
        0.0
      ],
      [
        0.0
      ],
      [
        0.0
      ],
      [
        0.0
      ]
    ]
  },
  "counts": {
    "trend": 1,
    "breakout": 0,
    "reversion": 8,
    "vwap": 0
  },
  "reward_sum": {
    "trend": 0.07830994361931762,
    "breakout": 0.0,
    "reversion": -0.5785230899954141,
    "vwap": 0.0
  },
  "disabled_until": {
    "trend": 0.0,
    "breakout": 0.0,
    "reversion": 0.0,
    "vwap": 0.0
  },
  "_snapshot_time": "2025-09-23T22:52:00.822432"
}