{
  "arms": [
    "trend",
    "breakout",
    "reversion",
    "vwap"
  ],
  "d": 6,
  "alpha": 0.6,
  "alpha_base": 0.6,
  "alpha_boost_until": 0.0,
  "A": {
    "trend": [
      [
        1.0169080873774936,
        0.010161029390855078,
        0.18494669850505888,
        0.039638515236476476,
        0.039638515236476476,
        0.0
      ],
      [
        0.010161029390855078,
        1.006106339290584,
        0.11114496851684239,
        0.023821033647118874,
        0.023821033647118874,
        0.0
      ],
      [
        0.18494669850505888,
        0.11114496851684239,
        3.023013042471756,
        0.4335802366616131,
        0.4335802366616131,
        0.0
      ],
      [
        0.039638515236476476,
        0.023821033647118874,
        0.4335802366616131,
        1.092926648359048,
        0.09292664835904782,
        0.0
      ],
      [
        0.039638515236476476,
        0.023821033647118874,
        0.4335802366616131,
        0.09292664835904782,
        1.092926648359048,
        0.0
      ],
      [
        0.0,
        0.0,
        0.0,
        0.0,
        0.0,
        1.0
      ]
    ],
    "breakout": [
      [
        1.0,
        0.0,
        0.0,
        0.0,
        0.0,
        0.0
      ],
      [
        0.0,
        1.0,
        0.0,
        0.0,
        0.0,
        0.0
      ],
      [
        0.0,
        0.0,
        1.0,
        0.0,
        0.0,
        0.0
      ],
      [
        0.0,
        0.0,
        0.0,
        1.0,
        0.0,
        0.0
      ],
      [
        0.0,
        0.0,
        0.0,
        0.0,
        1.0,
        0.0
      ],
      [
        0.0,
        0.0,
        0.0,
        0.0,
        0.0,
        1.0
      ]
    ],
    "reversion": [
      [
        1.1949930634377108,
        0.012706460577310426,
        0.32749822781359356,
        0.6126371489844289,
        0.6126371489844289,
        0.0
      ],
      [
        0.012706460577310426,
        1.0010160691768524,
        0.025868641832967054,
        0.04251194499991186,
        0.04251194499991186,
        0.0
      ],
      [
        0.32749822781359356,
        0.025868641832967054,
        1.6998575851266744,
        1.0968651890608916,
        1.0968651890608916,
        0.0
      ],
      [
        0.6126371489844289,
        0.04251194499991186,
        1.0968651890608916,
        2.969209637916445,
        1.9692096379164619,
        0.0
      ],
      [
        0.6126371489844289,
        0.04251194499991186,
        1.0968651890608916,
        1.9692096379164619,
        2.969209637916445,
        0.0
      ],
      [
        0.0,
        0.0,
        0.0,
        0.0,
        0.0,
        1.0
      ]
    ],
    "vwap": [
      [
        1.0,
        0.0,
        0.0,
        0.0,
        0.0,
        0.0
      ],
      [
        0.0,
        1.0,
        0.0,
        0.0,
        0.0,
        0.0
      ],
      [
        0.0,
        0.0,
        1.0,
        0.0,
        0.0,
        0.0
      ],
      [
        0.0,
        0.0,
        0.0,
        1.0,
        0.0,
        0.0
      ],
      [
        0.0,
        0.0,
        0.0,
        0.0,
        1.0,
        0.0
      ],
      [
        0.0,
        0.0,
        0.0,
        0.0,
        0.0,
        1.0
      ]
    ]
  },
  "b": {
    "trend": [
      [
        0.04041261448805435
      ],
      [
        0.024286233824472567
      ],
      [
        0.4420476107470545
      ],
      [
        0.09474140979794718
      ],
      [
        0.09474140979794718
      ],
      [
        0.0
      ]
    ],
    "breakout": [
      [
        0.0
      ],
      [
        0.0
      ],
      [
        0.0
      ],
      [
        0.0
      ],
      [
        0.0
      ],
      [
        0.0
      ]
    ],
    "reversion": [
      [
        -0.005573763662315714
      ],
      [
        -0.04035289881052383
      ],
      [
        -1.1114381462760414
      ],
      [
        -0.699912305048699
      ],
      [
        -0.699912305048699
      ],
      [
        0.0
      ]
    ],
    "vwap": [
      [
        0.0
      ],
      [
        0.0
      ],
      [
        0.0
      ],
      [
        0.0
      ],
      [
        0.0
      ],
      [
        0.0
      ]
    ]
  },
  "counts": {
    "trend": 1,
    "breakout": 0,
    "reversion": 8,
    "vwap": 0
  },
  "reward_sum": {
    "trend": 0.09474140979794718,
    "breakout": 0.0,
    "reversion": -0.699912305048699,
    "vwap": 0.0
  },
  "disabled_until": {
    "trend": 0.0,
    "breakout": 0.0,
    "reversion": 0.0,
    "vwap": 0.0
  },
  "_snapshot_time": "2025-09-23T12:58:00.398377"
}