{
  "arms": [
    "trend",
    "breakout",
    "reversion",
    "vwap"
  ],
  "d": 6,
  "alpha": 0.6,
  "alpha_base": 0.6,
  "alpha_boost_until": 0.0,
  "A": {
    "trend": [
      [
        1.11764195549146,
        0.07069772829170205,
        1.286809725314421,
        0.2757942007920007,
        0.2757942007920007,
        0.0
      ],
      [
        0.07069772829170205,
        1.0424862776611228,
        0.7733170019432704,
        0.1657403890522338,
        0.1657403890522338,
        0.0
      ],
      [
        1.286809725314421,
        0.7733170019432704,
        15.075584363131306,
        3.016735468922314,
        3.016735468922314,
        0.0
      ],
      [
        0.2757942007920007,
        0.1657403890522338,
        3.016735468922314,
        1.6465587967553001,
        0.6465587967553006,
        0.0
      ],
      [
        0.2757942007920007,
        0.1657403890522338,
        3.016735468922314,
        0.6465587967553006,
        1.6465587967553001,
        0.0
      ],
      [
        0.0,
        0.0,
        0.0,
        0.0,
        0.0,
        1.0
      ]
    ],
    "breakout": [
      [
        1.0,
        0.0,
        0.0,
        0.0,
        0.0,
        0.0
      ],
      [
        0.0,
        1.0,
        0.0,
        0.0,
        0.0,
        0.0
      ],
      [
        0.0,
        0.0,
        1.0,
        0.0,
        0.0,
        0.0
      ],
      [
        0.0,
        0.0,
        0.0,
        1.0,
        0.0,
        0.0
      ],
      [
        0.0,
        0.0,
        0.0,
        0.0,
        1.0,
        0.0
      ],
      [
        0.0,
        0.0,
        0.0,
        0.0,
        0.0,
        1.0
      ]
    ],
    "reversion": [
      [
        1.095684901735983,
        0.00970053074246645,
        0.2734307955998372,
        0.32891880301272897,
        0.32891880301272897,
        0.0
      ],
      [
        0.00970053074246645,
        1.001052828638711,
        0.02827648164735257,
        0.03301178430646485,
        0.03301178430646485,
        0.0
      ],
      [
        0.2734307955998372,
        0.02827648164735257,
        1.785816861922929,
        0.9372473852491909,
        0.9372473852491909,
        0.0
      ],
      [
        0.32891880301272897,
        0.03301178430646485,
        0.9372473852491909,
        2.132272668808437,
        1.1322726688084483,
        0.0
      ],
      [
        0.32891880301272897,
        0.03301178430646485,
        0.9372473852491909,
        1.1322726688084483,
        2.132272668808437,
        0.0
      ],
      [
        0.0,
        0.0,
        0.0,
        0.0,
        0.0,
        1.0
      ]
    ],
    "vwap": [
      [
        1.0,
        0.0,
        0.0,
        0.0,
        0.0,
        0.0
      ],
      [
        0.0,
        1.0,
        0.0,
        0.0,
        0.0,
        0.0
      ],
      [
        0.0,
        0.0,
        1.0,
        0.0,
        0.0,
        0.0
      ],
      [
        0.0,
        0.0,
        0.0,
        1.0,
        0.0,
        0.0
      ],
      [
        0.0,
        0.0,
        0.0,
        0.0,
        1.0,
        0.0
      ],
      [
        0.0,
        0.0,
        0.0,
        0.0,
        0.0,
        1.0
      ]
    ]
  },
  "b": {
    "trend": [
      [
        0.2811801766074153
      ],
      [
        0.16897712762218647
      ],
      [
        3.075649196007435
      ],
      [
        0.6591854220888547
      ],
      [
        0.6591854220888547
      ],
      [
        0.0
      ]
    ],
    "breakout": [
      [
        0.0
      ],
      [
        0.0
      ],
      [
        0.0
      ],
      [
        0.0
      ],
      [
        0.0
      ],
      [
        0.0
      ]
    ],
    "reversion": [
      [
        0.13113342778634804
      ],
      [
        0.014267956764375478
      ],
      [
        0.38253191263689545
      ],
      [
        0.4460873829625717
      ],
      [
        0.4460873829625717
      ],
      [
        0.0
      ]
    ],
    "vwap": [
      [
        0.0
      ],
      [
        0.0
      ],
      [
        0.0
      ],
      [
        0.0
      ],
      [
        0.0
      ],
      [
        0.0
      ]
    ]
  },
  "counts": {
    "trend": 1,
    "breakout": 0,
    "reversion": 2,
    "vwap": 0
  },
  "reward_sum": {
    "trend": 0.6591854220888547,
    "breakout": 0.0,
    "reversion": 0.4460873829625717,
    "vwap": 0.0
  },
  "disabled_until": {
    "trend": 0.0,
    "breakout": 0.0,
    "reversion": 0.0,
    "vwap": 0.0
  },
  "_snapshot_time": "2025-09-18T07:42:00.513181"
}