{
  "arms": [
    "trend",
    "breakout",
    "reversion",
    "vwap"
  ],
  "d": 6,
  "alpha": 0.6,
  "alpha_base": 0.6,
  "alpha_boost_until": 0.0,
  "A": {
    "trend": [
      [
        1.0052061713604221,
        0.0031286838674304007,
        0.05694696173874548,
        0.01220510032781452,
        0.01220510032781452,
        0.0
      ],
      [
        0.0031286838674304007,
        1.0018802037168288,
        0.034222661560025375,
        0.007334737535975755,
        0.007334737535975755,
        0.0
      ],
      [
        0.05694696173874548,
        0.034222661560025375,
        1.622906206262826,
        0.1335037464708768,
        0.1335037464708768,
        0.0
      ],
      [
        0.01220510032781452,
        0.007334737535975755,
        0.1335037464708768,
        1.028613056255598,
        0.02861305625559891,
        0.0
      ],
      [
        0.01220510032781452,
        0.007334737535975755,
        0.1335037464708768,
        0.02861305625559891,
        1.028613056255598,
        0.0
      ],
      [
        0.0,
        0.0,
        0.0,
        0.0,
        0.0,
        1.0
      ]
    ],
    "breakout": [
      [
        1.0,
        0.0,
        0.0,
        0.0,
        0.0,
        0.0
      ],
      [
        0.0,
        1.0,
        0.0,
        0.0,
        0.0,
        0.0
      ],
      [
        0.0,
        0.0,
        1.0,
        0.0,
        0.0,
        0.0
      ],
      [
        0.0,
        0.0,
        0.0,
        1.0,
        0.0,
        0.0
      ],
      [
        0.0,
        0.0,
        0.0,
        0.0,
        1.0,
        0.0
      ],
      [
        0.0,
        0.0,
        0.0,
        0.0,
        0.0,
        1.0
      ]
    ],
    "reversion": [
      [
        1.1390040008326894,
        0.01291122163702496,
        0.5237254494415782,
        0.4466884600121757,
        0.4466884600121757,
        0.0
      ],
      [
        0.01291122163702496,
        1.001338366774998,
        0.056157641074673054,
        0.042497626555728134,
        0.042497626555728134,
        0.0
      ],
      [
        0.5237254494415782,
        0.056157641074673054,
        3.4802322547645956,
        1.7197149331042654,
        1.7197149331042654,
        0.0
      ],
      [
        0.4466884600121757,
        0.042497626555728134,
        1.7197149331042654,
        2.4496447290927046,
        1.4496447290927181,
        0.0
      ],
      [
        0.4466884600121757,
        0.042497626555728134,
        1.7197149331042654,
        1.4496447290927181,
        2.4496447290927046,
        0.0
      ],
      [
        0.0,
        0.0,
        0.0,
        0.0,
        0.0,
        1.0
      ]
    ],
    "vwap": [
      [
        1.0,
        0.0,
        0.0,
        0.0,
        0.0,
        0.0
      ],
      [
        0.0,
        1.0,
        0.0,
        0.0,
        0.0,
        0.0
      ],
      [
        0.0,
        0.0,
        1.0,
        0.0,
        0.0,
        0.0
      ],
      [
        0.0,
        0.0,
        0.0,
        1.0,
        0.0,
        0.0
      ],
      [
        0.0,
        0.0,
        0.0,
        0.0,
        1.0,
        0.0
      ],
      [
        0.0,
        0.0,
        0.0,
        0.0,
        0.0,
        1.0
      ]
    ]
  },
  "b": {
    "trend": [
      [
        0.012443453327991965
      ],
      [
        0.007477977382454516
      ],
      [
        0.1361109367152492
      ],
      [
        0.02917183968380449
      ],
      [
        0.02917183968380449
      ],
      [
        0.0
      ]
    ],
    "breakout": [
      [
        0.0
      ],
      [
        0.0
      ],
      [
        0.0
      ],
      [
        0.0
      ],
      [
        0.0
      ],
      [
        0.0
      ]
    ],
    "reversion": [
      [
        -0.29379162884790666
      ],
      [
        -0.04571025692183146
      ],
      [
        -1.9064164211100874
      ],
      [
        -1.1700052450996274
      ],
      [
        -1.1700052450996274
      ],
      [
        0.0
      ]
    ],
    "vwap": [
      [
        0.0
      ],
      [
        0.0
      ],
      [
        0.0
      ],
      [
        0.0
      ],
      [
        0.0
      ],
      [
        0.0
      ]
    ]
  },
  "counts": {
    "trend": 1,
    "breakout": 0,
    "reversion": 9,
    "vwap": 0
  },
  "reward_sum": {
    "trend": 0.02917183968380449,
    "breakout": 0.0,
    "reversion": -1.1700052450996274,
    "vwap": 0.0
  },
  "disabled_until": {
    "trend": 0.0,
    "breakout": 0.0,
    "reversion": 0.0,
    "vwap": 0.0
  },
  "_snapshot_time": "2025-09-25T16:22:00.720328"
}