{
  "arms": [
    "trend",
    "breakout",
    "reversion",
    "vwap"
  ],
  "d": 6,
  "alpha": 0.6,
  "alpha_base": 0.6,
  "alpha_boost_until": 0.0,
  "A": {
    "trend": [
      [
        1.0036471799498985,
        0.00219179744209167,
        0.039894156892363364,
        0.008550275071717883,
        0.008550275071717883,
        0.0
      ],
      [
        0.00219179744209167,
        1.0013171754871293,
        0.02397466322809973,
        0.005138345595449661,
        0.005138345595449661,
        0.0
      ],
      [
        0.039894156892363364,
        0.02397466322809973,
        1.436376536396819,
        0.09352596248877224,
        0.09352596248877224,
        0.0
      ],
      [
        0.008550275071717883,
        0.005138345595449661,
        0.09352596248877224,
        1.0200448578919388,
        0.020044857891939702,
        0.0
      ],
      [
        0.008550275071717883,
        0.005138345595449661,
        0.09352596248877224,
        0.020044857891939702,
        1.0200448578919388,
        0.0
      ],
      [
        0.0,
        0.0,
        0.0,
        0.0,
        0.0,
        1.0
      ]
    ],
    "breakout": [
      [
        1.0,
        0.0,
        0.0,
        0.0,
        0.0,
        0.0
      ],
      [
        0.0,
        1.0,
        0.0,
        0.0,
        0.0,
        0.0
      ],
      [
        0.0,
        0.0,
        1.0,
        0.0,
        0.0,
        0.0
      ],
      [
        0.0,
        0.0,
        0.0,
        1.0,
        0.0,
        0.0
      ],
      [
        0.0,
        0.0,
        0.0,
        0.0,
        1.0,
        0.0
      ],
      [
        0.0,
        0.0,
        0.0,
        0.0,
        0.0,
        1.0
      ]
    ],
    "reversion": [
      [
        1.0973791620934281,
        0.009044947894192901,
        0.36689552191386304,
        0.3129273092300791,
        0.3129273092300791,
        0.0
      ],
      [
        0.009044947894192901,
        1.0009375919710384,
        0.03934119881612123,
        0.02977168455703171,
        0.02977168455703171,
        0.0
      ],
      [
        0.36689552191386304,
        0.03934119881612123,
        2.7375250879057385,
        1.2047451743983608,
        1.2047451743983608,
        0.0
      ],
      [
        0.3129273092300791,
        0.02977168455703171,
        1.2047451743983608,
        2.0155476691790493,
        1.0155476691790664,
        0.0
      ],
      [
        0.3129273092300791,
        0.02977168455703171,
        1.2047451743983608,
        1.0155476691790664,
        2.0155476691790493,
        0.0
      ],
      [
        0.0,
        0.0,
        0.0,
        0.0,
        0.0,
        1.0
      ]
    ],
    "vwap": [
      [
        1.0,
        0.0,
        0.0,
        0.0,
        0.0,
        0.0
      ],
      [
        0.0,
        1.0,
        0.0,
        0.0,
        0.0,
        0.0
      ],
      [
        0.0,
        0.0,
        1.0,
        0.0,
        0.0,
        0.0
      ],
      [
        0.0,
        0.0,
        0.0,
        1.0,
        0.0,
        0.0
      ],
      [
        0.0,
        0.0,
        0.0,
        0.0,
        1.0,
        0.0
      ],
      [
        0.0,
        0.0,
        0.0,
        0.0,
        0.0,
        1.0
      ]
    ]
  },
  "b": {
    "trend": [
      [
        0.008717253110484349
      ],
      [
        0.005238692176446865
      ],
      [
        0.09535242791346694
      ],
      [
        0.020436313258003946
      ],
      [
        0.020436313258003946
      ],
      [
        0.0
      ]
    ],
    "breakout": [
      [
        0.0
      ],
      [
        0.0
      ],
      [
        0.0
      ],
      [
        0.0
      ],
      [
        0.0
      ],
      [
        0.0
      ]
    ],
    "reversion": [
      [
        -0.2058155339119162
      ],
      [
        -0.03202229066399974
      ],
      [
        -1.3355387800118144
      ],
      [
        -0.8196464111119546
      ],
      [
        -0.8196464111119546
      ],
      [
        0.0
      ]
    ],
    "vwap": [
      [
        0.0
      ],
      [
        0.0
      ],
      [
        0.0
      ],
      [
        0.0
      ],
      [
        0.0
      ],
      [
        0.0
      ]
    ]
  },
  "counts": {
    "trend": 1,
    "breakout": 0,
    "reversion": 9,
    "vwap": 0
  },
  "reward_sum": {
    "trend": 0.020436313258003946,
    "breakout": 0.0,
    "reversion": -0.8196464111119546,
    "vwap": 0.0
  },
  "disabled_until": {
    "trend": 0.0,
    "breakout": 0.0,
    "reversion": 0.0,
    "vwap": 0.0
  },
  "_snapshot_time": "2025-09-26T05:23:00.660028"
}