{
  "arms": [
    "trend",
    "breakout",
    "reversion",
    "vwap"
  ],
  "d": 6,
  "alpha": 0.6,
  "alpha_base": 0.6,
  "alpha_boost_until": 0.0,
  "A": {
    "trend": [
      [
        1.0538223717086321,
        0.03234491806240238,
        0.5887283245575335,
        0.12617860633224956,
        0.12617860633224956,
        0.0
      ],
      [
        0.03234491806240238,
        1.0194378971281135,
        0.3538002658432459,
        0.07582788631349004,
        0.07582788631349004,
        0.0
      ],
      [
        0.5887283245575335,
        0.3538002658432459,
        7.439720679955086,
        1.3801866610993778,
        1.3801866610993778,
        0.0
      ],
      [
        0.12617860633224956,
        0.07582788631349004,
        1.3801866610993778,
        1.295807118685456,
        0.29580711868545667,
        0.0
      ],
      [
        0.12617860633224956,
        0.07582788631349004,
        1.3801866610993778,
        0.29580711868545667,
        1.295807118685456,
        0.0
      ],
      [
        0.0,
        0.0,
        0.0,
        0.0,
        0.0,
        1.0
      ]
    ],
    "breakout": [
      [
        1.0,
        0.0,
        0.0,
        0.0,
        0.0,
        0.0
      ],
      [
        0.0,
        1.0,
        0.0,
        0.0,
        0.0,
        0.0
      ],
      [
        0.0,
        0.0,
        1.0,
        0.0,
        0.0,
        0.0
      ],
      [
        0.0,
        0.0,
        0.0,
        1.0,
        0.0,
        0.0
      ],
      [
        0.0,
        0.0,
        0.0,
        0.0,
        1.0,
        0.0
      ],
      [
        0.0,
        0.0,
        0.0,
        0.0,
        0.0,
        1.0
      ]
    ],
    "reversion": [
      [
        1.4613166567856726,
        0.032600632789178026,
        0.8248430064168681,
        1.4987605466732457,
        1.4987605466732457,
        0.0
      ],
      [
        0.032600632789178026,
        1.002848070563918,
        0.07163031220712271,
        0.11310230235092526,
        0.11310230235092526,
        0.0
      ],
      [
        0.8248430064168681,
        0.07163031220712271,
        2.930579968300357,
        2.875151612927909,
        2.875151612927909,
        0.0
      ],
      [
        1.4987605466732457,
        0.11310230235092526,
        2.875151612927909,
        5.990045223011129,
        4.990045223011138,
        0.0
      ],
      [
        1.4987605466732457,
        0.11310230235092526,
        2.875151612927909,
        4.990045223011138,
        5.990045223011129,
        0.0
      ],
      [
        0.0,
        0.0,
        0.0,
        0.0,
        0.0,
        1.0
      ]
    ],
    "vwap": [
      [
        1.0,
        0.0,
        0.0,
        0.0,
        0.0,
        0.0
      ],
      [
        0.0,
        1.0,
        0.0,
        0.0,
        0.0,
        0.0
      ],
      [
        0.0,
        0.0,
        1.0,
        0.0,
        0.0,
        0.0
      ],
      [
        0.0,
        0.0,
        0.0,
        1.0,
        0.0,
        0.0
      ],
      [
        0.0,
        0.0,
        0.0,
        0.0,
        1.0,
        0.0
      ],
      [
        0.0,
        0.0,
        0.0,
        0.0,
        0.0,
        1.0
      ]
    ]
  },
  "b": {
    "trend": [
      [
        0.1286427441573982
      ],
      [
        0.0773087265945607
      ],
      [
        1.4071402807044737
      ],
      [
        0.3015839261117627
      ],
      [
        0.3015839261117627
      ],
      [
        0.0
      ]
    ],
    "breakout": [
      [
        0.0
      ],
      [
        0.0
      ],
      [
        0.0
      ],
      [
        0.0
      ],
      [
        0.0
      ],
      [
        0.0
      ]
    ],
    "reversion": [
      [
        -0.4763319021795741
      ],
      [
        -0.15102940073791046
      ],
      [
        -4.164200599544898
      ],
      [
        -3.526734142191521
      ],
      [
        -3.526734142191521
      ],
      [
        0.0
      ]
    ],
    "vwap": [
      [
        0.0
      ],
      [
        0.0
      ],
      [
        0.0
      ],
      [
        0.0
      ],
      [
        0.0
      ],
      [
        0.0
      ]
    ]
  },
  "counts": {
    "trend": 1,
    "breakout": 0,
    "reversion": 7,
    "vwap": 0
  },
  "reward_sum": {
    "trend": 0.3015839261117627,
    "breakout": 0.0,
    "reversion": -3.526734142191521,
    "vwap": 0.0
  },
  "disabled_until": {
    "trend": 0.0,
    "breakout": 0.0,
    "reversion": 0.0,
    "vwap": 0.0
  },
  "_snapshot_time": "2025-09-19T11:48:00.498456"
}