{
  "arms": [
    "trend",
    "breakout",
    "reversion",
    "vwap"
  ],
  "d": 6,
  "alpha": 0.6,
  "alpha_base": 0.6,
  "alpha_boost_until": 0.0,
  "A": {
    "trend": [
      [
        1.0243786464496458,
        0.014650512358592565,
        0.26666234176705206,
        0.057152138332648664,
        0.057152138332648664,
        0.0
      ],
      [
        0.014650512358592565,
        1.0088043244243519,
        0.1602525366491783,
        0.034345963820915176,
        0.034345963820915176,
        0.0
      ],
      [
        0.26666234176705206,
        0.1602525366491783,
        3.9168479334387984,
        0.6251505011263327,
        0.6251505011263327,
        0.0
      ],
      [
        0.057152138332648664,
        0.034345963820915176,
        0.6251505011263327,
        1.1339847527113842,
        0.13398475271138335,
        0.0
      ],
      [
        0.057152138332648664,
        0.034345963820915176,
        0.6251505011263327,
        0.13398475271138335,
        1.1339847527113842,
        0.0
      ],
      [
        0.0,
        0.0,
        0.0,
        0.0,
        0.0,
        1.0
      ]
    ],
    "breakout": [
      [
        1.0,
        0.0,
        0.0,
        0.0,
        0.0,
        0.0
      ],
      [
        0.0,
        1.0,
        0.0,
        0.0,
        0.0,
        0.0
      ],
      [
        0.0,
        0.0,
        1.0,
        0.0,
        0.0,
        0.0
      ],
      [
        0.0,
        0.0,
        0.0,
        1.0,
        0.0,
        0.0
      ],
      [
        0.0,
        0.0,
        0.0,
        0.0,
        1.0,
        0.0
      ],
      [
        0.0,
        0.0,
        0.0,
        0.0,
        0.0,
        1.0
      ]
    ],
    "reversion": [
      [
        1.2811475270709365,
        0.018320600262154145,
        0.4721979092313649,
        0.8833207519906586,
        0.8833207519906586,
        0.0
      ],
      [
        0.018320600262154145,
        1.001465002556341,
        0.03729827385549914,
        0.06129514556562104,
        0.06129514556562104,
        0.0
      ],
      [
        0.4721979092313649,
        0.03729827385549914,
        2.009078096888592,
        1.5814969517270774,
        1.5814969517270774,
        0.0
      ],
      [
        0.8833207519906586,
        0.06129514556562104,
        1.5814969517270774,
        3.8392723834574767,
        2.8392723834574913,
        0.0
      ],
      [
        0.8833207519906586,
        0.06129514556562104,
        1.5814969517270774,
        2.8392723834574913,
        3.8392723834574767,
        0.0
      ],
      [
        0.0,
        0.0,
        0.0,
        0.0,
        0.0,
        1.0
      ]
    ],
    "vwap": [
      [
        1.0,
        0.0,
        0.0,
        0.0,
        0.0,
        0.0
      ],
      [
        0.0,
        1.0,
        0.0,
        0.0,
        0.0,
        0.0
      ],
      [
        0.0,
        0.0,
        1.0,
        0.0,
        0.0,
        0.0
      ],
      [
        0.0,
        0.0,
        0.0,
        1.0,
        0.0,
        0.0
      ],
      [
        0.0,
        0.0,
        0.0,
        0.0,
        1.0,
        0.0
      ],
      [
        0.0,
        0.0,
        0.0,
        0.0,
        0.0,
        1.0
      ]
    ]
  },
  "b": {
    "trend": [
      [
        0.058268260549776206
      ],
      [
        0.03501670501114082
      ],
      [
        0.6373590445634016
      ],
      [
        0.1366013365107
      ],
      [
        0.1366013365107
      ],
      [
        0.0
      ]
    ],
    "breakout": [
      [
        0.0
      ],
      [
        0.0
      ],
      [
        0.0
      ],
      [
        0.0
      ],
      [
        0.0
      ],
      [
        0.0
      ]
    ],
    "reversion": [
      [
        -0.008036439053322995
      ],
      [
        -0.05818216048668122
      ],
      [
        -1.6025087293304328
      ],
      [
        -1.0091569939041443
      ],
      [
        -1.0091569939041443
      ],
      [
        0.0
      ]
    ],
    "vwap": [
      [
        0.0
      ],
      [
        0.0
      ],
      [
        0.0
      ],
      [
        0.0
      ],
      [
        0.0
      ],
      [
        0.0
      ]
    ]
  },
  "counts": {
    "trend": 1,
    "breakout": 0,
    "reversion": 8,
    "vwap": 0
  },
  "reward_sum": {
    "trend": 0.1366013365107,
    "breakout": 0.0,
    "reversion": -1.0091569939041443,
    "vwap": 0.0
  },
  "disabled_until": {
    "trend": 0.0,
    "breakout": 0.0,
    "reversion": 0.0,
    "vwap": 0.0
  },
  "_snapshot_time": "2025-09-23T00:38:00.255217"
}