{
  "arms": [
    "trend",
    "breakout",
    "reversion",
    "vwap"
  ],
  "d": 6,
  "alpha": 0.6,
  "alpha_base": 0.6,
  "alpha_boost_until": 0.0,
  "A": {
    "trend": [
      [
        1.0219429131778934,
        0.01318674198587076,
        0.24001942131176196,
        0.0514419211892896,
        0.0514419211892896,
        0.0
      ],
      [
        0.01318674198587076,
        1.0079246617252768,
        0.14424129352272175,
        0.030914370233395064,
        0.030914370233395064,
        0.0
      ],
      [
        0.24001942131176196,
        0.14424129352272175,
        3.625418153906314,
        0.5626901065924708,
        0.5626901065924708,
        0.0
      ],
      [
        0.0514419211892896,
        0.030914370233395064,
        0.5626901065924708,
        1.1205979914422226,
        0.12059799144222175,
        0.0
      ],
      [
        0.0514419211892896,
        0.030914370233395064,
        0.5626901065924708,
        0.12059799144222175,
        1.1205979914422226,
        0.0
      ],
      [
        0.0,
        0.0,
        0.0,
        0.0,
        0.0,
        1.0
      ]
    ],
    "breakout": [
      [
        1.0,
        0.0,
        0.0,
        0.0,
        0.0,
        0.0
      ],
      [
        0.0,
        1.0,
        0.0,
        0.0,
        0.0,
        0.0
      ],
      [
        0.0,
        0.0,
        1.0,
        0.0,
        0.0,
        0.0
      ],
      [
        0.0,
        0.0,
        0.0,
        1.0,
        0.0,
        0.0
      ],
      [
        0.0,
        0.0,
        0.0,
        0.0,
        1.0,
        0.0
      ],
      [
        0.0,
        0.0,
        0.0,
        0.0,
        0.0,
        1.0
      ]
    ],
    "reversion": [
      [
        1.2530573544942025,
        0.01649014196705622,
        0.42501940156718304,
        0.795065903646332,
        0.795065903646332,
        0.0
      ],
      [
        0.01649014196705622,
        1.0013186303827641,
        0.0335717073787081,
        0.055170989913275945,
        0.055170989913275945,
        0.0
      ],
      [
        0.42501940156718304,
        0.0335717073787081,
        1.9082585087516812,
        1.4234855234694017,
        1.4234855234694017,
        0.0
      ],
      [
        0.795065903646332,
        0.055170989913275945,
        1.4234855234694017,
        3.5555933766577743,
        2.55559337665779,
        0.0
      ],
      [
        0.795065903646332,
        0.055170989913275945,
        1.4234855234694017,
        2.55559337665779,
        3.5555933766577743,
        0.0
      ],
      [
        0.0,
        0.0,
        0.0,
        0.0,
        0.0,
        1.0
      ]
    ],
    "vwap": [
      [
        1.0,
        0.0,
        0.0,
        0.0,
        0.0,
        0.0
      ],
      [
        0.0,
        1.0,
        0.0,
        0.0,
        0.0,
        0.0
      ],
      [
        0.0,
        0.0,
        1.0,
        0.0,
        0.0,
        0.0
      ],
      [
        0.0,
        0.0,
        0.0,
        1.0,
        0.0,
        0.0
      ],
      [
        0.0,
        0.0,
        0.0,
        0.0,
        1.0,
        0.0
      ],
      [
        0.0,
        0.0,
        0.0,
        0.0,
        0.0,
        1.0
      ]
    ]
  },
  "b": {
    "trend": [
      [
        0.0524465287648961
      ],
      [
        0.031518095946073896
      ],
      [
        0.5736788630528207
      ],
      [
        0.12295314562396348
      ],
      [
        0.12295314562396348
      ],
      [
        0.0
      ]
    ],
    "breakout": [
      [
        0.0
      ],
      [
        0.0
      ],
      [
        0.0
      ],
      [
        0.0
      ],
      [
        0.0
      ],
      [
        0.0
      ]
    ],
    "reversion": [
      [
        -0.007233497756765585
      ],
      [
        -0.052369031180565205
      ],
      [
        -1.4423979603274504
      ],
      [
        -0.9083295229634769
      ],
      [
        -0.9083295229634769
      ],
      [
        0.0
      ]
    ],
    "vwap": [
      [
        0.0
      ],
      [
        0.0
      ],
      [
        0.0
      ],
      [
        0.0
      ],
      [
        0.0
      ],
      [
        0.0
      ]
    ]
  },
  "counts": {
    "trend": 1,
    "breakout": 0,
    "reversion": 8,
    "vwap": 0
  },
  "reward_sum": {
    "trend": 0.12295314562396348,
    "breakout": 0.0,
    "reversion": -0.9083295229634769,
    "vwap": 0.0
  },
  "disabled_until": {
    "trend": 0.0,
    "breakout": 0.0,
    "reversion": 0.0,
    "vwap": 0.0
  },
  "_snapshot_time": "2025-09-23T04:12:00.945356"
}