{
  "arms": [
    "trend",
    "breakout",
    "reversion",
    "vwap"
  ],
  "d": 6,
  "alpha": 0.6,
  "alpha_base": 0.6,
  "alpha_boost_until": 0.0,
  "A": {
    "trend": [
      [
        1.0463079177894645,
        0.02782905618966712,
        0.5065325437817264,
        0.10856207824609508,
        0.10856207824609508,
        0.0
      ],
      [
        0.02782905618966712,
        1.0167240594130922,
        0.3044041558267458,
        0.06524111469043159,
        0.06524111469043159,
        0.0
      ],
      [
        0.5065325437817264,
        0.3044041558267458,
        6.5406338733795115,
        1.1874907851014302,
        1.1874907851014302,
        0.0
      ],
      [
        0.10856207824609508,
        0.06524111469043159,
        1.1874907851014302,
        1.2545077687728,
        0.25450776877280124,
        0.0
      ],
      [
        0.10856207824609508,
        0.06524111469043159,
        1.1874907851014302,
        0.25450776877280124,
        1.2545077687728,
        0.0
      ],
      [
        0.0,
        0.0,
        0.0,
        0.0,
        0.0,
        1.0
      ]
    ],
    "breakout": [
      [
        1.0,
        0.0,
        0.0,
        0.0,
        0.0,
        0.0
      ],
      [
        0.0,
        1.0,
        0.0,
        0.0,
        0.0,
        0.0
      ],
      [
        0.0,
        0.0,
        1.0,
        0.0,
        0.0,
        0.0
      ],
      [
        0.0,
        0.0,
        0.0,
        1.0,
        0.0,
        0.0
      ],
      [
        0.0,
        0.0,
        0.0,
        0.0,
        1.0,
        0.0
      ],
      [
        0.0,
        0.0,
        0.0,
        0.0,
        0.0,
        1.0
      ]
    ],
    "reversion": [
      [
        1.3969095589653295,
        0.028049069098224685,
        0.7096818835324655,
        1.289509881823089,
        1.289509881823089,
        0.0
      ],
      [
        0.028049069098224685,
        1.0024504348906527,
        0.06162958828492265,
        0.09731143301189246,
        0.09731143301189246,
        0.0
      ],
      [
        0.7096818835324655,
        0.06162958828492265,
        2.661040485952799,
        2.4737349971212135,
        2.4737349971212135,
        0.0
      ],
      [
        1.289509881823089,
        0.09731143301189246,
        2.4737349971212135,
        5.293356026818216,
        4.293356026818226,
        0.0
      ],
      [
        1.289509881823089,
        0.09731143301189246,
        2.4737349971212135,
        4.293356026818226,
        5.293356026818216,
        0.0
      ],
      [
        0.0,
        0.0,
        0.0,
        0.0,
        0.0,
        1.0
      ]
    ],
    "vwap": [
      [
        1.0,
        0.0,
        0.0,
        0.0,
        0.0,
        0.0
      ],
      [
        0.0,
        1.0,
        0.0,
        0.0,
        0.0,
        0.0
      ],
      [
        0.0,
        0.0,
        1.0,
        0.0,
        0.0,
        0.0
      ],
      [
        0.0,
        0.0,
        0.0,
        1.0,
        0.0,
        0.0
      ],
      [
        0.0,
        0.0,
        0.0,
        0.0,
        1.0,
        0.0
      ],
      [
        0.0,
        0.0,
        0.0,
        0.0,
        0.0,
        1.0
      ]
    ]
  },
  "b": {
    "trend": [
      [
        0.110682183477552
      ],
      [
        0.06651520625901526
      ],
      [
        1.2106812533245372
      ],
      [
        0.2594780425621304
      ],
      [
        0.2594780425621304
      ],
      [
        0.0
      ]
    ],
    "breakout": [
      [
        0.0
      ],
      [
        0.0
      ],
      [
        0.0
      ],
      [
        0.0
      ],
      [
        0.0
      ],
      [
        0.0
      ]
    ],
    "reversion": [
      [
        -0.40982843873996294
      ],
      [
        -0.1299433089092478
      ],
      [
        -3.5828123678101305
      ],
      [
        -3.0343463050274204
      ],
      [
        -3.0343463050274204
      ],
      [
        0.0
      ]
    ],
    "vwap": [
      [
        0.0
      ],
      [
        0.0
      ],
      [
        0.0
      ],
      [
        0.0
      ],
      [
        0.0
      ],
      [
        0.0
      ]
    ]
  },
  "counts": {
    "trend": 1,
    "breakout": 0,
    "reversion": 7,
    "vwap": 0
  },
  "reward_sum": {
    "trend": 0.2594780425621304,
    "breakout": 0.0,
    "reversion": -3.0343463050274204,
    "vwap": 0.0
  },
  "disabled_until": {
    "trend": 0.0,
    "breakout": 0.0,
    "reversion": 0.0,
    "vwap": 0.0
  },
  "_snapshot_time": "2025-09-21T23:25:00.832902"
}