{
  "arms": [
    "trend",
    "breakout",
    "reversion",
    "vwap"
  ],
  "d": 6,
  "alpha": 0.6,
  "alpha_base": 0.6,
  "alpha_boost_until": 0.0,
  "A": {
    "trend": [
      [
        1.0034170964826363,
        0.0020535272273120566,
        0.03737742175250732,
        0.008010878342856404,
        0.008010878342856404,
        0.0
      ],
      [
        0.0020535272273120566,
        1.001234081066992,
        0.022462214235251785,
        0.004814191485471013,
        0.004814191485471013,
        0.0
      ],
      [
        0.03737742175250732,
        0.022462214235251785,
        1.4088475885781784,
        0.08762584842145611,
        0.08762584842145611,
        0.0
      ],
      [
        0.008010878342856404,
        0.004814191485471013,
        0.08762584842145611,
        1.0187803218756453,
        0.018780321875645996,
        0.0
      ],
      [
        0.008010878342856404,
        0.004814191485471013,
        0.08762584842145611,
        0.018780321875645996,
        1.0187803218756453,
        0.0
      ],
      [
        0.0,
        0.0,
        0.0,
        0.0,
        0.0,
        1.0
      ]
    ],
    "breakout": [
      [
        1.0,
        0.0,
        0.0,
        0.0,
        0.0,
        0.0
      ],
      [
        0.0,
        1.0,
        0.0,
        0.0,
        0.0,
        0.0
      ],
      [
        0.0,
        0.0,
        1.0,
        0.0,
        0.0,
        0.0
      ],
      [
        0.0,
        0.0,
        0.0,
        1.0,
        0.0,
        0.0
      ],
      [
        0.0,
        0.0,
        0.0,
        0.0,
        1.0,
        0.0
      ],
      [
        0.0,
        0.0,
        0.0,
        0.0,
        0.0,
        1.0
      ]
    ],
    "reversion": [
      [
        1.0912359677456571,
        0.00847434457840157,
        0.3437498052329024,
        0.2931861938210029,
        0.2931861938210029,
        0.0
      ],
      [
        0.00847434457840157,
        1.0008784436935918,
        0.03685934720632952,
        0.02789352869326576,
        0.02789352869326576,
        0.0
      ],
      [
        0.3437498052329024,
        0.03685934720632952,
        2.627912784106158,
        1.128743455069866,
        1.128743455069866,
        0.0
      ],
      [
        0.2931861938210029,
        0.02789352869326576,
        1.128743455069866,
        1.9514815325736894,
        0.9514815325737055,
        0.0
      ],
      [
        0.2931861938210029,
        0.02789352869326576,
        1.128743455069866,
        0.9514815325737055,
        1.9514815325736894,
        0.0
      ],
      [
        0.0,
        0.0,
        0.0,
        0.0,
        0.0,
        1.0
      ]
    ],
    "vwap": [
      [
        1.0,
        0.0,
        0.0,
        0.0,
        0.0,
        0.0
      ],
      [
        0.0,
        1.0,
        0.0,
        0.0,
        0.0,
        0.0
      ],
      [
        0.0,
        0.0,
        1.0,
        0.0,
        0.0,
        0.0
      ],
      [
        0.0,
        0.0,
        0.0,
        1.0,
        0.0,
        0.0
      ],
      [
        0.0,
        0.0,
        0.0,
        0.0,
        1.0,
        0.0
      ],
      [
        0.0,
        0.0,
        0.0,
        0.0,
        0.0,
        1.0
      ]
    ]
  },
  "b": {
    "trend": [
      [
        0.008167322520764958
      ],
      [
        0.004908207671587546
      ],
      [
        0.08933709071388954
      ],
      [
        0.019147082159718234
      ],
      [
        0.019147082159718234
      ],
      [
        0.0
      ]
    ],
    "breakout": [
      [
        0.0
      ],
      [
        0.0
      ],
      [
        0.0
      ],
      [
        0.0
      ],
      [
        0.0
      ],
      [
        0.0
      ]
    ],
    "reversion": [
      [
        -0.19283159774497582
      ],
      [
        -0.030002154622769128
      ],
      [
        -1.2512859059038373
      ],
      [
        -0.7679387655369904
      ],
      [
        -0.7679387655369904
      ],
      [
        0.0
      ]
    ],
    "vwap": [
      [
        0.0
      ],
      [
        0.0
      ],
      [
        0.0
      ],
      [
        0.0
      ],
      [
        0.0
      ],
      [
        0.0
      ]
    ]
  },
  "counts": {
    "trend": 1,
    "breakout": 0,
    "reversion": 9,
    "vwap": 0
  },
  "reward_sum": {
    "trend": 0.019147082159718234,
    "breakout": 0.0,
    "reversion": -0.7679387655369904,
    "vwap": 0.0
  },
  "disabled_until": {
    "trend": 0.0,
    "breakout": 0.0,
    "reversion": 0.0,
    "vwap": 0.0
  },
  "_snapshot_time": "2025-09-26T07:37:00.440101"
}