{
  "arms": [
    "trend",
    "breakout",
    "reversion",
    "vwap"
  ],
  "d": 6,
  "alpha": 0.6,
  "alpha_base": 0.6,
  "alpha_boost_until": 0.0,
  "A": {
    "trend": [
      [
        1.0227265084909396,
        0.013657648885547612,
        0.24859066670909047,
        0.053278944742690806,
        0.053278944742690806,
        0.0
      ],
      [
        0.013657648885547612,
        1.008207656409486,
        0.14939224137708504,
        0.03201834195420894,
        0.03201834195420894,
        0.0
      ],
      [
        0.24859066670909047,
        0.14939224137708504,
        3.719173497306226,
        0.5827841263176015,
        0.5827841263176015,
        0.0
      ],
      [
        0.053278944742690806,
        0.03201834195420894,
        0.5827841263176015,
        1.1249046220199777,
        0.12490462201997637,
        0.0
      ],
      [
        0.053278944742690806,
        0.03201834195420894,
        0.5827841263176015,
        0.12490462201997637,
        1.1249046220199777,
        0.0
      ],
      [
        0.0,
        0.0,
        0.0,
        0.0,
        0.0,
        1.0
      ]
    ],
    "breakout": [
      [
        1.0,
        0.0,
        0.0,
        0.0,
        0.0,
        0.0
      ],
      [
        0.0,
        1.0,
        0.0,
        0.0,
        0.0,
        0.0
      ],
      [
        0.0,
        0.0,
        1.0,
        0.0,
        0.0,
        0.0
      ],
      [
        0.0,
        0.0,
        0.0,
        1.0,
        0.0,
        0.0
      ],
      [
        0.0,
        0.0,
        0.0,
        0.0,
        1.0,
        0.0
      ],
      [
        0.0,
        0.0,
        0.0,
        0.0,
        0.0,
        1.0
      ]
    ],
    "reversion": [
      [
        1.262094192734685,
        0.017079015370149865,
        0.44019711331045985,
        0.8234582101103568,
        0.8234582101103568,
        0.0
      ],
      [
        0.017079015370149865,
        1.0013657195080414,
        0.03477057429030044,
        0.057141180870223525,
        0.057141180870223525,
        0.0
      ],
      [
        0.44019711331045985,
        0.03477057429030044,
        1.9406929947619216,
        1.474319092163632,
        1.474319092163632,
        0.0
      ],
      [
        0.8234582101103568,
        0.057141180870223525,
        1.474319092163632,
        3.6468552330834236,
        2.6468552330834387,
        0.0
      ],
      [
        0.8234582101103568,
        0.057141180870223525,
        1.474319092163632,
        2.6468552330834387,
        3.6468552330834236,
        0.0
      ],
      [
        0.0,
        0.0,
        0.0,
        0.0,
        0.0,
        1.0
      ]
    ],
    "vwap": [
      [
        1.0,
        0.0,
        0.0,
        0.0,
        0.0,
        0.0
      ],
      [
        0.0,
        1.0,
        0.0,
        0.0,
        0.0,
        0.0
      ],
      [
        0.0,
        0.0,
        1.0,
        0.0,
        0.0,
        0.0
      ],
      [
        0.0,
        0.0,
        0.0,
        1.0,
        0.0,
        0.0
      ],
      [
        0.0,
        0.0,
        0.0,
        0.0,
        1.0,
        0.0
      ],
      [
        0.0,
        0.0,
        0.0,
        0.0,
        0.0,
        1.0
      ]
    ]
  },
  "b": {
    "trend": [
      [
        0.054319427490445785
      ],
      [
        0.032643627094069816
      ],
      [
        0.594165298223828
      ],
      [
        0.12734388024767376
      ],
      [
        0.12734388024767376
      ],
      [
        0.0
      ]
    ],
    "breakout": [
      [
        0.0
      ],
      [
        0.0
      ],
      [
        0.0
      ],
      [
        0.0
      ],
      [
        0.0
      ],
      [
        0.0
      ]
    ],
    "reversion": [
      [
        -0.007491810538353918
      ],
      [
        -0.05423916241834507
      ],
      [
        -1.4939069041079378
      ],
      [
        -0.9407665449361515
      ],
      [
        -0.9407665449361515
      ],
      [
        0.0
      ]
    ],
    "vwap": [
      [
        0.0
      ],
      [
        0.0
      ],
      [
        0.0
      ],
      [
        0.0
      ],
      [
        0.0
      ],
      [
        0.0
      ]
    ]
  },
  "counts": {
    "trend": 1,
    "breakout": 0,
    "reversion": 8,
    "vwap": 0
  },
  "reward_sum": {
    "trend": 0.12734388024767376,
    "breakout": 0.0,
    "reversion": -0.9407665449361515,
    "vwap": 0.0
  },
  "disabled_until": {
    "trend": 0.0,
    "breakout": 0.0,
    "reversion": 0.0,
    "vwap": 0.0
  },
  "_snapshot_time": "2025-09-23T03:00:00.417326"
}