{
  "arms": [
    "trend",
    "breakout",
    "reversion",
    "vwap"
  ],
  "d": 6,
  "alpha": 0.6,
  "alpha_base": 0.6,
  "alpha_boost_until": 0.0,
  "A": {
    "trend": [
      [
        1.0206619474984464,
        0.012416937002791277,
        0.22600776120954544,
        0.04843888622332696,
        0.04843888622332696,
        0.0
      ],
      [
        0.012416937002791277,
        1.0074620422176017,
        0.1358208916798256,
        0.029109676073159684,
        0.029109676073159684,
        0.0
      ],
      [
        0.22600776120954544,
        0.1358208916798256,
        3.4721536114052203,
        0.5298418375925517,
        0.5298418375925517,
        0.0
      ],
      [
        0.04843888622332696,
        0.029109676073159684,
        0.5298418375925517,
        1.1135578192100617,
        0.1135578192100607,
        0.0
      ],
      [
        0.04843888622332696,
        0.029109676073159684,
        0.5298418375925517,
        0.1135578192100607,
        1.1135578192100617,
        0.0
      ],
      [
        0.0,
        0.0,
        0.0,
        0.0,
        0.0,
        1.0
      ]
    ],
    "breakout": [
      [
        1.0,
        0.0,
        0.0,
        0.0,
        0.0,
        0.0
      ],
      [
        0.0,
        1.0,
        0.0,
        0.0,
        0.0,
        0.0
      ],
      [
        0.0,
        0.0,
        1.0,
        0.0,
        0.0,
        0.0
      ],
      [
        0.0,
        0.0,
        0.0,
        1.0,
        0.0,
        0.0
      ],
      [
        0.0,
        0.0,
        0.0,
        0.0,
        1.0,
        0.0
      ],
      [
        0.0,
        0.0,
        0.0,
        0.0,
        0.0,
        1.0
      ]
    ],
    "reversion": [
      [
        1.238284576449157,
        0.015527493765436023,
        0.400207961896759,
        0.7486521878733738,
        0.7486521878733738,
        0.0
      ],
      [
        0.015527493765436023,
        1.001241652442301,
        0.031611885334847184,
        0.051950262382383594,
        0.051950262382383594,
        0.0
      ],
      [
        0.400207961896759,
        0.031611885334847184,
        1.8552369264146233,
        1.3403864342112377,
        1.3403864342112377,
        0.0
      ],
      [
        0.7486521878733738,
        0.051950262382383594,
        1.3403864342112377,
        3.40640500866028,
        2.4064050086602955,
        0.0
      ],
      [
        0.7486521878733738,
        0.051950262382383594,
        1.3403864342112377,
        2.4064050086602955,
        3.40640500866028,
        0.0
      ],
      [
        0.0,
        0.0,
        0.0,
        0.0,
        0.0,
        1.0
      ]
    ],
    "vwap": [
      [
        1.0,
        0.0,
        0.0,
        0.0,
        0.0,
        0.0
      ],
      [
        0.0,
        1.0,
        0.0,
        0.0,
        0.0,
        0.0
      ],
      [
        0.0,
        0.0,
        1.0,
        0.0,
        0.0,
        0.0
      ],
      [
        0.0,
        0.0,
        0.0,
        1.0,
        0.0,
        0.0
      ],
      [
        0.0,
        0.0,
        0.0,
        0.0,
        1.0,
        0.0
      ],
      [
        0.0,
        0.0,
        0.0,
        0.0,
        0.0,
        1.0
      ]
    ]
  },
  "b": {
    "trend": [
      [
        0.049384847628517005
      ],
      [
        0.02967815797333871
      ],
      [
        0.5401891012952449
      ],
      [
        0.11577548610138848
      ],
      [
        0.11577548610138848
      ],
      [
        0.0
      ]
    ],
    "breakout": [
      [
        0.0
      ],
      [
        0.0
      ],
      [
        0.0
      ],
      [
        0.0
      ],
      [
        0.0
      ],
      [
        0.0
      ]
    ],
    "reversion": [
      [
        -0.0068112264615344505
      ],
      [
        -0.04931187413563027
      ],
      [
        -1.3581948160911044
      ],
      [
        -0.8553037950160653
      ],
      [
        -0.8553037950160653
      ],
      [
        0.0
      ]
    ],
    "vwap": [
      [
        0.0
      ],
      [
        0.0
      ],
      [
        0.0
      ],
      [
        0.0
      ],
      [
        0.0
      ],
      [
        0.0
      ]
    ]
  },
  "counts": {
    "trend": 1,
    "breakout": 0,
    "reversion": 8,
    "vwap": 0
  },
  "reward_sum": {
    "trend": 0.11577548610138848,
    "breakout": 0.0,
    "reversion": -0.8553037950160653,
    "vwap": 0.0
  },
  "disabled_until": {
    "trend": 0.0,
    "breakout": 0.0,
    "reversion": 0.0,
    "vwap": 0.0
  },
  "_snapshot_time": "2025-09-23T06:14:00.077457"
}