{
  "arms": [
    "trend",
    "breakout",
    "reversion",
    "vwap"
  ],
  "d": 6,
  "alpha": 0.6,
  "alpha_base": 0.6,
  "alpha_boost_until": 0.0,
  "A": {
    "trend": [
      [
        1.0040520285440677,
        0.0024350939411191632,
        0.04432253540817313,
        0.009499382845420635,
        0.009499382845420635,
        0.0
      ],
      [
        0.0024350939411191632,
        1.0014633861626545,
        0.02663592722847806,
        0.005708718327052639,
        0.005708718327052639,
        0.0
      ],
      [
        0.04432253540817313,
        0.02663592722847806,
        1.4848157222103464,
        0.10390764229399178,
        0.10390764229399178,
        0.0
      ],
      [
        0.009499382845420635,
        0.005708718327052639,
        0.10390764229399178,
        1.0222699009798428,
        0.022269900979844076,
        0.0
      ],
      [
        0.009499382845420635,
        0.005708718327052639,
        0.10390764229399178,
        0.022269900979844076,
        1.0222699009798428,
        0.0
      ],
      [
        0.0,
        0.0,
        0.0,
        0.0,
        0.0,
        1.0
      ]
    ],
    "breakout": [
      [
        1.0,
        0.0,
        0.0,
        0.0,
        0.0,
        0.0
      ],
      [
        0.0,
        1.0,
        0.0,
        0.0,
        0.0,
        0.0
      ],
      [
        0.0,
        0.0,
        1.0,
        0.0,
        0.0,
        0.0
      ],
      [
        0.0,
        0.0,
        0.0,
        1.0,
        0.0,
        0.0
      ],
      [
        0.0,
        0.0,
        0.0,
        0.0,
        1.0,
        0.0
      ],
      [
        0.0,
        0.0,
        0.0,
        0.0,
        0.0,
        1.0
      ]
    ],
    "reversion": [
      [
        1.1081885593308636,
        0.010048965927192873,
        0.4076220937567983,
        0.3476632375251301,
        0.3476632375251301,
        0.0
      ],
      [
        0.010048965927192873,
        1.0010416676669442,
        0.043708197223771776,
        0.033076436393936974,
        0.033076436393936974,
        0.0
      ],
      [
        0.4076220937567983,
        0.043708197223771776,
        2.930395908329952,
        1.3384757270135097,
        1.3384757270135097,
        0.0
      ],
      [
        0.3476632375251301,
        0.033076436393936974,
        1.3384757270135097,
        2.1282766959412163,
        1.1282766959412323,
        0.0
      ],
      [
        0.3476632375251301,
        0.033076436393936974,
        1.3384757270135097,
        1.1282766959412323,
        2.1282766959412163,
        0.0
      ],
      [
        0.0,
        0.0,
        0.0,
        0.0,
        0.0,
        1.0
      ]
    ],
    "vwap": [
      [
        1.0,
        0.0,
        0.0,
        0.0,
        0.0,
        0.0
      ],
      [
        0.0,
        1.0,
        0.0,
        0.0,
        0.0,
        0.0
      ],
      [
        0.0,
        0.0,
        1.0,
        0.0,
        0.0,
        0.0
      ],
      [
        0.0,
        0.0,
        0.0,
        1.0,
        0.0,
        0.0
      ],
      [
        0.0,
        0.0,
        0.0,
        0.0,
        1.0,
        0.0
      ],
      [
        0.0,
        0.0,
        0.0,
        0.0,
        0.0,
        1.0
      ]
    ]
  },
  "b": {
    "trend": [
      [
        0.009684895978473732
      ],
      [
        0.0058202036982396435
      ],
      [
        0.10593685119985372
      ],
      [
        0.022704809138698365
      ],
      [
        0.022704809138698365
      ],
      [
        0.0
      ]
    ],
    "breakout": [
      [
        0.0
      ],
      [
        0.0
      ],
      [
        0.0
      ],
      [
        0.0
      ],
      [
        0.0
      ],
      [
        0.0
      ]
    ],
    "reversion": [
      [
        -0.22866171389397558
      ],
      [
        -0.03557686694909521
      ],
      [
        -1.4837878395518407
      ],
      [
        -0.9106297740972137
      ],
      [
        -0.9106297740972137
      ],
      [
        0.0
      ]
    ],
    "vwap": [
      [
        0.0
      ],
      [
        0.0
      ],
      [
        0.0
      ],
      [
        0.0
      ],
      [
        0.0
      ],
      [
        0.0
      ]
    ]
  },
  "counts": {
    "trend": 1,
    "breakout": 0,
    "reversion": 9,
    "vwap": 0
  },
  "reward_sum": {
    "trend": 0.022704809138698365,
    "breakout": 0.0,
    "reversion": -0.9106297740972137,
    "vwap": 0.0
  },
  "disabled_until": {
    "trend": 0.0,
    "breakout": 0.0,
    "reversion": 0.0,
    "vwap": 0.0
  },
  "_snapshot_time": "2025-09-26T01:53:00.814242"
}