{
  "arms": [
    "trend",
    "breakout",
    "reversion",
    "vwap"
  ],
  "d": 6,
  "alpha": 0.6,
  "alpha_base": 0.6,
  "alpha_boost_until": 0.0,
  "A": {
    "trend": [
      [
        1.0045018166220165,
        0.002705397126668997,
        0.04924247804782679,
        0.010553844605813554,
        0.010553844605813554,
        0.0
      ],
      [
        0.002705397126668997,
        1.0016258266889837,
        0.029592600011550313,
        0.0063424042490421,
        0.0063424042490421,
        0.0
      ],
      [
        0.04924247804782679,
        0.029592600011550313,
        1.5386318119739602,
        0.11544172163309525,
        0.11544172163309525,
        0.0
      ],
      [
        0.010553844605813554,
        0.0063424042490421,
        0.11544172163309525,
        1.0247419309393786,
        0.024741930939380097,
        0.0
      ],
      [
        0.010553844605813554,
        0.0063424042490421,
        0.11544172163309525,
        0.024741930939380097,
        1.0247419309393786,
        0.0
      ],
      [
        0.0,
        0.0,
        0.0,
        0.0,
        0.0,
        1.0
      ]
    ],
    "breakout": [
      [
        1.0,
        0.0,
        0.0,
        0.0,
        0.0,
        0.0
      ],
      [
        0.0,
        1.0,
        0.0,
        0.0,
        0.0,
        0.0
      ],
      [
        0.0,
        0.0,
        1.0,
        0.0,
        0.0,
        0.0
      ],
      [
        0.0,
        0.0,
        0.0,
        1.0,
        0.0,
        0.0
      ],
      [
        0.0,
        0.0,
        0.0,
        0.0,
        1.0,
        0.0
      ],
      [
        0.0,
        0.0,
        0.0,
        0.0,
        0.0,
        1.0
      ]
    ],
    "reversion": [
      [
        1.120197834099843,
        0.01116443316060629,
        0.45286944482708863,
        0.38625496452783487,
        0.38625496452783487,
        0.0
      ],
      [
        0.01116443316060629,
        1.0011572960966755,
        0.048559946367706656,
        0.03674802621351022,
        0.03674802621351022,
        0.0
      ],
      [
        0.45286944482708863,
        0.048559946367706656,
        3.144676004297888,
        1.4870507970276878,
        1.4870507970276878,
        0.0
      ],
      [
        0.38625496452783487,
        0.03674802621351022,
        1.4870507970276878,
        2.253519003822937,
        1.2535190038229516,
        0.0
      ],
      [
        0.38625496452783487,
        0.03674802621351022,
        1.4870507970276878,
        1.2535190038229516,
        2.253519003822937,
        0.0
      ],
      [
        0.0,
        0.0,
        0.0,
        0.0,
        0.0,
        1.0
      ]
    ],
    "vwap": [
      [
        1.0,
        0.0,
        0.0,
        0.0,
        0.0,
        0.0
      ],
      [
        0.0,
        1.0,
        0.0,
        0.0,
        0.0,
        0.0
      ],
      [
        0.0,
        0.0,
        1.0,
        0.0,
        0.0,
        0.0
      ],
      [
        0.0,
        0.0,
        0.0,
        1.0,
        0.0,
        0.0
      ],
      [
        0.0,
        0.0,
        0.0,
        0.0,
        1.0,
        0.0
      ],
      [
        0.0,
        0.0,
        0.0,
        0.0,
        0.0,
        1.0
      ]
    ]
  },
  "b": {
    "trend": [
      [
        0.01075995028767096
      ],
      [
        0.006466264851617592
      ],
      [
        0.11769617919246433
      ],
      [
        0.025225115289462502
      ],
      [
        0.025225115289462502
      ],
      [
        0.0
      ]
    ],
    "breakout": [
      [
        0.0
      ],
      [
        0.0
      ],
      [
        0.0
      ],
      [
        0.0
      ],
      [
        0.0
      ],
      [
        0.0
      ]
    ],
    "reversion": [
      [
        -0.2540438926408125
      ],
      [
        -0.03952601252653577
      ],
      [
        -1.6484930170147831
      ],
      [
        -1.0117125802422093
      ],
      [
        -1.0117125802422093
      ],
      [
        0.0
      ]
    ],
    "vwap": [
      [
        0.0
      ],
      [
        0.0
      ],
      [
        0.0
      ],
      [
        0.0
      ],
      [
        0.0
      ],
      [
        0.0
      ]
    ]
  },
  "counts": {
    "trend": 1,
    "breakout": 0,
    "reversion": 9,
    "vwap": 0
  },
  "reward_sum": {
    "trend": 0.025225115289462502,
    "breakout": 0.0,
    "reversion": -1.0117125802422093,
    "vwap": 0.0
  },
  "disabled_until": {
    "trend": 0.0,
    "breakout": 0.0,
    "reversion": 0.0,
    "vwap": 0.0
  },
  "_snapshot_time": "2025-09-25T22:25:00.585865"
}