{
  "arms": [
    "trend",
    "breakout",
    "reversion",
    "vwap"
  ],
  "d": 6,
  "alpha": 0.6,
  "alpha_base": 0.6,
  "alpha_boost_until": 0.0,
  "A": {
    "trend": [
      [
        1.0142586769262376,
        0.008568848272871557,
        0.15596650074496116,
        0.03342736348434985,
        0.03342736348434985,
        0.0
      ],
      [
        0.008568848272871557,
        1.005149507286219,
        0.09372912279646134,
        0.020088400020655057,
        0.020088400020655057,
        0.0
      ],
      [
        0.15596650074496116,
        0.09372912279646134,
        2.70601728901425,
        0.36564044046687416,
        0.36564044046687416,
        0.0
      ],
      [
        0.03342736348434985,
        0.020088400020655057,
        0.36564044046687416,
        1.078365519837174,
        0.07836551983717477,
        0.0
      ],
      [
        0.03342736348434985,
        0.020088400020655057,
        0.36564044046687416,
        0.07836551983717477,
        1.078365519837174,
        0.0
      ],
      [
        0.0,
        0.0,
        0.0,
        0.0,
        0.0,
        1.0
      ]
    ],
    "breakout": [
      [
        1.0,
        0.0,
        0.0,
        0.0,
        0.0,
        0.0
      ],
      [
        0.0,
        1.0,
        0.0,
        0.0,
        0.0,
        0.0
      ],
      [
        0.0,
        0.0,
        1.0,
        0.0,
        0.0,
        0.0
      ],
      [
        0.0,
        0.0,
        0.0,
        1.0,
        0.0,
        0.0
      ],
      [
        0.0,
        0.0,
        0.0,
        0.0,
        1.0,
        0.0
      ],
      [
        0.0,
        0.0,
        0.0,
        0.0,
        0.0,
        1.0
      ]
    ],
    "reversion": [
      [
        1.1644386518913081,
        0.010715423465873323,
        0.27618093756274925,
        0.5166400542741085,
        0.5166400542741085,
        0.0
      ],
      [
        0.010715423465873323,
        1.0008568563554228,
        0.02181515852040056,
        0.035850541561936206,
        0.035850541561936206,
        0.0
      ],
      [
        0.27618093756274925,
        0.02181515852040056,
        1.590193496041457,
        0.9249920474904181,
        0.9249920474904181,
        0.0
      ],
      [
        0.5166400542741085,
        0.035850541561936206,
        0.9249920474904181,
        2.6606446016157372,
        1.6606446016157543,
        0.0
      ],
      [
        0.5166400542741085,
        0.035850541561936206,
        0.9249920474904181,
        1.6606446016157543,
        2.6606446016157372,
        0.0
      ],
      [
        0.0,
        0.0,
        0.0,
        0.0,
        0.0,
        1.0
      ]
    ],
    "vwap": [
      [
        1.0,
        0.0,
        0.0,
        0.0,
        0.0,
        0.0
      ],
      [
        0.0,
        1.0,
        0.0,
        0.0,
        0.0,
        0.0
      ],
      [
        0.0,
        0.0,
        1.0,
        0.0,
        0.0,
        0.0
      ],
      [
        0.0,
        0.0,
        0.0,
        1.0,
        0.0,
        0.0
      ],
      [
        0.0,
        0.0,
        0.0,
        0.0,
        1.0,
        0.0
      ],
      [
        0.0,
        0.0,
        0.0,
        0.0,
        0.0,
        1.0
      ]
    ]
  },
  "b": {
    "trend": [
      [
        0.034080165359018574
      ],
      [
        0.0204807057195092
      ],
      [
        0.3727810205219906
      ],
      [
        0.07989591747930563
      ],
      [
        0.07989591747930563
      ],
      [
        0.0
      ]
    ],
    "breakout": [
      [
        0.0
      ],
      [
        0.0
      ],
      [
        0.0
      ],
      [
        0.0
      ],
      [
        0.0
      ],
      [
        0.0
      ]
    ],
    "reversion": [
      [
        -0.004700383523564345
      ],
      [
        -0.03402980682145431
      ],
      [
        -0.9372814971574037
      ],
      [
        -0.5902396416327451
      ],
      [
        -0.5902396416327451
      ],
      [
        0.0
      ]
    ],
    "vwap": [
      [
        0.0
      ],
      [
        0.0
      ],
      [
        0.0
      ],
      [
        0.0
      ],
      [
        0.0
      ],
      [
        0.0
      ]
    ]
  },
  "counts": {
    "trend": 1,
    "breakout": 0,
    "reversion": 8,
    "vwap": 0
  },
  "reward_sum": {
    "trend": 0.07989591747930563,
    "breakout": 0.0,
    "reversion": -0.5902396416327451,
    "vwap": 0.0
  },
  "disabled_until": {
    "trend": 0.0,
    "breakout": 0.0,
    "reversion": 0.0,
    "vwap": 0.0
  },
  "_snapshot_time": "2025-09-23T20:03:00.737461"
}