{
  "arms": [
    "trend",
    "breakout",
    "reversion",
    "vwap"
  ],
  "d": 6,
  "alpha": 0.6,
  "alpha_base": 0.6,
  "alpha_boost_until": 0.0,
  "A": {
    "trend": [
      [
        1.0056977449559694,
        0.0034240983422085328,
        0.06232396929370777,
        0.01335752206670916,
        0.01335752206670916,
        0.0
      ],
      [
        0.0034240983422085328,
        1.002057735042146,
        0.037454010593242965,
        0.00802729316915493,
        0.00802729316915493,
        0.0
      ],
      [
        0.06232396929370777,
        0.037454010593242965,
        1.681721835312079,
        0.14610934704150852,
        0.14610934704150852,
        0.0
      ],
      [
        0.01335752206670916,
        0.00802729316915493,
        0.14610934704150852,
        1.031314738925917,
        0.03131473892591842,
        0.0
      ],
      [
        0.01335752206670916,
        0.00802729316915493,
        0.14610934704150852,
        0.03131473892591842,
        1.031314738925917,
        0.0
      ],
      [
        0.0,
        0.0,
        0.0,
        0.0,
        0.0,
        1.0
      ]
    ],
    "breakout": [
      [
        1.0,
        0.0,
        0.0,
        0.0,
        0.0,
        0.0
      ],
      [
        0.0,
        1.0,
        0.0,
        0.0,
        0.0,
        0.0
      ],
      [
        0.0,
        0.0,
        1.0,
        0.0,
        0.0,
        0.0
      ],
      [
        0.0,
        0.0,
        0.0,
        1.0,
        0.0,
        0.0
      ],
      [
        0.0,
        0.0,
        0.0,
        0.0,
        1.0,
        0.0
      ],
      [
        0.0,
        0.0,
        0.0,
        0.0,
        0.0,
        1.0
      ]
    ],
    "reversion": [
      [
        1.1521289427053807,
        0.014130316285209521,
        0.5731763000645252,
        0.4888653760558944,
        0.4888653760558944,
        0.0
      ],
      [
        0.014130316285209521,
        1.0014647371385923,
        0.06146011992705983,
        0.046510308744225695,
        0.046510308744225695,
        0.0
      ],
      [
        0.5731763000645252,
        0.06146011992705983,
        3.7144190693854156,
        1.882092694890838,
        1.882092694890838,
        0.0
      ],
      [
        0.4888653760558944,
        0.046510308744225695,
        1.882092694890838,
        2.5865221045021713,
        1.5865221045021844,
        0.0
      ],
      [
        0.4888653760558944,
        0.046510308744225695,
        1.882092694890838,
        1.5865221045021844,
        2.5865221045021713,
        0.0
      ],
      [
        0.0,
        0.0,
        0.0,
        0.0,
        0.0,
        1.0
      ]
    ],
    "vwap": [
      [
        1.0,
        0.0,
        0.0,
        0.0,
        0.0,
        0.0
      ],
      [
        0.0,
        1.0,
        0.0,
        0.0,
        0.0,
        0.0
      ],
      [
        0.0,
        0.0,
        1.0,
        0.0,
        0.0,
        0.0
      ],
      [
        0.0,
        0.0,
        0.0,
        1.0,
        0.0,
        0.0
      ],
      [
        0.0,
        0.0,
        0.0,
        0.0,
        1.0,
        0.0
      ],
      [
        0.0,
        0.0,
        0.0,
        0.0,
        0.0,
        1.0
      ]
    ]
  },
  "b": {
    "trend": [
      [
        0.013618380672867506
      ],
      [
        0.008184057911662759
      ],
      [
        0.14896271164203936
      ],
      [
        0.03192628342553695
      ],
      [
        0.03192628342553695
      ],
      [
        0.0
      ]
    ],
    "breakout": [
      [
        0.0
      ],
      [
        0.0
      ],
      [
        0.0
      ],
      [
        0.0
      ],
      [
        0.0
      ],
      [
        0.0
      ]
    ],
    "reversion": [
      [
        -0.321531823577647
      ],
      [
        -0.05002627992470096
      ],
      [
        -2.086422784684682
      ],
      [
        -1.280478690041394
      ],
      [
        -1.280478690041394
      ],
      [
        0.0
      ]
    ],
    "vwap": [
      [
        0.0
      ],
      [
        0.0
      ],
      [
        0.0
      ],
      [
        0.0
      ],
      [
        0.0
      ],
      [
        0.0
      ]
    ]
  },
  "counts": {
    "trend": 1,
    "breakout": 0,
    "reversion": 9,
    "vwap": 0
  },
  "reward_sum": {
    "trend": 0.03192628342553695,
    "breakout": 0.0,
    "reversion": -1.280478690041394,
    "vwap": 0.0
  },
  "disabled_until": {
    "trend": 0.0,
    "breakout": 0.0,
    "reversion": 0.0,
    "vwap": 0.0
  },
  "_snapshot_time": "2025-09-25T11:21:00.791679"
}