{
  "arms": [
    "trend",
    "breakout",
    "reversion",
    "vwap"
  ],
  "d": 6,
  "alpha": 0.6,
  "alpha_base": 0.6,
  "alpha_boost_until": 0.0,
  "A": {
    "trend": [
      [
        1.045161739083846,
        0.02714025234953146,
        0.49399523173878024,
        0.10587503144582366,
        0.10587503144582366,
        0.0
      ],
      [
        0.02714025234953146,
        1.0163101180897542,
        0.2968697734151508,
        0.06362631575412467,
        0.06362631575412467,
        0.0
      ],
      [
        0.49399523173878024,
        0.2968697734151508,
        6.403496276518193,
        1.1580989075138863,
        1.1580989075138863,
        0.0
      ],
      [
        0.10587503144582366,
        0.06362631575412467,
        1.1580989075138863,
        1.2482083841555038,
        0.24820838415550486,
        0.0
      ],
      [
        0.10587503144582366,
        0.06362631575412467,
        1.1580989075138863,
        0.24820838415550486,
        1.2482083841555038,
        0.0
      ],
      [
        0.0,
        0.0,
        0.0,
        0.0,
        0.0,
        1.0
      ]
    ],
    "breakout": [
      [
        1.0,
        0.0,
        0.0,
        0.0,
        0.0,
        0.0
      ],
      [
        0.0,
        1.0,
        0.0,
        0.0,
        0.0,
        0.0
      ],
      [
        0.0,
        0.0,
        1.0,
        0.0,
        0.0,
        0.0
      ],
      [
        0.0,
        0.0,
        0.0,
        1.0,
        0.0,
        0.0
      ],
      [
        0.0,
        0.0,
        0.0,
        0.0,
        1.0,
        0.0
      ],
      [
        0.0,
        0.0,
        0.0,
        0.0,
        0.0,
        1.0
      ]
    ],
    "reversion": [
      [
        1.3870855524830907,
        0.02735481966427294,
        0.6921163720282206,
        1.2575929043863041,
        1.2575929043863041,
        0.0
      ],
      [
        0.02735481966427294,
        1.002389783571715,
        0.06010417913028533,
        0.09490285370935098,
        0.09490285370935098,
        0.0
      ],
      [
        0.6921163720282206,
        0.06010417913028533,
        2.6199276628104204,
        2.4125069714964082,
        2.4125069714964082,
        0.0
      ],
      [
        1.2575929043863041,
        0.09490285370935098,
        2.4125069714964082,
        5.187090111862753,
        4.187090111862763,
        0.0
      ],
      [
        1.2575929043863041,
        0.09490285370935098,
        2.4125069714964082,
        4.187090111862763,
        5.187090111862753,
        0.0
      ],
      [
        0.0,
        0.0,
        0.0,
        0.0,
        0.0,
        1.0
      ]
    ],
    "vwap": [
      [
        1.0,
        0.0,
        0.0,
        0.0,
        0.0,
        0.0
      ],
      [
        0.0,
        1.0,
        0.0,
        0.0,
        0.0,
        0.0
      ],
      [
        0.0,
        0.0,
        1.0,
        0.0,
        0.0,
        0.0
      ],
      [
        0.0,
        0.0,
        0.0,
        1.0,
        0.0,
        0.0
      ],
      [
        0.0,
        0.0,
        0.0,
        0.0,
        1.0,
        0.0
      ],
      [
        0.0,
        0.0,
        0.0,
        0.0,
        0.0,
        1.0
      ]
    ]
  },
  "b": {
    "trend": [
      [
        0.10794266142928918
      ],
      [
        0.06486887196774896
      ],
      [
        1.1807153827327836
      ],
      [
        0.2530556374712225
      ],
      [
        0.2530556374712225
      ],
      [
        0.0
      ]
    ],
    "breakout": [
      [
        0.0
      ],
      [
        0.0
      ],
      [
        0.0
      ],
      [
        0.0
      ],
      [
        0.0
      ],
      [
        0.0
      ]
    ],
    "reversion": [
      [
        -0.39968467387503354
      ],
      [
        -0.1267270499902745
      ],
      [
        -3.494133294376462
      ],
      [
        -2.959242450517961
      ],
      [
        -2.959242450517961
      ],
      [
        0.0
      ]
    ],
    "vwap": [
      [
        0.0
      ],
      [
        0.0
      ],
      [
        0.0
      ],
      [
        0.0
      ],
      [
        0.0
      ],
      [
        0.0
      ]
    ]
  },
  "counts": {
    "trend": 1,
    "breakout": 0,
    "reversion": 7,
    "vwap": 0
  },
  "reward_sum": {
    "trend": 0.2530556374712225,
    "breakout": 0.0,
    "reversion": -2.959242450517961,
    "vwap": 0.0
  },
  "disabled_until": {
    "trend": 0.0,
    "breakout": 0.0,
    "reversion": 0.0,
    "vwap": 0.0
  },
  "_snapshot_time": "2025-09-22T00:18:00.417816"
}