{
  "arms": [
    "trend",
    "breakout",
    "reversion",
    "vwap"
  ],
  "d": 6,
  "alpha": 0.6,
  "alpha_base": 0.6,
  "alpha_boost_until": 0.0,
  "A": {
    "trend": [
      [
        1.0310099962182449,
        0.018635666823163453,
        0.33919841394084377,
        0.07269835908325242,
        0.07269835908325242,
        0.0
      ],
      [
        0.018635666823163453,
        1.0111992299353978,
        0.2038435794915623,
        0.04368857025751762,
        0.04368857025751762,
        0.0
      ],
      [
        0.33919841394084377,
        0.2038435794915623,
        4.7102733973339594,
        0.7952006160720518,
        0.7952006160720518,
        0.0
      ],
      [
        0.07269835908325242,
        0.04368857025751762,
        0.7952006160720518,
        1.1704305726515338,
        0.17043057265153258,
        0.0
      ],
      [
        0.07269835908325242,
        0.04368857025751762,
        0.7952006160720518,
        0.17043057265153258,
        1.1704305726515338,
        0.0
      ],
      [
        0.0,
        0.0,
        0.0,
        0.0,
        0.0,
        1.0
      ]
    ],
    "breakout": [
      [
        1.0,
        0.0,
        0.0,
        0.0,
        0.0,
        0.0
      ],
      [
        0.0,
        1.0,
        0.0,
        0.0,
        0.0,
        0.0
      ],
      [
        0.0,
        0.0,
        1.0,
        0.0,
        0.0,
        0.0
      ],
      [
        0.0,
        0.0,
        0.0,
        1.0,
        0.0,
        0.0
      ],
      [
        0.0,
        0.0,
        0.0,
        0.0,
        1.0,
        0.0
      ],
      [
        0.0,
        0.0,
        0.0,
        0.0,
        0.0,
        1.0
      ]
    ],
    "reversion": [
      [
        1.3576237823230377,
        0.02330407252177934,
        0.6006426734877324,
        1.1235969657013076,
        1.1235969657013076,
        0.0
      ],
      [
        0.02330407252177934,
        1.0018635047612545,
        0.04744395196817298,
        0.07796832511241629,
        0.07796832511241629,
        0.0
      ],
      [
        0.6006426734877324,
        0.04744395196817298,
        2.2835621548169716,
        2.0116873425896866,
        2.0116873425896866,
        0.0
      ],
      [
        1.1235969657013076,
        0.07796832511241629,
        2.0116873425896866,
        4.611596158771192,
        3.6115961587712073,
        0.0
      ],
      [
        1.1235969657013076,
        0.07796832511241629,
        2.0116873425896866,
        3.6115961587712073,
        4.611596158771192,
        0.0
      ],
      [
        0.0,
        0.0,
        0.0,
        0.0,
        0.0,
        1.0
      ]
    ],
    "vwap": [
      [
        1.0,
        0.0,
        0.0,
        0.0,
        0.0,
        0.0
      ],
      [
        0.0,
        1.0,
        0.0,
        0.0,
        0.0,
        0.0
      ],
      [
        0.0,
        0.0,
        1.0,
        0.0,
        0.0,
        0.0
      ],
      [
        0.0,
        0.0,
        0.0,
        1.0,
        0.0,
        0.0
      ],
      [
        0.0,
        0.0,
        0.0,
        0.0,
        1.0,
        0.0
      ],
      [
        0.0,
        0.0,
        0.0,
        0.0,
        0.0,
        1.0
      ]
    ]
  },
  "b": {
    "trend": [
      [
        0.07411808293066584
      ],
      [
        0.044541762899499585
      ],
      [
        0.8107300625733472
      ],
      [
        0.17375890566169888
      ],
      [
        0.17375890566169888
      ],
      [
        0.0
      ]
    ],
    "breakout": [
      [
        0.0
      ],
      [
        0.0
      ],
      [
        0.0
      ],
      [
        0.0
      ],
      [
        0.0
      ],
      [
        0.0
      ]
    ],
    "reversion": [
      [
        -0.010222468469135087
      ],
      [
        -0.07400856238626312
      ],
      [
        -2.038414632202114
      ],
      [
        -1.2836625129791375
      ],
      [
        -1.2836625129791375
      ],
      [
        0.0
      ]
    ],
    "vwap": [
      [
        0.0
      ],
      [
        0.0
      ],
      [
        0.0
      ],
      [
        0.0
      ],
      [
        0.0
      ],
      [
        0.0
      ]
    ]
  },
  "counts": {
    "trend": 1,
    "breakout": 0,
    "reversion": 8,
    "vwap": 0
  },
  "reward_sum": {
    "trend": 0.17375890566169888,
    "breakout": 0.0,
    "reversion": -1.2836625129791375,
    "vwap": 0.0
  },
  "disabled_until": {
    "trend": 0.0,
    "breakout": 0.0,
    "reversion": 0.0,
    "vwap": 0.0
  },
  "_snapshot_time": "2025-09-22T12:49:00.772998"
}