{
  "arms": [
    "trend",
    "breakout",
    "reversion",
    "vwap"
  ],
  "d": 6,
  "alpha": 0.6,
  "alpha_base": 0.6,
  "alpha_boost_until": 0.0,
  "A": {
    "trend": [
      [
        1.049674342016007,
        0.0298521315821876,
        0.5433556942993534,
        0.11645416296372577,
        0.11645416296372577,
        0.0
      ],
      [
        0.0298521315821876,
        1.0179398402441455,
        0.3265332770170905,
        0.06998391634389997,
        0.06998391634389997,
        0.0
      ],
      [
        0.5433556942993534,
        0.3265332770170905,
        6.943418645231079,
        1.2738172264226968,
        1.2738172264226968,
        0.0
      ],
      [
        0.11645416296372577,
        0.06998391634389997,
        1.2738172264226968,
        1.273009596527948,
        0.2730095965279488,
        0.0
      ],
      [
        0.11645416296372577,
        0.06998391634389997,
        1.2738172264226968,
        0.2730095965279488,
        1.273009596527948,
        0.0
      ],
      [
        0.0,
        0.0,
        0.0,
        0.0,
        0.0,
        1.0
      ]
    ],
    "breakout": [
      [
        1.0,
        0.0,
        0.0,
        0.0,
        0.0,
        0.0
      ],
      [
        0.0,
        1.0,
        0.0,
        0.0,
        0.0,
        0.0
      ],
      [
        0.0,
        0.0,
        1.0,
        0.0,
        0.0,
        0.0
      ],
      [
        0.0,
        0.0,
        0.0,
        1.0,
        0.0,
        0.0
      ],
      [
        0.0,
        0.0,
        0.0,
        0.0,
        1.0,
        0.0
      ],
      [
        0.0,
        0.0,
        0.0,
        0.0,
        0.0,
        1.0
      ]
    ],
    "reversion": [
      [
        1.425763500555238,
        0.03008813866238742,
        0.7612732830146082,
        1.3832527559093797,
        1.3832527559093797,
        0.0
      ],
      [
        0.03008813866238742,
        1.0026285729667148,
        0.06610984455594521,
        0.10438563503281335,
        0.10438563503281335,
        0.0
      ],
      [
        0.7612732830146082,
        0.06610984455594521,
        2.7817923400655924,
        2.6535669097158925,
        2.6535669097158925,
        0.0
      ],
      [
        1.3832527559093797,
        0.10438563503281335,
        2.6535669097158925,
        5.605468046355929,
        4.605468046355938,
        0.0
      ],
      [
        1.3832527559093797,
        0.10438563503281335,
        2.6535669097158925,
        4.605468046355938,
        5.605468046355929,
        0.0
      ],
      [
        0.0,
        0.0,
        0.0,
        0.0,
        0.0,
        1.0
      ]
    ],
    "vwap": [
      [
        1.0,
        0.0,
        0.0,
        0.0,
        0.0,
        0.0
      ],
      [
        0.0,
        1.0,
        0.0,
        0.0,
        0.0,
        0.0
      ],
      [
        0.0,
        0.0,
        1.0,
        0.0,
        0.0,
        0.0
      ],
      [
        0.0,
        0.0,
        0.0,
        1.0,
        0.0,
        0.0
      ],
      [
        0.0,
        0.0,
        0.0,
        0.0,
        1.0,
        0.0
      ],
      [
        0.0,
        0.0,
        0.0,
        0.0,
        0.0,
        1.0
      ]
    ]
  },
  "b": {
    "trend": [
      [
        0.11872839245631761
      ],
      [
        0.0713506299289348
      ],
      [
        1.2986935608600025
      ],
      [
        0.2783411918988922
      ],
      [
        0.2783411918988922
      ],
      [
        0.0
      ]
    ],
    "breakout": [
      [
        0.0
      ],
      [
        0.0
      ],
      [
        0.0
      ],
      [
        0.0
      ],
      [
        0.0
      ],
      [
        0.0
      ]
    ],
    "reversion": [
      [
        -0.43962153786338026
      ],
      [
        -0.13938973457619497
      ],
      [
        -3.843270339792162
      ],
      [
        -3.254932705811134
      ],
      [
        -3.254932705811134
      ],
      [
        0.0
      ]
    ],
    "vwap": [
      [
        0.0
      ],
      [
        0.0
      ],
      [
        0.0
      ],
      [
        0.0
      ],
      [
        0.0
      ],
      [
        0.0
      ]
    ]
  },
  "counts": {
    "trend": 1,
    "breakout": 0,
    "reversion": 7,
    "vwap": 0
  },
  "reward_sum": {
    "trend": 0.2783411918988922,
    "breakout": 0.0,
    "reversion": -3.254932705811134,
    "vwap": 0.0
  },
  "disabled_until": {
    "trend": 0.0,
    "breakout": 0.0,
    "reversion": 0.0,
    "vwap": 0.0
  },
  "_snapshot_time": "2025-09-19T15:00:00.294839"
}