{
  "arms": [
    "trend",
    "breakout",
    "reversion",
    "vwap"
  ],
  "d": 6,
  "alpha": 0.6,
  "alpha_base": 0.6,
  "alpha_boost_until": 0.0,
  "A": {
    "trend": [
      [
        1.1170537457140028,
        0.07034423965024354,
        1.280375676687849,
        0.27441522978804067,
        0.27441522978804067,
        0.0
      ],
      [
        0.07034423965024354,
        1.0422738462728174,
        0.769450416933554,
        0.16491168710697263,
        0.16491168710697263,
        0.0
      ],
      [
        1.280375676687849,
        0.769450416933554,
        15.00520644131565,
        3.0016517915777023,
        3.0016517915777023,
        0.0
      ],
      [
        0.27441522978804067,
        0.16491168710697263,
        3.0016517915777023,
        1.6433260027715235,
        0.6433260027715241,
        0.0
      ],
      [
        0.27441522978804067,
        0.16491168710697263,
        3.0016517915777023,
        0.6433260027715241,
        1.6433260027715235,
        0.0
      ],
      [
        0.0,
        0.0,
        0.0,
        0.0,
        0.0,
        1.0
      ]
    ],
    "breakout": [
      [
        1.0,
        0.0,
        0.0,
        0.0,
        0.0,
        0.0
      ],
      [
        0.0,
        1.0,
        0.0,
        0.0,
        0.0,
        0.0
      ],
      [
        0.0,
        0.0,
        1.0,
        0.0,
        0.0,
        0.0
      ],
      [
        0.0,
        0.0,
        0.0,
        1.0,
        0.0,
        0.0
      ],
      [
        0.0,
        0.0,
        0.0,
        0.0,
        1.0,
        0.0
      ],
      [
        0.0,
        0.0,
        0.0,
        0.0,
        0.0,
        1.0
      ]
    ],
    "reversion": [
      [
        1.0952064772273031,
        0.009652028088754117,
        0.272063641621838,
        0.3272742089976653,
        0.3272742089976653,
        0.0
      ],
      [
        0.009652028088754117,
        1.0010475644955175,
        0.028135099239115807,
        0.032846725384932524,
        0.032846725384932524,
        0.0
      ],
      [
        0.272063641621838,
        0.028135099239115807,
        1.7818877776133144,
        0.932561148322945,
        0.932561148322945,
        0.0
      ],
      [
        0.3272742089976653,
        0.032846725384932524,
        0.932561148322945,
        2.1266113054643947,
        1.126611305464406,
        0.0
      ],
      [
        0.3272742089976653,
        0.032846725384932524,
        0.932561148322945,
        1.126611305464406,
        2.1266113054643947,
        0.0
      ],
      [
        0.0,
        0.0,
        0.0,
        0.0,
        0.0,
        1.0
      ]
    ],
    "vwap": [
      [
        1.0,
        0.0,
        0.0,
        0.0,
        0.0,
        0.0
      ],
      [
        0.0,
        1.0,
        0.0,
        0.0,
        0.0,
        0.0
      ],
      [
        0.0,
        0.0,
        1.0,
        0.0,
        0.0,
        0.0
      ],
      [
        0.0,
        0.0,
        0.0,
        1.0,
        0.0,
        0.0
      ],
      [
        0.0,
        0.0,
        0.0,
        0.0,
        1.0,
        0.0
      ],
      [
        0.0,
        0.0,
        0.0,
        0.0,
        0.0,
        1.0
      ]
    ]
  },
  "b": {
    "trend": [
      [
        0.2797742757243782
      ],
      [
        0.16813224198407553
      ],
      [
        3.0602709500273977
      ],
      [
        0.6558894949784104
      ],
      [
        0.6558894949784104
      ],
      [
        0.0
      ]
    ],
    "breakout": [
      [
        0.0
      ],
      [
        0.0
      ],
      [
        0.0
      ],
      [
        0.0
      ],
      [
        0.0
      ],
      [
        0.0
      ]
    ],
    "reversion": [
      [
        0.13047776064741629
      ],
      [
        0.0141966169805536
      ],
      [
        0.380619253073711
      ],
      [
        0.4438569460477589
      ],
      [
        0.4438569460477589
      ],
      [
        0.0
      ]
    ],
    "vwap": [
      [
        0.0
      ],
      [
        0.0
      ],
      [
        0.0
      ],
      [
        0.0
      ],
      [
        0.0
      ],
      [
        0.0
      ]
    ]
  },
  "counts": {
    "trend": 1,
    "breakout": 0,
    "reversion": 2,
    "vwap": 0
  },
  "reward_sum": {
    "trend": 0.6558894949784104,
    "breakout": 0.0,
    "reversion": 0.4438569460477589,
    "vwap": 0.0
  },
  "disabled_until": {
    "trend": 0.0,
    "breakout": 0.0,
    "reversion": 0.0,
    "vwap": 0.0
  },
  "_snapshot_time": "2025-09-18T07:55:00.451051"
}