{
  "arms": [
    "trend",
    "breakout",
    "reversion",
    "vwap"
  ],
  "d": 6,
  "alpha": 0.6,
  "alpha_base": 0.6,
  "alpha_boost_until": 0.0,
  "A": {
    "trend": [
      [
        1.0449359303884265,
        0.027004551087783803,
        0.49152525558008636,
        0.10534565628859455,
        0.10534565628859455,
        0.0
      ],
      [
        0.027004551087783803,
        1.0162285674993057,
        0.29538542454807504,
        0.06330818417535404,
        0.06330818417535404,
        0.0
      ],
      [
        0.49152525558008636,
        0.29538542454807504,
        6.3764787951356015,
        1.1523084129763168,
        1.1523084129763168,
        0.0
      ],
      [
        0.10534565628859455,
        0.06330818417535404,
        1.1523084129763168,
        1.2469673422347265,
        0.24696734223472733,
        0.0
      ],
      [
        0.10534565628859455,
        0.06330818417535404,
        1.1523084129763168,
        0.24696734223472733,
        1.2469673422347265,
        0.0
      ],
      [
        0.0,
        0.0,
        0.0,
        0.0,
        0.0,
        1.0
      ]
    ],
    "breakout": [
      [
        1.0,
        0.0,
        0.0,
        0.0,
        0.0,
        0.0
      ],
      [
        0.0,
        1.0,
        0.0,
        0.0,
        0.0,
        0.0
      ],
      [
        0.0,
        0.0,
        1.0,
        0.0,
        0.0,
        0.0
      ],
      [
        0.0,
        0.0,
        0.0,
        1.0,
        0.0,
        0.0
      ],
      [
        0.0,
        0.0,
        0.0,
        0.0,
        1.0,
        0.0
      ],
      [
        0.0,
        0.0,
        0.0,
        0.0,
        0.0,
        1.0
      ]
    ],
    "reversion": [
      [
        1.3851501247206754,
        0.027218045565951577,
        0.6886557901680795,
        1.2513049398643725,
        1.2513049398643725,
        0.0
      ],
      [
        0.027218045565951577,
        1.0023778346538563,
        0.059803658234633905,
        0.09442833944080423,
        0.09442833944080423,
        0.0
      ],
      [
        0.6886557901680795,
        0.059803658234633905,
        2.611828024496368,
        2.400444436638926,
        2.400444436638926,
        0.0
      ],
      [
        1.2513049398643725,
        0.09442833944080423,
        2.400444436638926,
        5.166154661303439,
        4.166154661303449,
        0.0
      ],
      [
        1.2513049398643725,
        0.09442833944080423,
        2.400444436638926,
        4.166154661303449,
        5.166154661303439,
        0.0
      ],
      [
        0.0,
        0.0,
        0.0,
        0.0,
        0.0,
        1.0
      ]
    ],
    "vwap": [
      [
        1.0,
        0.0,
        0.0,
        0.0,
        0.0,
        0.0
      ],
      [
        0.0,
        1.0,
        0.0,
        0.0,
        0.0,
        0.0
      ],
      [
        0.0,
        0.0,
        1.0,
        0.0,
        0.0,
        0.0
      ],
      [
        0.0,
        0.0,
        0.0,
        1.0,
        0.0,
        0.0
      ],
      [
        0.0,
        0.0,
        0.0,
        0.0,
        1.0,
        0.0
      ],
      [
        0.0,
        0.0,
        0.0,
        0.0,
        0.0,
        1.0
      ]
    ]
  },
  "b": {
    "trend": [
      [
        0.10740294812214274
      ],
      [
        0.06454452760791021
      ],
      [
        1.1748118058191197
      ],
      [
        0.2517903592838664
      ],
      [
        0.2517903592838664
      ],
      [
        0.0
      ]
    ],
    "breakout": [
      [
        0.0
      ],
      [
        0.0
      ],
      [
        0.0
      ],
      [
        0.0
      ],
      [
        0.0
      ],
      [
        0.0
      ]
    ],
    "reversion": [
      [
        -0.39768625050565837
      ],
      [
        -0.12609341474032312
      ],
      [
        -3.4766626279045796
      ],
      [
        -2.944446238265371
      ],
      [
        -2.944446238265371
      ],
      [
        0.0
      ]
    ],
    "vwap": [
      [
        0.0
      ],
      [
        0.0
      ],
      [
        0.0
      ],
      [
        0.0
      ],
      [
        0.0
      ],
      [
        0.0
      ]
    ]
  },
  "counts": {
    "trend": 1,
    "breakout": 0,
    "reversion": 7,
    "vwap": 0
  },
  "reward_sum": {
    "trend": 0.2517903592838664,
    "breakout": 0.0,
    "reversion": -2.944446238265371,
    "vwap": 0.0
  },
  "disabled_until": {
    "trend": 0.0,
    "breakout": 0.0,
    "reversion": 0.0,
    "vwap": 0.0
  },
  "_snapshot_time": "2025-09-22T00:23:00.354258"
}