{
  "arms": [
    "trend",
    "breakout",
    "reversion",
    "vwap"
  ],
  "d": 6,
  "alpha": 0.6,
  "alpha_base": 0.6,
  "alpha_boost_until": 0.0,
  "A": {
    "trend": [
      [
        1.0453886824963274,
        0.027276635527167296,
        0.49647761983797006,
        0.10640706677972228,
        0.10640706677972228,
        0.0
      ],
      [
        0.027276635527167296,
        1.016392078482165,
        0.2983615813217596,
        0.0639460459840449,
        0.0639460459840449,
        0.0
      ],
      [
        0.49647761983797006,
        0.2983615813217596,
        6.430649524138888,
        1.163918500013956,
        1.163918500013956,
        0.0
      ],
      [
        0.10640706677972228,
        0.0639460459840449,
        1.163918500013956,
        1.249455662467843,
        0.2494556624678441,
        0.0
      ],
      [
        0.10640706677972228,
        0.0639460459840449,
        1.163918500013956,
        0.2494556624678441,
        1.249455662467843,
        0.0
      ],
      [
        0.0,
        0.0,
        0.0,
        0.0,
        0.0,
        1.0
      ]
    ],
    "breakout": [
      [
        1.0,
        0.0,
        0.0,
        0.0,
        0.0,
        0.0
      ],
      [
        0.0,
        1.0,
        0.0,
        0.0,
        0.0,
        0.0
      ],
      [
        0.0,
        0.0,
        1.0,
        0.0,
        0.0,
        0.0
      ],
      [
        0.0,
        0.0,
        0.0,
        1.0,
        0.0,
        0.0
      ],
      [
        0.0,
        0.0,
        0.0,
        0.0,
        1.0,
        0.0
      ],
      [
        0.0,
        0.0,
        0.0,
        0.0,
        0.0,
        1.0
      ]
    ],
    "reversion": [
      [
        1.3890307060131564,
        0.027492281069621045,
        0.6955943437469554,
        1.2639124667199035,
        1.2639124667199035,
        0.0
      ],
      [
        0.027492281069621045,
        1.002401792534387,
        0.060406210181191286,
        0.09537975247170953,
        0.09537975247170953,
        0.0
      ],
      [
        0.6955943437469554,
        0.060406210181191286,
        2.628068002824543,
        2.424630122106943,
        2.424630122106943,
        0.0
      ],
      [
        1.2639124667199035,
        0.09537975247170953,
        2.424630122106943,
        5.20813076569121,
        4.2081307656912195,
        0.0
      ],
      [
        1.2639124667199035,
        0.09537975247170953,
        2.424630122106943,
        4.2081307656912195,
        5.20813076569121,
        0.0
      ],
      [
        0.0,
        0.0,
        0.0,
        0.0,
        0.0,
        1.0
      ]
    ],
    "vwap": [
      [
        1.0,
        0.0,
        0.0,
        0.0,
        0.0,
        0.0
      ],
      [
        0.0,
        1.0,
        0.0,
        0.0,
        0.0,
        0.0
      ],
      [
        0.0,
        0.0,
        1.0,
        0.0,
        0.0,
        0.0
      ],
      [
        0.0,
        0.0,
        0.0,
        1.0,
        0.0,
        0.0
      ],
      [
        0.0,
        0.0,
        0.0,
        0.0,
        1.0,
        0.0
      ],
      [
        0.0,
        0.0,
        0.0,
        0.0,
        0.0,
        1.0
      ]
    ]
  },
  "b": {
    "trend": [
      [
        0.10848508686360722
      ],
      [
        0.06519484619874268
      ],
      [
        1.186648625862094
      ],
      [
        0.25432727384042464
      ],
      [
        0.25432727384042464
      ],
      [
        0.0
      ]
    ],
    "breakout": [
      [
        0.0
      ],
      [
        0.0
      ],
      [
        0.0
      ],
      [
        0.0
      ],
      [
        0.0
      ],
      [
        0.0
      ]
    ],
    "reversion": [
      [
        -0.40169313957289804
      ],
      [
        -0.1273638693369593
      ],
      [
        -3.511691753142173
      ],
      [
        -2.9741130155959405
      ],
      [
        -2.9741130155959405
      ],
      [
        0.0
      ]
    ],
    "vwap": [
      [
        0.0
      ],
      [
        0.0
      ],
      [
        0.0
      ],
      [
        0.0
      ],
      [
        0.0
      ],
      [
        0.0
      ]
    ]
  },
  "counts": {
    "trend": 1,
    "breakout": 0,
    "reversion": 7,
    "vwap": 0
  },
  "reward_sum": {
    "trend": 0.25432727384042464,
    "breakout": 0.0,
    "reversion": -2.9741130155959405,
    "vwap": 0.0
  },
  "disabled_until": {
    "trend": 0.0,
    "breakout": 0.0,
    "reversion": 0.0,
    "vwap": 0.0
  },
  "_snapshot_time": "2025-09-22T00:02:00.641647"
}