{
  "arms": [
    "trend",
    "breakout",
    "reversion",
    "vwap"
  ],
  "d": 6,
  "alpha": 0.6,
  "alpha_base": 0.6,
  "alpha_boost_until": 0.0,
  "A": {
    "trend": [
      [
        1.1135857369580466,
        0.06826011634816533,
        1.2424413583063143,
        0.26628499513499726,
        0.26628499513499726,
        0.0
      ],
      [
        0.06826011634816533,
        1.041021378287895,
        0.7466535319050377,
        0.16002576764016835,
        0.16002576764016835,
        0.0
      ],
      [
        1.2424413583063143,
        0.7466535319050377,
        14.590267318512007,
        2.9127203812069853,
        2.9127203812069853,
        0.0
      ],
      [
        0.26628499513499726,
        0.16002576764016835,
        2.9127203812069853,
        1.624265867643539,
        0.6242658676435396,
        0.0
      ],
      [
        0.26628499513499726,
        0.16002576764016835,
        2.9127203812069853,
        0.6242658676435396,
        1.624265867643539,
        0.0
      ],
      [
        0.0,
        0.0,
        0.0,
        0.0,
        0.0,
        1.0
      ]
    ],
    "breakout": [
      [
        1.0,
        0.0,
        0.0,
        0.0,
        0.0,
        0.0
      ],
      [
        0.0,
        1.0,
        0.0,
        0.0,
        0.0,
        0.0
      ],
      [
        0.0,
        0.0,
        1.0,
        0.0,
        0.0,
        0.0
      ],
      [
        0.0,
        0.0,
        0.0,
        1.0,
        0.0,
        0.0
      ],
      [
        0.0,
        0.0,
        0.0,
        0.0,
        1.0,
        0.0
      ],
      [
        0.0,
        0.0,
        0.0,
        0.0,
        0.0,
        1.0
      ]
    ],
    "reversion": [
      [
        1.0923857482140287,
        0.009366062716861493,
        0.2640030786251866,
        0.3175778954326514,
        0.3175778954326514,
        0.0
      ],
      [
        0.009366062716861493,
        1.0010165277882273,
        0.027301526849648365,
        0.03187355933591312,
        0.03187355933591312,
        0.0
      ],
      [
        0.2640030786251866,
        0.027301526849648365,
        1.7587224047976253,
        0.9049317016262968,
        0.9049317016262968,
        0.0
      ],
      [
        0.3175778954326514,
        0.03187355933591312,
        0.9049317016262968,
        2.093232639552623,
        1.0932326395526342,
        0.0
      ],
      [
        0.3175778954326514,
        0.03187355933591312,
        0.9049317016262968,
        1.0932326395526342,
        2.093232639552623,
        0.0
      ],
      [
        0.0,
        0.0,
        0.0,
        0.0,
        0.0,
        1.0
      ]
    ],
    "vwap": [
      [
        1.0,
        0.0,
        0.0,
        0.0,
        0.0,
        0.0
      ],
      [
        0.0,
        1.0,
        0.0,
        0.0,
        0.0,
        0.0
      ],
      [
        0.0,
        0.0,
        1.0,
        0.0,
        0.0,
        0.0
      ],
      [
        0.0,
        0.0,
        0.0,
        1.0,
        0.0,
        0.0
      ],
      [
        0.0,
        0.0,
        0.0,
        0.0,
        1.0,
        0.0
      ],
      [
        0.0,
        0.0,
        0.0,
        0.0,
        0.0,
        1.0
      ]
    ]
  },
  "b": {
    "trend": [
      [
        0.2714852659879966
      ],
      [
        0.16315090555778228
      ],
      [
        2.9696028010881688
      ],
      [
        0.6364571351026138
      ],
      [
        0.6364571351026138
      ],
      [
        0.0
      ]
    ],
    "breakout": [
      [
        0.0
      ],
      [
        0.0
      ],
      [
        0.0
      ],
      [
        0.0
      ],
      [
        0.0
      ],
      [
        0.0
      ]
    ],
    "reversion": [
      [
        0.12661203201461957
      ],
      [
        0.01377600684378957
      ],
      [
        0.36934245971444435
      ],
      [
        0.4307065785315724
      ],
      [
        0.4307065785315724
      ],
      [
        0.0
      ]
    ],
    "vwap": [
      [
        0.0
      ],
      [
        0.0
      ],
      [
        0.0
      ],
      [
        0.0
      ],
      [
        0.0
      ],
      [
        0.0
      ]
    ]
  },
  "counts": {
    "trend": 1,
    "breakout": 0,
    "reversion": 2,
    "vwap": 0
  },
  "reward_sum": {
    "trend": 0.6364571351026138,
    "breakout": 0.0,
    "reversion": 0.4307065785315724,
    "vwap": 0.0
  },
  "disabled_until": {
    "trend": 0.0,
    "breakout": 0.0,
    "reversion": 0.0,
    "vwap": 0.0
  },
  "_snapshot_time": "2025-09-18T08:54:00.650878"
}