{
  "arms": [
    "trend",
    "breakout",
    "reversion",
    "vwap"
  ],
  "d": 6,
  "alpha": 0.6,
  "alpha_base": 0.6,
  "alpha_boost_until": 0.0,
  "A": {
    "trend": [
      [
        1.0036107993298984,
        0.0021699342626068053,
        0.03949621267736204,
        0.008464986077877497,
        0.008464986077877497,
        0.0
      ],
      [
        0.0021699342626068053,
        1.001304036661645,
        0.023735515962399437,
        0.00508709059813505,
        0.00508709059813505,
        0.0
      ],
      [
        0.03949621267736204,
        0.023735515962399437,
        1.4320236804462607,
        0.09259304101294673,
        0.09259304101294673,
        0.0
      ],
      [
        0.008464986077877497,
        0.00508709059813505,
        0.09259304101294673,
        1.019844910434467,
        0.019844910434467605,
        0.0
      ],
      [
        0.008464986077877497,
        0.00508709059813505,
        0.09259304101294673,
        0.019844910434467605,
        1.019844910434467,
        0.0
      ],
      [
        0.0,
        0.0,
        0.0,
        0.0,
        0.0,
        1.0
      ]
    ],
    "breakout": [
      [
        1.0,
        0.0,
        0.0,
        0.0,
        0.0,
        0.0
      ],
      [
        0.0,
        1.0,
        0.0,
        0.0,
        0.0,
        0.0
      ],
      [
        0.0,
        0.0,
        1.0,
        0.0,
        0.0,
        0.0
      ],
      [
        0.0,
        0.0,
        0.0,
        1.0,
        0.0,
        0.0
      ],
      [
        0.0,
        0.0,
        0.0,
        0.0,
        1.0,
        0.0
      ],
      [
        0.0,
        0.0,
        0.0,
        0.0,
        0.0,
        1.0
      ]
    ],
    "reversion": [
      [
        1.096407804951546,
        0.008954724538948326,
        0.36323573908277224,
        0.3098058593205091,
        0.3098058593205091,
        0.0
      ],
      [
        0.008954724538948326,
        1.0009282394911274,
        0.038948770357930415,
        0.029474712003575317,
        0.029474712003575317,
        0.0
      ],
      [
        0.36323573908277224,
        0.038948770357930415,
        2.7201932751538784,
        1.1927278412837372,
        1.1927278412837372,
        0.0
      ],
      [
        0.3098058593205091,
        0.029474712003575317,
        1.1927278412837372,
        2.005417581178988,
        1.0054175811790051,
        0.0
      ],
      [
        0.3098058593205091,
        0.029474712003575317,
        1.1927278412837372,
        1.0054175811790051,
        2.005417581178988,
        0.0
      ],
      [
        0.0,
        0.0,
        0.0,
        0.0,
        0.0,
        1.0
      ]
    ],
    "vwap": [
      [
        1.0,
        0.0,
        0.0,
        0.0,
        0.0,
        0.0
      ],
      [
        0.0,
        1.0,
        0.0,
        0.0,
        0.0,
        0.0
      ],
      [
        0.0,
        0.0,
        1.0,
        0.0,
        0.0,
        0.0
      ],
      [
        0.0,
        0.0,
        0.0,
        1.0,
        0.0,
        0.0
      ],
      [
        0.0,
        0.0,
        0.0,
        0.0,
        1.0,
        0.0
      ],
      [
        0.0,
        0.0,
        0.0,
        0.0,
        0.0,
        1.0
      ]
    ]
  },
  "b": {
    "trend": [
      [
        0.008630298510707266
      ],
      [
        0.005186436221986807
      ],
      [
        0.09440128744503011
      ],
      [
        0.020232461033255357
      ],
      [
        0.020232461033255357
      ],
      [
        0.0
      ]
    ],
    "breakout": [
      [
        0.0
      ],
      [
        0.0
      ],
      [
        0.0
      ],
      [
        0.0
      ],
      [
        0.0
      ],
      [
        0.0
      ]
    ],
    "reversion": [
      [
        -0.20376252396114483
      ],
      [
        -0.03170286831462634
      ],
      [
        -1.3222167806811966
      ],
      [
        -0.8114704381611128
      ],
      [
        -0.8114704381611128
      ],
      [
        0.0
      ]
    ],
    "vwap": [
      [
        0.0
      ],
      [
        0.0
      ],
      [
        0.0
      ],
      [
        0.0
      ],
      [
        0.0
      ],
      [
        0.0
      ]
    ]
  },
  "counts": {
    "trend": 1,
    "breakout": 0,
    "reversion": 9,
    "vwap": 0
  },
  "reward_sum": {
    "trend": 0.020232461033255357,
    "breakout": 0.0,
    "reversion": -0.8114704381611128,
    "vwap": 0.0
  },
  "disabled_until": {
    "trend": 0.0,
    "breakout": 0.0,
    "reversion": 0.0,
    "vwap": 0.0
  },
  "_snapshot_time": "2025-09-26T05:48:00.556789"
}