{
  "arms": [
    "trend",
    "breakout",
    "reversion",
    "vwap"
  ],
  "d": 6,
  "alpha": 0.6,
  "alpha_base": 0.6,
  "alpha_boost_until": 0.0,
  "A": {
    "trend": [
      [
        1.0088566992961936,
        0.005322493304261158,
        0.09687774009632562,
        0.020763224258250675,
        0.020763224258250675,
        0.0
      ],
      [
        0.005322493304261158,
        1.0031985883257986,
        0.05821933270517078,
        0.012477799956122408,
        0.012477799956122408,
        0.0
      ],
      [
        0.09687774009632562,
        0.05821933270517078,
        2.059683321325645,
        0.2271155625795511,
        0.2271155625795511,
        0.0
      ],
      [
        0.020763224258250675,
        0.012477799956122408,
        0.2271155625795511,
        1.0486763146383185,
        0.04867631463831842,
        0.0
      ],
      [
        0.020763224258250675,
        0.012477799956122408,
        0.2271155625795511,
        0.04867631463831842,
        1.0486763146383185,
        0.0
      ],
      [
        0.0,
        0.0,
        0.0,
        0.0,
        0.0,
        1.0
      ]
    ],
    "breakout": [
      [
        1.0,
        0.0,
        0.0,
        0.0,
        0.0,
        0.0
      ],
      [
        0.0,
        1.0,
        0.0,
        0.0,
        0.0,
        0.0
      ],
      [
        0.0,
        0.0,
        1.0,
        0.0,
        0.0,
        0.0
      ],
      [
        0.0,
        0.0,
        0.0,
        1.0,
        0.0,
        0.0
      ],
      [
        0.0,
        0.0,
        0.0,
        0.0,
        1.0,
        0.0
      ],
      [
        0.0,
        0.0,
        0.0,
        0.0,
        0.0,
        1.0
      ]
    ],
    "reversion": [
      [
        1.1021401705085778,
        0.006655826761455901,
        0.17154828095114485,
        0.3209081479821278,
        0.3209081479821278,
        0.0
      ],
      [
        0.006655826761455901,
        1.0005322316452832,
        0.013550366567211614,
        0.022268368086484656,
        0.022268368086484656,
        0.0
      ],
      [
        0.17154828095114485,
        0.013550366567211614,
        1.3665954666094748,
        0.5745537582745304,
        0.5745537582745304,
        0.0
      ],
      [
        0.3209081479821278,
        0.022268368086484656,
        0.5745537582745304,
        2.031500324359824,
        1.031500324359843,
        0.0
      ],
      [
        0.3209081479821278,
        0.022268368086484656,
        0.5745537582745304,
        1.031500324359843,
        2.031500324359824,
        0.0
      ],
      [
        0.0,
        0.0,
        0.0,
        0.0,
        0.0,
        1.0
      ]
    ],
    "vwap": [
      [
        1.0,
        0.0,
        0.0,
        0.0,
        0.0,
        0.0
      ],
      [
        0.0,
        1.0,
        0.0,
        0.0,
        0.0,
        0.0
      ],
      [
        0.0,
        0.0,
        1.0,
        0.0,
        0.0,
        0.0
      ],
      [
        0.0,
        0.0,
        0.0,
        1.0,
        0.0,
        0.0
      ],
      [
        0.0,
        0.0,
        0.0,
        0.0,
        1.0,
        0.0
      ],
      [
        0.0,
        0.0,
        0.0,
        0.0,
        0.0,
        1.0
      ]
    ]
  },
  "b": {
    "trend": [
      [
        0.02116870857729662
      ],
      [
        0.012721478498311707
      ],
      [
        0.2315508948811185
      ],
      [
        0.04962691277516339
      ],
      [
        0.04962691277516339
      ],
      [
        0.0
      ]
    ],
    "breakout": [
      [
        0.0
      ],
      [
        0.0
      ],
      [
        0.0
      ],
      [
        0.0
      ],
      [
        0.0
      ],
      [
        0.0
      ]
    ],
    "reversion": [
      [
        -0.002919617553602319
      ],
      [
        -0.021137428646731526
      ],
      [
        -0.5821872828139565
      ],
      [
        -0.36662412969147057
      ],
      [
        -0.36662412969147057
      ],
      [
        0.0
      ]
    ],
    "vwap": [
      [
        0.0
      ],
      [
        0.0
      ],
      [
        0.0
      ],
      [
        0.0
      ],
      [
        0.0
      ],
      [
        0.0
      ]
    ]
  },
  "counts": {
    "trend": 1,
    "breakout": 0,
    "reversion": 8,
    "vwap": 0
  },
  "reward_sum": {
    "trend": 0.04962691277516339,
    "breakout": 0.0,
    "reversion": -0.36662412969147057,
    "vwap": 0.0
  },
  "disabled_until": {
    "trend": 0.0,
    "breakout": 0.0,
    "reversion": 0.0,
    "vwap": 0.0
  },
  "_snapshot_time": "2025-09-24T14:47:00.235184"
}