{
  "arms": [
    "trend",
    "breakout",
    "reversion",
    "vwap"
  ],
  "d": 6,
  "alpha": 0.6,
  "alpha_base": 0.6,
  "alpha_boost_until": 0.0,
  "A": {
    "trend": [
      [
        1.1293968489934674,
        0.07776191099277203,
        1.4153889487320093,
        0.303351813594659,
        0.303351813594659,
        0.0
      ],
      [
        0.07776191099277203,
        1.0467315460019693,
        0.850587555319907,
        0.1823013227272245,
        0.1823013227272245,
        0.0
      ],
      [
        1.4153889487320093,
        0.850587555319907,
        16.482029831297126,
        3.3181704800352025,
        3.3181704800352025,
        0.0
      ],
      [
        0.303351813594659,
        0.1823013227272245,
        3.3181704800352025,
        1.711163552489714,
        0.7111635524897149,
        0.0
      ],
      [
        0.303351813594659,
        0.1823013227272245,
        3.3181704800352025,
        0.7111635524897149,
        1.711163552489714,
        0.0
      ],
      [
        0.0,
        0.0,
        0.0,
        0.0,
        0.0,
        1.0
      ]
    ],
    "breakout": [
      [
        1.0,
        0.0,
        0.0,
        0.0,
        0.0,
        0.0
      ],
      [
        0.0,
        1.0,
        0.0,
        0.0,
        0.0,
        0.0
      ],
      [
        0.0,
        0.0,
        1.0,
        0.0,
        0.0,
        0.0
      ],
      [
        0.0,
        0.0,
        0.0,
        1.0,
        0.0,
        0.0
      ],
      [
        0.0,
        0.0,
        0.0,
        0.0,
        1.0,
        0.0
      ],
      [
        0.0,
        0.0,
        0.0,
        0.0,
        0.0,
        1.0
      ]
    ],
    "reversion": [
      [
        1.105245826024921,
        0.010669816787689657,
        0.30075225475969075,
        0.361784675431035,
        0.361784675431035,
        0.0
      ],
      [
        0.010669816787689657,
        1.001158028254547,
        0.031101893967196443,
        0.03631035246790538,
        0.03631035246790538,
        0.0
      ],
      [
        0.30075225475969075,
        0.031101893967196443,
        1.8643364129232212,
        1.0308980148448448,
        1.0308980148448448,
        0.0
      ],
      [
        0.361784675431035,
        0.03631035246790538,
        1.0308980148448448,
        2.245410405948852,
        1.2454104059488618,
        0.0
      ],
      [
        0.361784675431035,
        0.03631035246790538,
        1.0308980148448448,
        1.2454104059488618,
        2.245410405948852,
        0.0
      ],
      [
        0.0,
        0.0,
        0.0,
        0.0,
        0.0,
        1.0
      ]
    ],
    "vwap": [
      [
        1.0,
        0.0,
        0.0,
        0.0,
        0.0,
        0.0
      ],
      [
        0.0,
        1.0,
        0.0,
        0.0,
        0.0,
        0.0
      ],
      [
        0.0,
        0.0,
        1.0,
        0.0,
        0.0,
        0.0
      ],
      [
        0.0,
        0.0,
        0.0,
        1.0,
        0.0,
        0.0
      ],
      [
        0.0,
        0.0,
        0.0,
        0.0,
        1.0,
        0.0
      ],
      [
        0.0,
        0.0,
        0.0,
        0.0,
        0.0,
        1.0
      ]
    ]
  },
  "b": {
    "trend": [
      [
        0.3092759611180335
      ],
      [
        0.18586147922256516
      ],
      [
        3.3829709214714985
      ],
      [
        0.725051841958871
      ],
      [
        0.725051841958871
      ],
      [
        0.0
      ]
    ],
    "breakout": [
      [
        0.0
      ],
      [
        0.0
      ],
      [
        0.0
      ],
      [
        0.0
      ],
      [
        0.0
      ],
      [
        0.0
      ]
    ],
    "reversion": [
      [
        0.1442364017359233
      ],
      [
        0.015693624261620156
      ],
      [
        0.4207548567845072
      ],
      [
        0.49066084875892085
      ],
      [
        0.49066084875892085
      ],
      [
        0.0
      ]
    ],
    "vwap": [
      [
        0.0
      ],
      [
        0.0
      ],
      [
        0.0
      ],
      [
        0.0
      ],
      [
        0.0
      ],
      [
        0.0
      ]
    ]
  },
  "counts": {
    "trend": 1,
    "breakout": 0,
    "reversion": 2,
    "vwap": 0
  },
  "reward_sum": {
    "trend": 0.725051841958871,
    "breakout": 0.0,
    "reversion": 0.49066084875892085,
    "vwap": 0.0
  },
  "disabled_until": {
    "trend": 0.0,
    "breakout": 0.0,
    "reversion": 0.0,
    "vwap": 0.0
  },
  "_snapshot_time": "2025-09-18T04:34:00.008279"
}