{
  "arms": [
    "trend",
    "breakout",
    "reversion",
    "vwap"
  ],
  "d": 6,
  "alpha": 0.6,
  "alpha_base": 0.6,
  "alpha_boost_until": 0.0,
  "A": {
    "trend": [
      [
        1.0032992772061253,
        0.0019827229367552243,
        0.036088672426551754,
        0.007734668439106805,
        0.007734668439106805,
        0.0
      ],
      [
        0.0019827229367552243,
        1.0011915307500168,
        0.021687731617193506,
        0.004648201276916684,
        0.004648201276916684,
        0.0
      ],
      [
        0.036088672426551754,
        0.021687731617193506,
        1.3947507881705006,
        0.08460456584511414,
        0.08460456584511414,
        0.0
      ],
      [
        0.007734668439106805,
        0.004648201276916684,
        0.08460456584511414,
        1.0181327885246634,
        0.018132788524664028,
        0.0
      ],
      [
        0.007734668439106805,
        0.004648201276916684,
        0.08460456584511414,
        0.018132788524664028,
        1.0181327885246634,
        0.0
      ],
      [
        0.0,
        0.0,
        0.0,
        0.0,
        0.0,
        1.0
      ]
    ],
    "breakout": [
      [
        1.0,
        0.0,
        0.0,
        0.0,
        0.0,
        0.0
      ],
      [
        0.0,
        1.0,
        0.0,
        0.0,
        0.0,
        0.0
      ],
      [
        0.0,
        0.0,
        1.0,
        0.0,
        0.0,
        0.0
      ],
      [
        0.0,
        0.0,
        0.0,
        1.0,
        0.0,
        0.0
      ],
      [
        0.0,
        0.0,
        0.0,
        0.0,
        1.0,
        0.0
      ],
      [
        0.0,
        0.0,
        0.0,
        0.0,
        0.0,
        1.0
      ]
    ],
    "reversion": [
      [
        1.1768273167634575,
        0.014393129027297993,
        0.5173474521771743,
        0.579475625680608,
        0.579475625680608,
        0.0
      ],
      [
        0.014393129027297993,
        1.0012828801189615,
        0.04856865287982305,
        0.047677577871914824,
        0.047677577871914824,
        0.0
      ],
      [
        0.5173474521771743,
        0.04856865287982305,
        2.959351508830134,
        1.7092620428225342,
        1.7092620428225342,
        0.0
      ],
      [
        0.579475625680608,
        0.047677577871914824,
        1.7092620428225342,
        2.908700064757828,
        1.9087000647578432,
        0.0
      ],
      [
        0.579475625680608,
        0.047677577871914824,
        1.7092620428225342,
        1.9087000647578432,
        2.908700064757828,
        0.0
      ],
      [
        0.0,
        0.0,
        0.0,
        0.0,
        0.0,
        1.0
      ]
    ],
    "vwap": [
      [
        1.0,
        0.0,
        0.0,
        0.0,
        0.0,
        0.0
      ],
      [
        0.0,
        1.0,
        0.0,
        0.0,
        0.0,
        0.0
      ],
      [
        0.0,
        0.0,
        1.0,
        0.0,
        0.0,
        0.0
      ],
      [
        0.0,
        0.0,
        0.0,
        1.0,
        0.0,
        0.0
      ],
      [
        0.0,
        0.0,
        0.0,
        0.0,
        1.0,
        0.0
      ],
      [
        0.0,
        0.0,
        0.0,
        0.0,
        0.0,
        1.0
      ]
    ]
  },
  "b": {
    "trend": [
      [
        0.00788571852295065
      ],
      [
        0.004738975845746481
      ],
      [
        0.08625680561015221
      ],
      [
        0.018486903151365485
      ],
      [
        0.018486903151365485
      ],
      [
        0.0
      ]
    ],
    "breakout": [
      [
        0.0
      ],
      [
        0.0
      ],
      [
        0.0
      ],
      [
        0.0
      ],
      [
        0.0
      ],
      [
        0.0
      ]
    ],
    "reversion": [
      [
        -0.6072149431912531
      ],
      [
        -0.058436987274854864
      ],
      [
        -2.088048915173059
      ],
      [
        -2.1477854540800916
      ],
      [
        -2.1477854540800916
      ],
      [
        0.0
      ]
    ],
    "vwap": [
      [
        0.0
      ],
      [
        0.0
      ],
      [
        0.0
      ],
      [
        0.0
      ],
      [
        0.0
      ],
      [
        0.0
      ]
    ]
  },
  "counts": {
    "trend": 1,
    "breakout": 0,
    "reversion": 10,
    "vwap": 0
  },
  "reward_sum": {
    "trend": 0.018486903151365485,
    "breakout": 0.0,
    "reversion": -2.1477854540800916,
    "vwap": 0.0
  },
  "disabled_until": {
    "trend": 0.0,
    "breakout": 0.0,
    "reversion": 0.0,
    "vwap": 0.0
  },
  "_snapshot_time": "2025-09-26T08:47:00.723651"
}