{
  "arms": [
    "trend",
    "breakout",
    "reversion",
    "vwap"
  ],
  "d": 6,
  "alpha": 0.6,
  "alpha_base": 0.6,
  "alpha_boost_until": 0.0,
  "A": {
    "trend": [
      [
        1.0059906258733458,
        0.0036001071090807375,
        0.06552760537119594,
        0.014044138148510514,
        0.014044138148510514,
        0.0
      ],
      [
        0.0036001071090807375,
        1.0021635087002372,
        0.039379257347307635,
        0.008439919744334817,
        0.008439919744334817,
        0.0
      ],
      [
        0.06552760537119594,
        0.039379257347307635,
        1.716764350915104,
        0.1536197989710789,
        0.1536197989710789,
        0.0
      ],
      [
        0.014044138148510514,
        0.008439919744334817,
        0.1536197989710789,
        1.0329244089857204,
        0.032924408985721944,
        0.0
      ],
      [
        0.014044138148510514,
        0.008439919744334817,
        0.1536197989710789,
        0.032924408985721944,
        1.0329244089857204,
        0.0
      ],
      [
        0.0,
        0.0,
        0.0,
        0.0,
        0.0,
        1.0
      ]
    ],
    "breakout": [
      [
        1.0,
        0.0,
        0.0,
        0.0,
        0.0,
        0.0
      ],
      [
        0.0,
        1.0,
        0.0,
        0.0,
        0.0,
        0.0
      ],
      [
        0.0,
        0.0,
        1.0,
        0.0,
        0.0,
        0.0
      ],
      [
        0.0,
        0.0,
        0.0,
        1.0,
        0.0,
        0.0
      ],
      [
        0.0,
        0.0,
        0.0,
        0.0,
        1.0,
        0.0
      ],
      [
        0.0,
        0.0,
        0.0,
        0.0,
        0.0,
        1.0
      ]
    ],
    "reversion": [
      [
        1.1599488196292067,
        0.014856656272065687,
        0.6026392545980275,
        0.513994500107459,
        0.513994500107459,
        0.0
      ],
      [
        0.014856656272065687,
        1.0015400289531926,
        0.0646193515959734,
        0.048901075968404366,
        0.048901075968404366,
        0.0
      ],
      [
        0.6026392545980275,
        0.0646193515959734,
        3.8539482258023345,
        1.9788378176238655,
        1.9788378176238655,
        0.0
      ],
      [
        0.513994500107459,
        0.048901075968404366,
        1.9788378176238655,
        2.6680740260070936,
        1.6680740260071065,
        0.0
      ],
      [
        0.513994500107459,
        0.048901075968404366,
        1.9788378176238655,
        1.6680740260071065,
        2.6680740260070936,
        0.0
      ],
      [
        0.0,
        0.0,
        0.0,
        0.0,
        0.0,
        1.0
      ]
    ],
    "vwap": [
      [
        1.0,
        0.0,
        0.0,
        0.0,
        0.0,
        0.0
      ],
      [
        0.0,
        1.0,
        0.0,
        0.0,
        0.0,
        0.0
      ],
      [
        0.0,
        0.0,
        1.0,
        0.0,
        0.0,
        0.0
      ],
      [
        0.0,
        0.0,
        0.0,
        1.0,
        0.0,
        0.0
      ],
      [
        0.0,
        0.0,
        0.0,
        0.0,
        1.0,
        0.0
      ],
      [
        0.0,
        0.0,
        0.0,
        0.0,
        0.0,
        1.0
      ]
    ]
  },
  "b": {
    "trend": [
      [
        0.014318405657395738
      ],
      [
        0.00860474265756681
      ],
      [
        0.15661983493866294
      ],
      [
        0.033567388678640404
      ],
      [
        0.033567388678640404
      ],
      [
        0.0
      ]
    ],
    "breakout": [
      [
        0.0
      ],
      [
        0.0
      ],
      [
        0.0
      ],
      [
        0.0
      ],
      [
        0.0
      ],
      [
        0.0
      ]
    ],
    "reversion": [
      [
        -0.3380595088606494
      ],
      [
        -0.05259777845095857
      ],
      [
        -2.1936710774628505
      ],
      [
        -1.3462990762324503
      ],
      [
        -1.3462990762324503
      ],
      [
        0.0
      ]
    ],
    "vwap": [
      [
        0.0
      ],
      [
        0.0
      ],
      [
        0.0
      ],
      [
        0.0
      ],
      [
        0.0
      ],
      [
        0.0
      ]
    ]
  },
  "counts": {
    "trend": 1,
    "breakout": 0,
    "reversion": 9,
    "vwap": 0
  },
  "reward_sum": {
    "trend": 0.033567388678640404,
    "breakout": 0.0,
    "reversion": -1.3462990762324503,
    "vwap": 0.0
  },
  "disabled_until": {
    "trend": 0.0,
    "breakout": 0.0,
    "reversion": 0.0,
    "vwap": 0.0
  },
  "_snapshot_time": "2025-09-25T09:46:00.838611"
}