{
  "arms": [
    "trend",
    "breakout",
    "reversion",
    "vwap"
  ],
  "d": 6,
  "alpha": 0.6,
  "alpha_base": 0.6,
  "alpha_boost_until": 0.0,
  "A": {
    "trend": [
      [
        1.156547678755178,
        0.09407838564986966,
        1.7123744216593453,
        0.36700292653042405,
        0.36700292653042405,
        0.0
      ],
      [
        0.09407838564986966,
        1.0565370417298054,
        1.0290629825931625,
        0.2205528892622934,
        0.2205528892622934,
        0.0
      ],
      [
        1.7123744216593453,
        1.0290629825931625,
        19.73056300335706,
        4.014409086497127,
        4.014409086497127,
        0.0
      ],
      [
        0.36700292653042405,
        0.2205528892622934,
        4.014409086497127,
        1.8603841919146955,
        0.8603841919146962,
        0.0
      ],
      [
        0.36700292653042405,
        0.2205528892622934,
        4.014409086497127,
        0.8603841919146962,
        1.8603841919146955,
        0.0
      ],
      [
        0.0,
        0.0,
        0.0,
        0.0,
        0.0,
        1.0
      ]
    ],
    "breakout": [
      [
        1.0,
        0.0,
        0.0,
        0.0,
        0.0,
        0.0
      ],
      [
        0.0,
        1.0,
        0.0,
        0.0,
        0.0,
        0.0
      ],
      [
        0.0,
        0.0,
        1.0,
        0.0,
        0.0,
        0.0
      ],
      [
        0.0,
        0.0,
        0.0,
        1.0,
        0.0,
        0.0
      ],
      [
        0.0,
        0.0,
        0.0,
        0.0,
        1.0,
        0.0
      ],
      [
        0.0,
        0.0,
        0.0,
        0.0,
        0.0,
        1.0
      ]
    ],
    "reversion": [
      [
        1.127329142023425,
        0.012908622303006725,
        0.3638579125322676,
        0.4376965249809446,
        0.4376965249809446,
        0.0
      ],
      [
        0.012908622303006725,
        1.0014010127494792,
        0.03762788153906395,
        0.04392921031577808,
        0.04392921031577808,
        0.0
      ],
      [
        0.3638579125322676,
        0.03762788153906395,
        2.0456967086852336,
        1.2472072736904978,
        1.2472072736904978,
        0.0
      ],
      [
        0.4376965249809446,
        0.04392921031577808,
        1.2472072736904978,
        2.506729952587042,
        1.5067299525870486,
        0.0
      ],
      [
        0.4376965249809446,
        0.04392921031577808,
        1.2472072736904978,
        1.5067299525870486,
        2.506729952587042,
        0.0
      ],
      [
        0.0,
        0.0,
        0.0,
        0.0,
        0.0,
        1.0
      ]
    ],
    "vwap": [
      [
        1.0,
        0.0,
        0.0,
        0.0,
        0.0,
        0.0
      ],
      [
        0.0,
        1.0,
        0.0,
        0.0,
        0.0,
        0.0
      ],
      [
        0.0,
        0.0,
        1.0,
        0.0,
        0.0,
        0.0
      ],
      [
        0.0,
        0.0,
        0.0,
        1.0,
        0.0,
        0.0
      ],
      [
        0.0,
        0.0,
        0.0,
        0.0,
        1.0,
        0.0
      ],
      [
        0.0,
        0.0,
        0.0,
        0.0,
        0.0,
        1.0
      ]
    ]
  },
  "b": {
    "trend": [
      [
        0.37417011453076215
      ],
      [
        0.22486005933394557
      ],
      [
        4.092806348625782
      ],
      [
        0.8771866063103215
      ],
      [
        0.8771866063103215
      ],
      [
        0.0
      ]
    ],
    "breakout": [
      [
        0.0
      ],
      [
        0.0
      ],
      [
        0.0
      ],
      [
        0.0
      ],
      [
        0.0
      ],
      [
        0.0
      ]
    ],
    "reversion": [
      [
        0.17450095623965575
      ],
      [
        0.01898655545728661
      ],
      [
        0.5090401865806493
      ],
      [
        0.5936142767520812
      ],
      [
        0.5936142767520812
      ],
      [
        0.0
      ]
    ],
    "vwap": [
      [
        0.0
      ],
      [
        0.0
      ],
      [
        0.0
      ],
      [
        0.0
      ],
      [
        0.0
      ],
      [
        0.0
      ]
    ]
  },
  "counts": {
    "trend": 1,
    "breakout": 0,
    "reversion": 2,
    "vwap": 0
  },
  "reward_sum": {
    "trend": 0.8771866063103215,
    "breakout": 0.0,
    "reversion": 0.5936142767520812,
    "vwap": 0.0
  },
  "disabled_until": {
    "trend": 0.0,
    "breakout": 0.0,
    "reversion": 0.0,
    "vwap": 0.0
  },
  "_snapshot_time": "2025-09-17T22:13:00.667846"
}