{
  "arms": [
    "trend",
    "breakout",
    "reversion",
    "vwap"
  ],
  "d": 6,
  "alpha": 0.6,
  "alpha_base": 0.6,
  "alpha_boost_until": 0.0,
  "A": {
    "trend": [
      [
        1.0080521236220878,
        0.004838978114800123,
        0.0880770040165394,
        0.018877015345030886,
        0.018877015345030886,
        0.0
      ],
      [
        0.004838978114800123,
        1.002908016604625,
        0.0529304708740626,
        0.011344269960882905,
        0.011344269960882905,
        0.0
      ],
      [
        0.0880770040165394,
        0.0529304708740626,
        1.9634177268777808,
        0.20648353582203788,
        0.20648353582203788,
        0.0
      ],
      [
        0.018877015345030886,
        0.011344269960882905,
        0.20648353582203788,
        1.0442543762441887,
        0.04425437624418858,
        0.0
      ],
      [
        0.018877015345030886,
        0.011344269960882905,
        0.20648353582203788,
        0.04425437624418858,
        1.0442543762441887,
        0.0
      ],
      [
        0.0,
        0.0,
        0.0,
        0.0,
        0.0,
        1.0
      ]
    ],
    "breakout": [
      [
        1.0,
        0.0,
        0.0,
        0.0,
        0.0,
        0.0
      ],
      [
        0.0,
        1.0,
        0.0,
        0.0,
        0.0,
        0.0
      ],
      [
        0.0,
        0.0,
        1.0,
        0.0,
        0.0,
        0.0
      ],
      [
        0.0,
        0.0,
        0.0,
        1.0,
        0.0,
        0.0
      ],
      [
        0.0,
        0.0,
        0.0,
        0.0,
        1.0,
        0.0
      ],
      [
        0.0,
        0.0,
        0.0,
        0.0,
        0.0,
        1.0
      ]
    ],
    "reversion": [
      [
        1.0928613755769807,
        0.0060511865761862065,
        0.15596419379045245,
        0.2917556521308047,
        0.2917556521308047,
        0.0
      ],
      [
        0.0060511865761862065,
        1.0004838817329218,
        0.012319400611319012,
        0.02024542628105211,
        0.02024542628105211,
        0.0
      ],
      [
        0.15596419379045245,
        0.012319400611319012,
        1.3332925639357733,
        0.5223591469510649,
        0.5223591469510649,
        0.0
      ],
      [
        0.2917556521308047,
        0.02024542628105211,
        0.5223591469510649,
        1.9377949787161448,
        0.937794978716162,
        0.0
      ],
      [
        0.2917556521308047,
        0.02024542628105211,
        0.5223591469510649,
        0.937794978716162,
        1.9377949787161448,
        0.0
      ],
      [
        0.0,
        0.0,
        0.0,
        0.0,
        0.0,
        1.0
      ]
    ],
    "vwap": [
      [
        1.0,
        0.0,
        0.0,
        0.0,
        0.0,
        0.0
      ],
      [
        0.0,
        1.0,
        0.0,
        0.0,
        0.0,
        0.0
      ],
      [
        0.0,
        0.0,
        1.0,
        0.0,
        0.0,
        0.0
      ],
      [
        0.0,
        0.0,
        0.0,
        1.0,
        0.0,
        0.0
      ],
      [
        0.0,
        0.0,
        0.0,
        0.0,
        1.0,
        0.0
      ],
      [
        0.0,
        0.0,
        0.0,
        0.0,
        0.0,
        1.0
      ]
    ]
  },
  "b": {
    "trend": [
      [
        0.01924566395266504
      ],
      [
        0.01156581183332761
      ],
      [
        0.21051594595620707
      ],
      [
        0.04511861849254985
      ],
      [
        0.04511861849254985
      ],
      [
        0.0
      ]
    ],
    "breakout": [
      [
        0.0
      ],
      [
        0.0
      ],
      [
        0.0
      ],
      [
        0.0
      ],
      [
        0.0
      ],
      [
        0.0
      ]
    ],
    "reversion": [
      [
        -0.0026543885802838164
      ],
      [
        -0.01921722560792992
      ],
      [
        -0.5292992135840278
      ],
      [
        -0.3333186231562461
      ],
      [
        -0.3333186231562461
      ],
      [
        0.0
      ]
    ],
    "vwap": [
      [
        0.0
      ],
      [
        0.0
      ],
      [
        0.0
      ],
      [
        0.0
      ],
      [
        0.0
      ],
      [
        0.0
      ]
    ]
  },
  "counts": {
    "trend": 1,
    "breakout": 0,
    "reversion": 8,
    "vwap": 0
  },
  "reward_sum": {
    "trend": 0.04511861849254985,
    "breakout": 0.0,
    "reversion": -0.3333186231562461,
    "vwap": 0.0
  },
  "disabled_until": {
    "trend": 0.0,
    "breakout": 0.0,
    "reversion": 0.0,
    "vwap": 0.0
  },
  "_snapshot_time": "2025-09-24T17:57:00.793853"
}