{
  "arms": [
    "trend",
    "breakout",
    "reversion",
    "vwap"
  ],
  "d": 6,
  "alpha": 0.6,
  "alpha_base": 0.6,
  "alpha_boost_until": 0.0,
  "A": {
    "trend": [
      [
        1.0071753202779035,
        0.004312057218820635,
        0.0784862158851281,
        0.016821479320058993,
        0.016821479320058993,
        0.0
      ],
      [
        0.004312057218820635,
        1.0025913599307401,
        0.04716682192258777,
        0.010108981693358157,
        0.010108981693358157,
        0.0
      ],
      [
        0.0784862158851281,
        0.04716682192258777,
        1.8585102609199748,
        0.18399934864053513,
        0.18399934864053513,
        0.0
      ],
      [
        0.016821479320058993,
        0.010108981693358157,
        0.18399934864053513,
        1.0394354754291002,
        0.039435475429100995,
        0.0
      ],
      [
        0.016821479320058993,
        0.010108981693358157,
        0.18399934864053513,
        0.039435475429100995,
        1.0394354754291002,
        0.0
      ],
      [
        0.0,
        0.0,
        0.0,
        0.0,
        0.0,
        1.0
      ]
    ],
    "breakout": [
      [
        1.0,
        0.0,
        0.0,
        0.0,
        0.0,
        0.0
      ],
      [
        0.0,
        1.0,
        0.0,
        0.0,
        0.0,
        0.0
      ],
      [
        0.0,
        0.0,
        1.0,
        0.0,
        0.0,
        0.0
      ],
      [
        0.0,
        0.0,
        0.0,
        1.0,
        0.0,
        0.0
      ],
      [
        0.0,
        0.0,
        0.0,
        0.0,
        1.0,
        0.0
      ],
      [
        0.0,
        0.0,
        0.0,
        0.0,
        0.0,
        1.0
      ]
    ],
    "reversion": [
      [
        1.082749612708854,
        0.005392267156255167,
        0.13898110546413162,
        0.25998610368882036,
        0.25998610368882036,
        0.0
      ],
      [
        0.005392267156255167,
        1.0004311913941337,
        0.010977929446530614,
        0.018040882697176165,
        0.018040882697176165,
        0.0
      ],
      [
        0.13898110546413162,
        0.010977929446530614,
        1.2970000219473725,
        0.4654789662177186,
        0.4654789662177186,
        0.0
      ],
      [
        0.25998610368882036,
        0.018040882697176165,
        0.4654789662177186,
        1.8356775979991649,
        0.8356775979991801,
        0.0
      ],
      [
        0.25998610368882036,
        0.018040882697176165,
        0.4654789662177186,
        0.8356775979991801,
        1.8356775979991649,
        0.0
      ],
      [
        0.0,
        0.0,
        0.0,
        0.0,
        0.0,
        1.0
      ]
    ],
    "vwap": [
      [
        1.0,
        0.0,
        0.0,
        0.0,
        0.0,
        0.0
      ],
      [
        0.0,
        1.0,
        0.0,
        0.0,
        0.0,
        0.0
      ],
      [
        0.0,
        0.0,
        1.0,
        0.0,
        0.0,
        0.0
      ],
      [
        0.0,
        0.0,
        0.0,
        1.0,
        0.0,
        0.0
      ],
      [
        0.0,
        0.0,
        0.0,
        0.0,
        1.0,
        0.0
      ],
      [
        0.0,
        0.0,
        0.0,
        0.0,
        0.0,
        1.0
      ]
    ]
  },
  "b": {
    "trend": [
      [
        0.01714998543272255
      ],
      [
        0.010306399662128134
      ],
      [
        0.1875926658277132
      ],
      [
        0.04020560952300356
      ],
      [
        0.04020560952300356
      ],
      [
        0.0
      ]
    ],
    "breakout": [
      [
        0.0
      ],
      [
        0.0
      ],
      [
        0.0
      ],
      [
        0.0
      ],
      [
        0.0
      ],
      [
        0.0
      ]
    ],
    "reversion": [
      [
        -0.0023653497014504807
      ],
      [
        -0.01712464376619768
      ],
      [
        -0.47166332244207
      ],
      [
        -0.29702324355472176
      ],
      [
        -0.29702324355472176
      ],
      [
        0.0
      ]
    ],
    "vwap": [
      [
        0.0
      ],
      [
        0.0
      ],
      [
        0.0
      ],
      [
        0.0
      ],
      [
        0.0
      ],
      [
        0.0
      ]
    ]
  },
  "counts": {
    "trend": 1,
    "breakout": 0,
    "reversion": 8,
    "vwap": 0
  },
  "reward_sum": {
    "trend": 0.04020560952300356,
    "breakout": 0.0,
    "reversion": -0.29702324355472176,
    "vwap": 0.0
  },
  "disabled_until": {
    "trend": 0.0,
    "breakout": 0.0,
    "reversion": 0.0,
    "vwap": 0.0
  },
  "_snapshot_time": "2025-09-25T03:48:00.291002"
}