{
  "arms": [
    "trend",
    "breakout",
    "reversion",
    "vwap"
  ],
  "d": 6,
  "alpha": 0.6,
  "alpha_base": 0.6,
  "alpha_boost_until": 0.0,
  "A": {
    "trend": [
      [
        1.0068932802764072,
        0.004142563373620227,
        0.0754011616174025,
        0.016160278165428747,
        0.016160278165428747,
        0.0
      ],
      [
        0.004142563373620227,
        1.0024895014588617,
        0.04531283770859147,
        0.00971162839044062,
        0.00971162839044062,
        0.0
      ],
      [
        0.0754011616174025,
        0.04531283770859147,
        1.8247648355039527,
        0.1767668942613736,
        0.1767668942613736,
        0.0
      ],
      [
        0.016160278165428747,
        0.00971162839044062,
        0.1767668942613736,
        1.0378853869148266,
        0.0378853869148274,
        0.0
      ],
      [
        0.016160278165428747,
        0.00971162839044062,
        0.1767668942613736,
        0.0378853869148274,
        1.0378853869148266,
        0.0
      ],
      [
        0.0,
        0.0,
        0.0,
        0.0,
        0.0,
        1.0
      ]
    ],
    "breakout": [
      [
        1.0,
        0.0,
        0.0,
        0.0,
        0.0,
        0.0
      ],
      [
        0.0,
        1.0,
        0.0,
        0.0,
        0.0,
        0.0
      ],
      [
        0.0,
        0.0,
        1.0,
        0.0,
        0.0,
        0.0
      ],
      [
        0.0,
        0.0,
        0.0,
        1.0,
        0.0,
        0.0
      ],
      [
        0.0,
        0.0,
        0.0,
        0.0,
        1.0,
        0.0
      ],
      [
        0.0,
        0.0,
        0.0,
        0.0,
        0.0,
        1.0
      ]
    ],
    "reversion": [
      [
        1.079496977287957,
        0.005180313546114642,
        0.13351818120781536,
        0.2497668412401319,
        0.2497668412401319,
        0.0
      ],
      [
        0.005180313546114642,
        1.0004142425727935,
        0.010546420452143906,
        0.017331750507137603,
        0.017331750507137603,
        0.0
      ],
      [
        0.13351818120781536,
        0.010546420452143906,
        1.2853258550265925,
        0.44718240477604815,
        0.44718240477604815,
        0.0
      ],
      [
        0.2497668412401319,
        0.017331750507137603,
        0.44718240477604815,
        1.8028296550696288,
        0.8028296550696427,
        0.0
      ],
      [
        0.2497668412401319,
        0.017331750507137603,
        0.44718240477604815,
        0.8028296550696427,
        1.8028296550696288,
        0.0
      ],
      [
        0.0,
        0.0,
        0.0,
        0.0,
        0.0,
        1.0
      ]
    ],
    "vwap": [
      [
        1.0,
        0.0,
        0.0,
        0.0,
        0.0,
        0.0
      ],
      [
        0.0,
        1.0,
        0.0,
        0.0,
        0.0,
        0.0
      ],
      [
        0.0,
        0.0,
        1.0,
        0.0,
        0.0,
        0.0
      ],
      [
        0.0,
        0.0,
        0.0,
        1.0,
        0.0,
        0.0
      ],
      [
        0.0,
        0.0,
        0.0,
        0.0,
        1.0,
        0.0
      ],
      [
        0.0,
        0.0,
        0.0,
        0.0,
        0.0,
        1.0
      ]
    ]
  },
  "b": {
    "trend": [
      [
        0.016475871702636626
      ],
      [
        0.00990128645971473
      ],
      [
        0.18021896908645565
      ],
      [
        0.03862524938145986
      ],
      [
        0.03862524938145986
      ],
      [
        0.0
      ]
    ],
    "breakout": [
      [
        0.0
      ],
      [
        0.0
      ],
      [
        0.0
      ],
      [
        0.0
      ],
      [
        0.0
      ],
      [
        0.0
      ]
    ],
    "reversion": [
      [
        -0.0022723750038067133
      ],
      [
        -0.01645152613989358
      ],
      [
        -0.45312367277977494
      ],
      [
        -0.28534816386323403
      ],
      [
        -0.28534816386323403
      ],
      [
        0.0
      ]
    ],
    "vwap": [
      [
        0.0
      ],
      [
        0.0
      ],
      [
        0.0
      ],
      [
        0.0
      ],
      [
        0.0
      ],
      [
        0.0
      ]
    ]
  },
  "counts": {
    "trend": 1,
    "breakout": 0,
    "reversion": 8,
    "vwap": 0
  },
  "reward_sum": {
    "trend": 0.03862524938145986,
    "breakout": 0.0,
    "reversion": -0.28534816386323403,
    "vwap": 0.0
  },
  "disabled_until": {
    "trend": 0.0,
    "breakout": 0.0,
    "reversion": 0.0,
    "vwap": 0.0
  },
  "_snapshot_time": "2025-09-25T05:01:00.562050"
}