{
  "arms": [
    "trend",
    "breakout",
    "reversion",
    "vwap"
  ],
  "d": 6,
  "alpha": 0.6,
  "alpha_base": 0.6,
  "alpha_boost_until": 0.0,
  "A": {
    "trend": [
      [
        1.0078135594048123,
        0.004695611335978647,
        0.08546750340411122,
        0.018317736749514358,
        0.018317736749514358,
        0.0
      ],
      [
        0.004695611335978647,
        1.0028218593698792,
        0.051362273843472854,
        0.011008167708756851,
        0.011008167708756851,
        0.0
      ],
      [
        0.08546750340411122,
        0.051362273843472854,
        1.9348740771887019,
        0.20036594679638528,
        0.20036594679638528,
        0.0
      ],
      [
        0.018317736749514358,
        0.011008167708756851,
        0.20036594679638528,
        1.042943230126069,
        0.04294323012606958,
        0.0
      ],
      [
        0.018317736749514358,
        0.011008167708756851,
        0.20036594679638528,
        0.04294323012606958,
        1.042943230126069,
        0.0
      ],
      [
        0.0,
        0.0,
        0.0,
        0.0,
        0.0,
        1.0
      ]
    ],
    "breakout": [
      [
        1.0,
        0.0,
        0.0,
        0.0,
        0.0,
        0.0
      ],
      [
        0.0,
        1.0,
        0.0,
        0.0,
        0.0,
        0.0
      ],
      [
        0.0,
        0.0,
        1.0,
        0.0,
        0.0,
        0.0
      ],
      [
        0.0,
        0.0,
        0.0,
        1.0,
        0.0,
        0.0
      ],
      [
        0.0,
        0.0,
        0.0,
        0.0,
        1.0,
        0.0
      ],
      [
        0.0,
        0.0,
        0.0,
        0.0,
        0.0,
        1.0
      ]
    ],
    "reversion": [
      [
        1.0901101260409098,
        0.005871905102516758,
        0.15134336609816826,
        0.2831116642770426,
        0.2831116642770426,
        0.0
      ],
      [
        0.005871905102516758,
        1.0004695455314074,
        0.011954407684970742,
        0.019645605103331822,
        0.019645605103331822,
        0.0
      ],
      [
        0.15134336609816826,
        0.011954407684970742,
        1.3234179416161402,
        0.506882956212103,
        0.506882956212103,
        0.0
      ],
      [
        0.2831116642770426,
        0.019645605103331822,
        0.506882956212103,
        1.9100104667584912,
        0.9100104667585078,
        0.0
      ],
      [
        0.2831116642770426,
        0.019645605103331822,
        0.506882956212103,
        0.9100104667585078,
        1.9100104667584912,
        0.0
      ],
      [
        0.0,
        0.0,
        0.0,
        0.0,
        0.0,
        1.0
      ]
    ],
    "vwap": [
      [
        1.0,
        0.0,
        0.0,
        0.0,
        0.0,
        0.0
      ],
      [
        0.0,
        1.0,
        0.0,
        0.0,
        0.0,
        0.0
      ],
      [
        0.0,
        0.0,
        1.0,
        0.0,
        0.0,
        0.0
      ],
      [
        0.0,
        0.0,
        0.0,
        1.0,
        0.0,
        0.0
      ],
      [
        0.0,
        0.0,
        0.0,
        0.0,
        1.0,
        0.0
      ],
      [
        0.0,
        0.0,
        0.0,
        0.0,
        0.0,
        1.0
      ]
    ]
  },
  "b": {
    "trend": [
      [
        0.018675463223975
      ],
      [
        0.011223145851448506
      ],
      [
        0.20427888673703265
      ],
      [
        0.0437818670453036
      ],
      [
        0.0437818670453036
      ],
      [
        0.0
      ]
    ],
    "breakout": [
      [
        0.0
      ],
      [
        0.0
      ],
      [
        0.0
      ],
      [
        0.0
      ],
      [
        0.0
      ],
      [
        0.0
      ]
    ],
    "reversion": [
      [
        -0.0025757457074566223
      ],
      [
        -0.01864786743603244
      ],
      [
        -0.513617406085831
      ],
      [
        -0.323443228767302
      ],
      [
        -0.323443228767302
      ],
      [
        0.0
      ]
    ],
    "vwap": [
      [
        0.0
      ],
      [
        0.0
      ],
      [
        0.0
      ],
      [
        0.0
      ],
      [
        0.0
      ],
      [
        0.0
      ]
    ]
  },
  "counts": {
    "trend": 1,
    "breakout": 0,
    "reversion": 8,
    "vwap": 0
  },
  "reward_sum": {
    "trend": 0.0437818670453036,
    "breakout": 0.0,
    "reversion": -0.323443228767302,
    "vwap": 0.0
  },
  "disabled_until": {
    "trend": 0.0,
    "breakout": 0.0,
    "reversion": 0.0,
    "vwap": 0.0
  },
  "_snapshot_time": "2025-09-24T18:59:00.596905"
}