{
  "arms": [
    "trend",
    "breakout",
    "reversion",
    "vwap"
  ],
  "d": 6,
  "alpha": 0.6,
  "alpha_base": 0.6,
  "alpha_boost_until": 0.0,
  "A": {
    "trend": [
      [
        1.0862170663147137,
        0.05181272874087613,
        0.9430730640133302,
        0.202123186405409,
        0.202123186405409,
        0.0
      ],
      [
        0.05181272874087613,
        1.0311372095378006,
        0.5667461320266644,
        0.12146729501602087,
        0.12146729501602087,
        0.0
      ],
      [
        0.9430730640133302,
        0.5667461320266644,
        11.315669995323475,
        2.2108956017558117,
        2.2108956017558117,
        0.0
      ],
      [
        0.202123186405409,
        0.12146729501602087,
        2.2108956017558117,
        1.4738479773082256,
        0.4738479773082268,
        0.0
      ],
      [
        0.202123186405409,
        0.12146729501602087,
        2.2108956017558117,
        0.4738479773082268,
        1.4738479773082256,
        0.0
      ],
      [
        0.0,
        0.0,
        0.0,
        0.0,
        0.0,
        1.0
      ]
    ],
    "breakout": [
      [
        1.0,
        0.0,
        0.0,
        0.0,
        0.0,
        0.0
      ],
      [
        0.0,
        1.0,
        0.0,
        0.0,
        0.0,
        0.0
      ],
      [
        0.0,
        0.0,
        1.0,
        0.0,
        0.0,
        0.0
      ],
      [
        0.0,
        0.0,
        0.0,
        1.0,
        0.0,
        0.0
      ],
      [
        0.0,
        0.0,
        0.0,
        0.0,
        1.0,
        0.0
      ],
      [
        0.0,
        0.0,
        0.0,
        0.0,
        0.0,
        1.0
      ]
    ],
    "reversion": [
      [
        1.0701252498211575,
        0.007109294458913135,
        0.20039110144192765,
        0.24105697778513294,
        0.24105697778513294,
        0.0
      ],
      [
        0.007109294458913135,
        1.0007715937412174,
        0.020723178930101487,
        0.02419357264869755,
        0.02419357264869755,
        0.0
      ],
      [
        0.20039110144192765,
        0.020723178930101487,
        1.5759069900920437,
        0.6868869157244403,
        0.6868869157244403,
        0.0
      ],
      [
        0.24105697778513294,
        0.02419357264869755,
        0.6868869157244403,
        1.8298164321153316,
        0.8298164321153412,
        0.0
      ],
      [
        0.24105697778513294,
        0.02419357264869755,
        0.6868869157244403,
        0.8298164321153412,
        1.8298164321153316,
        0.0
      ],
      [
        0.0,
        0.0,
        0.0,
        0.0,
        0.0,
        1.0
      ]
    ],
    "vwap": [
      [
        1.0,
        0.0,
        0.0,
        0.0,
        0.0,
        0.0
      ],
      [
        0.0,
        1.0,
        0.0,
        0.0,
        0.0,
        0.0
      ],
      [
        0.0,
        0.0,
        1.0,
        0.0,
        0.0,
        0.0
      ],
      [
        0.0,
        0.0,
        0.0,
        1.0,
        0.0,
        0.0
      ],
      [
        0.0,
        0.0,
        0.0,
        0.0,
        1.0,
        0.0
      ],
      [
        0.0,
        0.0,
        0.0,
        0.0,
        0.0,
        1.0
      ]
    ]
  },
  "b": {
    "trend": [
      [
        0.20607044342019687
      ],
      [
        0.12383942579847172
      ],
      [
        2.2540721087572915
      ],
      [
        0.4831017387674466
      ],
      [
        0.4831017387674466
      ],
      [
        0.0
      ]
    ],
    "breakout": [
      [
        0.0
      ],
      [
        0.0
      ],
      [
        0.0
      ],
      [
        0.0
      ],
      [
        0.0
      ],
      [
        0.0
      ]
    ],
    "reversion": [
      [
        0.09610465409470291
      ],
      [
        0.01045665527566752
      ],
      [
        0.2803487849341588
      ],
      [
        0.32692711812184033
      ],
      [
        0.32692711812184033
      ],
      [
        0.0
      ]
    ],
    "vwap": [
      [
        0.0
      ],
      [
        0.0
      ],
      [
        0.0
      ],
      [
        0.0
      ],
      [
        0.0
      ],
      [
        0.0
      ]
    ]
  },
  "counts": {
    "trend": 1,
    "breakout": 0,
    "reversion": 2,
    "vwap": 0
  },
  "reward_sum": {
    "trend": 0.4831017387674466,
    "breakout": 0.0,
    "reversion": 0.32692711812184033,
    "vwap": 0.0
  },
  "disabled_until": {
    "trend": 0.0,
    "breakout": 0.0,
    "reversion": 0.0,
    "vwap": 0.0
  },
  "_snapshot_time": "2025-09-18T19:35:00.454109"
}