{
  "arms": [
    "trend",
    "breakout",
    "reversion",
    "vwap"
  ],
  "d": 6,
  "alpha": 0.6,
  "alpha_base": 0.6,
  "alpha_boost_until": 0.0,
  "A": {
    "trend": [
      [
        1.0055012903952427,
        0.0033060376461084653,
        0.060175079144195155,
        0.012896963345620984,
        0.012896963345620984,
        0.0
      ],
      [
        0.0033060376461084653,
        1.0019867856688551,
        0.036162620533597215,
        0.007750517292811822,
        0.007750517292811822,
        0.0
      ],
      [
        0.060175079144195155,
        0.036162620533597215,
        1.6582165073746675,
        0.1410715912604287,
        0.1410715912604287,
        0.0
      ],
      [
        0.012896963345620984,
        0.007750517292811822,
        0.1410715912604287,
        1.0302350269824214,
        0.030235026982422884,
        0.0
      ],
      [
        0.012896963345620984,
        0.007750517292811822,
        0.1410715912604287,
        0.030235026982422884,
        1.0302350269824214,
        0.0
      ],
      [
        0.0,
        0.0,
        0.0,
        0.0,
        0.0,
        1.0
      ]
    ],
    "breakout": [
      [
        1.0,
        0.0,
        0.0,
        0.0,
        0.0,
        0.0
      ],
      [
        0.0,
        1.0,
        0.0,
        0.0,
        0.0,
        0.0
      ],
      [
        0.0,
        0.0,
        1.0,
        0.0,
        0.0,
        0.0
      ],
      [
        0.0,
        0.0,
        0.0,
        1.0,
        0.0,
        0.0
      ],
      [
        0.0,
        0.0,
        0.0,
        0.0,
        1.0,
        0.0
      ],
      [
        0.0,
        0.0,
        0.0,
        0.0,
        0.0,
        1.0
      ]
    ],
    "reversion": [
      [
        1.1468836351593419,
        0.013643112119318086,
        0.5534135519741673,
        0.472009614092249,
        0.472009614092249,
        0.0
      ],
      [
        0.013643112119318086,
        1.0014142339494596,
        0.05934101474496329,
        0.0449066633820336,
        0.0449066633820336,
        0.0
      ],
      [
        0.5534135519741673,
        0.05934101474496329,
        3.620827655585004,
        1.8171993561264073,
        1.8171993561264073,
        0.0
      ],
      [
        0.472009614092249,
        0.0449066633820336,
        1.8171993561264073,
        2.53181984851648,
        1.5318198485164936,
        0.0
      ],
      [
        0.472009614092249,
        0.0449066633820336,
        1.8171993561264073,
        1.5318198485164936,
        2.53181984851648,
        0.0
      ],
      [
        0.0,
        0.0,
        0.0,
        0.0,
        0.0,
        1.0
      ]
    ],
    "vwap": [
      [
        1.0,
        0.0,
        0.0,
        0.0,
        0.0,
        0.0
      ],
      [
        0.0,
        1.0,
        0.0,
        0.0,
        0.0,
        0.0
      ],
      [
        0.0,
        0.0,
        1.0,
        0.0,
        0.0,
        0.0
      ],
      [
        0.0,
        0.0,
        0.0,
        1.0,
        0.0,
        0.0
      ],
      [
        0.0,
        0.0,
        0.0,
        0.0,
        1.0,
        0.0
      ],
      [
        0.0,
        0.0,
        0.0,
        0.0,
        0.0,
        1.0
      ]
    ]
  },
  "b": {
    "trend": [
      [
        0.013148827715764814
      ],
      [
        0.007901876888394903
      ],
      [
        0.14382657369511653
      ],
      [
        0.03082548582324735
      ],
      [
        0.03082548582324735
      ],
      [
        0.0
      ]
    ],
    "breakout": [
      [
        0.0
      ],
      [
        0.0
      ],
      [
        0.0
      ],
      [
        0.0
      ],
      [
        0.0
      ],
      [
        0.0
      ]
    ],
    "reversion": [
      [
        -0.3104456142705227
      ],
      [
        -0.04830140615036959
      ],
      [
        -2.0144842765867987
      ],
      [
        -1.2363286130345281
      ],
      [
        -1.2363286130345281
      ],
      [
        0.0
      ]
    ],
    "vwap": [
      [
        0.0
      ],
      [
        0.0
      ],
      [
        0.0
      ],
      [
        0.0
      ],
      [
        0.0
      ],
      [
        0.0
      ]
    ]
  },
  "counts": {
    "trend": 1,
    "breakout": 0,
    "reversion": 9,
    "vwap": 0
  },
  "reward_sum": {
    "trend": 0.03082548582324735,
    "breakout": 0.0,
    "reversion": -1.2363286130345281,
    "vwap": 0.0
  },
  "disabled_until": {
    "trend": 0.0,
    "breakout": 0.0,
    "reversion": 0.0,
    "vwap": 0.0
  },
  "_snapshot_time": "2025-09-25T12:34:00.140026"
}