{
  "arms": [
    "trend",
    "breakout",
    "reversion",
    "vwap"
  ],
  "d": 6,
  "alpha": 0.6,
  "alpha_base": 0.6,
  "alpha_boost_until": 0.0,
  "A": {
    "trend": [
      [
        1.0030911412903027,
        0.001857642251355764,
        0.03381200744296259,
        0.007246724505152864,
        0.007246724505152864,
        0.0
      ],
      [
        0.001857642251355764,
        1.0011163626667088,
        0.020319554407382468,
        0.0043549680718059074,
        0.0043549680718059074,
        0.0
      ],
      [
        0.03381200744296259,
        0.020319554407382468,
        1.3698478134628256,
        0.07926726082500427,
        0.07926726082500427,
        0.0
      ],
      [
        0.007246724505152864,
        0.0043549680718059074,
        0.07926726082500427,
        1.0169888759916388,
        0.016988875991640028,
        0.0
      ],
      [
        0.007246724505152864,
        0.0043549680718059074,
        0.07926726082500427,
        0.016988875991640028,
        1.0169888759916388,
        0.0
      ],
      [
        0.0,
        0.0,
        0.0,
        0.0,
        0.0,
        1.0
      ]
    ],
    "breakout": [
      [
        1.0,
        0.0,
        0.0,
        0.0,
        0.0,
        0.0
      ],
      [
        0.0,
        1.0,
        0.0,
        0.0,
        0.0,
        0.0
      ],
      [
        0.0,
        0.0,
        1.0,
        0.0,
        0.0,
        0.0
      ],
      [
        0.0,
        0.0,
        0.0,
        1.0,
        0.0,
        0.0
      ],
      [
        0.0,
        0.0,
        0.0,
        0.0,
        1.0,
        0.0
      ],
      [
        0.0,
        0.0,
        0.0,
        0.0,
        0.0,
        1.0
      ]
    ],
    "reversion": [
      [
        1.165672111178194,
        0.013485134062190292,
        0.4847104292687262,
        0.5429192278658791,
        0.5429192278658791,
        0.0
      ],
      [
        0.013485134062190292,
        1.0012019492326585,
        0.04550468449648522,
        0.04466982322911802,
        0.04466982322911802,
        0.0
      ],
      [
        0.4847104292687262,
        0.04550468449648522,
        2.8357452171391637,
        1.6014327219021811,
        1.6014327219021811,
        0.0
      ],
      [
        0.5429192278658791,
        0.04466982322911802,
        1.6014327219021811,
        2.788289134972241,
        1.7882891349722563,
        0.0
      ],
      [
        0.5429192278658791,
        0.04466982322911802,
        1.6014327219021811,
        1.7882891349722563,
        2.788289134972241,
        0.0
      ],
      [
        0.0,
        0.0,
        0.0,
        0.0,
        0.0,
        1.0
      ]
    ],
    "vwap": [
      [
        1.0,
        0.0,
        0.0,
        0.0,
        0.0,
        0.0
      ],
      [
        0.0,
        1.0,
        0.0,
        0.0,
        0.0,
        0.0
      ],
      [
        0.0,
        0.0,
        1.0,
        0.0,
        0.0,
        0.0
      ],
      [
        0.0,
        0.0,
        0.0,
        1.0,
        0.0,
        0.0
      ],
      [
        0.0,
        0.0,
        0.0,
        0.0,
        1.0,
        0.0
      ],
      [
        0.0,
        0.0,
        0.0,
        0.0,
        0.0,
        1.0
      ]
    ]
  },
  "b": {
    "trend": [
      [
        0.007388245548066888
      ],
      [
        0.004440016099082374
      ],
      [
        0.0808152685370287
      ],
      [
        0.017320651188360268
      ],
      [
        0.017320651188360268
      ],
      [
        0.0
      ]
    ],
    "breakout": [
      [
        0.0
      ],
      [
        0.0
      ],
      [
        0.0
      ],
      [
        0.0
      ],
      [
        0.0
      ],
      [
        0.0
      ]
    ],
    "reversion": [
      [
        -0.5689086020120605
      ],
      [
        -0.05475047198544165
      ],
      [
        -1.9563237080773743
      ],
      [
        -2.0122917490811587
      ],
      [
        -2.0122917490811587
      ],
      [
        0.0
      ]
    ],
    "vwap": [
      [
        0.0
      ],
      [
        0.0
      ],
      [
        0.0
      ],
      [
        0.0
      ],
      [
        0.0
      ],
      [
        0.0
      ]
    ]
  },
  "counts": {
    "trend": 1,
    "breakout": 0,
    "reversion": 10,
    "vwap": 0
  },
  "reward_sum": {
    "trend": 0.017320651188360268,
    "breakout": 0.0,
    "reversion": -2.0122917490811587,
    "vwap": 0.0
  },
  "disabled_until": {
    "trend": 0.0,
    "breakout": 0.0,
    "reversion": 0.0,
    "vwap": 0.0
  },
  "_snapshot_time": "2025-09-26T10:52:00.667140"
}