{
  "arms": [
    "trend",
    "breakout",
    "reversion",
    "vwap"
  ],
  "d": 6,
  "alpha": 0.6,
  "alpha_base": 0.6,
  "alpha_boost_until": 0.0,
  "A": {
    "trend": [
      [
        1.071264018727684,
        0.042826593726167254,
        0.7795112889842305,
        0.1670679733953817,
        0.1670679733953817,
        0.0
      ],
      [
        0.042826593726167254,
        1.0257369309636437,
        0.468452577812876,
        0.10040062782031468,
        0.10040062782031468,
        0.0
      ],
      [
        0.7795112889842305,
        0.468452577812876,
        9.526572883516174,
        1.8274491617861313,
        1.8274491617861313,
        0.0
      ],
      [
        0.1670679733953817,
        0.10040062782031468,
        1.8274491617861313,
        1.391666204527377,
        0.39166620452737816,
        0.0
      ],
      [
        0.1670679733953817,
        0.10040062782031468,
        1.8274491617861313,
        0.39166620452737816,
        1.391666204527377,
        0.0
      ],
      [
        0.0,
        0.0,
        0.0,
        0.0,
        0.0,
        1.0
      ]
    ],
    "breakout": [
      [
        1.0,
        0.0,
        0.0,
        0.0,
        0.0,
        0.0
      ],
      [
        0.0,
        1.0,
        0.0,
        0.0,
        0.0,
        0.0
      ],
      [
        0.0,
        0.0,
        1.0,
        0.0,
        0.0,
        0.0
      ],
      [
        0.0,
        0.0,
        0.0,
        1.0,
        0.0,
        0.0
      ],
      [
        0.0,
        0.0,
        0.0,
        0.0,
        1.0,
        0.0
      ],
      [
        0.0,
        0.0,
        0.0,
        0.0,
        0.0,
        1.0
      ]
    ],
    "reversion": [
      [
        1.0579630846901789,
        0.005876294742055628,
        0.16563629240052044,
        0.1992492868710286,
        0.1992492868710286,
        0.0
      ],
      [
        0.005876294742055628,
        1.0006377724640223,
        0.017129056629938834,
        0.019997562988664973,
        0.019997562988664973,
        0.0
      ],
      [
        0.16563629240052044,
        0.017129056629938834,
        1.476024623448828,
        0.5677567576621957,
        0.5677567576621957,
        0.0
      ],
      [
        0.1992492868710286,
        0.019997562988664973,
        0.5677567576621957,
        1.6858973088106075,
        0.6858973088106155,
        0.0
      ],
      [
        0.1992492868710286,
        0.019997562988664973,
        0.5677567576621957,
        0.6858973088106155,
        1.6858973088106075,
        0.0
      ],
      [
        0.0,
        0.0,
        0.0,
        0.0,
        0.0,
        1.0
      ]
    ],
    "vwap": [
      [
        1.0,
        0.0,
        0.0,
        0.0,
        0.0,
        0.0
      ],
      [
        0.0,
        1.0,
        0.0,
        0.0,
        0.0,
        0.0
      ],
      [
        0.0,
        0.0,
        1.0,
        0.0,
        0.0,
        0.0
      ],
      [
        0.0,
        0.0,
        0.0,
        1.0,
        0.0,
        0.0
      ],
      [
        0.0,
        0.0,
        0.0,
        0.0,
        1.0,
        0.0
      ],
      [
        0.0,
        0.0,
        0.0,
        0.0,
        0.0,
        1.0
      ]
    ]
  },
  "b": {
    "trend": [
      [
        0.17033063831601386
      ],
      [
        0.10236134835664136
      ],
      [
        1.8631373559577802
      ],
      [
        0.39931504086709046
      ],
      [
        0.39931504086709046
      ],
      [
        0.0
      ]
    ],
    "breakout": [
      [
        0.0
      ],
      [
        0.0
      ],
      [
        0.0
      ],
      [
        0.0
      ],
      [
        0.0
      ],
      [
        0.0
      ]
    ],
    "reversion": [
      [
        0.07943675378866141
      ],
      [
        0.008643106396986575
      ],
      [
        0.23172652368968527
      ],
      [
        0.27022654869024354
      ],
      [
        0.27022654869024354
      ],
      [
        0.0
      ]
    ],
    "vwap": [
      [
        0.0
      ],
      [
        0.0
      ],
      [
        0.0
      ],
      [
        0.0
      ],
      [
        0.0
      ],
      [
        0.0
      ]
    ]
  },
  "counts": {
    "trend": 1,
    "breakout": 0,
    "reversion": 2,
    "vwap": 0
  },
  "reward_sum": {
    "trend": 0.39931504086709046,
    "breakout": 0.0,
    "reversion": 0.27022654869024354,
    "vwap": 0.0
  },
  "disabled_until": {
    "trend": 0.0,
    "breakout": 0.0,
    "reversion": 0.0,
    "vwap": 0.0
  },
  "_snapshot_time": "2025-09-19T02:28:00.871728"
}