{
  "arms": [
    "trend",
    "breakout",
    "reversion",
    "vwap"
  ],
  "d": 6,
  "alpha": 0.6,
  "alpha_base": 0.6,
  "alpha_boost_until": 0.0,
  "A": {
    "trend": [
      [
        1.0202517975225418,
        0.012170454602577955,
        0.2215213942869102,
        0.04747735014262511,
        0.04747735014262511,
        0.0
      ],
      [
        0.012170454602577955,
        1.0073139169532248,
        0.13312477915442328,
        0.028531834466462975,
        0.028531834466462975,
        0.0
      ],
      [
        0.2215213942869102,
        0.13312477915442328,
        3.4230801276871166,
        0.5193242125265719,
        0.5193242125265719,
        0.0
      ],
      [
        0.04747735014262511,
        0.028531834466462975,
        0.5193242125265719,
        1.111303639790806,
        0.11130363979080501,
        0.0
      ],
      [
        0.04747735014262511,
        0.028531834466462975,
        0.5193242125265719,
        0.11130363979080501,
        1.111303639790806,
        0.0
      ],
      [
        0.0,
        0.0,
        0.0,
        0.0,
        0.0,
        1.0
      ]
    ],
    "breakout": [
      [
        1.0,
        0.0,
        0.0,
        0.0,
        0.0,
        0.0
      ],
      [
        0.0,
        1.0,
        0.0,
        0.0,
        0.0,
        0.0
      ],
      [
        0.0,
        0.0,
        1.0,
        0.0,
        0.0,
        0.0
      ],
      [
        0.0,
        0.0,
        0.0,
        1.0,
        0.0,
        0.0
      ],
      [
        0.0,
        0.0,
        0.0,
        0.0,
        1.0,
        0.0
      ],
      [
        0.0,
        0.0,
        0.0,
        0.0,
        0.0,
        1.0
      ]
    ],
    "reversion": [
      [
        1.233554508613281,
        0.015219265260149918,
        0.3922636339992574,
        0.7337910680859011,
        0.7337910680859011,
        0.0
      ],
      [
        0.015219265260149918,
        1.0012170050212712,
        0.030984373624765228,
        0.05091902373143101,
        0.05091902373143101,
        0.0
      ],
      [
        0.3922636339992574,
        0.030984373624765228,
        1.838260046341353,
        1.3137790941366692,
        1.3137790941366692,
        0.0
      ],
      [
        0.7337910680859011,
        0.05091902373143101,
        1.3137790941366692,
        3.3586366675398716,
        2.358636667539887,
        0.0
      ],
      [
        0.7337910680859011,
        0.05091902373143101,
        1.3137790941366692,
        2.358636667539887,
        3.3586366675398716,
        0.0
      ],
      [
        0.0,
        0.0,
        0.0,
        0.0,
        0.0,
        1.0
      ]
    ],
    "vwap": [
      [
        1.0,
        0.0,
        0.0,
        0.0,
        0.0,
        0.0
      ],
      [
        0.0,
        1.0,
        0.0,
        0.0,
        0.0,
        0.0
      ],
      [
        0.0,
        0.0,
        1.0,
        0.0,
        0.0,
        0.0
      ],
      [
        0.0,
        0.0,
        0.0,
        1.0,
        0.0,
        0.0
      ],
      [
        0.0,
        0.0,
        0.0,
        0.0,
        1.0,
        0.0
      ],
      [
        0.0,
        0.0,
        0.0,
        0.0,
        0.0,
        1.0
      ]
    ]
  },
  "b": {
    "trend": [
      [
        0.048404533741532654
      ],
      [
        0.029089031717037795
      ],
      [
        0.5294660778776018
      ],
      [
        0.11347728488689256
      ],
      [
        0.11347728488689256
      ],
      [
        0.0
      ]
    ],
    "breakout": [
      [
        0.0
      ],
      [
        0.0
      ],
      [
        0.0
      ],
      [
        0.0
      ],
      [
        0.0
      ],
      [
        0.0
      ]
    ],
    "reversion": [
      [
        -0.006676020214916778
      ],
      [
        -0.048333008808920865
      ],
      [
        -1.3312339707431597
      ],
      [
        -0.8383255875676638
      ],
      [
        -0.8383255875676638
      ],
      [
        0.0
      ]
    ],
    "vwap": [
      [
        0.0
      ],
      [
        0.0
      ],
      [
        0.0
      ],
      [
        0.0
      ],
      [
        0.0
      ],
      [
        0.0
      ]
    ]
  },
  "counts": {
    "trend": 1,
    "breakout": 0,
    "reversion": 8,
    "vwap": 0
  },
  "reward_sum": {
    "trend": 0.11347728488689256,
    "breakout": 0.0,
    "reversion": -0.8383255875676638,
    "vwap": 0.0
  },
  "disabled_until": {
    "trend": 0.0,
    "breakout": 0.0,
    "reversion": 0.0,
    "vwap": 0.0
  },
  "_snapshot_time": "2025-09-23T06:56:00.433025"
}