{
  "arms": [
    "trend",
    "breakout",
    "reversion",
    "vwap"
  ],
  "d": 6,
  "alpha": 0.6,
  "alpha_base": 0.6,
  "alpha_boost_until": 0.0,
  "A": {
    "trend": [
      [
        1.0657717809032619,
        0.03952599628367951,
        0.7194352300928216,
        0.15419223246589744,
        0.15419223246589744,
        0.0
      ],
      [
        0.03952599628367951,
        1.0237534146219236,
        0.4323494641694661,
        0.09266286428192201,
        0.09266286428192201,
        0.0
      ],
      [
        0.7194352300928216,
        0.4323494641694661,
        8.869439495031841,
        1.6866097088930496,
        1.6866097088930496,
        0.0
      ],
      [
        0.15419223246589744,
        0.09266286428192201,
        1.6866097088930496,
        1.3614809303671755,
        0.3614809303671764,
        0.0
      ],
      [
        0.15419223246589744,
        0.09266286428192201,
        1.6866097088930496,
        0.3614809303671764,
        1.3614809303671755,
        0.0
      ],
      [
        0.0,
        0.0,
        0.0,
        0.0,
        0.0,
        1.0
      ]
    ],
    "breakout": [
      [
        1.0,
        0.0,
        0.0,
        0.0,
        0.0,
        0.0
      ],
      [
        0.0,
        1.0,
        0.0,
        0.0,
        0.0,
        0.0
      ],
      [
        0.0,
        0.0,
        1.0,
        0.0,
        0.0,
        0.0
      ],
      [
        0.0,
        0.0,
        0.0,
        1.0,
        0.0,
        0.0
      ],
      [
        0.0,
        0.0,
        0.0,
        0.0,
        1.0,
        0.0
      ],
      [
        0.0,
        0.0,
        0.0,
        0.0,
        0.0,
        1.0
      ]
    ],
    "reversion": [
      [
        1.1769287277231588,
        0.012256276011222833,
        0.3223454698515991,
        0.5317188852369032,
        0.5317188852369032,
        0.0
      ],
      [
        0.012256276011222833,
        1.0009668662611717,
        0.025190532281866265,
        0.03771092672325914,
        0.03771092672325914,
        0.0
      ],
      [
        0.3223454698515991,
        0.025190532281866265,
        1.6720284010771782,
        1.0015686378043824,
        1.0015686378043824,
        0.0
      ],
      [
        0.5317188852369032,
        0.03771092672325914,
        1.0015686378043824,
        2.6131854747764773,
        1.6131854747764853,
        0.0
      ],
      [
        0.5317188852369032,
        0.03771092672325914,
        1.0015686378043824,
        1.6131854747764853,
        2.6131854747764773,
        0.0
      ],
      [
        0.0,
        0.0,
        0.0,
        0.0,
        0.0,
        1.0
      ]
    ],
    "vwap": [
      [
        1.0,
        0.0,
        0.0,
        0.0,
        0.0,
        0.0
      ],
      [
        0.0,
        1.0,
        0.0,
        0.0,
        0.0,
        0.0
      ],
      [
        0.0,
        0.0,
        1.0,
        0.0,
        0.0,
        0.0
      ],
      [
        0.0,
        0.0,
        0.0,
        1.0,
        0.0,
        0.0
      ],
      [
        0.0,
        0.0,
        0.0,
        0.0,
        1.0,
        0.0
      ],
      [
        0.0,
        0.0,
        0.0,
        0.0,
        0.0,
        1.0
      ]
    ]
  },
  "b": {
    "trend": [
      [
        0.1572034474682478
      ],
      [
        0.09447247429031334
      ],
      [
        1.7195474540525004
      ],
      [
        0.36854027948728196
      ],
      [
        0.36854027948728196
      ],
      [
        0.0
      ]
    ],
    "breakout": [
      [
        0.0
      ],
      [
        0.0
      ],
      [
        0.0
      ],
      [
        0.0
      ],
      [
        0.0
      ],
      [
        0.0
      ]
    ],
    "reversion": [
      [
        -0.15177050075770354
      ],
      [
        -0.004483031585254805
      ],
      [
        -0.09517676674997443
      ],
      [
        -0.384874711117821
      ],
      [
        -0.384874711117821
      ],
      [
        0.0
      ]
    ],
    "vwap": [
      [
        0.0
      ],
      [
        0.0
      ],
      [
        0.0
      ],
      [
        0.0
      ],
      [
        0.0
      ],
      [
        0.0
      ]
    ]
  },
  "counts": {
    "trend": 1,
    "breakout": 0,
    "reversion": 3,
    "vwap": 0
  },
  "reward_sum": {
    "trend": 0.36854027948728196,
    "breakout": 0.0,
    "reversion": -0.384874711117821,
    "vwap": 0.0
  },
  "disabled_until": {
    "trend": 0.0,
    "breakout": 0.0,
    "reversion": 0.0,
    "vwap": 0.0
  },
  "_snapshot_time": "2025-09-19T05:10:00.018079"
}