{
  "arms": [
    "trend",
    "breakout",
    "reversion",
    "vwap"
  ],
  "d": 6,
  "alpha": 0.6,
  "alpha_base": 0.6,
  "alpha_boost_until": 0.0,
  "A": {
    "trend": [
      [
        1.087963179351453,
        0.052862067172239874,
        0.9621726720382678,
        0.206216690695168,
        0.206216690695168,
        0.0
      ],
      [
        0.052862067172239874,
        1.0317678165605817,
        0.5782241705630358,
        0.12392731408684725,
        0.12392731408684725,
        0.0
      ],
      [
        0.9621726720382678,
        0.5782241705630358,
        11.52458832937792,
        2.255671813683542,
        2.255671813683542,
        0.0
      ],
      [
        0.206216690695168,
        0.12392731408684725,
        2.255671813683542,
        1.483444593917635,
        0.483444593917636,
        0.0
      ],
      [
        0.206216690695168,
        0.12392731408684725,
        2.255671813683542,
        0.483444593917636,
        1.483444593917635,
        0.0
      ],
      [
        0.0,
        0.0,
        0.0,
        0.0,
        0.0,
        1.0
      ]
    ],
    "breakout": [
      [
        1.0,
        0.0,
        0.0,
        0.0,
        0.0,
        0.0
      ],
      [
        0.0,
        1.0,
        0.0,
        0.0,
        0.0,
        0.0
      ],
      [
        0.0,
        0.0,
        1.0,
        0.0,
        0.0,
        0.0
      ],
      [
        0.0,
        0.0,
        0.0,
        1.0,
        0.0,
        0.0
      ],
      [
        0.0,
        0.0,
        0.0,
        0.0,
        1.0,
        0.0
      ],
      [
        0.0,
        0.0,
        0.0,
        0.0,
        0.0,
        1.0
      ]
    ],
    "reversion": [
      [
        1.0715454629895147,
        0.007253275601711614,
        0.20444952664276897,
        0.2459389895433514,
        0.2459389895433514,
        0.0
      ],
      [
        0.007253275601711614,
        1.000787220460476,
        0.02114287556835686,
        0.024683553512265557,
        0.024683553512265557,
        0.0
      ],
      [
        0.20444952664276897,
        0.02114287556835686,
        1.5875705591083933,
        0.700798108131914,
        0.700798108131914,
        0.0
      ],
      [
        0.2459389895433514,
        0.024683553512265557,
        0.700798108131914,
        1.8466223077052968,
        0.8466223077053064,
        0.0
      ],
      [
        0.2459389895433514,
        0.024683553512265557,
        0.700798108131914,
        0.8466223077053064,
        1.8466223077052968,
        0.0
      ],
      [
        0.0,
        0.0,
        0.0,
        0.0,
        0.0,
        1.0
      ]
    ],
    "vwap": [
      [
        1.0,
        0.0,
        0.0,
        0.0,
        0.0,
        0.0
      ],
      [
        0.0,
        1.0,
        0.0,
        0.0,
        0.0,
        0.0
      ],
      [
        0.0,
        0.0,
        1.0,
        0.0,
        0.0,
        0.0
      ],
      [
        0.0,
        0.0,
        0.0,
        1.0,
        0.0,
        0.0
      ],
      [
        0.0,
        0.0,
        0.0,
        0.0,
        1.0,
        0.0
      ],
      [
        0.0,
        0.0,
        0.0,
        0.0,
        0.0,
        1.0
      ]
    ]
  },
  "b": {
    "trend": [
      [
        0.2102438896196901
      ],
      [
        0.12634748650027833
      ],
      [
        2.2997227538451677
      ],
      [
        0.4928857673848663
      ],
      [
        0.4928857673848663
      ],
      [
        0.0
      ]
    ],
    "breakout": [
      [
        0.0
      ],
      [
        0.0
      ],
      [
        0.0
      ],
      [
        0.0
      ],
      [
        0.0
      ],
      [
        0.0
      ]
    ],
    "reversion": [
      [
        0.09805101572099054
      ],
      [
        0.010668428917221048
      ],
      [
        0.2860265548830992
      ],
      [
        0.333548216790778
      ],
      [
        0.333548216790778
      ],
      [
        0.0
      ]
    ],
    "vwap": [
      [
        0.0
      ],
      [
        0.0
      ],
      [
        0.0
      ],
      [
        0.0
      ],
      [
        0.0
      ],
      [
        0.0
      ]
    ]
  },
  "counts": {
    "trend": 1,
    "breakout": 0,
    "reversion": 2,
    "vwap": 0
  },
  "reward_sum": {
    "trend": 0.4928857673848663,
    "breakout": 0.0,
    "reversion": 0.333548216790778,
    "vwap": 0.0
  },
  "disabled_until": {
    "trend": 0.0,
    "breakout": 0.0,
    "reversion": 0.0,
    "vwap": 0.0
  },
  "_snapshot_time": "2025-09-18T18:55:00.798118"
}