{
  "arms": [
    "trend",
    "breakout",
    "reversion",
    "vwap"
  ],
  "d": 6,
  "alpha": 0.6,
  "alpha_base": 0.6,
  "alpha_boost_until": 0.0,
  "A": {
    "trend": [
      [
        1.0486882815208651,
        0.029259551862872966,
        0.5325698124292614,
        0.11414248967459817,
        0.11414248967459817,
        0.0
      ],
      [
        0.029259551862872966,
        1.017583725456591,
        0.3200514284057461,
        0.06859470065625534,
        0.06859470065625534,
        0.0
      ],
      [
        0.5325698124292614,
        0.3200514284057461,
        6.825438817128555,
        1.2485313183657287,
        1.2485313183657287,
        0.0
      ],
      [
        0.11414248967459817,
        0.06859470065625534,
        1.2485313183657287,
        1.2675902197027002,
        0.26759021970270175,
        0.0
      ],
      [
        0.11414248967459817,
        0.06859470065625534,
        1.2485313183657287,
        0.26759021970270175,
        1.2675902197027002,
        0.0
      ],
      [
        0.0,
        0.0,
        0.0,
        0.0,
        0.0,
        1.0
      ]
    ],
    "breakout": [
      [
        1.0,
        0.0,
        0.0,
        0.0,
        0.0,
        0.0
      ],
      [
        0.0,
        1.0,
        0.0,
        0.0,
        0.0,
        0.0
      ],
      [
        0.0,
        0.0,
        1.0,
        0.0,
        0.0,
        0.0
      ],
      [
        0.0,
        0.0,
        0.0,
        1.0,
        0.0,
        0.0
      ],
      [
        0.0,
        0.0,
        0.0,
        0.0,
        1.0,
        0.0
      ],
      [
        0.0,
        0.0,
        0.0,
        0.0,
        0.0,
        1.0
      ]
    ],
    "reversion": [
      [
        1.4173118824535682,
        0.029490874084674785,
        0.7461616281859226,
        1.3557944979427337,
        1.3557944979427337,
        0.0
      ],
      [
        0.029490874084674785,
        1.0025763944806818,
        0.06479753112790607,
        0.10231352804983551,
        0.10231352804983551,
        0.0
      ],
      [
        0.7461616281859226,
        0.06479753112790607,
        2.74642287233274,
        2.600892281433057,
        2.600892281433057,
        0.0
      ],
      [
        1.3557944979427337,
        0.10231352804983551,
        2.600892281433057,
        5.514047205780158,
        4.514047205780167,
        0.0
      ],
      [
        1.3557944979427337,
        0.10231352804983551,
        2.600892281433057,
        4.514047205780167,
        5.514047205780158,
        0.0
      ],
      [
        0.0,
        0.0,
        0.0,
        0.0,
        0.0,
        1.0
      ]
    ],
    "vwap": [
      [
        1.0,
        0.0,
        0.0,
        0.0,
        0.0,
        0.0
      ],
      [
        0.0,
        1.0,
        0.0,
        0.0,
        0.0,
        0.0
      ],
      [
        0.0,
        0.0,
        1.0,
        0.0,
        0.0,
        0.0
      ],
      [
        0.0,
        0.0,
        0.0,
        1.0,
        0.0,
        0.0
      ],
      [
        0.0,
        0.0,
        0.0,
        0.0,
        1.0,
        0.0
      ],
      [
        0.0,
        0.0,
        0.0,
        0.0,
        0.0,
        1.0
      ]
    ]
  },
  "b": {
    "trend": [
      [
        0.11637157457606871
      ],
      [
        0.06993428429412463
      ],
      [
        1.2729138451418345
      ],
      [
        0.2728159802430665
      ],
      [
        0.2728159802430665
      ],
      [
        0.0
      ]
    ],
    "breakout": [
      [
        0.0
      ],
      [
        0.0
      ],
      [
        0.0
      ],
      [
        0.0
      ],
      [
        0.0
      ],
      [
        0.0
      ]
    ],
    "reversion": [
      [
        -0.4308948308007867
      ],
      [
        -0.1366227787371088
      ],
      [
        -3.7669795043141616
      ],
      [
        -3.190320666168763
      ],
      [
        -3.190320666168763
      ],
      [
        0.0
      ]
    ],
    "vwap": [
      [
        0.0
      ],
      [
        0.0
      ],
      [
        0.0
      ],
      [
        0.0
      ],
      [
        0.0
      ],
      [
        0.0
      ]
    ]
  },
  "counts": {
    "trend": 1,
    "breakout": 0,
    "reversion": 7,
    "vwap": 0
  },
  "reward_sum": {
    "trend": 0.2728159802430665,
    "breakout": 0.0,
    "reversion": -3.190320666168763,
    "vwap": 0.0
  },
  "disabled_until": {
    "trend": 0.0,
    "breakout": 0.0,
    "reversion": 0.0,
    "vwap": 0.0
  },
  "_snapshot_time": "2025-09-19T15:47:00.290542"
}