{
  "arms": [
    "trend",
    "breakout",
    "reversion",
    "vwap"
  ],
  "d": 6,
  "alpha": 0.6,
  "alpha_base": 0.6,
  "alpha_boost_until": 0.0,
  "A": {
    "trend": [
      [
        1.0109870076685699,
        0.006602716519343217,
        0.1201798139188907,
        0.025757417805490346,
        0.025757417805490346,
        0.0
      ],
      [
        0.006602716519343217,
        1.0039679471199,
        0.07222287146699029,
        0.01547909432396855,
        0.01547909432396855,
        0.0
      ],
      [
        0.1201798139188907,
        0.07222287146699029,
        2.314569727196794,
        0.2817438352892573,
        0.2817438352892573,
        0.0
      ],
      [
        0.025757417805490346,
        0.01547909432396855,
        0.2817438352892573,
        1.0603844642708826,
        0.06038446427088321,
        0.0
      ],
      [
        0.025757417805490346,
        0.01547909432396855,
        0.2817438352892573,
        0.06038446427088321,
        1.0603844642708826,
        0.0
      ],
      [
        0.0,
        0.0,
        0.0,
        0.0,
        0.0,
        1.0
      ]
    ],
    "breakout": [
      [
        1.0,
        0.0,
        0.0,
        0.0,
        0.0,
        0.0
      ],
      [
        0.0,
        1.0,
        0.0,
        0.0,
        0.0,
        0.0
      ],
      [
        0.0,
        0.0,
        1.0,
        0.0,
        0.0,
        0.0
      ],
      [
        0.0,
        0.0,
        0.0,
        1.0,
        0.0,
        0.0
      ],
      [
        0.0,
        0.0,
        0.0,
        0.0,
        1.0,
        0.0
      ],
      [
        0.0,
        0.0,
        0.0,
        0.0,
        0.0,
        1.0
      ]
    ],
    "reversion": [
      [
        1.1267080205747924,
        0.008256757650135171,
        0.21281091468809074,
        0.39809641999494505,
        0.39809641999494505,
        0.0
      ],
      [
        0.008256757650135171,
        1.0006602497129713,
        0.01680964616805729,
        0.027624594981779445,
        0.027624594981779445,
        0.0
      ],
      [
        0.21281091468809074,
        0.01680964616805729,
        1.4547729428538418,
        0.7127515948160658,
        0.7127515948160658,
        0.0
      ],
      [
        0.39809641999494505,
        0.027624594981779445,
        0.7127515948160658,
        2.2796078533167754,
        1.2796078533167918,
        0.0
      ],
      [
        0.39809641999494505,
        0.027624594981779445,
        0.7127515948160658,
        1.2796078533167918,
        2.2796078533167754,
        0.0
      ],
      [
        0.0,
        0.0,
        0.0,
        0.0,
        0.0,
        1.0
      ]
    ],
    "vwap": [
      [
        1.0,
        0.0,
        0.0,
        0.0,
        0.0,
        0.0
      ],
      [
        0.0,
        1.0,
        0.0,
        0.0,
        0.0,
        0.0
      ],
      [
        0.0,
        0.0,
        1.0,
        0.0,
        0.0,
        0.0
      ],
      [
        0.0,
        0.0,
        0.0,
        1.0,
        0.0,
        0.0
      ],
      [
        0.0,
        0.0,
        0.0,
        0.0,
        1.0,
        0.0
      ],
      [
        0.0,
        0.0,
        0.0,
        0.0,
        0.0,
        1.0
      ]
    ]
  },
  "b": {
    "trend": [
      [
        0.026260433564957053
      ],
      [
        0.015781385044491322
      ],
      [
        0.2872460013197698
      ],
      [
        0.06156371047423276
      ],
      [
        0.06156371047423276
      ],
      [
        0.0
      ]
    ],
    "breakout": [
      [
        0.0
      ],
      [
        0.0
      ],
      [
        0.0
      ],
      [
        0.0
      ],
      [
        0.0
      ],
      [
        0.0
      ]
    ],
    "reversion": [
      [
        -0.0036218753034223793
      ],
      [
        -0.026221629849769536
      ],
      [
        -0.7222212166072155
      ],
      [
        -0.45480850028795544
      ],
      [
        -0.45480850028795544
      ],
      [
        0.0
      ]
    ],
    "vwap": [
      [
        0.0
      ],
      [
        0.0
      ],
      [
        0.0
      ],
      [
        0.0
      ],
      [
        0.0
      ],
      [
        0.0
      ]
    ]
  },
  "counts": {
    "trend": 1,
    "breakout": 0,
    "reversion": 8,
    "vwap": 0
  },
  "reward_sum": {
    "trend": 0.06156371047423276,
    "breakout": 0.0,
    "reversion": -0.45480850028795544,
    "vwap": 0.0
  },
  "disabled_until": {
    "trend": 0.0,
    "breakout": 0.0,
    "reversion": 0.0,
    "vwap": 0.0
  },
  "_snapshot_time": "2025-09-24T06:57:00.500106"
}