{
  "arms": [
    "trend",
    "breakout",
    "reversion",
    "vwap"
  ],
  "d": 6,
  "alpha": 0.6,
  "alpha_base": 0.6,
  "alpha_boost_until": 0.0,
  "A": {
    "trend": [
      [
        1.0249973623361295,
        0.01502233385246043,
        0.2734300771094939,
        0.05860262640654356,
        0.05860262640654356,
        0.0
      ],
      [
        0.01502233385246043,
        1.0090277730642239,
        0.16431965294617695,
        0.03521764443273585,
        0.03521764443273585,
        0.0
      ],
      [
        0.2734300771094939,
        0.16431965294617695,
        3.99087583972977,
        0.641016457724411,
        0.641016457724411,
        0.0
      ],
      [
        0.05860262640654356,
        0.03521764443273585,
        0.641016457724411,
        1.1373852079097615,
        0.13738520790976036,
        0.0
      ],
      [
        0.05860262640654356,
        0.03521764443273585,
        0.641016457724411,
        0.13738520790976036,
        1.1373852079097615,
        0.0
      ],
      [
        0.0,
        0.0,
        0.0,
        0.0,
        0.0,
        1.0
      ]
    ],
    "breakout": [
      [
        1.0,
        0.0,
        0.0,
        0.0,
        0.0,
        0.0
      ],
      [
        0.0,
        1.0,
        0.0,
        0.0,
        0.0,
        0.0
      ],
      [
        0.0,
        0.0,
        1.0,
        0.0,
        0.0,
        0.0
      ],
      [
        0.0,
        0.0,
        0.0,
        1.0,
        0.0,
        0.0
      ],
      [
        0.0,
        0.0,
        0.0,
        0.0,
        1.0,
        0.0
      ],
      [
        0.0,
        0.0,
        0.0,
        0.0,
        0.0,
        1.0
      ]
    ],
    "reversion": [
      [
        1.288282888002628,
        0.018785566455233042,
        0.4841820178901118,
        0.9057389195967235,
        0.9057389195967235,
        0.0
      ],
      [
        0.018785566455233042,
        1.00150218347027,
        0.03824488238113958,
        0.06285078075661081,
        0.06285078075661081,
        0.0
      ],
      [
        0.4841820178901118,
        0.03824488238113958,
        2.0346879128616426,
        1.6216344257447521,
        1.6216344257447521,
        0.0
      ],
      [
        0.9057389195967235,
        0.06285078075661081,
        1.6216344257447521,
        3.9113314673499087,
        2.9113314673499233,
        0.0
      ],
      [
        0.9057389195967235,
        0.06285078075661081,
        1.6216344257447521,
        2.9113314673499233,
        3.9113314673499087,
        0.0
      ],
      [
        0.0,
        0.0,
        0.0,
        0.0,
        0.0,
        1.0
      ]
    ],
    "vwap": [
      [
        1.0,
        0.0,
        0.0,
        0.0,
        0.0,
        0.0
      ],
      [
        0.0,
        1.0,
        0.0,
        0.0,
        0.0,
        0.0
      ],
      [
        0.0,
        0.0,
        1.0,
        0.0,
        0.0,
        0.0
      ],
      [
        0.0,
        0.0,
        0.0,
        1.0,
        0.0,
        0.0
      ],
      [
        0.0,
        0.0,
        0.0,
        0.0,
        1.0,
        0.0
      ],
      [
        0.0,
        0.0,
        0.0,
        0.0,
        0.0,
        1.0
      ]
    ]
  },
  "b": {
    "trend": [
      [
        0.05974707515723891
      ],
      [
        0.03590540864476743
      ],
      [
        0.653534846902544
      ],
      [
        0.14006819908605325
      ],
      [
        0.14006819908605325
      ],
      [
        0.0
      ]
    ],
    "breakout": [
      [
        0.0
      ],
      [
        0.0
      ],
      [
        0.0
      ],
      [
        0.0
      ],
      [
        0.0
      ],
      [
        0.0
      ]
    ],
    "reversion": [
      [
        -0.00824039920850706
      ],
      [
        -0.059658789924554055
      ],
      [
        -1.643179470058928
      ],
      [
        -1.034768812237622
      ],
      [
        -1.034768812237622
      ],
      [
        0.0
      ]
    ],
    "vwap": [
      [
        0.0
      ],
      [
        0.0
      ],
      [
        0.0
      ],
      [
        0.0
      ],
      [
        0.0
      ],
      [
        0.0
      ]
    ]
  },
  "counts": {
    "trend": 1,
    "breakout": 0,
    "reversion": 8,
    "vwap": 0
  },
  "reward_sum": {
    "trend": 0.14006819908605325,
    "breakout": 0.0,
    "reversion": -1.034768812237622,
    "vwap": 0.0
  },
  "disabled_until": {
    "trend": 0.0,
    "breakout": 0.0,
    "reversion": 0.0,
    "vwap": 0.0
  },
  "_snapshot_time": "2025-09-22T23:49:00.147973"
}