{
  "arms": [
    "trend",
    "breakout",
    "reversion",
    "vwap"
  ],
  "d": 6,
  "alpha": 0.6,
  "alpha_base": 0.6,
  "alpha_boost_until": 0.0,
  "A": {
    "trend": [
      [
        1.0072113771637219,
        0.004333725848060939,
        0.07888061898002824,
        0.01690600936689346,
        0.01690600936689346,
        0.0
      ],
      [
        0.004333725848060939,
        1.00260438183994,
        0.047403841128228916,
        0.010159780596339856,
        0.010159780596339856,
        0.0
      ],
      [
        0.07888061898002824,
        0.047403841128228916,
        1.8628243828341455,
        0.18492396848294987,
        0.18492396848294987,
        0.0
      ],
      [
        0.01690600936689346,
        0.010159780596339856,
        0.18492396848294987,
        1.039633643647337,
        0.03963364364733769,
        0.0
      ],
      [
        0.01690600936689346,
        0.010159780596339856,
        0.18492396848294987,
        0.03963364364733769,
        1.039633643647337,
        0.0
      ],
      [
        0.0,
        0.0,
        0.0,
        0.0,
        0.0,
        1.0
      ]
    ],
    "breakout": [
      [
        1.0,
        0.0,
        0.0,
        0.0,
        0.0,
        0.0
      ],
      [
        0.0,
        1.0,
        0.0,
        0.0,
        0.0,
        0.0
      ],
      [
        0.0,
        0.0,
        1.0,
        0.0,
        0.0,
        0.0
      ],
      [
        0.0,
        0.0,
        0.0,
        1.0,
        0.0,
        0.0
      ],
      [
        0.0,
        0.0,
        0.0,
        0.0,
        1.0,
        0.0
      ],
      [
        0.0,
        0.0,
        0.0,
        0.0,
        0.0,
        1.0
      ]
    ],
    "reversion": [
      [
        1.083165439908396,
        0.005419363976135846,
        0.13967950297902676,
        0.2612925665214275,
        0.2612925665214275,
        0.0
      ],
      [
        0.005419363976135846,
        1.000433358185059,
        0.011033094921136296,
        0.018131540399172027,
        0.018131540399172027,
        0.0
      ],
      [
        0.13967950297902676,
        0.011033094921136296,
        1.2984924843692185,
        0.46781805650021974,
        0.46781805650021974,
        0.0
      ],
      [
        0.2612925665214275,
        0.018131540399172027,
        0.46781805650021974,
        1.8398769829137334,
        0.8398769829137488,
        0.0
      ],
      [
        0.2612925665214275,
        0.018131540399172027,
        0.46781805650021974,
        0.8398769829137488,
        1.8398769829137334,
        0.0
      ],
      [
        0.0,
        0.0,
        0.0,
        0.0,
        0.0,
        1.0
      ]
    ],
    "vwap": [
      [
        1.0,
        0.0,
        0.0,
        0.0,
        0.0,
        0.0
      ],
      [
        0.0,
        1.0,
        0.0,
        0.0,
        0.0,
        0.0
      ],
      [
        0.0,
        0.0,
        1.0,
        0.0,
        0.0,
        0.0
      ],
      [
        0.0,
        0.0,
        0.0,
        1.0,
        0.0,
        0.0
      ],
      [
        0.0,
        0.0,
        0.0,
        0.0,
        1.0,
        0.0
      ],
      [
        0.0,
        0.0,
        0.0,
        0.0,
        0.0,
        1.0
      ]
    ]
  },
  "b": {
    "trend": [
      [
        0.01723616626404276
      ],
      [
        0.010358190615204155
      ],
      [
        0.18853534254041526
      ],
      [
        0.040407647761812625
      ],
      [
        0.040407647761812625
      ],
      [
        0.0
      ]
    ],
    "breakout": [
      [
        0.0
      ],
      [
        0.0
      ],
      [
        0.0
      ],
      [
        0.0
      ],
      [
        0.0
      ],
      [
        0.0
      ]
    ],
    "reversion": [
      [
        -0.0023772358808547543
      ],
      [
        -0.01721069725245998
      ],
      [
        -0.4740334898915276
      ],
      [
        -0.2985158226680621
      ],
      [
        -0.2985158226680621
      ],
      [
        0.0
      ]
    ],
    "vwap": [
      [
        0.0
      ],
      [
        0.0
      ],
      [
        0.0
      ],
      [
        0.0
      ],
      [
        0.0
      ],
      [
        0.0
      ]
    ]
  },
  "counts": {
    "trend": 1,
    "breakout": 0,
    "reversion": 8,
    "vwap": 0
  },
  "reward_sum": {
    "trend": 0.040407647761812625,
    "breakout": 0.0,
    "reversion": -0.2985158226680621,
    "vwap": 0.0
  },
  "disabled_until": {
    "trend": 0.0,
    "breakout": 0.0,
    "reversion": 0.0,
    "vwap": 0.0
  },
  "_snapshot_time": "2025-09-25T03:34:00.816759"
}