{
  "arms": [
    "trend",
    "breakout",
    "reversion",
    "vwap"
  ],
  "d": 6,
  "alpha": 0.6,
  "alpha_base": 0.6,
  "alpha_boost_until": 0.0,
  "A": {
    "trend": [
      [
        1.06710382534636,
        0.040326497395015204,
        0.7340056079547743,
        0.15731501405405557,
        0.15731501405405557,
        0.0
      ],
      [
        0.040326497395015204,
        1.0242344811753479,
        0.4411056312264355,
        0.09453952098413028,
        0.09453952098413028,
        0.0
      ],
      [
        0.7340056079547743,
        0.4411056312264355,
        9.028815491936513,
        1.7207678092143799,
        1.7207678092143799,
        0.0
      ],
      [
        0.15731501405405557,
        0.09453952098413028,
        1.7207678092143799,
        1.3688018308805692,
        0.36880183088056995,
        0.0
      ],
      [
        0.15731501405405557,
        0.09453952098413028,
        1.7207678092143799,
        0.36880183088056995,
        1.3688018308805692,
        0.0
      ],
      [
        0.0,
        0.0,
        0.0,
        0.0,
        0.0,
        1.0
      ]
    ],
    "breakout": [
      [
        1.0,
        0.0,
        0.0,
        0.0,
        0.0,
        0.0
      ],
      [
        0.0,
        1.0,
        0.0,
        0.0,
        0.0,
        0.0
      ],
      [
        0.0,
        0.0,
        1.0,
        0.0,
        0.0,
        0.0
      ],
      [
        0.0,
        0.0,
        0.0,
        1.0,
        0.0,
        0.0
      ],
      [
        0.0,
        0.0,
        0.0,
        0.0,
        1.0,
        0.0
      ],
      [
        0.0,
        0.0,
        0.0,
        0.0,
        0.0,
        1.0
      ]
    ],
    "reversion": [
      [
        1.1805119806828845,
        0.012504496511407212,
        0.32887377858791234,
        0.5424875336852679,
        0.5424875336852679,
        0.0
      ],
      [
        0.012504496511407212,
        1.0009864477414467,
        0.025700704092389295,
        0.038474668098297735,
        0.038474668098297735,
        0.0
      ],
      [
        0.32887377858791234,
        0.025700704092389295,
        1.685638671089109,
        1.021852928727428,
        1.021852928727428,
        0.0
      ],
      [
        0.5424875336852679,
        0.038474668098297735,
        1.021852928727428,
        2.6458565491772608,
        1.6458565491772683,
        0.0
      ],
      [
        0.5424875336852679,
        0.038474668098297735,
        1.021852928727428,
        1.6458565491772683,
        2.6458565491772608,
        0.0
      ],
      [
        0.0,
        0.0,
        0.0,
        0.0,
        0.0,
        1.0
      ]
    ],
    "vwap": [
      [
        1.0,
        0.0,
        0.0,
        0.0,
        0.0,
        0.0
      ],
      [
        0.0,
        1.0,
        0.0,
        0.0,
        0.0,
        0.0
      ],
      [
        0.0,
        0.0,
        1.0,
        0.0,
        0.0,
        0.0
      ],
      [
        0.0,
        0.0,
        0.0,
        1.0,
        0.0,
        0.0
      ],
      [
        0.0,
        0.0,
        0.0,
        0.0,
        1.0,
        0.0
      ],
      [
        0.0,
        0.0,
        0.0,
        0.0,
        0.0,
        1.0
      ]
    ]
  },
  "b": {
    "trend": [
      [
        0.16038721375464232
      ],
      [
        0.09638578015912086
      ],
      [
        1.7543726267839934
      ],
      [
        0.37600414962439843
      ],
      [
        0.37600414962439843
      ],
      [
        0.0
      ]
    ],
    "breakout": [
      [
        0.0
      ],
      [
        0.0
      ],
      [
        0.0
      ],
      [
        0.0
      ],
      [
        0.0
      ],
      [
        0.0
      ]
    ],
    "reversion": [
      [
        -0.1548442361710391
      ],
      [
        -0.0045738242812919504
      ],
      [
        -0.09710433631735182
      ],
      [
        -0.3926693946917309
      ],
      [
        -0.3926693946917309
      ],
      [
        0.0
      ]
    ],
    "vwap": [
      [
        0.0
      ],
      [
        0.0
      ],
      [
        0.0
      ],
      [
        0.0
      ],
      [
        0.0
      ],
      [
        0.0
      ]
    ]
  },
  "counts": {
    "trend": 1,
    "breakout": 0,
    "reversion": 3,
    "vwap": 0
  },
  "reward_sum": {
    "trend": 0.37600414962439843,
    "breakout": 0.0,
    "reversion": -0.3926693946917309,
    "vwap": 0.0
  },
  "disabled_until": {
    "trend": 0.0,
    "breakout": 0.0,
    "reversion": 0.0,
    "vwap": 0.0
  },
  "_snapshot_time": "2025-09-19T04:32:00.872498"
}