{
  "arms": [
    "trend",
    "breakout",
    "reversion",
    "vwap"
  ],
  "d": 6,
  "alpha": 0.6,
  "alpha_base": 0.6,
  "alpha_boost_until": 0.0,
  "A": {
    "trend": [
      [
        1.0056692562311897,
        0.00340697785049749,
        0.06201234944723923,
        0.013290734456375613,
        0.013290734456375613,
        0.0
      ],
      [
        0.00340697785049749,
        1.0020474463669353,
        0.03726674054027675,
        0.007987156703309154,
        0.007987156703309154,
        0.0
      ],
      [
        0.06201234944723923,
        0.03726674054027675,
        1.6783132261355185,
        0.145378800306301,
        0.145378800306301,
        0.0
      ],
      [
        0.013290734456375613,
        0.007987156703309154,
        0.145378800306301,
        1.0311581652312873,
        0.031158165231288826,
        0.0
      ],
      [
        0.013290734456375613,
        0.007987156703309154,
        0.145378800306301,
        0.031158165231288826,
        1.0311581652312873,
        0.0
      ],
      [
        0.0,
        0.0,
        0.0,
        0.0,
        0.0,
        1.0
      ]
    ],
    "breakout": [
      [
        1.0,
        0.0,
        0.0,
        0.0,
        0.0,
        0.0
      ],
      [
        0.0,
        1.0,
        0.0,
        0.0,
        0.0,
        0.0
      ],
      [
        0.0,
        0.0,
        1.0,
        0.0,
        0.0,
        0.0
      ],
      [
        0.0,
        0.0,
        0.0,
        1.0,
        0.0,
        0.0
      ],
      [
        0.0,
        0.0,
        0.0,
        0.0,
        1.0,
        0.0
      ],
      [
        0.0,
        0.0,
        0.0,
        0.0,
        0.0,
        1.0
      ]
    ],
    "reversion": [
      [
        1.1513682979918536,
        0.014059664703783474,
        0.5703104185642026,
        0.48642104917561496,
        0.48642104917561496,
        0.0
      ],
      [
        0.014059664703783474,
        1.0014574134528993,
        0.061152819327424536,
        0.04627775720050457,
        0.04627775720050457,
        0.0
      ],
      [
        0.5703104185642026,
        0.061152819327424536,
        3.7008469740384884,
        1.8726822314163838,
        1.8726822314163838,
        0.0
      ],
      [
        0.48642104917561496,
        0.04627775720050457,
        1.8726822314163838,
        2.5785894939796603,
        1.5785894939796736,
        0.0
      ],
      [
        0.48642104917561496,
        0.04627775720050457,
        1.8726822314163838,
        1.5785894939796736,
        2.5785894939796603,
        0.0
      ],
      [
        0.0,
        0.0,
        0.0,
        0.0,
        0.0,
        1.0
      ]
    ],
    "vwap": [
      [
        1.0,
        0.0,
        0.0,
        0.0,
        0.0,
        0.0
      ],
      [
        0.0,
        1.0,
        0.0,
        0.0,
        0.0,
        0.0
      ],
      [
        0.0,
        0.0,
        1.0,
        0.0,
        0.0,
        0.0
      ],
      [
        0.0,
        0.0,
        0.0,
        1.0,
        0.0,
        0.0
      ],
      [
        0.0,
        0.0,
        0.0,
        0.0,
        1.0,
        0.0
      ],
      [
        0.0,
        0.0,
        0.0,
        0.0,
        0.0,
        1.0
      ]
    ]
  },
  "b": {
    "trend": [
      [
        0.013550288769503168
      ],
      [
        0.008143137622104444
      ],
      [
        0.14821789808382915
      ],
      [
        0.031766652008409266
      ],
      [
        0.031766652008409266
      ],
      [
        0.0
      ]
    ],
    "breakout": [
      [
        0.0
      ],
      [
        0.0
      ],
      [
        0.0
      ],
      [
        0.0
      ],
      [
        0.0
      ],
      [
        0.0
      ]
    ],
    "reversion": [
      [
        -0.31992416445975874
      ],
      [
        -0.04977614852507746
      ],
      [
        -2.0759906707612585
      ],
      [
        -1.2740762965911872
      ],
      [
        -1.2740762965911872
      ],
      [
        0.0
      ]
    ],
    "vwap": [
      [
        0.0
      ],
      [
        0.0
      ],
      [
        0.0
      ],
      [
        0.0
      ],
      [
        0.0
      ],
      [
        0.0
      ]
    ]
  },
  "counts": {
    "trend": 1,
    "breakout": 0,
    "reversion": 9,
    "vwap": 0
  },
  "reward_sum": {
    "trend": 0.031766652008409266,
    "breakout": 0.0,
    "reversion": -1.2740762965911872,
    "vwap": 0.0
  },
  "disabled_until": {
    "trend": 0.0,
    "breakout": 0.0,
    "reversion": 0.0,
    "vwap": 0.0
  },
  "_snapshot_time": "2025-09-25T11:36:00.285574"
}