{
  "arms": [
    "trend",
    "breakout",
    "reversion",
    "vwap"
  ],
  "d": 6,
  "alpha": 0.6,
  "alpha_base": 0.6,
  "alpha_boost_until": 0.0,
  "A": {
    "trend": [
      [
        1.103786114554648,
        0.06237096702943374,
        1.1352495884957683,
        0.2433112268265893,
        0.2433112268265893,
        0.0
      ],
      [
        0.06237096702943374,
        1.037482254200186,
        0.6822359133308304,
        0.1462195262960905,
        0.1462195262960905,
        0.0
      ],
      [
        1.1352495884957683,
        0.6822359133308304,
        13.417765456488068,
        2.6614250983049095,
        2.6614250983049095,
        0.0
      ],
      [
        0.2433112268265893,
        0.1462195262960905,
        2.6614250983049095,
        1.570407258754145,
        0.5704072587541458,
        0.0
      ],
      [
        0.2433112268265893,
        0.1462195262960905,
        2.6614250983049095,
        0.5704072587541458,
        1.570407258754145,
        0.0
      ],
      [
        0.0,
        0.0,
        0.0,
        0.0,
        0.0,
        1.0
      ]
    ],
    "breakout": [
      [
        1.0,
        0.0,
        0.0,
        0.0,
        0.0,
        0.0
      ],
      [
        0.0,
        1.0,
        0.0,
        0.0,
        0.0,
        0.0
      ],
      [
        0.0,
        0.0,
        1.0,
        0.0,
        0.0,
        0.0
      ],
      [
        0.0,
        0.0,
        0.0,
        1.0,
        0.0,
        0.0
      ],
      [
        0.0,
        0.0,
        0.0,
        0.0,
        1.0,
        0.0
      ],
      [
        0.0,
        0.0,
        0.0,
        0.0,
        0.0,
        1.0
      ]
    ],
    "reversion": [
      [
        1.0844151572560516,
        0.00855800458835107,
        0.24122618292377235,
        0.2901788263043187,
        0.2901788263043187,
        0.0
      ],
      [
        0.00855800458835107,
        1.0009288267374263,
        0.024946084508664708,
        0.029123664371022845,
        0.029123664371022845,
        0.0
      ],
      [
        0.24122618292377235,
        0.024946084508664708,
        1.6932635428389116,
        0.82685861591767,
        0.82685861591767,
        0.0
      ],
      [
        0.2901788263043187,
        0.029123664371022845,
        0.82685861591767,
        1.9989138689604657,
        0.9989138689604772,
        0.0
      ],
      [
        0.2901788263043187,
        0.029123664371022845,
        0.82685861591767,
        0.9989138689604772,
        1.9989138689604657,
        0.0
      ],
      [
        0.0,
        0.0,
        0.0,
        0.0,
        0.0,
        1.0
      ]
    ],
    "vwap": [
      [
        1.0,
        0.0,
        0.0,
        0.0,
        0.0,
        0.0
      ],
      [
        0.0,
        1.0,
        0.0,
        0.0,
        0.0,
        0.0
      ],
      [
        0.0,
        0.0,
        1.0,
        0.0,
        0.0,
        0.0
      ],
      [
        0.0,
        0.0,
        0.0,
        1.0,
        0.0,
        0.0
      ],
      [
        0.0,
        0.0,
        0.0,
        0.0,
        1.0,
        0.0
      ],
      [
        0.0,
        0.0,
        0.0,
        0.0,
        0.0,
        1.0
      ]
    ]
  },
  "b": {
    "trend": [
      [
        0.24806284371898077
      ],
      [
        0.149075042583636
      ],
      [
        2.713399980926965
      ],
      [
        0.5815467232235376
      ],
      [
        0.5815467232235376
      ],
      [
        0.0
      ]
    ],
    "breakout": [
      [
        0.0
      ],
      [
        0.0
      ],
      [
        0.0
      ],
      [
        0.0
      ],
      [
        0.0
      ],
      [
        0.0
      ]
    ],
    "reversion": [
      [
        0.11568856452038107
      ],
      [
        0.012587480283050328
      ],
      [
        0.33747739690219153
      ],
      [
        0.3935473193736352
      ],
      [
        0.3935473193736352
      ],
      [
        0.0
      ]
    ],
    "vwap": [
      [
        0.0
      ],
      [
        0.0
      ],
      [
        0.0
      ],
      [
        0.0
      ],
      [
        0.0
      ],
      [
        0.0
      ]
    ]
  },
  "counts": {
    "trend": 1,
    "breakout": 0,
    "reversion": 2,
    "vwap": 0
  },
  "reward_sum": {
    "trend": 0.5815467232235376,
    "breakout": 0.0,
    "reversion": 0.3935473193736352,
    "vwap": 0.0
  },
  "disabled_until": {
    "trend": 0.0,
    "breakout": 0.0,
    "reversion": 0.0,
    "vwap": 0.0
  },
  "_snapshot_time": "2025-09-18T11:53:00.128231"
}