{
  "arms": [
    "trend",
    "breakout",
    "reversion",
    "vwap"
  ],
  "d": 6,
  "alpha": 0.6,
  "alpha_base": 0.6,
  "alpha_boost_until": 0.0,
  "A": {
    "trend": [
      [
        1.0041548666748836,
        0.002496895210913286,
        0.045447415611957434,
        0.00974047166429293,
        0.00974047166429293,
        0.0
      ],
      [
        0.002496895210913286,
        1.0015005260534506,
        0.027311931589980118,
        0.0058536022822673955,
        0.0058536022822673955,
        0.0
      ],
      [
        0.045447415611957434,
        0.027311931589980118,
        1.4971200636334063,
        0.1065447579003535,
        0.1065447579003535,
        0.0
      ],
      [
        0.00974047166429293,
        0.0058536022822673955,
        0.1065447579003535,
        1.0228350981311731,
        0.022835098131175,
        0.0
      ],
      [
        0.00974047166429293,
        0.0058536022822673955,
        0.1065447579003535,
        0.022835098131175,
        1.0228350981311731,
        0.0
      ],
      [
        0.0,
        0.0,
        0.0,
        0.0,
        0.0,
        1.0
      ]
    ],
    "breakout": [
      [
        1.0,
        0.0,
        0.0,
        0.0,
        0.0,
        0.0
      ],
      [
        0.0,
        1.0,
        0.0,
        0.0,
        0.0,
        0.0
      ],
      [
        0.0,
        0.0,
        1.0,
        0.0,
        0.0,
        0.0
      ],
      [
        0.0,
        0.0,
        0.0,
        1.0,
        0.0,
        0.0
      ],
      [
        0.0,
        0.0,
        0.0,
        0.0,
        1.0,
        0.0
      ],
      [
        0.0,
        0.0,
        0.0,
        0.0,
        0.0,
        1.0
      ]
    ],
    "reversion": [
      [
        1.1109343221250372,
        0.010304002845453597,
        0.4179673057278532,
        0.3564867285523033,
        0.3564867285523033,
        0.0
      ],
      [
        0.010304002845453597,
        1.0010681045872754,
        0.044817485881276126,
        0.03391589713706968,
        0.03391589713706968,
        0.0
      ],
      [
        0.4179673057278532,
        0.044817485881276126,
        2.9793882352072223,
        1.3724454635075478,
        1.3724454635075478,
        0.0
      ],
      [
        0.3564867285523033,
        0.03391589713706968,
        1.3724454635075478,
        2.156911703121366,
        1.1569117031213816,
        0.0
      ],
      [
        0.3564867285523033,
        0.03391589713706968,
        1.3724454635075478,
        1.1569117031213816,
        2.156911703121366,
        0.0
      ],
      [
        0.0,
        0.0,
        0.0,
        0.0,
        0.0,
        1.0
      ]
    ],
    "vwap": [
      [
        1.0,
        0.0,
        0.0,
        0.0,
        0.0,
        0.0
      ],
      [
        0.0,
        1.0,
        0.0,
        0.0,
        0.0,
        0.0
      ],
      [
        0.0,
        0.0,
        1.0,
        0.0,
        0.0,
        0.0
      ],
      [
        0.0,
        0.0,
        0.0,
        1.0,
        0.0,
        0.0
      ],
      [
        0.0,
        0.0,
        0.0,
        0.0,
        1.0,
        0.0
      ],
      [
        0.0,
        0.0,
        0.0,
        0.0,
        0.0,
        1.0
      ]
    ]
  },
  "b": {
    "trend": [
      [
        0.009930693012907067
      ],
      [
        0.005967917087418521
      ],
      [
        0.10862546694957423
      ],
      [
        0.02328104400648332
      ],
      [
        0.02328104400648332
      ],
      [
        0.0
      ]
    ],
    "breakout": [
      [
        0.0
      ],
      [
        0.0
      ],
      [
        0.0
      ],
      [
        0.0
      ],
      [
        0.0
      ],
      [
        0.0
      ]
    ],
    "reversion": [
      [
        -0.23446501537377526
      ],
      [
        -0.03647978716733539
      ],
      [
        -1.5214455130571332
      ],
      [
        -0.933741028821817
      ],
      [
        -0.933741028821817
      ],
      [
        0.0
      ]
    ],
    "vwap": [
      [
        0.0
      ],
      [
        0.0
      ],
      [
        0.0
      ],
      [
        0.0
      ],
      [
        0.0
      ],
      [
        0.0
      ]
    ]
  },
  "counts": {
    "trend": 1,
    "breakout": 0,
    "reversion": 9,
    "vwap": 0
  },
  "reward_sum": {
    "trend": 0.02328104400648332,
    "breakout": 0.0,
    "reversion": -0.933741028821817,
    "vwap": 0.0
  },
  "disabled_until": {
    "trend": 0.0,
    "breakout": 0.0,
    "reversion": 0.0,
    "vwap": 0.0
  },
  "_snapshot_time": "2025-09-26T01:04:00.505061"
}