{
  "arms": [
    "trend",
    "breakout",
    "reversion",
    "vwap"
  ],
  "d": 6,
  "alpha": 0.6,
  "alpha_base": 0.6,
  "alpha_boost_until": 0.0,
  "A": {
    "trend": [
      [
        1.0034342678217452,
        0.002063846459610107,
        0.03756524799246967,
        0.00805113401292101,
        0.00805113401292101,
        0.0
      ],
      [
        0.002063846459610107,
        1.001240282479389,
        0.022575089683670134,
        0.00483838340248343,
        0.00483838340248343,
        0.0
      ],
      [
        0.03756524799246967,
        0.022575089683670134,
        1.410902099073546,
        0.08806617931804635,
        0.08806617931804635,
        0.0
      ],
      [
        0.00805113401292101,
        0.00483838340248343,
        0.08806617931804635,
        1.0188746953524075,
        0.018874695352408037,
        0.0
      ],
      [
        0.00805113401292101,
        0.00483838340248343,
        0.08806617931804635,
        0.018874695352408037,
        1.0188746953524075,
        0.0
      ],
      [
        0.0,
        0.0,
        0.0,
        0.0,
        0.0,
        1.0
      ]
    ],
    "breakout": [
      [
        1.0,
        0.0,
        0.0,
        0.0,
        0.0,
        0.0
      ],
      [
        0.0,
        1.0,
        0.0,
        0.0,
        0.0,
        0.0
      ],
      [
        0.0,
        0.0,
        1.0,
        0.0,
        0.0,
        0.0
      ],
      [
        0.0,
        0.0,
        0.0,
        1.0,
        0.0,
        0.0
      ],
      [
        0.0,
        0.0,
        0.0,
        0.0,
        1.0,
        0.0
      ],
      [
        0.0,
        0.0,
        0.0,
        0.0,
        0.0,
        1.0
      ]
    ],
    "reversion": [
      [
        1.091694439945384,
        0.00851692922452419,
        0.3454771911888466,
        0.2946594912773899,
        0.2946594912773899,
        0.0
      ],
      [
        0.00851692922452419,
        1.0008828579835094,
        0.03704457005661258,
        0.02803369717916157,
        0.02803369717916157,
        0.0
      ],
      [
        0.3454771911888466,
        0.03704457005661258,
        2.636093250357948,
        1.1344155327335337,
        1.1344155327335337,
        0.0
      ],
      [
        0.2946594912773899,
        0.02803369717916157,
        1.1344155327335337,
        1.956262846807728,
        0.9562628468077442,
        0.0
      ],
      [
        0.2946594912773899,
        0.02803369717916157,
        1.1344155327335337,
        0.9562628468077442,
        1.956262846807728,
        0.0
      ],
      [
        0.0,
        0.0,
        0.0,
        0.0,
        0.0,
        1.0
      ]
    ],
    "vwap": [
      [
        1.0,
        0.0,
        0.0,
        0.0,
        0.0,
        0.0
      ],
      [
        0.0,
        1.0,
        0.0,
        0.0,
        0.0,
        0.0
      ],
      [
        0.0,
        0.0,
        1.0,
        0.0,
        0.0,
        0.0
      ],
      [
        0.0,
        0.0,
        0.0,
        1.0,
        0.0,
        0.0
      ],
      [
        0.0,
        0.0,
        0.0,
        0.0,
        1.0,
        0.0
      ],
      [
        0.0,
        0.0,
        0.0,
        0.0,
        0.0,
        1.0
      ]
    ]
  },
  "b": {
    "trend": [
      [
        0.008208364342477344
      ],
      [
        0.004932872031746278
      ],
      [
        0.08978602081797944
      ],
      [
        0.01924329865298315
      ],
      [
        0.01924329865298315
      ],
      [
        0.0
      ]
    ],
    "breakout": [
      [
        0.0
      ],
      [
        0.0
      ],
      [
        0.0
      ],
      [
        0.0
      ],
      [
        0.0
      ],
      [
        0.0
      ]
    ],
    "reversion": [
      [
        -0.1938006007487194
      ],
      [
        -0.030152919218863445
      ],
      [
        -1.2575737747777258
      ],
      [
        -0.771797754308533
      ],
      [
        -0.771797754308533
      ],
      [
        0.0
      ]
    ],
    "vwap": [
      [
        0.0
      ],
      [
        0.0
      ],
      [
        0.0
      ],
      [
        0.0
      ],
      [
        0.0
      ],
      [
        0.0
      ]
    ]
  },
  "counts": {
    "trend": 1,
    "breakout": 0,
    "reversion": 9,
    "vwap": 0
  },
  "reward_sum": {
    "trend": 0.01924329865298315,
    "breakout": 0.0,
    "reversion": -0.771797754308533,
    "vwap": 0.0
  },
  "disabled_until": {
    "trend": 0.0,
    "breakout": 0.0,
    "reversion": 0.0,
    "vwap": 0.0
  },
  "_snapshot_time": "2025-09-26T07:27:00.107610"
}