{
  "arms": [
    "trend",
    "breakout",
    "reversion",
    "vwap"
  ],
  "d": 6,
  "alpha": 0.6,
  "alpha_base": 0.6,
  "alpha_boost_until": 0.0,
  "A": {
    "trend": [
      [
        1.0042178181378179,
        0.0025347263180509868,
        0.046136001196820126,
        0.00988805207755698,
        0.00988805207755698,
        0.0
      ],
      [
        0.0025347263180509868,
        1.0015232609129843,
        0.027725741751336536,
        0.005942291729110842,
        0.005942291729110842,
        0.0
      ],
      [
        0.046136001196820126,
        0.027725741751336536,
        1.5046520586908754,
        0.10815904516938725,
        0.10815904516938725,
        0.0
      ],
      [
        0.00988805207755698,
        0.005942291729110842,
        0.10815904516938725,
        1.0231810786273208,
        0.023181078627322618,
        0.0
      ],
      [
        0.00988805207755698,
        0.005942291729110842,
        0.10815904516938725,
        0.023181078627322618,
        1.0231810786273208,
        0.0
      ],
      [
        0.0,
        0.0,
        0.0,
        0.0,
        0.0,
        1.0
      ]
    ],
    "breakout": [
      [
        1.0,
        0.0,
        0.0,
        0.0,
        0.0,
        0.0
      ],
      [
        0.0,
        1.0,
        0.0,
        0.0,
        0.0,
        0.0
      ],
      [
        0.0,
        0.0,
        1.0,
        0.0,
        0.0,
        0.0
      ],
      [
        0.0,
        0.0,
        0.0,
        1.0,
        0.0,
        0.0
      ],
      [
        0.0,
        0.0,
        0.0,
        0.0,
        1.0,
        0.0
      ],
      [
        0.0,
        0.0,
        0.0,
        0.0,
        0.0,
        1.0
      ]
    ],
    "reversion": [
      [
        1.1126151168204723,
        0.01046012146584654,
        0.424300036814819,
        0.3618879514638959,
        0.3618879514638959,
        0.0
      ],
      [
        0.01046012146584654,
        1.0010842877169874,
        0.04549652723735963,
        0.03442976569376991,
        0.03442976569376991,
        0.0
      ],
      [
        0.424300036814819,
        0.04549652723735963,
        3.0093784598934397,
        1.3932397407938637,
        1.3932397407938637,
        0.0
      ],
      [
        0.3618879514638959,
        0.03442976569376991,
        1.3932397407938637,
        2.1744403724857633,
        1.1744403724857784,
        0.0
      ],
      [
        0.3618879514638959,
        0.03442976569376991,
        1.3932397407938637,
        1.1744403724857784,
        2.1744403724857633,
        0.0
      ],
      [
        0.0,
        0.0,
        0.0,
        0.0,
        0.0,
        1.0
      ]
    ],
    "vwap": [
      [
        1.0,
        0.0,
        0.0,
        0.0,
        0.0,
        0.0
      ],
      [
        0.0,
        1.0,
        0.0,
        0.0,
        0.0,
        0.0
      ],
      [
        0.0,
        0.0,
        1.0,
        0.0,
        0.0,
        0.0
      ],
      [
        0.0,
        0.0,
        0.0,
        1.0,
        0.0,
        0.0
      ],
      [
        0.0,
        0.0,
        0.0,
        0.0,
        1.0,
        0.0
      ],
      [
        0.0,
        0.0,
        0.0,
        0.0,
        0.0,
        1.0
      ]
    ]
  },
  "b": {
    "trend": [
      [
        0.010081155519175197
      ],
      [
        0.0060583385475327664
      ],
      [
        0.11027127958123409
      ],
      [
        0.02363378114428441
      ],
      [
        0.02363378114428441
      ],
      [
        0.0
      ]
    ],
    "breakout": [
      [
        0.0
      ],
      [
        0.0
      ],
      [
        0.0
      ],
      [
        0.0
      ],
      [
        0.0
      ],
      [
        0.0
      ]
    ],
    "reversion": [
      [
        -0.23801745565155671
      ],
      [
        -0.03703250188706254
      ],
      [
        -1.5444973287509067
      ],
      [
        -0.9478883814002637
      ],
      [
        -0.9478883814002637
      ],
      [
        0.0
      ]
    ],
    "vwap": [
      [
        0.0
      ],
      [
        0.0
      ],
      [
        0.0
      ],
      [
        0.0
      ],
      [
        0.0
      ],
      [
        0.0
      ]
    ]
  },
  "counts": {
    "trend": 1,
    "breakout": 0,
    "reversion": 9,
    "vwap": 0
  },
  "reward_sum": {
    "trend": 0.02363378114428441,
    "breakout": 0.0,
    "reversion": -0.9478883814002637,
    "vwap": 0.0
  },
  "disabled_until": {
    "trend": 0.0,
    "breakout": 0.0,
    "reversion": 0.0,
    "vwap": 0.0
  },
  "_snapshot_time": "2025-09-26T00:36:00.194720"
}