{
  "arms": [
    "trend",
    "breakout",
    "reversion",
    "vwap"
  ],
  "d": 6,
  "alpha": 0.6,
  "alpha_base": 0.6,
  "alpha_boost_until": 0.0,
  "A": {
    "trend": [
      [
        1.0610078629897832,
        0.036663087614369656,
        0.667325794508775,
        0.14302393006818842,
        0.14302393006818842,
        0.0
      ],
      [
        0.036663087614369656,
        1.022032930306772,
        0.4010339466488283,
        0.08595119746973506,
        0.08595119746973506,
        0.0
      ],
      [
        0.667325794508775,
        0.4010339466488283,
        8.299447877584923,
        1.5644468284769062,
        1.5644468284769062,
        0.0
      ],
      [
        0.14302393006818842,
        0.08595119746973506,
        1.5644468284769062,
        1.3352984938281707,
        0.3352984938281715,
        0.0
      ],
      [
        0.14302393006818842,
        0.08595119746973506,
        1.5644468284769062,
        0.3352984938281715,
        1.3352984938281707,
        0.0
      ],
      [
        0.0,
        0.0,
        0.0,
        0.0,
        0.0,
        1.0
      ]
    ],
    "breakout": [
      [
        1.0,
        0.0,
        0.0,
        0.0,
        0.0,
        0.0
      ],
      [
        0.0,
        1.0,
        0.0,
        0.0,
        0.0,
        0.0
      ],
      [
        0.0,
        0.0,
        1.0,
        0.0,
        0.0,
        0.0
      ],
      [
        0.0,
        0.0,
        0.0,
        1.0,
        0.0,
        0.0
      ],
      [
        0.0,
        0.0,
        0.0,
        0.0,
        1.0,
        0.0
      ],
      [
        0.0,
        0.0,
        0.0,
        0.0,
        0.0,
        1.0
      ]
    ],
    "reversion": [
      [
        1.1641135975285097,
        0.01136854130128277,
        0.2989976550735071,
        0.49320593808042507,
        0.49320593808042507,
        0.0
      ],
      [
        0.01136854130128277,
        1.0008968351408605,
        0.02336595605267549,
        0.03497948541387699,
        0.03497948541387699,
        0.0
      ],
      [
        0.2989976550735071,
        0.02336595605267549,
        1.6233526910037863,
        0.929023988568988,
        0.929023988568988,
        0.0
      ],
      [
        0.49320593808042507,
        0.03497948541387699,
        0.929023988568988,
        2.4963407873511203,
        1.4963407873511294,
        0.0
      ],
      [
        0.49320593808042507,
        0.03497948541387699,
        0.929023988568988,
        1.4963407873511294,
        2.4963407873511203,
        0.0
      ],
      [
        0.0,
        0.0,
        0.0,
        0.0,
        0.0,
        1.0
      ]
    ],
    "vwap": [
      [
        1.0,
        0.0,
        0.0,
        0.0,
        0.0,
        0.0
      ],
      [
        0.0,
        1.0,
        0.0,
        0.0,
        0.0,
        0.0
      ],
      [
        0.0,
        0.0,
        1.0,
        0.0,
        0.0,
        0.0
      ],
      [
        0.0,
        0.0,
        0.0,
        1.0,
        0.0,
        0.0
      ],
      [
        0.0,
        0.0,
        0.0,
        0.0,
        1.0,
        0.0
      ],
      [
        0.0,
        0.0,
        0.0,
        0.0,
        0.0,
        1.0
      ]
    ]
  },
  "b": {
    "trend": [
      [
        0.14581703966280884
      ],
      [
        0.08762973555918194
      ],
      [
        1.5949988587896589
      ],
      [
        0.3418465270120365
      ],
      [
        0.3418465270120365
      ],
      [
        0.0
      ]
    ],
    "breakout": [
      [
        0.0
      ],
      [
        0.0
      ],
      [
        0.0
      ],
      [
        0.0
      ],
      [
        0.0
      ],
      [
        0.0
      ]
    ],
    "reversion": [
      [
        -0.14077760688486432
      ],
      [
        -0.004158320984714793
      ],
      [
        -0.08828301538973629
      ],
      [
        -0.3569978389158091
      ],
      [
        -0.3569978389158091
      ],
      [
        0.0
      ]
    ],
    "vwap": [
      [
        0.0
      ],
      [
        0.0
      ],
      [
        0.0
      ],
      [
        0.0
      ],
      [
        0.0
      ],
      [
        0.0
      ]
    ]
  },
  "counts": {
    "trend": 1,
    "breakout": 0,
    "reversion": 3,
    "vwap": 0
  },
  "reward_sum": {
    "trend": 0.3418465270120365,
    "breakout": 0.0,
    "reversion": -0.3569978389158091,
    "vwap": 0.0
  },
  "disabled_until": {
    "trend": 0.0,
    "breakout": 0.0,
    "reversion": 0.0,
    "vwap": 0.0
  },
  "_snapshot_time": "2025-09-19T07:45:00.565952"
}