{
  "arms": [
    "trend",
    "breakout",
    "reversion",
    "vwap"
  ],
  "d": 6,
  "alpha": 0.6,
  "alpha_base": 0.6,
  "alpha_boost_until": 0.0,
  "A": {
    "trend": [
      [
        1.0046392664452162,
        0.002787998526940677,
        0.050745953304565175,
        0.010876075428821512,
        0.010876075428821512,
        0.0
      ],
      [
        0.002787998526940677,
        1.001675466558778,
        0.03049612362903986,
        0.00653605104007901,
        0.00653605104007901,
        0.0
      ],
      [
        0.050745953304565175,
        0.03049612362903986,
        1.5550773613024984,
        0.1189663974607834,
        0.1189663974607834,
        0.0
      ],
      [
        0.010876075428821512,
        0.00653605104007901,
        0.1189663974607834,
        1.025497353542911,
        0.025497353542912736,
        0.0
      ],
      [
        0.010876075428821512,
        0.00653605104007901,
        0.1189663974607834,
        0.025497353542912736,
        1.025497353542911,
        0.0
      ],
      [
        0.0,
        0.0,
        0.0,
        0.0,
        0.0,
        1.0
      ]
    ],
    "breakout": [
      [
        1.0,
        0.0,
        0.0,
        0.0,
        0.0,
        0.0
      ],
      [
        0.0,
        1.0,
        0.0,
        0.0,
        0.0,
        0.0
      ],
      [
        0.0,
        0.0,
        1.0,
        0.0,
        0.0,
        0.0
      ],
      [
        0.0,
        0.0,
        0.0,
        1.0,
        0.0,
        0.0
      ],
      [
        0.0,
        0.0,
        0.0,
        0.0,
        1.0,
        0.0
      ],
      [
        0.0,
        0.0,
        0.0,
        0.0,
        0.0,
        1.0
      ]
    ],
    "reversion": [
      [
        1.1238677239316894,
        0.011505306521938314,
        0.4666964907399502,
        0.3980481318293654,
        0.3980481318293654,
        0.0
      ],
      [
        0.011505306521938314,
        1.0011926307531558,
        0.050042582512895784,
        0.03787001987297482,
        0.03787001987297482,
        0.0
      ],
      [
        0.4666964907399502,
        0.050042582512895784,
        3.2101574226588947,
        1.5324535502496672,
        1.5324535502496672,
        0.0
      ],
      [
        0.3980481318293654,
        0.03787001987297482,
        1.5324535502496672,
        2.2917915457585547,
        1.2917915457585687,
        0.0
      ],
      [
        0.3980481318293654,
        0.03787001987297482,
        1.5324535502496672,
        1.2917915457585687,
        2.2917915457585547,
        0.0
      ],
      [
        0.0,
        0.0,
        0.0,
        0.0,
        0.0,
        1.0
      ]
    ],
    "vwap": [
      [
        1.0,
        0.0,
        0.0,
        0.0,
        0.0,
        0.0
      ],
      [
        0.0,
        1.0,
        0.0,
        0.0,
        0.0,
        0.0
      ],
      [
        0.0,
        0.0,
        1.0,
        0.0,
        0.0,
        0.0
      ],
      [
        0.0,
        0.0,
        0.0,
        1.0,
        0.0,
        0.0
      ],
      [
        0.0,
        0.0,
        0.0,
        0.0,
        1.0,
        0.0
      ],
      [
        0.0,
        0.0,
        0.0,
        0.0,
        0.0,
        1.0
      ]
    ]
  },
  "b": {
    "trend": [
      [
        0.011088473945752022
      ],
      [
        0.006663693364424803
      ],
      [
        0.12128968829768548
      ],
      [
        0.025995290516006644
      ],
      [
        0.025995290516006644
      ],
      [
        0.0
      ]
    ],
    "breakout": [
      [
        0.0
      ],
      [
        0.0
      ],
      [
        0.0
      ],
      [
        0.0
      ],
      [
        0.0
      ],
      [
        0.0
      ]
    ],
    "reversion": [
      [
        -0.2618003809787876
      ],
      [
        -0.04073282388508399
      ],
      [
        -1.6988249369392947
      ],
      [
        -1.0426022692186203
      ],
      [
        -1.0426022692186203
      ],
      [
        0.0
      ]
    ],
    "vwap": [
      [
        0.0
      ],
      [
        0.0
      ],
      [
        0.0
      ],
      [
        0.0
      ],
      [
        0.0
      ],
      [
        0.0
      ]
    ]
  },
  "counts": {
    "trend": 1,
    "breakout": 0,
    "reversion": 9,
    "vwap": 0
  },
  "reward_sum": {
    "trend": 0.025995290516006644,
    "breakout": 0.0,
    "reversion": -1.0426022692186203,
    "vwap": 0.0
  },
  "disabled_until": {
    "trend": 0.0,
    "breakout": 0.0,
    "reversion": 0.0,
    "vwap": 0.0
  },
  "_snapshot_time": "2025-09-25T20:08:00.072272"
}