{
  "arms": [
    "trend",
    "breakout",
    "reversion",
    "vwap"
  ],
  "d": 6,
  "alpha": 0.6,
  "alpha_base": 0.6,
  "alpha_boost_until": 0.0,
  "A": {
    "trend": [
      [
        1.0253761038582265,
        0.015249941130069356,
        0.27757288714677036,
        0.05949053000315693,
        0.05949053000315693,
        0.0
      ],
      [
        0.015249941130069356,
        1.0091645551960946,
        0.1668093026392303,
        0.035751236100439426,
        0.035751236100439426,
        0.0
      ],
      [
        0.27757288714677036,
        0.1668093026392303,
        4.03619137553353,
        0.6507286643813862,
        0.6507286643813862,
        0.0
      ],
      [
        0.05949053000315693,
        0.035751236100439426,
        0.6507286643813862,
        1.1394667668381668,
        0.13946676683816583,
        0.0
      ],
      [
        0.05949053000315693,
        0.035751236100439426,
        0.6507286643813862,
        0.13946676683816583,
        1.1394667668381668,
        0.0
      ],
      [
        0.0,
        0.0,
        0.0,
        0.0,
        0.0,
        1.0
      ]
    ],
    "breakout": [
      [
        1.0,
        0.0,
        0.0,
        0.0,
        0.0,
        0.0
      ],
      [
        0.0,
        1.0,
        0.0,
        0.0,
        0.0,
        0.0
      ],
      [
        0.0,
        0.0,
        1.0,
        0.0,
        0.0,
        0.0
      ],
      [
        0.0,
        0.0,
        0.0,
        1.0,
        0.0,
        0.0
      ],
      [
        0.0,
        0.0,
        0.0,
        0.0,
        1.0,
        0.0
      ],
      [
        0.0,
        0.0,
        0.0,
        0.0,
        0.0,
        1.0
      ]
    ],
    "reversion": [
      [
        1.2926507368311753,
        0.01907019144634365,
        0.4915179852598634,
        0.9194620049534037,
        0.9194620049534037,
        0.0
      ],
      [
        0.01907019144634365,
        1.0015249434417564,
        0.03882434051638926,
        0.06380304924192774,
        0.06380304924192774,
        0.0
      ],
      [
        0.4915179852598634,
        0.03882434051638926,
        2.0503647378699443,
        1.646204229647774,
        1.646204229647774,
        0.0
      ],
      [
        0.9194620049534037,
        0.06380304924192774,
        1.646204229647774,
        3.955441805730665,
        2.9554418057306795,
        0.0
      ],
      [
        0.9194620049534037,
        0.06380304924192774,
        1.646204229647774,
        2.9554418057306795,
        3.955441805730665,
        0.0
      ],
      [
        0.0,
        0.0,
        0.0,
        0.0,
        0.0,
        1.0
      ]
    ],
    "vwap": [
      [
        1.0,
        0.0,
        0.0,
        0.0,
        0.0,
        0.0
      ],
      [
        0.0,
        1.0,
        0.0,
        0.0,
        0.0,
        0.0
      ],
      [
        0.0,
        0.0,
        1.0,
        0.0,
        0.0,
        0.0
      ],
      [
        0.0,
        0.0,
        0.0,
        1.0,
        0.0,
        0.0
      ],
      [
        0.0,
        0.0,
        0.0,
        0.0,
        1.0,
        0.0
      ],
      [
        0.0,
        0.0,
        0.0,
        0.0,
        0.0,
        1.0
      ]
    ]
  },
  "b": {
    "trend": [
      [
        0.06065231859379107
      ],
      [
        0.036449420806481767
      ],
      [
        0.6634367229217415
      ],
      [
        0.14219040870984884
      ],
      [
        0.14219040870984884
      ],
      [
        0.0
      ]
    ],
    "breakout": [
      [
        0.0
      ],
      [
        0.0
      ],
      [
        0.0
      ],
      [
        0.0
      ],
      [
        0.0
      ],
      [
        0.0
      ]
    ],
    "reversion": [
      [
        -0.0083652516348131
      ],
      [
        -0.060562695728640994
      ],
      [
        -1.6680757085180231
      ],
      [
        -1.0504468629733572
      ],
      [
        -1.0504468629733572
      ],
      [
        0.0
      ]
    ],
    "vwap": [
      [
        0.0
      ],
      [
        0.0
      ],
      [
        0.0
      ],
      [
        0.0
      ],
      [
        0.0
      ],
      [
        0.0
      ]
    ]
  },
  "counts": {
    "trend": 1,
    "breakout": 0,
    "reversion": 8,
    "vwap": 0
  },
  "reward_sum": {
    "trend": 0.14219040870984884,
    "breakout": 0.0,
    "reversion": -1.0504468629733572,
    "vwap": 0.0
  },
  "disabled_until": {
    "trend": 0.0,
    "breakout": 0.0,
    "reversion": 0.0,
    "vwap": 0.0
  },
  "_snapshot_time": "2025-09-22T20:25:00.019285"
}