{
  "arms": [
    "trend",
    "breakout",
    "reversion",
    "vwap"
  ],
  "d": 6,
  "alpha": 0.6,
  "alpha_base": 0.6,
  "alpha_boost_until": 0.0,
  "A": {
    "trend": [
      [
        1.0070328865872114,
        0.00422646072969347,
        0.07692822530575423,
        0.016487564555329588,
        0.016487564555329588,
        0.0
      ],
      [
        0.00422646072969347,
        1.0025399201420544,
        0.0462305369534927,
        0.009908313358572264,
        0.009908313358572264,
        0.0
      ],
      [
        0.07692822530575423,
        0.0462305369534927,
        1.8414684035221516,
        0.18034686968534577,
        0.18034686968534577,
        0.0
      ],
      [
        0.016487564555329588,
        0.009908313358572264,
        0.18034686968534577,
        1.038652661548742,
        0.0386526615487428,
        0.0
      ],
      [
        0.016487564555329588,
        0.009908313358572264,
        0.18034686968534577,
        0.0386526615487428,
        1.038652661548742,
        0.0
      ],
      [
        0.0,
        0.0,
        0.0,
        0.0,
        0.0,
        1.0
      ]
    ],
    "breakout": [
      [
        1.0,
        0.0,
        0.0,
        0.0,
        0.0,
        0.0
      ],
      [
        0.0,
        1.0,
        0.0,
        0.0,
        0.0,
        0.0
      ],
      [
        0.0,
        0.0,
        1.0,
        0.0,
        0.0,
        0.0
      ],
      [
        0.0,
        0.0,
        0.0,
        1.0,
        0.0,
        0.0
      ],
      [
        0.0,
        0.0,
        0.0,
        0.0,
        1.0,
        0.0
      ],
      [
        0.0,
        0.0,
        0.0,
        0.0,
        0.0,
        1.0
      ]
    ],
    "reversion": [
      [
        1.081106991573495,
        0.00528522796044009,
        0.13622226111697908,
        0.2548252497000367,
        0.2548252497000367,
        0.0
      ],
      [
        0.00528522796044009,
        1.0004226320296339,
        0.010760012064913463,
        0.01768276216647142,
        0.01768276216647142,
        0.0
      ],
      [
        0.13622226111697908,
        0.010760012064913463,
        1.2911044231973312,
        0.4562389762897382,
        0.4562389762897382,
        0.0
      ],
      [
        0.2548252497000367,
        0.01768276216647142,
        0.4562389762897382,
        1.8190889803623813,
        0.8190889803623959,
        0.0
      ],
      [
        0.2548252497000367,
        0.01768276216647142,
        0.4562389762897382,
        0.8190889803623959,
        1.8190889803623813,
        0.0
      ],
      [
        0.0,
        0.0,
        0.0,
        0.0,
        0.0,
        1.0
      ]
    ],
    "vwap": [
      [
        1.0,
        0.0,
        0.0,
        0.0,
        0.0,
        0.0
      ],
      [
        0.0,
        1.0,
        0.0,
        0.0,
        0.0,
        0.0
      ],
      [
        0.0,
        0.0,
        1.0,
        0.0,
        0.0,
        0.0
      ],
      [
        0.0,
        0.0,
        0.0,
        1.0,
        0.0,
        0.0
      ],
      [
        0.0,
        0.0,
        0.0,
        0.0,
        1.0,
        0.0
      ],
      [
        0.0,
        0.0,
        0.0,
        0.0,
        0.0,
        1.0
      ]
    ]
  },
  "b": {
    "trend": [
      [
        0.01680954965760903
      ],
      [
        0.01010181248207656
      ],
      [
        0.1838688577319456
      ],
      [
        0.03940750809629569
      ],
      [
        0.03940750809629569
      ],
      [
        0.0
      ]
    ],
    "breakout": [
      [
        0.0
      ],
      [
        0.0
      ],
      [
        0.0
      ],
      [
        0.0
      ],
      [
        0.0
      ],
      [
        0.0
      ]
    ],
    "reversion": [
      [
        -0.0023183963286801815
      ],
      [
        -0.016784711035819674
      ],
      [
        -0.4623005699547233
      ],
      [
        -0.29112718384417835
      ],
      [
        -0.29112718384417835
      ],
      [
        0.0
      ]
    ],
    "vwap": [
      [
        0.0
      ],
      [
        0.0
      ],
      [
        0.0
      ],
      [
        0.0
      ],
      [
        0.0
      ],
      [
        0.0
      ]
    ]
  },
  "counts": {
    "trend": 1,
    "breakout": 0,
    "reversion": 8,
    "vwap": 0
  },
  "reward_sum": {
    "trend": 0.03940750809629569,
    "breakout": 0.0,
    "reversion": -0.29112718384417835,
    "vwap": 0.0
  },
  "disabled_until": {
    "trend": 0.0,
    "breakout": 0.0,
    "reversion": 0.0,
    "vwap": 0.0
  },
  "_snapshot_time": "2025-09-25T04:24:00.524792"
}