{
  "arms": [
    "trend",
    "breakout",
    "reversion",
    "vwap"
  ],
  "d": 6,
  "alpha": 0.6,
  "alpha_base": 0.6,
  "alpha_boost_until": 0.0,
  "A": {
    "trend": [
      [
        1.1158861346005056,
        0.06964255585973236,
        1.2676039293128876,
        0.271677937870905,
        0.271677937870905,
        0.0
      ],
      [
        0.06964255585973236,
        1.0418521646562464,
        0.7617751490246418,
        0.16326669302808058,
        0.16326669302808058,
        0.0
      ],
      [
        1.2676039293128876,
        0.7617751490246418,
        14.865504507063529,
        2.971710314956715,
        2.971710314956715,
        0.0
      ],
      [
        0.271677937870905,
        0.16326669302808058,
        2.971710314956715,
        1.6369088258938778,
        0.6369088258938781,
        0.0
      ],
      [
        0.271677937870905,
        0.16326669302808058,
        2.971710314956715,
        0.6369088258938781,
        1.6369088258938778,
        0.0
      ],
      [
        0.0,
        0.0,
        0.0,
        0.0,
        0.0,
        1.0
      ]
    ],
    "breakout": [
      [
        1.0,
        0.0,
        0.0,
        0.0,
        0.0,
        0.0
      ],
      [
        0.0,
        1.0,
        0.0,
        0.0,
        0.0,
        0.0
      ],
      [
        0.0,
        0.0,
        1.0,
        0.0,
        0.0,
        0.0
      ],
      [
        0.0,
        0.0,
        0.0,
        1.0,
        0.0,
        0.0
      ],
      [
        0.0,
        0.0,
        0.0,
        0.0,
        1.0,
        0.0
      ],
      [
        0.0,
        0.0,
        0.0,
        0.0,
        0.0,
        1.0
      ]
    ],
    "reversion": [
      [
        1.094256792616961,
        0.009555749108568795,
        0.26934980679666015,
        0.3240096487629136,
        0.3240096487629136,
        0.0
      ],
      [
        0.009555749108568795,
        1.0010371150396744,
        0.027854451624205627,
        0.03251907929921782,
        0.03251907929921782,
        0.0
      ],
      [
        0.26934980679666015,
        0.027854451624205627,
        1.7740884470316218,
        0.9232588508684236,
        0.9232588508684236,
        0.0
      ],
      [
        0.3240096487629136,
        0.03251907929921782,
        0.9232588508684236,
        2.115373357692387,
        1.1153733576923988,
        0.0
      ],
      [
        0.3240096487629136,
        0.03251907929921782,
        0.9232588508684236,
        1.1153733576923988,
        2.115373357692387,
        0.0
      ],
      [
        0.0,
        0.0,
        0.0,
        0.0,
        0.0,
        1.0
      ]
    ],
    "vwap": [
      [
        1.0,
        0.0,
        0.0,
        0.0,
        0.0,
        0.0
      ],
      [
        0.0,
        1.0,
        0.0,
        0.0,
        0.0,
        0.0
      ],
      [
        0.0,
        0.0,
        1.0,
        0.0,
        0.0,
        0.0
      ],
      [
        0.0,
        0.0,
        0.0,
        1.0,
        0.0,
        0.0
      ],
      [
        0.0,
        0.0,
        0.0,
        0.0,
        1.0,
        0.0
      ],
      [
        0.0,
        0.0,
        0.0,
        0.0,
        0.0,
        1.0
      ]
    ]
  },
  "b": {
    "trend": [
      [
        0.27698352732402753
      ],
      [
        0.16645512287028438
      ],
      [
        3.0297447473008745
      ],
      [
        0.6493469972660008
      ],
      [
        0.6493469972660008
      ],
      [
        0.0
      ]
    ],
    "breakout": [
      [
        0.0
      ],
      [
        0.0
      ],
      [
        0.0
      ],
      [
        0.0
      ],
      [
        0.0
      ],
      [
        0.0
      ]
    ],
    "reversion": [
      [
        0.1291762449849583
      ],
      [
        0.01405500572617258
      ],
      [
        0.3768225760243007
      ],
      [
        0.4394294730109325
      ],
      [
        0.4394294730109325
      ],
      [
        0.0
      ]
    ],
    "vwap": [
      [
        0.0
      ],
      [
        0.0
      ],
      [
        0.0
      ],
      [
        0.0
      ],
      [
        0.0
      ],
      [
        0.0
      ]
    ]
  },
  "counts": {
    "trend": 1,
    "breakout": 0,
    "reversion": 2,
    "vwap": 0
  },
  "reward_sum": {
    "trend": 0.6493469972660008,
    "breakout": 0.0,
    "reversion": 0.4394294730109325,
    "vwap": 0.0
  },
  "disabled_until": {
    "trend": 0.0,
    "breakout": 0.0,
    "reversion": 0.0,
    "vwap": 0.0
  },
  "_snapshot_time": "2025-09-18T08:15:00.115775"
}