{
  "arms": [
    "trend",
    "breakout",
    "reversion",
    "vwap"
  ],
  "d": 6,
  "alpha": 0.6,
  "alpha_base": 0.6,
  "alpha_boost_until": 0.0,
  "A": {
    "trend": [
      [
        1.0057263768401703,
        0.003441304866541239,
        0.06263715506905304,
        0.013424645293175035,
        0.013424645293175035,
        0.0
      ],
      [
        0.003441304866541239,
        1.0020680754192421,
        0.03764222170175172,
        0.008067631325783848,
        0.008067631325783848,
        0.0
      ],
      [
        0.06263715506905304,
        0.03764222170175172,
        1.6851475731779688,
        0.14684356486583772,
        0.14684356486583772,
        0.0
      ],
      [
        0.013424645293175035,
        0.008067631325783848,
        0.14684356486583772,
        1.031472099423032,
        0.03147209942303359,
        0.0
      ],
      [
        0.013424645293175035,
        0.008067631325783848,
        0.14684356486583772,
        0.03147209942303359,
        1.031472099423032,
        0.0
      ],
      [
        0.0,
        0.0,
        0.0,
        0.0,
        0.0,
        1.0
      ]
    ],
    "breakout": [
      [
        1.0,
        0.0,
        0.0,
        0.0,
        0.0,
        0.0
      ],
      [
        0.0,
        1.0,
        0.0,
        0.0,
        0.0,
        0.0
      ],
      [
        0.0,
        0.0,
        1.0,
        0.0,
        0.0,
        0.0
      ],
      [
        0.0,
        0.0,
        0.0,
        1.0,
        0.0,
        0.0
      ],
      [
        0.0,
        0.0,
        0.0,
        0.0,
        1.0,
        0.0
      ],
      [
        0.0,
        0.0,
        0.0,
        0.0,
        0.0,
        1.0
      ]
    ],
    "reversion": [
      [
        1.1528934097541517,
        0.014201322899708062,
        0.5760565829794224,
        0.49132198598582355,
        0.49132198598582355,
        0.0
      ],
      [
        0.014201322899708062,
        1.001472097626726,
        0.0617689647508139,
        0.04674402888866904,
        0.04674402888866904,
        0.0
      ],
      [
        0.5760565829794224,
        0.0617689647508139,
        3.728059366216498,
        1.8915504471264704,
        1.8915504471264704,
        0.0
      ],
      [
        0.49132198598582355,
        0.04674402888866904,
        1.8915504471264704,
        2.594494577389117,
        1.5944945773891301,
        0.0
      ],
      [
        0.49132198598582355,
        0.04674402888866904,
        1.8915504471264704,
        1.5944945773891301,
        2.594494577389117,
        0.0
      ],
      [
        0.0,
        0.0,
        0.0,
        0.0,
        0.0,
        1.0
      ]
    ],
    "vwap": [
      [
        1.0,
        0.0,
        0.0,
        0.0,
        0.0,
        0.0
      ],
      [
        0.0,
        1.0,
        0.0,
        0.0,
        0.0,
        0.0
      ],
      [
        0.0,
        0.0,
        1.0,
        0.0,
        0.0,
        0.0
      ],
      [
        0.0,
        0.0,
        0.0,
        1.0,
        0.0,
        0.0
      ],
      [
        0.0,
        0.0,
        0.0,
        0.0,
        1.0,
        0.0
      ],
      [
        0.0,
        0.0,
        0.0,
        0.0,
        0.0,
        1.0
      ]
    ]
  },
  "b": {
    "trend": [
      [
        0.013686814746600509
      ],
      [
        0.008225183830816843
      ],
      [
        0.14971126798194911
      ],
      [
        0.032086717010589905
      ],
      [
        0.032086717010589905
      ],
      [
        0.0
      ]
    ],
    "breakout": [
      [
        0.0
      ],
      [
        0.0
      ],
      [
        0.0
      ],
      [
        0.0
      ],
      [
        0.0
      ],
      [
        0.0
      ]
    ],
    "reversion": [
      [
        -0.32314756138456985
      ],
      [
        -0.05027766826603112
      ],
      [
        -2.0969073212911375
      ],
      [
        -1.286913256323009
      ],
      [
        -1.286913256323009
      ],
      [
        0.0
      ]
    ],
    "vwap": [
      [
        0.0
      ],
      [
        0.0
      ],
      [
        0.0
      ],
      [
        0.0
      ],
      [
        0.0
      ],
      [
        0.0
      ]
    ]
  },
  "counts": {
    "trend": 1,
    "breakout": 0,
    "reversion": 9,
    "vwap": 0
  },
  "reward_sum": {
    "trend": 0.032086717010589905,
    "breakout": 0.0,
    "reversion": -1.286913256323009,
    "vwap": 0.0
  },
  "disabled_until": {
    "trend": 0.0,
    "breakout": 0.0,
    "reversion": 0.0,
    "vwap": 0.0
  },
  "_snapshot_time": "2025-09-25T11:14:00.314071"
}