{
  "arms": [
    "trend",
    "breakout",
    "reversion",
    "vwap"
  ],
  "d": 6,
  "alpha": 0.6,
  "alpha_base": 0.6,
  "alpha_boost_until": 0.0,
  "A": {
    "trend": [
      [
        1.0028103304595144,
        0.0016888870846003615,
        0.03074039828344455,
        0.006588404959823289,
        0.006588404959823289,
        0.0
      ],
      [
        0.0016888870846003615,
        1.0010149481086348,
        0.018473650122038675,
        0.0039593464914743385,
        0.0039593464914743385,
        0.0
      ],
      [
        0.03074039828344455,
        0.018473650122038675,
        1.3362494554423363,
        0.0720663265175482,
        0.0720663265175482,
        0.0
      ],
      [
        0.006588404959823289,
        0.0039593464914743385,
        0.0720663265175482,
        1.0154455429850477,
        0.015445542985048652,
        0.0
      ],
      [
        0.006588404959823289,
        0.0039593464914743385,
        0.0720663265175482,
        0.015445542985048652,
        1.0154455429850477,
        0.0
      ],
      [
        0.0,
        0.0,
        0.0,
        0.0,
        0.0,
        1.0
      ]
    ],
    "breakout": [
      [
        1.0,
        0.0,
        0.0,
        0.0,
        0.0,
        0.0
      ],
      [
        0.0,
        1.0,
        0.0,
        0.0,
        0.0,
        0.0
      ],
      [
        0.0,
        0.0,
        1.0,
        0.0,
        0.0,
        0.0
      ],
      [
        0.0,
        0.0,
        0.0,
        1.0,
        0.0,
        0.0
      ],
      [
        0.0,
        0.0,
        0.0,
        0.0,
        1.0,
        0.0
      ],
      [
        0.0,
        0.0,
        0.0,
        0.0,
        0.0,
        1.0
      ]
    ],
    "reversion": [
      [
        1.150621837247253,
        0.012260094070920168,
        0.4406775218240186,
        0.49359841554781636,
        0.49359841554781636,
        0.0
      ],
      [
        0.012260094070920168,
        1.0010927596709762,
        0.04137086884131701,
        0.0406118494925374,
        0.0406118494925374,
        0.0
      ],
      [
        0.4406775218240186,
        0.04137086884131701,
        2.66897925883225,
        1.4559525866205223,
        1.4559525866205223,
        0.0
      ],
      [
        0.49359841554781636,
        0.0406118494925374,
        1.4559525866205223,
        2.6258342645800177,
        1.6258342645800334,
        0.0
      ],
      [
        0.49359841554781636,
        0.0406118494925374,
        1.4559525866205223,
        1.6258342645800334,
        2.6258342645800177,
        0.0
      ],
      [
        0.0,
        0.0,
        0.0,
        0.0,
        0.0,
        1.0
      ]
    ],
    "vwap": [
      [
        1.0,
        0.0,
        0.0,
        0.0,
        0.0,
        0.0
      ],
      [
        0.0,
        1.0,
        0.0,
        0.0,
        0.0,
        0.0
      ],
      [
        0.0,
        0.0,
        1.0,
        0.0,
        0.0,
        0.0
      ],
      [
        0.0,
        0.0,
        0.0,
        1.0,
        0.0,
        0.0
      ],
      [
        0.0,
        0.0,
        0.0,
        0.0,
        1.0,
        0.0
      ],
      [
        0.0,
        0.0,
        0.0,
        0.0,
        0.0,
        1.0
      ]
    ]
  },
  "b": {
    "trend": [
      [
        0.006717069702134262
      ],
      [
        0.00403666843800798
      ],
      [
        0.07347370742191328
      ],
      [
        0.015747178482584633
      ],
      [
        0.015747178482584633
      ],
      [
        0.0
      ]
    ],
    "breakout": [
      [
        0.0
      ],
      [
        0.0
      ],
      [
        0.0
      ],
      [
        0.0
      ],
      [
        0.0
      ],
      [
        0.0
      ]
    ],
    "reversion": [
      [
        -0.5172268177874284
      ],
      [
        -0.049776734430163186
      ],
      [
        -1.7786039488808987
      ],
      [
        -1.829487643807997
      ],
      [
        -1.829487643807997
      ],
      [
        0.0
      ]
    ],
    "vwap": [
      [
        0.0
      ],
      [
        0.0
      ],
      [
        0.0
      ],
      [
        0.0
      ],
      [
        0.0
      ],
      [
        0.0
      ]
    ]
  },
  "counts": {
    "trend": 1,
    "breakout": 0,
    "reversion": 10,
    "vwap": 0
  },
  "reward_sum": {
    "trend": 0.015747178482584633,
    "breakout": 0.0,
    "reversion": -1.829487643807997,
    "vwap": 0.0
  },
  "disabled_until": {
    "trend": 0.0,
    "breakout": 0.0,
    "reversion": 0.0,
    "vwap": 0.0
  },
  "_snapshot_time": "2025-09-26T14:45:00.613890"
}