{
  "arms": [
    "trend",
    "breakout",
    "reversion",
    "vwap"
  ],
  "d": 6,
  "alpha": 0.6,
  "alpha_base": 0.6,
  "alpha_boost_until": 0.0,
  "A": {
    "trend": [
      [
        1.0195535286430193,
        0.01175082519984653,
        0.2138834798940363,
        0.04584036181850775,
        0.04584036181850775,
        0.0
      ],
      [
        0.01175082519984653,
        1.0070617378273883,
        0.1285347228755485,
        0.027548075268720468,
        0.027548075268720468,
        0.0
      ],
      [
        0.2138834798940363,
        0.1285347228755485,
        3.3395338921556714,
        0.5014182495824817,
        0.5014182495824817,
        0.0
      ],
      [
        0.04584036181850775,
        0.027548075268720468,
        0.5014182495824817,
        1.1074659622830687,
        0.10746596228306791,
        0.0
      ],
      [
        0.04584036181850775,
        0.027548075268720468,
        0.5014182495824817,
        0.10746596228306791,
        1.1074659622830687,
        0.0
      ],
      [
        0.0,
        0.0,
        0.0,
        0.0,
        0.0,
        1.0
      ]
    ],
    "breakout": [
      [
        1.0,
        0.0,
        0.0,
        0.0,
        0.0,
        0.0
      ],
      [
        0.0,
        1.0,
        0.0,
        0.0,
        0.0,
        0.0
      ],
      [
        0.0,
        0.0,
        1.0,
        0.0,
        0.0,
        0.0
      ],
      [
        0.0,
        0.0,
        0.0,
        1.0,
        0.0,
        0.0
      ],
      [
        0.0,
        0.0,
        0.0,
        0.0,
        1.0,
        0.0
      ],
      [
        0.0,
        0.0,
        0.0,
        0.0,
        0.0,
        1.0
      ]
    ],
    "reversion": [
      [
        1.225501700221566,
        0.014694514837945061,
        0.3787386376188018,
        0.7084904266813215,
        0.7084904266813215,
        0.0
      ],
      [
        0.014694514837945061,
        1.0011750434753086,
        0.02991605246317005,
        0.04916336872807875,
        0.04916336872807875,
        0.0
      ],
      [
        0.3787386376188018,
        0.02991605246317005,
        1.8093573821380518,
        1.2684808407356154,
        1.2684808407356154,
        0.0
      ],
      [
        0.7084904266813215,
        0.04916336872807875,
        1.2684808407356154,
        3.277312400831662,
        2.2773124008316774,
        0.0
      ],
      [
        0.7084904266813215,
        0.04916336872807875,
        1.2684808407356154,
        2.2773124008316774,
        3.277312400831662,
        0.0
      ],
      [
        0.0,
        0.0,
        0.0,
        0.0,
        0.0,
        1.0
      ]
    ],
    "vwap": [
      [
        1.0,
        0.0,
        0.0,
        0.0,
        0.0,
        0.0
      ],
      [
        0.0,
        1.0,
        0.0,
        0.0,
        0.0,
        0.0
      ],
      [
        0.0,
        0.0,
        1.0,
        0.0,
        0.0,
        0.0
      ],
      [
        0.0,
        0.0,
        0.0,
        1.0,
        0.0,
        0.0
      ],
      [
        0.0,
        0.0,
        0.0,
        0.0,
        1.0,
        0.0
      ],
      [
        0.0,
        0.0,
        0.0,
        0.0,
        0.0,
        1.0
      ]
    ]
  },
  "b": {
    "trend": [
      [
        0.04673557672663612
      ],
      [
        0.028086060718495936
      ],
      [
        0.5112104299760629
      ],
      [
        0.10956466150217661
      ],
      [
        0.10956466150217661
      ],
      [
        0.0
      ]
    ],
    "breakout": [
      [
        0.0
      ],
      [
        0.0
      ],
      [
        0.0
      ],
      [
        0.0
      ],
      [
        0.0
      ],
      [
        0.0
      ]
    ],
    "reversion": [
      [
        -0.006445835356019641
      ],
      [
        -0.04666651792743776
      ],
      [
        -1.2853338844866937
      ],
      [
        -0.8094206635452718
      ],
      [
        -0.8094206635452718
      ],
      [
        0.0
      ]
    ],
    "vwap": [
      [
        0.0
      ],
      [
        0.0
      ],
      [
        0.0
      ],
      [
        0.0
      ],
      [
        0.0
      ],
      [
        0.0
      ]
    ]
  },
  "counts": {
    "trend": 1,
    "breakout": 0,
    "reversion": 8,
    "vwap": 0
  },
  "reward_sum": {
    "trend": 0.10956466150217661,
    "breakout": 0.0,
    "reversion": -0.8094206635452718,
    "vwap": 0.0
  },
  "disabled_until": {
    "trend": 0.0,
    "breakout": 0.0,
    "reversion": 0.0,
    "vwap": 0.0
  },
  "_snapshot_time": "2025-09-23T08:04:00.575857"
}