{
  "arms": [
    "trend",
    "breakout",
    "reversion",
    "vwap"
  ],
  "d": 6,
  "alpha": 0.6,
  "alpha_base": 0.6,
  "alpha_boost_until": 0.0,
  "A": {
    "trend": [
      [
        1.0108230252057404,
        0.006504170149952454,
        0.1183861151736745,
        0.025372985125066177,
        0.025372985125066177,
        0.0
      ],
      [
        0.006504170149952454,
        1.003908725013142,
        0.07114493608248652,
        0.015248066906296528,
        0.015248066906296528,
        0.0
      ],
      [
        0.1183861151736745,
        0.07114493608248652,
        2.2949496096971655,
        0.2775387733295857,
        0.2775387733295857,
        0.0
      ],
      [
        0.025372985125066177,
        0.015248066906296528,
        0.2775387733295857,
        1.059483218593582,
        0.05948321859358224,
        0.0
      ],
      [
        0.025372985125066177,
        0.015248066906296528,
        0.2775387733295857,
        0.05948321859358224,
        1.059483218593582,
        0.0
      ],
      [
        0.0,
        0.0,
        0.0,
        0.0,
        0.0,
        1.0
      ]
    ],
    "breakout": [
      [
        1.0,
        0.0,
        0.0,
        0.0,
        0.0,
        0.0
      ],
      [
        0.0,
        1.0,
        0.0,
        0.0,
        0.0,
        0.0
      ],
      [
        0.0,
        0.0,
        1.0,
        0.0,
        0.0,
        0.0
      ],
      [
        0.0,
        0.0,
        0.0,
        1.0,
        0.0,
        0.0
      ],
      [
        0.0,
        0.0,
        0.0,
        0.0,
        1.0,
        0.0
      ],
      [
        0.0,
        0.0,
        0.0,
        0.0,
        0.0,
        1.0
      ]
    ],
    "reversion": [
      [
        1.1248168875292106,
        0.008133524510112199,
        0.20963468518500666,
        0.392154781164468,
        0.392154781164468,
        0.0
      ],
      [
        0.008133524510112199,
        1.0006503954034738,
        0.016558760097793262,
        0.027212294448602015,
        0.027212294448602015,
        0.0
      ],
      [
        0.20963468518500666,
        0.016558760097793262,
        1.4479853998351304,
        0.7021136881694865,
        0.7021136881694865,
        0.0
      ],
      [
        0.392154781164468,
        0.027212294448602015,
        0.7021136881694865,
        2.26050954615504,
        1.260509546155057,
        0.0
      ],
      [
        0.392154781164468,
        0.027212294448602015,
        0.7021136881694865,
        1.260509546155057,
        2.26050954615504,
        0.0
      ],
      [
        0.0,
        0.0,
        0.0,
        0.0,
        0.0,
        1.0
      ]
    ],
    "vwap": [
      [
        1.0,
        0.0,
        0.0,
        0.0,
        0.0,
        0.0
      ],
      [
        0.0,
        1.0,
        0.0,
        0.0,
        0.0,
        0.0
      ],
      [
        0.0,
        0.0,
        1.0,
        0.0,
        0.0,
        0.0
      ],
      [
        0.0,
        0.0,
        0.0,
        1.0,
        0.0,
        0.0
      ],
      [
        0.0,
        0.0,
        0.0,
        0.0,
        1.0,
        0.0
      ],
      [
        0.0,
        0.0,
        0.0,
        0.0,
        0.0,
        1.0
      ]
    ]
  },
  "b": {
    "trend": [
      [
        0.025868493311445872
      ],
      [
        0.015545845900029158
      ],
      [
        0.28295881884432206
      ],
      [
        0.060644864399941024
      ],
      [
        0.060644864399941024
      ],
      [
        0.0
      ]
    ],
    "breakout": [
      [
        0.0
      ],
      [
        0.0
      ],
      [
        0.0
      ],
      [
        0.0
      ],
      [
        0.0
      ],
      [
        0.0
      ]
    ],
    "reversion": [
      [
        -0.0035678183617843875
      ],
      [
        -0.025830268746557996
      ],
      [
        -0.7114419746717007
      ],
      [
        -0.4480204265700952
      ],
      [
        -0.4480204265700952
      ],
      [
        0.0
      ]
    ],
    "vwap": [
      [
        0.0
      ],
      [
        0.0
      ],
      [
        0.0
      ],
      [
        0.0
      ],
      [
        0.0
      ],
      [
        0.0
      ]
    ]
  },
  "counts": {
    "trend": 1,
    "breakout": 0,
    "reversion": 8,
    "vwap": 0
  },
  "reward_sum": {
    "trend": 0.060644864399941024,
    "breakout": 0.0,
    "reversion": -0.4480204265700952,
    "vwap": 0.0
  },
  "disabled_until": {
    "trend": 0.0,
    "breakout": 0.0,
    "reversion": 0.0,
    "vwap": 0.0
  },
  "_snapshot_time": "2025-09-24T07:21:00.515535"
}