{
  "arms": [
    "trend",
    "breakout",
    "reversion",
    "vwap"
  ],
  "d": 6,
  "alpha": 0.6,
  "alpha_base": 0.6,
  "alpha_boost_until": 0.0,
  "A": {
    "trend": [
      [
        1.0028529105054216,
        0.001714475850985806,
        0.031206154033158698,
        0.0066882275926723736,
        0.0066882275926723736,
        0.0
      ],
      [
        0.001714475850985806,
        1.0010303258507482,
        0.018753549187861148,
        0.004019335577383738,
        0.004019335577383738,
        0.0
      ],
      [
        0.031206154033158698,
        0.018753549187861148,
        1.34134405817866,
        0.0731582221275801,
        0.0731582221275801,
        0.0
      ],
      [
        0.0066882275926723736,
        0.004019335577383738,
        0.0731582221275801,
        1.0156795624140225,
        0.01567956241402325,
        0.0
      ],
      [
        0.0066882275926723736,
        0.004019335577383738,
        0.0731582221275801,
        0.01567956241402325,
        1.0156795624140225,
        0.0
      ],
      [
        0.0,
        0.0,
        0.0,
        0.0,
        0.0,
        1.0
      ]
    ],
    "breakout": [
      [
        1.0,
        0.0,
        0.0,
        0.0,
        0.0,
        0.0
      ],
      [
        0.0,
        1.0,
        0.0,
        0.0,
        0.0,
        0.0
      ],
      [
        0.0,
        0.0,
        1.0,
        0.0,
        0.0,
        0.0
      ],
      [
        0.0,
        0.0,
        0.0,
        1.0,
        0.0,
        0.0
      ],
      [
        0.0,
        0.0,
        0.0,
        0.0,
        1.0,
        0.0
      ],
      [
        0.0,
        0.0,
        0.0,
        0.0,
        0.0,
        1.0
      ]
    ],
    "reversion": [
      [
        1.1529039477808758,
        0.012445849936960546,
        0.44735434128702006,
        0.5010770532014801,
        0.5010770532014801,
        0.0
      ],
      [
        0.012445849936960546,
        1.001109316356258,
        0.04199768960843409,
        0.041227170160580334,
        0.041227170160580334,
        0.0
      ],
      [
        0.44735434128702006,
        0.04199768960843409,
        2.694266396584575,
        1.4780121019943,
        1.4780121019943,
        0.0
      ],
      [
        0.5010770532014801,
        0.041227170160580334,
        1.4780121019943,
        2.6504677013308435,
        1.6504677013308593,
        0.0
      ],
      [
        0.5010770532014801,
        0.041227170160580334,
        1.4780121019943,
        1.6504677013308593,
        2.6504677013308435,
        0.0
      ],
      [
        0.0,
        0.0,
        0.0,
        0.0,
        0.0,
        1.0
      ]
    ],
    "vwap": [
      [
        1.0,
        0.0,
        0.0,
        0.0,
        0.0,
        0.0
      ],
      [
        0.0,
        1.0,
        0.0,
        0.0,
        0.0,
        0.0
      ],
      [
        0.0,
        0.0,
        1.0,
        0.0,
        0.0,
        0.0
      ],
      [
        0.0,
        0.0,
        0.0,
        1.0,
        0.0,
        0.0
      ],
      [
        0.0,
        0.0,
        0.0,
        0.0,
        1.0,
        0.0
      ],
      [
        0.0,
        0.0,
        0.0,
        0.0,
        0.0,
        1.0
      ]
    ]
  },
  "b": {
    "trend": [
      [
        0.006818841767875018
      ],
      [
        0.0040978290487897985
      ],
      [
        0.07458692662515962
      ],
      [
        0.015985768069239032
      ],
      [
        0.015985768069239032
      ],
      [
        0.0
      ]
    ],
    "breakout": [
      [
        0.0
      ],
      [
        0.0
      ],
      [
        0.0
      ],
      [
        0.0
      ],
      [
        0.0
      ],
      [
        0.0
      ]
    ],
    "reversion": [
      [
        -0.5250634554936023
      ],
      [
        -0.0505309146476436
      ],
      [
        -1.8055520387532966
      ],
      [
        -1.8572066857435552
      ],
      [
        -1.8572066857435552
      ],
      [
        0.0
      ]
    ],
    "vwap": [
      [
        0.0
      ],
      [
        0.0
      ],
      [
        0.0
      ],
      [
        0.0
      ],
      [
        0.0
      ],
      [
        0.0
      ]
    ]
  },
  "counts": {
    "trend": 1,
    "breakout": 0,
    "reversion": 10,
    "vwap": 0
  },
  "reward_sum": {
    "trend": 0.015985768069239032,
    "breakout": 0.0,
    "reversion": -1.8572066857435552,
    "vwap": 0.0
  },
  "disabled_until": {
    "trend": 0.0,
    "breakout": 0.0,
    "reversion": 0.0,
    "vwap": 0.0
  },
  "_snapshot_time": "2025-09-26T13:31:00.332149"
}