{
  "arms": [
    "trend",
    "breakout",
    "reversion",
    "vwap"
  ],
  "d": 6,
  "alpha": 0.6,
  "alpha_base": 0.6,
  "alpha_boost_until": 0.0,
  "A": {
    "trend": [
      [
        1.0123915458952588,
        0.007446783259911853,
        0.13554315467712055,
        0.029050150369254478,
        0.029050150369254478,
        0.0
      ],
      [
        0.007446783259911853,
        1.0044751947326713,
        0.08145557493609425,
        0.017457884213661744,
        0.017457884213661744,
        0.0
      ],
      [
        0.13554315467712055,
        0.08145557493609425,
        2.482619435469835,
        0.3177609200802253,
        0.3177609200802253,
        0.0
      ],
      [
        0.029050150369254478,
        0.017457884213661744,
        0.3177609200802253,
        1.0681037897619579,
        0.06810378976195819,
        0.0
      ],
      [
        0.029050150369254478,
        0.017457884213661744,
        0.3177609200802253,
        0.06810378976195819,
        1.0681037897619579,
        0.0
      ],
      [
        0.0,
        0.0,
        0.0,
        0.0,
        0.0,
        1.0
      ]
    ],
    "breakout": [
      [
        1.0,
        0.0,
        0.0,
        0.0,
        0.0,
        0.0
      ],
      [
        0.0,
        1.0,
        0.0,
        0.0,
        0.0,
        0.0
      ],
      [
        0.0,
        0.0,
        1.0,
        0.0,
        0.0,
        0.0
      ],
      [
        0.0,
        0.0,
        0.0,
        1.0,
        0.0,
        0.0
      ],
      [
        0.0,
        0.0,
        0.0,
        0.0,
        1.0,
        0.0
      ],
      [
        0.0,
        0.0,
        0.0,
        0.0,
        0.0,
        1.0
      ]
    ],
    "reversion": [
      [
        1.1429059030095665,
        0.009312270861553182,
        0.24001587110140568,
        0.4489875867855799,
        0.4489875867855799,
        0.0
      ],
      [
        0.009312270861553182,
        1.0007446535824325,
        0.018958528860448808,
        0.03115602053632053,
        0.03115602053632053,
        0.0
      ],
      [
        0.24001587110140568,
        0.018958528860448808,
        1.5129094256861584,
        0.8038671097270914,
        0.8038671097270914,
        0.0
      ],
      [
        0.4489875867855799,
        0.03115602053632053,
        0.8038671097270914,
        2.4431881655702186,
        1.4431881655702359,
        0.0
      ],
      [
        0.4489875867855799,
        0.03115602053632053,
        0.8038671097270914,
        1.4431881655702359,
        2.4431881655702186,
        0.0
      ],
      [
        0.0,
        0.0,
        0.0,
        0.0,
        0.0,
        1.0
      ]
    ],
    "vwap": [
      [
        1.0,
        0.0,
        0.0,
        0.0,
        0.0,
        0.0
      ],
      [
        0.0,
        1.0,
        0.0,
        0.0,
        0.0,
        0.0
      ],
      [
        0.0,
        0.0,
        1.0,
        0.0,
        0.0,
        0.0
      ],
      [
        0.0,
        0.0,
        0.0,
        1.0,
        0.0,
        0.0
      ],
      [
        0.0,
        0.0,
        0.0,
        0.0,
        1.0,
        0.0
      ],
      [
        0.0,
        0.0,
        0.0,
        0.0,
        0.0,
        1.0
      ]
    ]
  },
  "b": {
    "trend": [
      [
        0.0296174697939329
      ],
      [
        0.01779881865642041
      ],
      [
        0.32396646256705497
      ],
      [
        0.06943378641722746
      ],
      [
        0.06943378641722746
      ],
      [
        0.0
      ]
    ],
    "breakout": [
      [
        0.0
      ],
      [
        0.0
      ],
      [
        0.0
      ],
      [
        0.0
      ],
      [
        0.0
      ],
      [
        0.0
      ]
    ],
    "reversion": [
      [
        -0.004084882381365181
      ],
      [
        -0.029573705556011395
      ],
      [
        -0.8145472927737879
      ],
      [
        -0.512949528650498
      ],
      [
        -0.512949528650498
      ],
      [
        0.0
      ]
    ],
    "vwap": [
      [
        0.0
      ],
      [
        0.0
      ],
      [
        0.0
      ],
      [
        0.0
      ],
      [
        0.0
      ],
      [
        0.0
      ]
    ]
  },
  "counts": {
    "trend": 1,
    "breakout": 0,
    "reversion": 8,
    "vwap": 0
  },
  "reward_sum": {
    "trend": 0.06943378641722746,
    "breakout": 0.0,
    "reversion": -0.512949528650498,
    "vwap": 0.0
  },
  "disabled_until": {
    "trend": 0.0,
    "breakout": 0.0,
    "reversion": 0.0,
    "vwap": 0.0
  },
  "_snapshot_time": "2025-09-24T02:56:00.069390"
}