{
  "arms": [
    "trend",
    "breakout",
    "reversion",
    "vwap"
  ],
  "d": 6,
  "alpha": 0.6,
  "alpha_base": 0.6,
  "alpha_boost_until": 0.0,
  "A": {
    "trend": [
      [
        1.0039915515115438,
        0.002398749859661217,
        0.04366101602688922,
        0.009357603369029877,
        0.009357603369029877,
        0.0
      ],
      [
        0.002398749859661217,
        1.0014415449412537,
        0.026238382685102122,
        0.005623514992431588,
        0.005623514992431588,
        0.0
      ],
      [
        0.04366101602688922,
        0.026238382685102122,
        1.4775797869543914,
        0.10235680774429867,
        0.10235680774429867,
        0.0
      ],
      [
        0.009357603369029877,
        0.005623514992431588,
        0.10235680774429867,
        1.021937519923981,
        0.021937519923982282,
        0.0
      ],
      [
        0.009357603369029877,
        0.005623514992431588,
        0.10235680774429867,
        0.021937519923982282,
        1.021937519923981,
        0.0
      ],
      [
        0.0,
        0.0,
        0.0,
        0.0,
        0.0,
        1.0
      ]
    ],
    "breakout": [
      [
        1.0,
        0.0,
        0.0,
        0.0,
        0.0,
        0.0
      ],
      [
        0.0,
        1.0,
        0.0,
        0.0,
        0.0,
        0.0
      ],
      [
        0.0,
        0.0,
        1.0,
        0.0,
        0.0,
        0.0
      ],
      [
        0.0,
        0.0,
        0.0,
        1.0,
        0.0,
        0.0
      ],
      [
        0.0,
        0.0,
        0.0,
        0.0,
        1.0,
        0.0
      ],
      [
        0.0,
        0.0,
        0.0,
        0.0,
        0.0,
        1.0
      ]
    ],
    "reversion": [
      [
        1.1065738315592801,
        0.009898983854608778,
        0.40153828305471634,
        0.34247432024716284,
        0.34247432024716284,
        0.0
      ],
      [
        0.009898983854608778,
        1.0010261206468067,
        0.043055846916682336,
        0.032582766446202914,
        0.032582766446202914,
        0.0
      ],
      [
        0.40153828305471634,
        0.043055846916682336,
        2.9015845080986384,
        1.318498809478367,
        1.318498809478367,
        0.0
      ],
      [
        0.34247432024716284,
        0.032582766446202914,
        1.318498809478367,
        2.1114370252197063,
        1.1114370252197223,
        0.0
      ],
      [
        0.34247432024716284,
        0.032582766446202914,
        1.318498809478367,
        1.1114370252197223,
        2.1114370252197063,
        0.0
      ],
      [
        0.0,
        0.0,
        0.0,
        0.0,
        0.0,
        1.0
      ]
    ],
    "vwap": [
      [
        1.0,
        0.0,
        0.0,
        0.0,
        0.0,
        0.0
      ],
      [
        0.0,
        1.0,
        0.0,
        0.0,
        0.0,
        0.0
      ],
      [
        0.0,
        0.0,
        1.0,
        0.0,
        0.0,
        0.0
      ],
      [
        0.0,
        0.0,
        0.0,
        1.0,
        0.0,
        0.0
      ],
      [
        0.0,
        0.0,
        0.0,
        0.0,
        1.0,
        0.0
      ],
      [
        0.0,
        0.0,
        0.0,
        0.0,
        0.0,
        1.0
      ]
    ]
  },
  "b": {
    "trend": [
      [
        0.009540347695383013
      ],
      [
        0.005733336430517954
      ],
      [
        0.1043557304535895
      ],
      [
        0.02236593702420215
      ],
      [
        0.02236593702420215
      ],
      [
        0.0
      ]
    ],
    "breakout": [
      [
        0.0
      ],
      [
        0.0
      ],
      [
        0.0
      ],
      [
        0.0
      ],
      [
        0.0
      ],
      [
        0.0
      ]
    ],
    "reversion": [
      [
        -0.22524890923139376
      ],
      [
        -0.03504587776277159
      ],
      [
        -1.4616421205730494
      ],
      [
        -0.897038510890091
      ],
      [
        -0.897038510890091
      ],
      [
        0.0
      ]
    ],
    "vwap": [
      [
        0.0
      ],
      [
        0.0
      ],
      [
        0.0
      ],
      [
        0.0
      ],
      [
        0.0
      ],
      [
        0.0
      ]
    ]
  },
  "counts": {
    "trend": 1,
    "breakout": 0,
    "reversion": 9,
    "vwap": 0
  },
  "reward_sum": {
    "trend": 0.02236593702420215,
    "breakout": 0.0,
    "reversion": -0.897038510890091,
    "vwap": 0.0
  },
  "disabled_until": {
    "trend": 0.0,
    "breakout": 0.0,
    "reversion": 0.0,
    "vwap": 0.0
  },
  "_snapshot_time": "2025-09-26T02:30:00.933850"
}