{
  "arms": [
    "trend",
    "breakout",
    "reversion",
    "vwap"
  ],
  "d": 6,
  "alpha": 0.6,
  "alpha_base": 0.6,
  "alpha_boost_until": 0.0,
  "A": {
    "trend": [
      [
        1.0853570510782244,
        0.05129589677168589,
        0.9336659101997973,
        0.20010700762101502,
        0.20010700762101502,
        0.0
      ],
      [
        0.05129589677168589,
        1.0308266158726611,
        0.5610928393596983,
        0.12025565874823606,
        0.12025565874823606,
        0.0
      ],
      [
        0.9336659101997973,
        0.5610928393596983,
        11.212771187120126,
        2.1888419181282974,
        2.1888419181282974,
        0.0
      ],
      [
        0.20010700762101502,
        0.12025565874823606,
        2.1888419181282974,
        1.4691213437345758,
        0.46912134373457726,
        0.0
      ],
      [
        0.20010700762101502,
        0.12025565874823606,
        2.1888419181282974,
        0.46912134373457726,
        1.4691213437345758,
        0.0
      ],
      [
        0.0,
        0.0,
        0.0,
        0.0,
        0.0,
        1.0
      ]
    ],
    "breakout": [
      [
        1.0,
        0.0,
        0.0,
        0.0,
        0.0,
        0.0
      ],
      [
        0.0,
        1.0,
        0.0,
        0.0,
        0.0,
        0.0
      ],
      [
        0.0,
        0.0,
        1.0,
        0.0,
        0.0,
        0.0
      ],
      [
        0.0,
        0.0,
        0.0,
        1.0,
        0.0,
        0.0
      ],
      [
        0.0,
        0.0,
        0.0,
        0.0,
        1.0,
        0.0
      ],
      [
        0.0,
        0.0,
        0.0,
        0.0,
        0.0,
        1.0
      ]
    ],
    "reversion": [
      [
        1.069425750454191,
        0.007038379246685477,
        0.19839220020504442,
        0.23865243443172623,
        0.23865243443172623,
        0.0
      ],
      [
        0.007038379246685477,
        1.0007638970936488,
        0.020516465220273724,
        0.023952241761526792,
        0.023952241761526792,
        0.0
      ],
      [
        0.19839220020504442,
        0.020516465220273724,
        1.5701623178658757,
        0.680035218740089,
        0.680035218740089,
        0.0
      ],
      [
        0.23865243443172623,
        0.023952241761526792,
        0.680035218740089,
        1.8215390132049811,
        0.8215390132049906,
        0.0
      ],
      [
        0.23865243443172623,
        0.023952241761526792,
        0.680035218740089,
        0.8215390132049906,
        1.8215390132049811,
        0.0
      ],
      [
        0.0,
        0.0,
        0.0,
        0.0,
        0.0,
        1.0
      ]
    ],
    "vwap": [
      [
        1.0,
        0.0,
        0.0,
        0.0,
        0.0,
        0.0
      ],
      [
        0.0,
        1.0,
        0.0,
        0.0,
        0.0,
        0.0
      ],
      [
        0.0,
        0.0,
        1.0,
        0.0,
        0.0,
        0.0
      ],
      [
        0.0,
        0.0,
        0.0,
        1.0,
        0.0,
        0.0
      ],
      [
        0.0,
        0.0,
        0.0,
        0.0,
        1.0,
        0.0
      ],
      [
        0.0,
        0.0,
        0.0,
        0.0,
        0.0,
        1.0
      ]
    ]
  },
  "b": {
    "trend": [
      [
        0.2040148907470804
      ],
      [
        0.12260412752613196
      ],
      [
        2.2315877394724373
      ],
      [
        0.4782827989232413
      ],
      [
        0.4782827989232413
      ],
      [
        0.0
      ]
    ],
    "breakout": [
      [
        0.0
      ],
      [
        0.0
      ],
      [
        0.0
      ],
      [
        0.0
      ],
      [
        0.0
      ],
      [
        0.0
      ]
    ],
    "reversion": [
      [
        0.09514601017010825
      ],
      [
        0.010352350139292737
      ],
      [
        0.27755230580444057
      ],
      [
        0.3236660201185749
      ],
      [
        0.3236660201185749
      ],
      [
        0.0
      ]
    ],
    "vwap": [
      [
        0.0
      ],
      [
        0.0
      ],
      [
        0.0
      ],
      [
        0.0
      ],
      [
        0.0
      ],
      [
        0.0
      ]
    ]
  },
  "counts": {
    "trend": 1,
    "breakout": 0,
    "reversion": 2,
    "vwap": 0
  },
  "reward_sum": {
    "trend": 0.4782827989232413,
    "breakout": 0.0,
    "reversion": 0.3236660201185749,
    "vwap": 0.0
  },
  "disabled_until": {
    "trend": 0.0,
    "breakout": 0.0,
    "reversion": 0.0,
    "vwap": 0.0
  },
  "_snapshot_time": "2025-09-18T19:57:00.567198"
}