{
  "arms": [
    "trend",
    "breakout",
    "reversion",
    "vwap"
  ],
  "d": 6,
  "alpha": 0.6,
  "alpha_base": 0.6,
  "alpha_boost_until": 0.0,
  "A": {
    "trend": [
      [
        1.0128340558394124,
        0.007712712601765052,
        0.14038348648992258,
        0.03008754961921247,
        0.03008754961921247,
        0.0
      ],
      [
        0.007712712601765052,
        1.0046350067680683,
        0.08436440505468236,
        0.018081316304680246,
        0.018081316304680246,
        0.0
      ],
      [
        0.14038348648992258,
        0.08436440505468236,
        2.53556471357612,
        0.329108363586269,
        0.329108363586269,
        0.0
      ],
      [
        0.03008754961921247,
        0.018081316304680246,
        0.329108363586269,
        1.070535819184192,
        0.07053581918419231,
        0.0
      ],
      [
        0.03008754961921247,
        0.018081316304680246,
        0.329108363586269,
        0.07053581918419231,
        1.070535819184192,
        0.0
      ],
      [
        0.0,
        0.0,
        0.0,
        0.0,
        0.0,
        1.0
      ]
    ],
    "breakout": [
      [
        1.0,
        0.0,
        0.0,
        0.0,
        0.0,
        0.0
      ],
      [
        0.0,
        1.0,
        0.0,
        0.0,
        0.0,
        0.0
      ],
      [
        0.0,
        0.0,
        1.0,
        0.0,
        0.0,
        0.0
      ],
      [
        0.0,
        0.0,
        0.0,
        1.0,
        0.0,
        0.0
      ],
      [
        0.0,
        0.0,
        0.0,
        0.0,
        1.0,
        0.0
      ],
      [
        0.0,
        0.0,
        0.0,
        0.0,
        0.0,
        1.0
      ]
    ],
    "reversion": [
      [
        1.1480091632237919,
        0.009644817945970528,
        0.24858698971847612,
        0.4650212175878759,
        0.4650212175878759,
        0.0
      ],
      [
        0.009644817945970528,
        1.0007712456330093,
        0.019635549921274434,
        0.03226862174234602,
        0.03226862174234602,
        0.0
      ],
      [
        0.24858698971847612,
        0.019635549921274434,
        1.5312257457994733,
        0.8325737128288564,
        0.8325737128288564,
        0.0
      ],
      [
        0.4650212175878759,
        0.03226862174234602,
        0.8325737128288564,
        2.4947253280798956,
        1.4947253280799129,
        0.0
      ],
      [
        0.4650212175878759,
        0.03226862174234602,
        0.8325737128288564,
        1.4947253280799129,
        2.4947253280798956,
        0.0
      ],
      [
        0.0,
        0.0,
        0.0,
        0.0,
        0.0,
        1.0
      ]
    ],
    "vwap": [
      [
        1.0,
        0.0,
        0.0,
        0.0,
        0.0,
        0.0
      ],
      [
        0.0,
        1.0,
        0.0,
        0.0,
        0.0,
        0.0
      ],
      [
        0.0,
        0.0,
        1.0,
        0.0,
        0.0,
        0.0
      ],
      [
        0.0,
        0.0,
        0.0,
        1.0,
        0.0,
        0.0
      ],
      [
        0.0,
        0.0,
        0.0,
        0.0,
        1.0,
        0.0
      ],
      [
        0.0,
        0.0,
        0.0,
        0.0,
        0.0,
        1.0
      ]
    ]
  },
  "b": {
    "trend": [
      [
        0.03067512837949388
      ],
      [
        0.01843442573210188
      ],
      [
        0.33553550992160164
      ],
      [
        0.0719133108615212
      ],
      [
        0.0719133108615212
      ],
      [
        0.0
      ]
    ],
    "breakout": [
      [
        0.0
      ],
      [
        0.0
      ],
      [
        0.0
      ],
      [
        0.0
      ],
      [
        0.0
      ],
      [
        0.0
      ]
    ],
    "reversion": [
      [
        -0.004230756115742812
      ],
      [
        -0.030629801292946204
      ],
      [
        -0.8436352919695913
      ],
      [
        -0.5312672808660432
      ],
      [
        -0.5312672808660432
      ],
      [
        0.0
      ]
    ],
    "vwap": [
      [
        0.0
      ],
      [
        0.0
      ],
      [
        0.0
      ],
      [
        0.0
      ],
      [
        0.0
      ],
      [
        0.0
      ]
    ]
  },
  "counts": {
    "trend": 1,
    "breakout": 0,
    "reversion": 8,
    "vwap": 0
  },
  "reward_sum": {
    "trend": 0.0719133108615212,
    "breakout": 0.0,
    "reversion": -0.5312672808660432,
    "vwap": 0.0
  },
  "disabled_until": {
    "trend": 0.0,
    "breakout": 0.0,
    "reversion": 0.0,
    "vwap": 0.0
  },
  "_snapshot_time": "2025-09-24T01:47:00.391694"
}