{
  "arms": [
    "trend",
    "breakout",
    "reversion",
    "vwap"
  ],
  "d": 6,
  "alpha": 0.6,
  "alpha_base": 0.6,
  "alpha_boost_until": 0.0,
  "A": {
    "trend": [
      [
        1.0849302658228335,
        0.05103941728782746,
        0.9289975806487983,
        0.19910647258290995,
        0.19910647258290995,
        0.0
      ],
      [
        0.05103941728782746,
        1.0306724827932978,
        0.5582873751628998,
        0.11965438045449488,
        0.11965438045449488,
        0.0
      ],
      [
        0.9289975806487983,
        0.5582873751628998,
        11.161707331184525,
        2.177897708537656,
        2.177897708537656,
        0.0
      ],
      [
        0.19910647258290995,
        0.11965438045449488,
        2.177897708537656,
        1.4667757370159031,
        0.46677573701590436,
        0.0
      ],
      [
        0.19910647258290995,
        0.11965438045449488,
        2.177897708537656,
        0.46677573701590436,
        1.4667757370159031,
        0.0
      ],
      [
        0.0,
        0.0,
        0.0,
        0.0,
        0.0,
        1.0
      ]
    ],
    "breakout": [
      [
        1.0,
        0.0,
        0.0,
        0.0,
        0.0,
        0.0
      ],
      [
        0.0,
        1.0,
        0.0,
        0.0,
        0.0,
        0.0
      ],
      [
        0.0,
        0.0,
        1.0,
        0.0,
        0.0,
        0.0
      ],
      [
        0.0,
        0.0,
        0.0,
        1.0,
        0.0,
        0.0
      ],
      [
        0.0,
        0.0,
        0.0,
        0.0,
        1.0,
        0.0
      ],
      [
        0.0,
        0.0,
        0.0,
        0.0,
        0.0,
        1.0
      ]
    ],
    "reversion": [
      [
        1.06907862170192,
        0.0070031873504520495,
        0.1974002392040192,
        0.2374591722595676,
        0.2374591722595676,
        0.0
      ],
      [
        0.0070031873504520495,
        1.0007600776081804,
        0.020413882894172355,
        0.02383248055271916,
        0.02383248055271916,
        0.0
      ],
      [
        0.1974002392040192,
        0.020413882894172355,
        1.5673115062765461,
        0.6766350426463885,
        0.6766350426463885,
        0.0
      ],
      [
        0.2374591722595676,
        0.02383248055271916,
        0.6766350426463885,
        1.817431318138956,
        0.8174313181389656,
        0.0
      ],
      [
        0.2374591722595676,
        0.02383248055271916,
        0.6766350426463885,
        0.8174313181389656,
        1.817431318138956,
        0.0
      ],
      [
        0.0,
        0.0,
        0.0,
        0.0,
        0.0,
        1.0
      ]
    ],
    "vwap": [
      [
        1.0,
        0.0,
        0.0,
        0.0,
        0.0,
        0.0
      ],
      [
        0.0,
        1.0,
        0.0,
        0.0,
        0.0,
        0.0
      ],
      [
        0.0,
        0.0,
        1.0,
        0.0,
        0.0,
        0.0
      ],
      [
        0.0,
        0.0,
        0.0,
        1.0,
        0.0,
        0.0
      ],
      [
        0.0,
        0.0,
        0.0,
        0.0,
        1.0,
        0.0
      ],
      [
        0.0,
        0.0,
        0.0,
        0.0,
        0.0,
        1.0
      ]
    ]
  },
  "b": {
    "trend": [
      [
        0.202994816293345
      ],
      [
        0.1219911068885013
      ],
      [
        2.220429800775075
      ],
      [
        0.4758913849286251
      ],
      [
        0.4758913849286251
      ],
      [
        0.0
      ]
    ],
    "breakout": [
      [
        0.0
      ],
      [
        0.0
      ],
      [
        0.0
      ],
      [
        0.0
      ],
      [
        0.0
      ],
      [
        0.0
      ]
    ],
    "reversion": [
      [
        0.09467028011925771
      ],
      [
        0.010300588388596273
      ],
      [
        0.27616454427541837
      ],
      [
        0.32204769001798206
      ],
      [
        0.32204769001798206
      ],
      [
        0.0
      ]
    ],
    "vwap": [
      [
        0.0
      ],
      [
        0.0
      ],
      [
        0.0
      ],
      [
        0.0
      ],
      [
        0.0
      ],
      [
        0.0
      ]
    ]
  },
  "counts": {
    "trend": 1,
    "breakout": 0,
    "reversion": 2,
    "vwap": 0
  },
  "reward_sum": {
    "trend": 0.4758913849286251,
    "breakout": 0.0,
    "reversion": 0.32204769001798206,
    "vwap": 0.0
  },
  "disabled_until": {
    "trend": 0.0,
    "breakout": 0.0,
    "reversion": 0.0,
    "vwap": 0.0
  },
  "_snapshot_time": "2025-09-18T20:07:00.658140"
}