{
  "arms": [
    "trend",
    "breakout",
    "reversion",
    "vwap"
  ],
  "d": 6,
  "alpha": 0.6,
  "alpha_base": 0.6,
  "alpha_boost_until": 0.0,
  "A": {
    "trend": [
      [
        1.0472457699156466,
        0.02839266476381583,
        0.516791105294378,
        0.11076073412971146,
        0.11076073412971146,
        0.0
      ],
      [
        0.02839266476381583,
        1.0170627637951437,
        0.31056910770514096,
        0.06656241180435238,
        0.06656241180435238,
        0.0
      ],
      [
        0.516791105294378,
        0.31056910770514096,
        6.652845683078432,
        1.211540468412439,
        1.211540468412439,
        0.0
      ],
      [
        0.11076073412971146,
        0.06656241180435238,
        1.211540468412439,
        1.2596621929721037,
        0.25966219297210513,
        0.0
      ],
      [
        0.11076073412971146,
        0.06656241180435238,
        1.211540468412439,
        0.25966219297210513,
        1.2596621929721037,
        0.0
      ],
      [
        0.0,
        0.0,
        0.0,
        0.0,
        0.0,
        1.0
      ]
    ],
    "breakout": [
      [
        1.0,
        0.0,
        0.0,
        0.0,
        0.0,
        0.0
      ],
      [
        0.0,
        1.0,
        0.0,
        0.0,
        0.0,
        0.0
      ],
      [
        0.0,
        0.0,
        1.0,
        0.0,
        0.0,
        0.0
      ],
      [
        0.0,
        0.0,
        0.0,
        1.0,
        0.0,
        0.0
      ],
      [
        0.0,
        0.0,
        0.0,
        0.0,
        1.0,
        0.0
      ],
      [
        0.0,
        0.0,
        0.0,
        0.0,
        0.0,
        1.0
      ]
    ],
    "reversion": [
      [
        1.404947978560656,
        0.028617133488655532,
        0.7240547315281305,
        1.3156257091401087,
        1.3156257091401087,
        0.0
      ],
      [
        0.028617133488655532,
        1.0025000623773108,
        0.06287774288067693,
        0.09928223495481155,
        0.09928223495481155,
        0.0
      ],
      [
        0.7240547315281305,
        0.06287774288067693,
        2.6946807450226973,
        2.523834369699538,
        2.523834369699538,
        0.0
      ],
      [
        1.3156257091401087,
        0.09928223495481155,
        2.523834369699538,
        5.380307314425529,
        4.380307314425539,
        0.0
      ],
      [
        1.3156257091401087,
        0.09928223495481155,
        2.523834369699538,
        4.380307314425539,
        5.380307314425529,
        0.0
      ],
      [
        0.0,
        0.0,
        0.0,
        0.0,
        0.0,
        1.0
      ]
    ],
    "vwap": [
      [
        1.0,
        0.0,
        0.0,
        0.0,
        0.0,
        0.0
      ],
      [
        0.0,
        1.0,
        0.0,
        0.0,
        0.0,
        0.0
      ],
      [
        0.0,
        0.0,
        1.0,
        0.0,
        0.0,
        0.0
      ],
      [
        0.0,
        0.0,
        0.0,
        1.0,
        0.0,
        0.0
      ],
      [
        0.0,
        0.0,
        0.0,
        0.0,
        1.0,
        0.0
      ],
      [
        0.0,
        0.0,
        0.0,
        0.0,
        0.0,
        1.0
      ]
    ]
  },
  "b": {
    "trend": [
      [
        0.1129237768391196
      ],
      [
        0.0678623069405242
      ],
      [
        1.2352006021046147
      ],
      [
        0.26473312734095383
      ],
      [
        0.26473312734095383
      ],
      [
        0.0
      ]
    ],
    "breakout": [
      [
        0.0
      ],
      [
        0.0
      ],
      [
        0.0
      ],
      [
        0.0
      ],
      [
        0.0
      ],
      [
        0.0
      ]
    ],
    "reversion": [
      [
        -0.41812849823280285
      ],
      [
        -0.1325749886383541
      ],
      [
        -3.655373354294954
      ],
      [
        -3.0957994704813356
      ],
      [
        -3.0957994704813356
      ],
      [
        0.0
      ]
    ],
    "vwap": [
      [
        0.0
      ],
      [
        0.0
      ],
      [
        0.0
      ],
      [
        0.0
      ],
      [
        0.0
      ],
      [
        0.0
      ]
    ]
  },
  "counts": {
    "trend": 1,
    "breakout": 0,
    "reversion": 7,
    "vwap": 0
  },
  "reward_sum": {
    "trend": 0.26473312734095383,
    "breakout": 0.0,
    "reversion": -3.0957994704813356,
    "vwap": 0.0
  },
  "disabled_until": {
    "trend": 0.0,
    "breakout": 0.0,
    "reversion": 0.0,
    "vwap": 0.0
  },
  "_snapshot_time": "2025-09-21T22:41:00.168718"
}