{
  "arms": [
    "trend",
    "breakout",
    "reversion",
    "vwap"
  ],
  "d": 6,
  "alpha": 0.6,
  "alpha_base": 0.6,
  "alpha_boost_until": 0.0,
  "A": {
    "trend": [
      [
        1.019069554428238,
        0.011459977624303433,
        0.20858959708002653,
        0.044705755706155294,
        0.044705755706155294,
        0.0
      ],
      [
        0.011459977624303433,
        1.006886951011034,
        0.12535332821724443,
        0.026866226056727196,
        0.026866226056727196,
        0.0
      ],
      [
        0.20858959708002653,
        0.12535332821724443,
        3.281627511211185,
        0.4890075226978684,
        0.4890075226978684,
        0.0
      ],
      [
        0.044705755706155294,
        0.026866226056727196,
        0.4890075226978684,
        1.104806045719605,
        0.10480604571960442,
        0.0
      ],
      [
        0.044705755706155294,
        0.026866226056727196,
        0.4890075226978684,
        0.10480604571960442,
        1.104806045719605,
        0.0
      ],
      [
        0.0,
        0.0,
        0.0,
        0.0,
        0.0,
        1.0
      ]
    ],
    "breakout": [
      [
        1.0,
        0.0,
        0.0,
        0.0,
        0.0,
        0.0
      ],
      [
        0.0,
        1.0,
        0.0,
        0.0,
        0.0,
        0.0
      ],
      [
        0.0,
        0.0,
        1.0,
        0.0,
        0.0,
        0.0
      ],
      [
        0.0,
        0.0,
        0.0,
        1.0,
        0.0,
        0.0
      ],
      [
        0.0,
        0.0,
        0.0,
        0.0,
        1.0,
        0.0
      ],
      [
        0.0,
        0.0,
        0.0,
        0.0,
        0.0,
        1.0
      ]
    ],
    "reversion": [
      [
        1.2199202519679448,
        0.014330807273436812,
        0.36936438409681405,
        0.6909544052197438,
        0.6909544052197438,
        0.0
      ],
      [
        0.014330807273436812,
        1.001145959684159,
        0.029175592863035192,
        0.04794651405132978,
        0.04794651405132978,
        0.0
      ],
      [
        0.36936438409681405,
        0.029175592863035192,
        1.78932477776012,
        1.2370843582863966,
        1.2370843582863966,
        0.0
      ],
      [
        0.6909544052197438,
        0.04794651405132978,
        1.2370843582863966,
        3.2209460793800613,
        2.220946079380077,
        0.0
      ],
      [
        0.6909544052197438,
        0.04794651405132978,
        1.2370843582863966,
        2.220946079380077,
        3.2209460793800613,
        0.0
      ],
      [
        0.0,
        0.0,
        0.0,
        0.0,
        0.0,
        1.0
      ]
    ],
    "vwap": [
      [
        1.0,
        0.0,
        0.0,
        0.0,
        0.0,
        0.0
      ],
      [
        0.0,
        1.0,
        0.0,
        0.0,
        0.0,
        0.0
      ],
      [
        0.0,
        0.0,
        1.0,
        0.0,
        0.0,
        0.0
      ],
      [
        0.0,
        0.0,
        0.0,
        1.0,
        0.0,
        0.0
      ],
      [
        0.0,
        0.0,
        0.0,
        0.0,
        1.0,
        0.0
      ],
      [
        0.0,
        0.0,
        0.0,
        0.0,
        0.0,
        1.0
      ]
    ]
  },
  "b": {
    "trend": [
      [
        0.04557881292908359
      ],
      [
        0.02739089569581843
      ],
      [
        0.49855733441705297
      ],
      [
        0.10685279951621804
      ],
      [
        0.10685279951621804
      ],
      [
        0.0
      ]
    ],
    "breakout": [
      [
        0.0
      ],
      [
        0.0
      ],
      [
        0.0
      ],
      [
        0.0
      ],
      [
        0.0
      ],
      [
        0.0
      ]
    ],
    "reversion": [
      [
        -0.006286292893787052
      ],
      [
        -0.0455114634212733
      ],
      [
        -1.253520268190944
      ],
      [
        -0.789386492873607
      ],
      [
        -0.789386492873607
      ],
      [
        0.0
      ]
    ],
    "vwap": [
      [
        0.0
      ],
      [
        0.0
      ],
      [
        0.0
      ],
      [
        0.0
      ],
      [
        0.0
      ],
      [
        0.0
      ]
    ]
  },
  "counts": {
    "trend": 1,
    "breakout": 0,
    "reversion": 8,
    "vwap": 0
  },
  "reward_sum": {
    "trend": 0.10685279951621804,
    "breakout": 0.0,
    "reversion": -0.789386492873607,
    "vwap": 0.0
  },
  "disabled_until": {
    "trend": 0.0,
    "breakout": 0.0,
    "reversion": 0.0,
    "vwap": 0.0
  },
  "_snapshot_time": "2025-09-23T08:50:00.742074"
}