{
  "arms": [
    "trend",
    "breakout",
    "reversion",
    "vwap"
  ],
  "d": 6,
  "alpha": 0.6,
  "alpha_base": 0.6,
  "alpha_boost_until": 0.0,
  "A": {
    "trend": [
      [
        1.0108774122670758,
        0.006536854422062768,
        0.11898102027504975,
        0.02550048756288058,
        0.02550048756288058,
        0.0
      ],
      [
        0.006536854422062768,
        1.0039283668473789,
        0.07150244832410706,
        0.015324690358086963,
        0.015324690358086963,
        0.0
      ],
      [
        0.11898102027504975,
        0.07150244832410706,
        2.301456894168006,
        0.27893344053224695,
        0.27893344053224695,
        0.0
      ],
      [
        0.02550048756288058,
        0.015324690358086963,
        0.27893344053224695,
        1.0597821292397809,
        0.05978212923978115,
        0.0
      ],
      [
        0.02550048756288058,
        0.015324690358086963,
        0.27893344053224695,
        0.05978212923978115,
        1.0597821292397809,
        0.0
      ],
      [
        0.0,
        0.0,
        0.0,
        0.0,
        0.0,
        1.0
      ]
    ],
    "breakout": [
      [
        1.0,
        0.0,
        0.0,
        0.0,
        0.0,
        0.0
      ],
      [
        0.0,
        1.0,
        0.0,
        0.0,
        0.0,
        0.0
      ],
      [
        0.0,
        0.0,
        1.0,
        0.0,
        0.0,
        0.0
      ],
      [
        0.0,
        0.0,
        0.0,
        1.0,
        0.0,
        0.0
      ],
      [
        0.0,
        0.0,
        0.0,
        0.0,
        1.0,
        0.0
      ],
      [
        0.0,
        0.0,
        0.0,
        0.0,
        0.0,
        1.0
      ]
    ],
    "reversion": [
      [
        1.1254441080695585,
        0.008174396492575073,
        0.21068812581407706,
        0.39412540820549546,
        0.39412540820549546,
        0.0
      ],
      [
        0.008174396492575073,
        1.0006536637220842,
        0.016641969947530918,
        0.027349039646836194,
        0.027349039646836194,
        0.0
      ],
      [
        0.21068812581407706,
        0.016641969947530918,
        1.4502365827488748,
        0.7056418976577754,
        0.7056418976577754,
        0.0
      ],
      [
        0.39412540820549546,
        0.027349039646836194,
        0.7056418976577754,
        2.26684376497994,
        1.2668437649799569,
        0.0
      ],
      [
        0.39412540820549546,
        0.027349039646836194,
        0.7056418976577754,
        1.2668437649799569,
        2.26684376497994,
        0.0
      ],
      [
        0.0,
        0.0,
        0.0,
        0.0,
        0.0,
        1.0
      ]
    ],
    "vwap": [
      [
        1.0,
        0.0,
        0.0,
        0.0,
        0.0,
        0.0
      ],
      [
        0.0,
        1.0,
        0.0,
        0.0,
        0.0,
        0.0
      ],
      [
        0.0,
        0.0,
        1.0,
        0.0,
        0.0,
        0.0
      ],
      [
        0.0,
        0.0,
        0.0,
        1.0,
        0.0,
        0.0
      ],
      [
        0.0,
        0.0,
        0.0,
        0.0,
        1.0,
        0.0
      ],
      [
        0.0,
        0.0,
        0.0,
        0.0,
        0.0,
        1.0
      ]
    ]
  },
  "b": {
    "trend": [
      [
        0.025998485740146605
      ],
      [
        0.01562396572867252
      ],
      [
        0.28438072245660506
      ],
      [
        0.060949612462252285
      ],
      [
        0.060949612462252285
      ],
      [
        0.0
      ]
    ],
    "breakout": [
      [
        0.0
      ],
      [
        0.0
      ],
      [
        0.0
      ],
      [
        0.0
      ],
      [
        0.0
      ],
      [
        0.0
      ]
    ],
    "reversion": [
      [
        -0.003585747097270741
      ],
      [
        -0.025960069092018086
      ],
      [
        -0.7150170599715585
      ],
      [
        -0.4502717854975831
      ],
      [
        -0.4502717854975831
      ],
      [
        0.0
      ]
    ],
    "vwap": [
      [
        0.0
      ],
      [
        0.0
      ],
      [
        0.0
      ],
      [
        0.0
      ],
      [
        0.0
      ],
      [
        0.0
      ]
    ]
  },
  "counts": {
    "trend": 1,
    "breakout": 0,
    "reversion": 8,
    "vwap": 0
  },
  "reward_sum": {
    "trend": 0.060949612462252285,
    "breakout": 0.0,
    "reversion": -0.4502717854975831,
    "vwap": 0.0
  },
  "disabled_until": {
    "trend": 0.0,
    "breakout": 0.0,
    "reversion": 0.0,
    "vwap": 0.0
  },
  "_snapshot_time": "2025-09-24T07:16:00.657241"
}