{
  "arms": [
    "trend",
    "breakout",
    "reversion",
    "vwap"
  ],
  "d": 6,
  "alpha": 0.6,
  "alpha_base": 0.6,
  "alpha_boost_until": 0.0,
  "A": {
    "trend": [
      [
        1.0619322089498864,
        0.03721857956672548,
        0.6774366207530926,
        0.1451909227389323,
        0.1451909227389323,
        0.0
      ],
      [
        0.03721857956672548,
        1.0223667569500972,
        0.40711011601917907,
        0.08725346636186926,
        0.08725346636186926,
        0.0
      ],
      [
        0.6774366207530926,
        0.40711011601917907,
        8.410043706154742,
        1.5881501682569117,
        1.5881501682569117,
        0.0
      ],
      [
        0.1451909227389323,
        0.08725346636186926,
        1.5881501682569117,
        1.3403786882983595,
        0.3403786882983606,
        0.0
      ],
      [
        0.1451909227389323,
        0.08725346636186926,
        1.5881501682569117,
        0.3403786882983606,
        1.3403786882983595,
        0.0
      ],
      [
        0.0,
        0.0,
        0.0,
        0.0,
        0.0,
        1.0
      ]
    ],
    "breakout": [
      [
        1.0,
        0.0,
        0.0,
        0.0,
        0.0,
        0.0
      ],
      [
        0.0,
        1.0,
        0.0,
        0.0,
        0.0,
        0.0
      ],
      [
        0.0,
        0.0,
        1.0,
        0.0,
        0.0,
        0.0
      ],
      [
        0.0,
        0.0,
        0.0,
        1.0,
        0.0,
        0.0
      ],
      [
        0.0,
        0.0,
        0.0,
        0.0,
        1.0,
        0.0
      ],
      [
        0.0,
        0.0,
        0.0,
        0.0,
        0.0,
        1.0
      ]
    ],
    "reversion": [
      [
        1.1666001252224705,
        0.011540789020004974,
        0.303527846117796,
        0.5006786292061556,
        0.5006786292061556,
        0.0
      ],
      [
        0.011540789020004974,
        1.0009104233227555,
        0.023719979714918106,
        0.03550946867249761,
        0.03550946867249761,
        0.0
      ],
      [
        0.303527846117796,
        0.023719979714918106,
        1.6327972693484711,
        0.9430998720467701,
        0.9430998720467701,
        0.0
      ],
      [
        0.5006786292061556,
        0.03550946867249761,
        0.9430998720467701,
        2.5190122348325255,
        1.5190122348325343,
        0.0
      ],
      [
        0.5006786292061556,
        0.03550946867249761,
        0.9430998720467701,
        1.5190122348325343,
        2.5190122348325255,
        0.0
      ],
      [
        0.0,
        0.0,
        0.0,
        0.0,
        0.0,
        1.0
      ]
    ],
    "vwap": [
      [
        1.0,
        0.0,
        0.0,
        0.0,
        0.0,
        0.0
      ],
      [
        0.0,
        1.0,
        0.0,
        0.0,
        0.0,
        0.0
      ],
      [
        0.0,
        0.0,
        1.0,
        0.0,
        0.0,
        0.0
      ],
      [
        0.0,
        0.0,
        0.0,
        1.0,
        0.0,
        0.0
      ],
      [
        0.0,
        0.0,
        0.0,
        0.0,
        1.0,
        0.0
      ],
      [
        0.0,
        0.0,
        0.0,
        0.0,
        0.0,
        1.0
      ]
    ]
  },
  "b": {
    "trend": [
      [
        0.14802635146166818
      ],
      [
        0.08895743641739105
      ],
      [
        1.619165100307384
      ],
      [
        0.347025932431823
      ],
      [
        0.347025932431823
      ],
      [
        0.0
      ]
    ],
    "breakout": [
      [
        0.0
      ],
      [
        0.0
      ],
      [
        0.0
      ],
      [
        0.0
      ],
      [
        0.0
      ],
      [
        0.0
      ]
    ],
    "reversion": [
      [
        -0.1429105649302692
      ],
      [
        -0.004221324784793434
      ],
      [
        -0.08962061426014575
      ],
      [
        -0.3624068057931222
      ],
      [
        -0.3624068057931222
      ],
      [
        0.0
      ]
    ],
    "vwap": [
      [
        0.0
      ],
      [
        0.0
      ],
      [
        0.0
      ],
      [
        0.0
      ],
      [
        0.0
      ],
      [
        0.0
      ]
    ]
  },
  "counts": {
    "trend": 1,
    "breakout": 0,
    "reversion": 3,
    "vwap": 0
  },
  "reward_sum": {
    "trend": 0.347025932431823,
    "breakout": 0.0,
    "reversion": -0.3624068057931222,
    "vwap": 0.0
  },
  "disabled_until": {
    "trend": 0.0,
    "breakout": 0.0,
    "reversion": 0.0,
    "vwap": 0.0
  },
  "_snapshot_time": "2025-09-19T07:13:00.548201"
}