{
  "arms": [
    "trend",
    "breakout",
    "reversion",
    "vwap"
  ],
  "d": 6,
  "alpha": 0.6,
  "alpha_base": 0.6,
  "alpha_boost_until": 0.0,
  "A": {
    "trend": [
      [
        1.056873367400243,
        0.03417843454488127,
        0.6221012051038955,
        0.13333121540672782,
        0.13333121540672782,
        0.0
      ],
      [
        0.03417843454488127,
        1.0205397612509524,
        0.37385592397406825,
        0.08012629508110815,
        0.08012629508110815,
        0.0
      ],
      [
        0.6221012051038955,
        0.37385592397406825,
        7.804765166587522,
        1.4584244537300777,
        1.4584244537300777,
        0.0
      ],
      [
        0.13333121540672782,
        0.08012629508110815,
        1.4584244537300777,
        1.3125753549412411,
        0.3125753549412418,
        0.0
      ],
      [
        0.13333121540672782,
        0.08012629508110815,
        1.4584244537300777,
        0.3125753549412418,
        1.3125753549412411,
        0.0
      ],
      [
        0.0,
        0.0,
        0.0,
        0.0,
        0.0,
        1.0
      ]
    ],
    "breakout": [
      [
        1.0,
        0.0,
        0.0,
        0.0,
        0.0,
        0.0
      ],
      [
        0.0,
        1.0,
        0.0,
        0.0,
        0.0,
        0.0
      ],
      [
        0.0,
        0.0,
        1.0,
        0.0,
        0.0,
        0.0
      ],
      [
        0.0,
        0.0,
        0.0,
        1.0,
        0.0,
        0.0
      ],
      [
        0.0,
        0.0,
        0.0,
        0.0,
        1.0,
        0.0
      ],
      [
        0.0,
        0.0,
        0.0,
        0.0,
        0.0,
        1.0
      ]
    ],
    "reversion": [
      [
        1.439538480835827,
        0.026823838223931685,
        0.7038148176083184,
        1.3642445886272092,
        1.3642445886272092,
        0.0
      ],
      [
        0.026823838223931685,
        1.0017965101935677,
        0.048998283785400755,
        0.08459801167777885,
        0.08459801167777885,
        0.0
      ],
      [
        0.7038148176083184,
        0.048998283785400755,
        2.4526433743168154,
        2.269806926546568,
        2.269806926546568,
        0.0
      ],
      [
        1.3642445886272092,
        0.08459801167777885,
        2.269806926546568,
        5.267887722740838,
        4.267887722740847,
        0.0
      ],
      [
        1.3642445886272092,
        0.08459801167777885,
        2.269806926546568,
        4.267887722740847,
        5.267887722740838,
        0.0
      ],
      [
        0.0,
        0.0,
        0.0,
        0.0,
        0.0,
        1.0
      ]
    ],
    "vwap": [
      [
        1.0,
        0.0,
        0.0,
        0.0,
        0.0,
        0.0
      ],
      [
        0.0,
        1.0,
        0.0,
        0.0,
        0.0,
        0.0
      ],
      [
        0.0,
        0.0,
        1.0,
        0.0,
        0.0,
        0.0
      ],
      [
        0.0,
        0.0,
        0.0,
        1.0,
        0.0,
        0.0
      ],
      [
        0.0,
        0.0,
        0.0,
        0.0,
        1.0,
        0.0
      ],
      [
        0.0,
        0.0,
        0.0,
        0.0,
        0.0,
        1.0
      ]
    ]
  },
  "b": {
    "trend": [
      [
        0.13593503629766113
      ],
      [
        0.08169107884467652
      ],
      [
        1.4869059765969181
      ],
      [
        0.31867962869817223
      ],
      [
        0.31867962869817223
      ],
      [
        0.0
      ]
    ],
    "breakout": [
      [
        0.0
      ],
      [
        0.0
      ],
      [
        0.0
      ],
      [
        0.0
      ],
      [
        0.0
      ],
      [
        0.0
      ]
    ],
    "reversion": [
      [
        0.6629199768614683
      ],
      [
        0.02594498229507221
      ],
      [
        -0.31750005922309193
      ],
      [
        1.613876630475532
      ],
      [
        1.613876630475532
      ],
      [
        0.0
      ]
    ],
    "vwap": [
      [
        0.0
      ],
      [
        0.0
      ],
      [
        0.0
      ],
      [
        0.0
      ],
      [
        0.0
      ],
      [
        0.0
      ]
    ]
  },
  "counts": {
    "trend": 1,
    "breakout": 0,
    "reversion": 6,
    "vwap": 0
  },
  "reward_sum": {
    "trend": 0.31867962869817223,
    "breakout": 0.0,
    "reversion": 1.613876630475532,
    "vwap": 0.0
  },
  "disabled_until": {
    "trend": 0.0,
    "breakout": 0.0,
    "reversion": 0.0,
    "vwap": 0.0
  },
  "_snapshot_time": "2025-09-19T10:01:00.875454"
}