{
  "arms": [
    "trend",
    "breakout",
    "reversion",
    "vwap"
  ],
  "d": 6,
  "alpha": 0.6,
  "alpha_base": 0.6,
  "alpha_boost_until": 0.0,
  "A": {
    "trend": [
      [
        1.0962687792551162,
        0.057853373571693775,
        1.0530222901524506,
        0.22568794376946172,
        0.22568794376946172,
        0.0
      ],
      [
        0.057853373571693775,
        1.0347673758774527,
        0.6328208626191084,
        0.13562869522756907,
        0.13562869522756907,
        0.0
      ],
      [
        1.0530222901524506,
        0.6328208626191084,
        12.518333899502498,
        2.4686553340219013,
        2.4686553340219013,
        0.0
      ],
      [
        0.22568794376946172,
        0.13562869522756907,
        2.4686553340219013,
        1.5290920728090716,
        0.5290920728090721,
        0.0
      ],
      [
        0.22568794376946172,
        0.13562869522756907,
        2.4686553340219013,
        0.5290920728090721,
        1.5290920728090716,
        0.0
      ],
      [
        0.0,
        0.0,
        0.0,
        0.0,
        0.0,
        1.0
      ]
    ],
    "breakout": [
      [
        1.0,
        0.0,
        0.0,
        0.0,
        0.0,
        0.0
      ],
      [
        0.0,
        1.0,
        0.0,
        0.0,
        0.0,
        0.0
      ],
      [
        0.0,
        0.0,
        1.0,
        0.0,
        0.0,
        0.0
      ],
      [
        0.0,
        0.0,
        0.0,
        1.0,
        0.0,
        0.0
      ],
      [
        0.0,
        0.0,
        0.0,
        0.0,
        1.0,
        0.0
      ],
      [
        0.0,
        0.0,
        0.0,
        0.0,
        0.0,
        1.0
      ]
    ],
    "reversion": [
      [
        1.0783008803686331,
        0.00793813949115932,
        0.22375392174658484,
        0.26916087468800953,
        0.26916087468800953,
        0.0
      ],
      [
        0.00793813949115932,
        1.0008615508590457,
        0.023139213883756986,
        0.027014207328840734,
        0.027014207328840734,
        0.0
      ],
      [
        0.22375392174658484,
        0.023139213883756986,
        1.6430497495504297,
        0.7669683937253028,
        0.7669683937253028,
        0.0
      ],
      [
        0.26916087468800953,
        0.027014207328840734,
        0.7669683937253028,
        1.9265615073699855,
        0.9265615073699962,
        0.0
      ],
      [
        0.26916087468800953,
        0.027014207328840734,
        0.7669683937253028,
        0.9265615073699962,
        1.9265615073699855,
        0.0
      ],
      [
        0.0,
        0.0,
        0.0,
        0.0,
        0.0,
        1.0
      ]
    ],
    "vwap": [
      [
        1.0,
        0.0,
        0.0,
        0.0,
        0.0,
        0.0
      ],
      [
        0.0,
        1.0,
        0.0,
        0.0,
        0.0,
        0.0
      ],
      [
        0.0,
        0.0,
        1.0,
        0.0,
        0.0,
        0.0
      ],
      [
        0.0,
        0.0,
        0.0,
        1.0,
        0.0,
        0.0
      ],
      [
        0.0,
        0.0,
        0.0,
        0.0,
        1.0,
        0.0
      ],
      [
        0.0,
        0.0,
        0.0,
        0.0,
        0.0,
        1.0
      ]
    ]
  },
  "b": {
    "trend": [
      [
        0.230095396150557
      ],
      [
        0.13827738352585156
      ],
      [
        2.5168656223000943
      ],
      [
        0.5394246943801344
      ],
      [
        0.5394246943801344
      ],
      [
        0.0
      ]
    ],
    "breakout": [
      [
        0.0
      ],
      [
        0.0
      ],
      [
        0.0
      ],
      [
        0.0
      ],
      [
        0.0
      ],
      [
        0.0
      ]
    ],
    "reversion": [
      [
        0.10730912249624247
      ],
      [
        0.011675756106170028
      ],
      [
        0.31303356104405927
      ],
      [
        0.36504228121261983
      ],
      [
        0.36504228121261983
      ],
      [
        0.0
      ]
    ],
    "vwap": [
      [
        0.0
      ],
      [
        0.0
      ],
      [
        0.0
      ],
      [
        0.0
      ],
      [
        0.0
      ],
      [
        0.0
      ]
    ]
  },
  "counts": {
    "trend": 1,
    "breakout": 0,
    "reversion": 2,
    "vwap": 0
  },
  "reward_sum": {
    "trend": 0.5394246943801344,
    "breakout": 0.0,
    "reversion": 0.36504228121261983,
    "vwap": 0.0
  },
  "disabled_until": {
    "trend": 0.0,
    "breakout": 0.0,
    "reversion": 0.0,
    "vwap": 0.0
  },
  "_snapshot_time": "2025-09-18T15:30:00.483655"
}