{
  "arms": [
    "trend",
    "breakout",
    "reversion",
    "vwap"
  ],
  "d": 6,
  "alpha": 0.6,
  "alpha_base": 0.6,
  "alpha_boost_until": 0.0,
  "A": {
    "trend": [
      [
        1.0127060361324145,
        0.007635778293562445,
        0.13898316121218562,
        0.029787426311760824,
        0.029787426311760824,
        0.0
      ],
      [
        0.007635778293562445,
        1.0045887725755567,
        0.0835228701142619,
        0.017900955174541062,
        0.017900955174541062,
        0.0
      ],
      [
        0.13898316121218562,
        0.0835228701142619,
        2.5202474555581977,
        0.3258255076594959,
        0.3258255076594959,
        0.0
      ],
      [
        0.029787426311760824,
        0.017900955174541062,
        0.3258255076594959,
        1.0698322243878295,
        0.06983222438783,
        0.0
      ],
      [
        0.029787426311760824,
        0.017900955174541062,
        0.3258255076594959,
        0.06983222438783,
        1.0698322243878295,
        0.0
      ],
      [
        0.0,
        0.0,
        0.0,
        0.0,
        0.0,
        1.0
      ]
    ],
    "breakout": [
      [
        1.0,
        0.0,
        0.0,
        0.0,
        0.0,
        0.0
      ],
      [
        0.0,
        1.0,
        0.0,
        0.0,
        0.0,
        0.0
      ],
      [
        0.0,
        0.0,
        1.0,
        0.0,
        0.0,
        0.0
      ],
      [
        0.0,
        0.0,
        0.0,
        1.0,
        0.0,
        0.0
      ],
      [
        0.0,
        0.0,
        0.0,
        0.0,
        1.0,
        0.0
      ],
      [
        0.0,
        0.0,
        0.0,
        0.0,
        0.0,
        1.0
      ]
    ],
    "reversion": [
      [
        1.1465327718206346,
        0.00954861088695947,
        0.24610733449603434,
        0.4603826309424368,
        0.4603826309424368,
        0.0
      ],
      [
        0.00954861088695947,
        1.00076355245782,
        0.019439685310809723,
        0.03194674224046612,
        0.03194674224046612,
        0.0
      ],
      [
        0.24610733449603434,
        0.019439685310809723,
        1.5259267689851237,
        0.8242687900433886,
        0.8242687900433886,
        0.0
      ],
      [
        0.4603826309424368,
        0.03194674224046612,
        0.8242687900433886,
        2.4798154429322983,
        1.4798154429323156,
        0.0
      ],
      [
        0.4603826309424368,
        0.03194674224046612,
        0.8242687900433886,
        1.4798154429323156,
        2.4798154429322983,
        0.0
      ],
      [
        0.0,
        0.0,
        0.0,
        0.0,
        0.0,
        1.0
      ]
    ],
    "vwap": [
      [
        1.0,
        0.0,
        0.0,
        0.0,
        0.0,
        0.0
      ],
      [
        0.0,
        1.0,
        0.0,
        0.0,
        0.0,
        0.0
      ],
      [
        0.0,
        0.0,
        1.0,
        0.0,
        0.0,
        0.0
      ],
      [
        0.0,
        0.0,
        0.0,
        1.0,
        0.0,
        0.0
      ],
      [
        0.0,
        0.0,
        0.0,
        0.0,
        1.0,
        0.0
      ],
      [
        0.0,
        0.0,
        0.0,
        0.0,
        0.0,
        1.0
      ]
    ]
  },
  "b": {
    "trend": [
      [
        0.030369143973908427
      ],
      [
        0.018250542335424162
      ],
      [
        0.33218854321013364
      ],
      [
        0.07119597558567753
      ],
      [
        0.07119597558567753
      ],
      [
        0.0
      ]
    ],
    "breakout": [
      [
        0.0
      ],
      [
        0.0
      ],
      [
        0.0
      ],
      [
        0.0
      ],
      [
        0.0
      ],
      [
        0.0
      ]
    ],
    "reversion": [
      [
        -0.0041885543234882775
      ],
      [
        -0.030324269025049068
      ],
      [
        -0.8352200299321946
      ],
      [
        -0.5259678897394044
      ],
      [
        -0.5259678897394044
      ],
      [
        0.0
      ]
    ],
    "vwap": [
      [
        0.0
      ],
      [
        0.0
      ],
      [
        0.0
      ],
      [
        0.0
      ],
      [
        0.0
      ],
      [
        0.0
      ]
    ]
  },
  "counts": {
    "trend": 1,
    "breakout": 0,
    "reversion": 8,
    "vwap": 0
  },
  "reward_sum": {
    "trend": 0.07119597558567753,
    "breakout": 0.0,
    "reversion": -0.5259678897394044,
    "vwap": 0.0
  },
  "disabled_until": {
    "trend": 0.0,
    "breakout": 0.0,
    "reversion": 0.0,
    "vwap": 0.0
  },
  "_snapshot_time": "2025-09-24T02:07:00.679049"
}