{
  "arms": [
    "trend",
    "breakout",
    "reversion",
    "vwap"
  ],
  "d": 6,
  "alpha": 0.6,
  "alpha_base": 0.6,
  "alpha_boost_until": 0.0,
  "A": {
    "trend": [
      [
        1.0081741234361377,
        0.004912294727647097,
        0.08941148155518573,
        0.019163025901996422,
        0.019163025901996422,
        0.0
      ],
      [
        0.004912294727647097,
        1.0029520767186604,
        0.053732434170613276,
        0.011516149938229726,
        0.011516149938229726,
        0.0
      ],
      [
        0.08941148155518573,
        0.053732434170613276,
        1.9780147188078274,
        0.20961202144358607,
        0.20961202144358607,
        0.0
      ],
      [
        0.019163025901996422,
        0.011516149938229726,
        0.20961202144358607,
        1.044924885780067,
        0.044924885780066794,
        0.0
      ],
      [
        0.019163025901996422,
        0.011516149938229726,
        0.20961202144358607,
        0.044924885780066794,
        1.044924885780067,
        0.0
      ],
      [
        0.0,
        0.0,
        0.0,
        0.0,
        0.0,
        1.0
      ]
    ],
    "breakout": [
      [
        1.0,
        0.0,
        0.0,
        0.0,
        0.0,
        0.0
      ],
      [
        0.0,
        1.0,
        0.0,
        0.0,
        0.0,
        0.0
      ],
      [
        0.0,
        0.0,
        1.0,
        0.0,
        0.0,
        0.0
      ],
      [
        0.0,
        0.0,
        0.0,
        1.0,
        0.0,
        0.0
      ],
      [
        0.0,
        0.0,
        0.0,
        0.0,
        1.0,
        0.0
      ],
      [
        0.0,
        0.0,
        0.0,
        0.0,
        0.0,
        1.0
      ]
    ],
    "reversion": [
      [
        1.0942683423704018,
        0.006142869673928296,
        0.15832724775408819,
        0.2961761177096357,
        0.2961761177096357,
        0.0
      ],
      [
        0.006142869673928296,
        1.000491213150596,
        0.012506055046139525,
        0.020552169987131292,
        0.020552169987131292,
        0.0
      ],
      [
        0.15832724775408819,
        0.012506055046139525,
        1.3383423660417422,
        0.530273545907934,
        0.530273545907934,
        0.0
      ],
      [
        0.2961761177096357,
        0.020552169987131292,
        0.530273545907934,
        1.9520037537412014,
        0.9520037537412189,
        0.0
      ],
      [
        0.2961761177096357,
        0.020552169987131292,
        0.530273545907934,
        0.9520037537412189,
        1.9520037537412014,
        0.0
      ],
      [
        0.0,
        0.0,
        0.0,
        0.0,
        0.0,
        1.0
      ]
    ],
    "vwap": [
      [
        1.0,
        0.0,
        0.0,
        0.0,
        0.0,
        0.0
      ],
      [
        0.0,
        1.0,
        0.0,
        0.0,
        0.0,
        0.0
      ],
      [
        0.0,
        0.0,
        1.0,
        0.0,
        0.0,
        0.0
      ],
      [
        0.0,
        0.0,
        0.0,
        1.0,
        0.0,
        0.0
      ],
      [
        0.0,
        0.0,
        0.0,
        0.0,
        1.0,
        0.0
      ],
      [
        0.0,
        0.0,
        0.0,
        0.0,
        0.0,
        1.0
      ]
    ]
  },
  "b": {
    "trend": [
      [
        0.019537260000327426
      ],
      [
        0.011741048449060902
      ],
      [
        0.21370552766987086
      ],
      [
        0.045802222386952925
      ],
      [
        0.045802222386952925
      ],
      [
        0.0
      ]
    ],
    "breakout": [
      [
        0.0
      ],
      [
        0.0
      ],
      [
        0.0
      ],
      [
        0.0
      ],
      [
        0.0
      ],
      [
        0.0
      ]
    ],
    "reversion": [
      [
        -0.0026946059103210977
      ],
      [
        -0.019508390778853153
      ],
      [
        -0.5373187632909913
      ],
      [
        -0.33836882009222513
      ],
      [
        -0.33836882009222513
      ],
      [
        0.0
      ]
    ],
    "vwap": [
      [
        0.0
      ],
      [
        0.0
      ],
      [
        0.0
      ],
      [
        0.0
      ],
      [
        0.0
      ],
      [
        0.0
      ]
    ]
  },
  "counts": {
    "trend": 1,
    "breakout": 0,
    "reversion": 8,
    "vwap": 0
  },
  "reward_sum": {
    "trend": 0.045802222386952925,
    "breakout": 0.0,
    "reversion": -0.33836882009222513,
    "vwap": 0.0
  },
  "disabled_until": {
    "trend": 0.0,
    "breakout": 0.0,
    "reversion": 0.0,
    "vwap": 0.0
  },
  "_snapshot_time": "2025-09-24T17:30:00.619589"
}