{
  "arms": [
    "trend",
    "breakout",
    "reversion",
    "vwap"
  ],
  "d": 6,
  "alpha": 0.6,
  "alpha_base": 0.6,
  "alpha_boost_until": 0.0,
  "A": {
    "trend": [
      [
        1.0100391023295834,
        0.006033066399010347,
        0.10981128677405307,
        0.02353519364830041,
        0.02353519364830041,
        0.0
      ],
      [
        0.006033066399010347,
        1.0036256120298346,
        0.06599183499867785,
        0.014143633696746342,
        0.014143633696746342,
        0.0
      ],
      [
        0.10981128677405307,
        0.06599183499867785,
        2.2011550741384944,
        0.2574363537844274,
        0.2574363537844274,
        0.0
      ],
      [
        0.02353519364830041,
        0.014143633696746342,
        0.2574363537844274,
        1.0551747877328443,
        0.05517478773284426,
        0.0
      ],
      [
        0.02353519364830041,
        0.014143633696746342,
        0.2574363537844274,
        0.05517478773284426,
        1.0551747877328443,
        0.0
      ],
      [
        0.0,
        0.0,
        0.0,
        0.0,
        0.0,
        1.0
      ]
    ],
    "breakout": [
      [
        1.0,
        0.0,
        0.0,
        0.0,
        0.0,
        0.0
      ],
      [
        0.0,
        1.0,
        0.0,
        0.0,
        0.0,
        0.0
      ],
      [
        0.0,
        0.0,
        1.0,
        0.0,
        0.0,
        0.0
      ],
      [
        0.0,
        0.0,
        0.0,
        1.0,
        0.0,
        0.0
      ],
      [
        0.0,
        0.0,
        0.0,
        0.0,
        1.0,
        0.0
      ],
      [
        0.0,
        0.0,
        0.0,
        0.0,
        0.0,
        1.0
      ]
    ],
    "reversion": [
      [
        1.1157762716565833,
        0.007544404942703368,
        0.19445062876561142,
        0.3637506059819026,
        0.3637506059819026,
        0.0
      ],
      [
        0.007544404942703368,
        1.0006032865937244,
        0.01535939202882017,
        0.025241279900870477,
        0.025241279900870477,
        0.0
      ],
      [
        0.19445062876561142,
        0.01535939202882017,
        1.4155373553707378,
        0.6512588697286036,
        0.6512588697286036,
        0.0
      ],
      [
        0.3637506059819026,
        0.025241279900870477,
        0.6512588697286036,
        2.1692095399126874,
        1.1692095399127052,
        0.0
      ],
      [
        0.3637506059819026,
        0.025241279900870477,
        0.6512588697286036,
        1.1692095399127052,
        2.1692095399126874,
        0.0
      ],
      [
        0.0,
        0.0,
        0.0,
        0.0,
        0.0,
        1.0
      ]
    ],
    "vwap": [
      [
        1.0,
        0.0,
        0.0,
        0.0,
        0.0,
        0.0
      ],
      [
        0.0,
        1.0,
        0.0,
        0.0,
        0.0,
        0.0
      ],
      [
        0.0,
        0.0,
        1.0,
        0.0,
        0.0,
        0.0
      ],
      [
        0.0,
        0.0,
        0.0,
        1.0,
        0.0,
        0.0
      ],
      [
        0.0,
        0.0,
        0.0,
        0.0,
        1.0,
        0.0
      ],
      [
        0.0,
        0.0,
        0.0,
        0.0,
        0.0,
        1.0
      ]
    ]
  },
  "b": {
    "trend": [
      [
        0.023994811665781664
      ],
      [
        0.014419844250898678
      ],
      [
        0.26246381981347977
      ],
      [
        0.0562522943355806
      ],
      [
        0.0562522943355806
      ],
      [
        0.0
      ]
    ],
    "breakout": [
      [
        0.0
      ],
      [
        0.0
      ],
      [
        0.0
      ],
      [
        0.0
      ],
      [
        0.0
      ],
      [
        0.0
      ]
    ],
    "reversion": [
      [
        -0.0033093975987714404
      ],
      [
        -0.02395935574554508
      ],
      [
        -0.6599114988203044
      ],
      [
        -0.41556984508317063
      ],
      [
        -0.41556984508317063
      ],
      [
        0.0
      ]
    ],
    "vwap": [
      [
        0.0
      ],
      [
        0.0
      ],
      [
        0.0
      ],
      [
        0.0
      ],
      [
        0.0
      ],
      [
        0.0
      ]
    ]
  },
  "counts": {
    "trend": 1,
    "breakout": 0,
    "reversion": 8,
    "vwap": 0
  },
  "reward_sum": {
    "trend": 0.0562522943355806,
    "breakout": 0.0,
    "reversion": -0.41556984508317063,
    "vwap": 0.0
  },
  "disabled_until": {
    "trend": 0.0,
    "breakout": 0.0,
    "reversion": 0.0,
    "vwap": 0.0
  },
  "_snapshot_time": "2025-09-24T10:00:00.440542"
}