{
  "arms": [
    "trend",
    "breakout",
    "reversion",
    "vwap"
  ],
  "d": 6,
  "alpha": 0.6,
  "alpha_base": 0.6,
  "alpha_boost_until": 0.0,
  "A": {
    "trend": [
      [
        1.0392479446348495,
        0.023586317604214597,
        0.429308035927662,
        0.09201101323144165,
        0.09201101323144165,
        0.0
      ],
      [
        0.023586317604214597,
        1.014174356983597,
        0.2579955658732793,
        0.05529464030163061,
        0.05529464030163061,
        0.0
      ],
      [
        0.429308035927662,
        0.2579955658732793,
        5.69592462552579,
        1.006449324712636,
        1.006449324712636,
        0.0
      ],
      [
        0.09201101323144165,
        0.05529464030163061,
        1.006449324712636,
        1.2157062397697906,
        0.21570623976979014,
        0.0
      ],
      [
        0.09201101323144165,
        0.05529464030163061,
        1.006449324712636,
        0.21570623976979014,
        1.2157062397697906,
        0.0
      ],
      [
        0.0,
        0.0,
        0.0,
        0.0,
        0.0,
        1.0
      ]
    ],
    "breakout": [
      [
        1.0,
        0.0,
        0.0,
        0.0,
        0.0,
        0.0
      ],
      [
        0.0,
        1.0,
        0.0,
        0.0,
        0.0,
        0.0
      ],
      [
        0.0,
        0.0,
        1.0,
        0.0,
        0.0,
        0.0
      ],
      [
        0.0,
        0.0,
        0.0,
        1.0,
        0.0,
        0.0
      ],
      [
        0.0,
        0.0,
        0.0,
        0.0,
        1.0,
        0.0
      ],
      [
        0.0,
        0.0,
        0.0,
        0.0,
        0.0,
        1.0
      ]
    ],
    "reversion": [
      [
        1.4526281883408254,
        0.02949490679277084,
        0.7602061679873576,
        1.4220856781589608,
        1.4220856781589608,
        0.0
      ],
      [
        0.02949490679277084,
        1.002358553389744,
        0.060047656471810235,
        0.09868097002487289,
        0.09868097002487289,
        0.0
      ],
      [
        0.7602061679873576,
        0.060047656471810235,
        2.624546357022928,
        2.5461013567661737,
        2.5461013567661737,
        0.0
      ],
      [
        1.4220856781589608,
        0.09868097002487289,
        2.5461013567661737,
        5.571033323747663,
        4.571033323747677,
        0.0
      ],
      [
        1.4220856781589608,
        0.09868097002487289,
        2.5461013567661737,
        4.571033323747677,
        5.571033323747663,
        0.0
      ],
      [
        0.0,
        0.0,
        0.0,
        0.0,
        0.0,
        1.0
      ]
    ],
    "vwap": [
      [
        1.0,
        0.0,
        0.0,
        0.0,
        0.0,
        0.0
      ],
      [
        0.0,
        1.0,
        0.0,
        0.0,
        0.0,
        0.0
      ],
      [
        0.0,
        0.0,
        1.0,
        0.0,
        0.0,
        0.0
      ],
      [
        0.0,
        0.0,
        0.0,
        1.0,
        0.0,
        0.0
      ],
      [
        0.0,
        0.0,
        0.0,
        0.0,
        1.0,
        0.0
      ],
      [
        0.0,
        0.0,
        0.0,
        0.0,
        0.0,
        1.0
      ]
    ]
  },
  "b": {
    "trend": [
      [
        0.09380789326225157
      ],
      [
        0.056374487501214175
      ],
      [
        1.0261042402502938
      ],
      [
        0.21991875978398123
      ],
      [
        0.21991875978398123
      ],
      [
        0.0
      ]
    ],
    "breakout": [
      [
        0.0
      ],
      [
        0.0
      ],
      [
        0.0
      ],
      [
        0.0
      ],
      [
        0.0
      ],
      [
        0.0
      ]
    ],
    "reversion": [
      [
        -0.012938114332050527
      ],
      [
        -0.09366927808046169
      ],
      [
        -2.579928874046907
      ],
      [
        -1.624673375793408
      ],
      [
        -1.624673375793408
      ],
      [
        0.0
      ]
    ],
    "vwap": [
      [
        0.0
      ],
      [
        0.0
      ],
      [
        0.0
      ],
      [
        0.0
      ],
      [
        0.0
      ],
      [
        0.0
      ]
    ]
  },
  "counts": {
    "trend": 1,
    "breakout": 0,
    "reversion": 8,
    "vwap": 0
  },
  "reward_sum": {
    "trend": 0.21991875978398123,
    "breakout": 0.0,
    "reversion": -1.624673375793408,
    "vwap": 0.0
  },
  "disabled_until": {
    "trend": 0.0,
    "breakout": 0.0,
    "reversion": 0.0,
    "vwap": 0.0
  },
  "_snapshot_time": "2025-09-22T04:57:00.066956"
}