{
  "arms": [
    "trend",
    "breakout",
    "reversion",
    "vwap"
  ],
  "d": 6,
  "alpha": 0.6,
  "alpha_base": 0.6,
  "alpha_boost_until": 0.0,
  "A": {
    "trend": [
      [
        1.0311658253449698,
        0.018729313390114022,
        0.3409029285837626,
        0.07306367747060545,
        0.07306367747060545,
        0.0
      ],
      [
        0.018729313390114022,
        1.0112555074727614,
        0.20486791908699728,
        0.0439081108115755,
        0.0439081108115755,
        0.0
      ],
      [
        0.3409029285837626,
        0.20486791908699728,
        4.728917987270311,
        0.7991965990673888,
        0.7991965990673888,
        0.0
      ],
      [
        0.07306367747060545,
        0.0439081108115755,
        0.7991965990673888,
        1.1712870076899837,
        0.1712870076899825,
        0.0
      ],
      [
        0.07306367747060545,
        0.0439081108115755,
        0.7991965990673888,
        0.1712870076899825,
        1.1712870076899837,
        0.0
      ],
      [
        0.0,
        0.0,
        0.0,
        0.0,
        0.0,
        1.0
      ]
    ],
    "breakout": [
      [
        1.0,
        0.0,
        0.0,
        0.0,
        0.0,
        0.0
      ],
      [
        0.0,
        1.0,
        0.0,
        0.0,
        0.0,
        0.0
      ],
      [
        0.0,
        0.0,
        1.0,
        0.0,
        0.0,
        0.0
      ],
      [
        0.0,
        0.0,
        0.0,
        1.0,
        0.0,
        0.0
      ],
      [
        0.0,
        0.0,
        0.0,
        0.0,
        1.0,
        0.0
      ],
      [
        0.0,
        0.0,
        0.0,
        0.0,
        0.0,
        1.0
      ]
    ],
    "reversion": [
      [
        1.3594208867568218,
        0.023421178413848585,
        0.6036609783796305,
        1.1292431816093544,
        1.1292431816093544,
        0.0
      ],
      [
        0.023421178413848585,
        1.0018728691067884,
        0.04768236378710852,
        0.0783601257411219,
        0.0783601257411219,
        0.0
      ],
      [
        0.6036609783796305,
        0.04768236378710852,
        2.290012215896454,
        2.02179632421074,
        2.02179632421074,
        0.0
      ],
      [
        1.1292431816093544,
        0.0783601257411219,
        2.02179632421074,
        4.629744883187128,
        3.629744883187143,
        0.0
      ],
      [
        1.1292431816093544,
        0.0783601257411219,
        2.02179632421074,
        3.629744883187143,
        4.629744883187128,
        0.0
      ],
      [
        0.0,
        0.0,
        0.0,
        0.0,
        0.0,
        1.0
      ]
    ],
    "vwap": [
      [
        1.0,
        0.0,
        0.0,
        0.0,
        0.0,
        0.0
      ],
      [
        0.0,
        1.0,
        0.0,
        0.0,
        0.0,
        0.0
      ],
      [
        0.0,
        0.0,
        1.0,
        0.0,
        0.0,
        0.0
      ],
      [
        0.0,
        0.0,
        0.0,
        1.0,
        0.0,
        0.0
      ],
      [
        0.0,
        0.0,
        0.0,
        0.0,
        1.0,
        0.0
      ],
      [
        0.0,
        0.0,
        0.0,
        0.0,
        0.0,
        1.0
      ]
    ]
  },
  "b": {
    "trend": [
      [
        0.07449053560870939
      ],
      [
        0.044765590853768425
      ],
      [
        0.8148040829882887
      ],
      [
        0.17463206599165718
      ],
      [
        0.17463206599165718
      ],
      [
        0.0
      ]
    ],
    "breakout": [
      [
        0.0
      ],
      [
        0.0
      ],
      [
        0.0
      ],
      [
        0.0
      ],
      [
        0.0
      ],
      [
        0.0
      ]
    ],
    "reversion": [
      [
        -0.010273837657422197
      ],
      [
        -0.07438046470981217
      ],
      [
        -2.04865792181117
      ],
      [
        -1.2901130783709924
      ],
      [
        -1.2901130783709924
      ],
      [
        0.0
      ]
    ],
    "vwap": [
      [
        0.0
      ],
      [
        0.0
      ],
      [
        0.0
      ],
      [
        0.0
      ],
      [
        0.0
      ],
      [
        0.0
      ]
    ]
  },
  "counts": {
    "trend": 1,
    "breakout": 0,
    "reversion": 8,
    "vwap": 0
  },
  "reward_sum": {
    "trend": 0.17463206599165718,
    "breakout": 0.0,
    "reversion": -1.2901130783709924,
    "vwap": 0.0
  },
  "disabled_until": {
    "trend": 0.0,
    "breakout": 0.0,
    "reversion": 0.0,
    "vwap": 0.0
  },
  "_snapshot_time": "2025-09-22T12:39:00.210240"
}