{
  "arms": [
    "trend",
    "breakout",
    "reversion",
    "vwap"
  ],
  "d": 6,
  "alpha": 0.6,
  "alpha_base": 0.6,
  "alpha_boost_until": 0.0,
  "A": {
    "trend": [
      [
        1.0465406208939343,
        0.027968900693132785,
        0.5090779334489712,
        0.10910761632773375,
        0.10910761632773375,
        0.0
      ],
      [
        0.027968900693132785,
        1.0168080999126556,
        0.3059338249515033,
        0.06556895948787095,
        0.06556895948787095,
        0.0
      ],
      [
        0.5090779334489712,
        0.3059338249515033,
        6.568476254652776,
        1.1934580754788244,
        1.1934580754788244,
        0.0
      ],
      [
        0.10910761632773375,
        0.06556895948787095,
        1.1934580754788244,
        1.255786702284221,
        0.25578670228422234,
        0.0
      ],
      [
        0.10910761632773375,
        0.06556895948787095,
        1.1934580754788244,
        0.25578670228422234,
        1.255786702284221,
        0.0
      ],
      [
        0.0,
        0.0,
        0.0,
        0.0,
        0.0,
        1.0
      ]
    ],
    "breakout": [
      [
        1.0,
        0.0,
        0.0,
        0.0,
        0.0,
        0.0
      ],
      [
        0.0,
        1.0,
        0.0,
        0.0,
        0.0,
        0.0
      ],
      [
        0.0,
        0.0,
        1.0,
        0.0,
        0.0,
        0.0
      ],
      [
        0.0,
        0.0,
        0.0,
        1.0,
        0.0,
        0.0
      ],
      [
        0.0,
        0.0,
        0.0,
        0.0,
        1.0,
        0.0
      ],
      [
        0.0,
        0.0,
        0.0,
        0.0,
        0.0,
        1.0
      ]
    ],
    "reversion": [
      [
        1.3989040793621403,
        0.028190019194195663,
        0.7132481241532317,
        1.295989830977979,
        1.295989830977979,
        0.0
      ],
      [
        0.028190019194195663,
        1.0024627486338218,
        0.06193928470846497,
        0.09780043518783162,
        0.09780043518783162,
        0.0
      ],
      [
        0.7132481241532317,
        0.06193928470846497,
        2.66938742306814,
        2.486165826252476,
        2.486165826252476,
        0.0
      ],
      [
        1.295989830977979,
        0.09780043518783162,
        2.486165826252476,
        5.314930680219313,
        4.314930680219323,
        0.0
      ],
      [
        1.295989830977979,
        0.09780043518783162,
        2.486165826252476,
        4.314930680219323,
        5.314930680219313,
        0.0
      ],
      [
        0.0,
        0.0,
        0.0,
        0.0,
        0.0,
        1.0
      ]
    ],
    "vwap": [
      [
        1.0,
        0.0,
        0.0,
        0.0,
        0.0,
        0.0
      ],
      [
        0.0,
        1.0,
        0.0,
        0.0,
        0.0,
        0.0
      ],
      [
        0.0,
        0.0,
        1.0,
        0.0,
        0.0,
        0.0
      ],
      [
        0.0,
        0.0,
        0.0,
        1.0,
        0.0,
        0.0
      ],
      [
        0.0,
        0.0,
        0.0,
        0.0,
        1.0,
        0.0
      ],
      [
        0.0,
        0.0,
        0.0,
        0.0,
        0.0,
        1.0
      ]
    ]
  },
  "b": {
    "trend": [
      [
        0.11123837535432363
      ],
      [
        0.0668494535266485
      ],
      [
        1.216765078718128
      ],
      [
        0.2607819523237492
      ],
      [
        0.2607819523237492
      ],
      [
        0.0
      ]
    ],
    "breakout": [
      [
        0.0
      ],
      [
        0.0
      ],
      [
        0.0
      ],
      [
        0.0
      ],
      [
        0.0
      ],
      [
        0.0
      ]
    ],
    "reversion": [
      [
        -0.411887878130616
      ],
      [
        -0.13059629036105305
      ],
      [
        -3.6008164500604325
      ],
      [
        -3.0495942764094677
      ],
      [
        -3.0495942764094677
      ],
      [
        0.0
      ]
    ],
    "vwap": [
      [
        0.0
      ],
      [
        0.0
      ],
      [
        0.0
      ],
      [
        0.0
      ],
      [
        0.0
      ],
      [
        0.0
      ]
    ]
  },
  "counts": {
    "trend": 1,
    "breakout": 0,
    "reversion": 7,
    "vwap": 0
  },
  "reward_sum": {
    "trend": 0.2607819523237492,
    "breakout": 0.0,
    "reversion": -3.0495942764094677,
    "vwap": 0.0
  },
  "disabled_until": {
    "trend": 0.0,
    "breakout": 0.0,
    "reversion": 0.0,
    "vwap": 0.0
  },
  "_snapshot_time": "2025-09-21T23:20:00.489741"
}