{
  "arms": [
    "trend",
    "breakout",
    "reversion",
    "vwap"
  ],
  "d": 6,
  "alpha": 0.6,
  "alpha_base": 0.6,
  "alpha_boost_until": 0.0,
  "A": {
    "trend": [
      [
        1.0734398574161585,
        0.04413417869244662,
        0.8033113896655519,
        0.17216890604847487,
        0.17216890604847487,
        0.0
      ],
      [
        0.04413417869244662,
        1.0265227329870639,
        0.4827554091816165,
        0.10346606777527051,
        0.10346606777527051,
        0.0
      ],
      [
        0.8033113896655519,
        0.4827554091816165,
        9.786906885040057,
        1.8832449849578292,
        1.8832449849578292,
        0.0
      ],
      [
        0.17216890604847487,
        0.10346606777527051,
        1.8832449849578292,
        1.4036245882390097,
        0.4036245882390106,
        0.0
      ],
      [
        0.17216890604847487,
        0.10346606777527051,
        1.8832449849578292,
        0.4036245882390106,
        1.4036245882390097,
        0.0
      ],
      [
        0.0,
        0.0,
        0.0,
        0.0,
        0.0,
        1.0
      ]
    ],
    "breakout": [
      [
        1.0,
        0.0,
        0.0,
        0.0,
        0.0,
        0.0
      ],
      [
        0.0,
        1.0,
        0.0,
        0.0,
        0.0,
        0.0
      ],
      [
        0.0,
        0.0,
        1.0,
        0.0,
        0.0,
        0.0
      ],
      [
        0.0,
        0.0,
        0.0,
        1.0,
        0.0,
        0.0
      ],
      [
        0.0,
        0.0,
        0.0,
        0.0,
        1.0,
        0.0
      ],
      [
        0.0,
        0.0,
        0.0,
        0.0,
        0.0,
        1.0
      ]
    ],
    "reversion": [
      [
        1.0597328182026002,
        0.006055710240548649,
        0.17069351285559578,
        0.2053327819470158,
        0.2053327819470158,
        0.0
      ],
      [
        0.006055710240548649,
        1.0006572449836253,
        0.017652042349491186,
        0.02060813017253666,
        0.02060813017253666,
        0.0
      ],
      [
        0.17069351285559578,
        0.017652042349491186,
        1.490558645117242,
        0.5850915521492249,
        0.5850915521492249,
        0.0
      ],
      [
        0.2053327819470158,
        0.02060813017253666,
        0.5850915521492249,
        1.7068391800027638,
        0.7068391800027726,
        0.0
      ],
      [
        0.2053327819470158,
        0.02060813017253666,
        0.5850915521492249,
        0.7068391800027726,
        1.7068391800027638,
        0.0
      ],
      [
        0.0,
        0.0,
        0.0,
        0.0,
        0.0,
        1.0
      ]
    ],
    "vwap": [
      [
        1.0,
        0.0,
        0.0,
        0.0,
        0.0,
        0.0
      ],
      [
        0.0,
        1.0,
        0.0,
        0.0,
        0.0,
        0.0
      ],
      [
        0.0,
        0.0,
        1.0,
        0.0,
        0.0,
        0.0
      ],
      [
        0.0,
        0.0,
        0.0,
        1.0,
        0.0,
        0.0
      ],
      [
        0.0,
        0.0,
        0.0,
        0.0,
        1.0,
        0.0
      ],
      [
        0.0,
        0.0,
        0.0,
        0.0,
        0.0,
        1.0
      ]
    ]
  },
  "b": {
    "trend": [
      [
        0.17553118691399175
      ],
      [
        0.10548665318697738
      ],
      [
        1.9200228139127362
      ],
      [
        0.411506959458272
      ],
      [
        0.411506959458272
      ],
      [
        0.0
      ]
    ],
    "breakout": [
      [
        0.0
      ],
      [
        0.0
      ],
      [
        0.0
      ],
      [
        0.0
      ],
      [
        0.0
      ],
      [
        0.0
      ]
    ],
    "reversion": [
      [
        0.08186212307411603
      ],
      [
        0.008906998409013375
      ],
      [
        0.23880161634361435
      ],
      [
        0.27847712716996575
      ],
      [
        0.27847712716996575
      ],
      [
        0.0
      ]
    ],
    "vwap": [
      [
        0.0
      ],
      [
        0.0
      ],
      [
        0.0
      ],
      [
        0.0
      ],
      [
        0.0
      ],
      [
        0.0
      ]
    ]
  },
  "counts": {
    "trend": 1,
    "breakout": 0,
    "reversion": 2,
    "vwap": 0
  },
  "reward_sum": {
    "trend": 0.411506959458272,
    "breakout": 0.0,
    "reversion": 0.27847712716996575,
    "vwap": 0.0
  },
  "disabled_until": {
    "trend": 0.0,
    "breakout": 0.0,
    "reversion": 0.0,
    "vwap": 0.0
  },
  "_snapshot_time": "2025-09-19T01:28:00.826363"
}