{
  "arms": [
    "trend",
    "breakout",
    "reversion",
    "vwap"
  ],
  "d": 6,
  "alpha": 0.6,
  "alpha_base": 0.6,
  "alpha_boost_until": 0.0,
  "A": {
    "trend": [
      [
        1.0738089019257875,
        0.04435595848487097,
        0.8073481303171376,
        0.17303407643062801,
        0.17303407643062801,
        0.0
      ],
      [
        0.04435595848487097,
        1.0266560130523255,
        0.4851813157604186,
        0.10398599776409097,
        0.10398599776409097,
        0.0
      ],
      [
        0.8073481303171376,
        0.4851813157604186,
        9.831062196020158,
        1.8927085275958082,
        1.8927085275958082,
        0.0
      ],
      [
        0.17303407643062801,
        0.10398599776409097,
        1.8927085275958082,
        1.4056528525015173,
        0.40565285250151817,
        0.0
      ],
      [
        0.17303407643062801,
        0.10398599776409097,
        1.8927085275958082,
        0.40565285250151817,
        1.4056528525015173,
        0.0
      ],
      [
        0.0,
        0.0,
        0.0,
        0.0,
        0.0,
        1.0
      ]
    ],
    "breakout": [
      [
        1.0,
        0.0,
        0.0,
        0.0,
        0.0,
        0.0
      ],
      [
        0.0,
        1.0,
        0.0,
        0.0,
        0.0,
        0.0
      ],
      [
        0.0,
        0.0,
        1.0,
        0.0,
        0.0,
        0.0
      ],
      [
        0.0,
        0.0,
        0.0,
        1.0,
        0.0,
        0.0
      ],
      [
        0.0,
        0.0,
        0.0,
        0.0,
        1.0,
        0.0
      ],
      [
        0.0,
        0.0,
        0.0,
        0.0,
        0.0,
        1.0
      ]
    ],
    "reversion": [
      [
        1.0600329831181914,
        0.006086140945275024,
        0.1715512692016038,
        0.20636460497187517,
        0.20636460497187517,
        0.0
      ],
      [
        0.006086140945275024,
        1.0006605477222363,
        0.017740746079890637,
        0.020711688615614735,
        0.020711688615614735,
        0.0
      ],
      [
        0.1715512692016038,
        0.017740746079890637,
        1.4930237639369266,
        0.5880317107027386,
        0.5880317107027386,
        0.0
      ],
      [
        0.20636460497187517,
        0.020711688615614735,
        0.5880317107027386,
        1.7103911356811698,
        0.7103911356811785,
        0.0
      ],
      [
        0.20636460497187517,
        0.020711688615614735,
        0.5880317107027386,
        0.7103911356811785,
        1.7103911356811698,
        0.0
      ],
      [
        0.0,
        0.0,
        0.0,
        0.0,
        0.0,
        1.0
      ]
    ],
    "vwap": [
      [
        1.0,
        0.0,
        0.0,
        0.0,
        0.0,
        0.0
      ],
      [
        0.0,
        1.0,
        0.0,
        0.0,
        0.0,
        0.0
      ],
      [
        0.0,
        0.0,
        1.0,
        0.0,
        0.0,
        0.0
      ],
      [
        0.0,
        0.0,
        0.0,
        1.0,
        0.0,
        0.0
      ],
      [
        0.0,
        0.0,
        0.0,
        0.0,
        1.0,
        0.0
      ],
      [
        0.0,
        0.0,
        0.0,
        0.0,
        0.0,
        1.0
      ]
    ]
  },
  "b": {
    "trend": [
      [
        0.1764132531798912
      ],
      [
        0.10601673687133405
      ],
      [
        1.9296711697615438
      ],
      [
        0.413574833626404
      ],
      [
        0.413574833626404
      ],
      [
        0.0
      ]
    ],
    "breakout": [
      [
        0.0
      ],
      [
        0.0
      ],
      [
        0.0
      ],
      [
        0.0
      ],
      [
        0.0
      ],
      [
        0.0
      ]
    ],
    "reversion": [
      [
        0.08227349052674977
      ],
      [
        0.008951757194988317
      ],
      [
        0.24000162446594409
      ],
      [
        0.27987650971855854
      ],
      [
        0.27987650971855854
      ],
      [
        0.0
      ]
    ],
    "vwap": [
      [
        0.0
      ],
      [
        0.0
      ],
      [
        0.0
      ],
      [
        0.0
      ],
      [
        0.0
      ],
      [
        0.0
      ]
    ]
  },
  "counts": {
    "trend": 1,
    "breakout": 0,
    "reversion": 2,
    "vwap": 0
  },
  "reward_sum": {
    "trend": 0.413574833626404,
    "breakout": 0.0,
    "reversion": 0.27987650971855854,
    "vwap": 0.0
  },
  "disabled_until": {
    "trend": 0.0,
    "breakout": 0.0,
    "reversion": 0.0,
    "vwap": 0.0
  },
  "_snapshot_time": "2025-09-19T01:19:00.815753"
}