{
  "arms": [
    "trend",
    "breakout",
    "reversion",
    "vwap"
  ],
  "d": 6,
  "alpha": 0.6,
  "alpha_base": 0.6,
  "alpha_boost_until": 0.0,
  "A": {
    "trend": [
      [
        1.0106081827506581,
        0.006375059124455929,
        0.1160360916684108,
        0.024869318699699168,
        0.024869318699699168,
        0.0
      ],
      [
        0.006375059124455929,
        1.0038311348697118,
        0.0697326735732467,
        0.014945385163703131,
        0.014945385163703131,
        0.0
      ],
      [
        0.1160360916684108,
        0.0697326735732467,
        2.269244213279215,
        0.2720294900830685,
        0.2720294900830685,
        0.0
      ],
      [
        0.024869318699699168,
        0.014945385163703131,
        0.2720294900830685,
        1.0583024470000675,
        0.05830244700006734,
        0.0
      ],
      [
        0.024869318699699168,
        0.014945385163703131,
        0.2720294900830685,
        0.05830244700006734,
        1.0583024470000675,
        0.0
      ],
      [
        0.0,
        0.0,
        0.0,
        0.0,
        0.0,
        1.0
      ]
    ],
    "breakout": [
      [
        1.0,
        0.0,
        0.0,
        0.0,
        0.0,
        0.0
      ],
      [
        0.0,
        1.0,
        0.0,
        0.0,
        0.0,
        0.0
      ],
      [
        0.0,
        0.0,
        1.0,
        0.0,
        0.0,
        0.0
      ],
      [
        0.0,
        0.0,
        0.0,
        1.0,
        0.0,
        0.0
      ],
      [
        0.0,
        0.0,
        0.0,
        0.0,
        1.0,
        0.0
      ],
      [
        0.0,
        0.0,
        0.0,
        0.0,
        0.0,
        1.0
      ]
    ],
    "reversion": [
      [
        1.1223392099813227,
        0.00797206998690767,
        0.20547333199776338,
        0.38437031292605944,
        0.38437031292605944,
        0.0
      ],
      [
        0.00797206998690767,
        1.0006374847299235,
        0.01623006044082124,
        0.026672116814657722,
        0.026672116814657722,
        0.0
      ],
      [
        0.20547333199776338,
        0.01623006044082124,
        1.4390926659356942,
        0.6881763808412992,
        0.6881763808412992,
        0.0
      ],
      [
        0.38437031292605944,
        0.026672116814657722,
        0.6881763808412992,
        2.2354878021969076,
        1.2354878021969247,
        0.0
      ],
      [
        0.38437031292605944,
        0.026672116814657722,
        0.6881763808412992,
        1.2354878021969247,
        2.2354878021969076,
        0.0
      ],
      [
        0.0,
        0.0,
        0.0,
        0.0,
        0.0,
        1.0
      ]
    ],
    "vwap": [
      [
        1.0,
        0.0,
        0.0,
        0.0,
        0.0,
        0.0
      ],
      [
        0.0,
        1.0,
        0.0,
        0.0,
        0.0,
        0.0
      ],
      [
        0.0,
        0.0,
        1.0,
        0.0,
        0.0,
        0.0
      ],
      [
        0.0,
        0.0,
        0.0,
        1.0,
        0.0,
        0.0
      ],
      [
        0.0,
        0.0,
        0.0,
        0.0,
        1.0,
        0.0
      ],
      [
        0.0,
        0.0,
        0.0,
        0.0,
        0.0,
        1.0
      ]
    ]
  },
  "b": {
    "trend": [
      [
        0.025354990801134826
      ],
      [
        0.015237253095706782
      ],
      [
        0.27734194498770204
      ],
      [
        0.05944103355707303
      ],
      [
        0.05944103355707303
      ],
      [
        0.0
      ]
    ],
    "breakout": [
      [
        0.0
      ],
      [
        0.0
      ],
      [
        0.0
      ],
      [
        0.0
      ],
      [
        0.0
      ],
      [
        0.0
      ]
    ],
    "reversion": [
      [
        -0.0034969953856236733
      ],
      [
        -0.025317525012948365
      ],
      [
        -0.6973194961981313
      ],
      [
        -0.4391269973724783
      ],
      [
        -0.4391269973724783
      ],
      [
        0.0
      ]
    ],
    "vwap": [
      [
        0.0
      ],
      [
        0.0
      ],
      [
        0.0
      ],
      [
        0.0
      ],
      [
        0.0
      ],
      [
        0.0
      ]
    ]
  },
  "counts": {
    "trend": 1,
    "breakout": 0,
    "reversion": 8,
    "vwap": 0
  },
  "reward_sum": {
    "trend": 0.05944103355707303,
    "breakout": 0.0,
    "reversion": -0.4391269973724783,
    "vwap": 0.0
  },
  "disabled_until": {
    "trend": 0.0,
    "breakout": 0.0,
    "reversion": 0.0,
    "vwap": 0.0
  },
  "_snapshot_time": "2025-09-24T08:08:00.333228"
}