{
  "arms": [
    "trend",
    "breakout",
    "reversion",
    "vwap"
  ],
  "d": 6,
  "alpha": 0.6,
  "alpha_base": 0.6,
  "alpha_boost_until": 0.0,
  "A": {
    "trend": [
      [
        1.0064261234952396,
        0.003861822348475867,
        0.07029123389865137,
        0.015065098043943802,
        0.015065098043943802,
        0.0
      ],
      [
        0.003861822348475867,
        1.0023207882422795,
        0.042241992108131086,
        0.009053472494138499,
        0.009053472494138499,
        0.0
      ],
      [
        0.07029123389865137,
        0.042241992108131086,
        1.7688706210914766,
        0.16478742294597054,
        0.16478742294597054,
        0.0
      ],
      [
        0.015065098043943802,
        0.009053472494138499,
        0.16478742294597054,
        1.035317898767707,
        0.035317898767708356,
        0.0
      ],
      [
        0.015065098043943802,
        0.009053472494138499,
        0.16478742294597054,
        0.035317898767708356,
        1.035317898767707,
        0.0
      ],
      [
        0.0,
        0.0,
        0.0,
        0.0,
        0.0,
        1.0
      ]
    ],
    "breakout": [
      [
        1.0,
        0.0,
        0.0,
        0.0,
        0.0,
        0.0
      ],
      [
        0.0,
        1.0,
        0.0,
        0.0,
        0.0,
        0.0
      ],
      [
        0.0,
        0.0,
        1.0,
        0.0,
        0.0,
        0.0
      ],
      [
        0.0,
        0.0,
        0.0,
        1.0,
        0.0,
        0.0
      ],
      [
        0.0,
        0.0,
        0.0,
        0.0,
        1.0,
        0.0
      ],
      [
        0.0,
        0.0,
        0.0,
        0.0,
        0.0,
        1.0
      ]
    ],
    "reversion": [
      [
        1.074109476630316,
        0.004829244315703691,
        0.1244696700114894,
        0.23284017223529666,
        0.23284017223529666,
        0.0
      ],
      [
        0.004829244315703691,
        1.0003861694031024,
        0.009831690797507184,
        0.016157179844946898,
        0.016157179844946898,
        0.0
      ],
      [
        0.1244696700114894,
        0.009831690797507184,
        1.2659893559037432,
        0.4168769066048432,
        0.4168769066048432,
        0.0
      ],
      [
        0.23284017223529666,
        0.016157179844946898,
        0.4168769066048432,
        1.7484219852157885,
        0.7484219852158013,
        0.0
      ],
      [
        0.23284017223529666,
        0.016157179844946898,
        0.4168769066048432,
        0.7484219852158013,
        1.7484219852157885,
        0.0
      ],
      [
        0.0,
        0.0,
        0.0,
        0.0,
        0.0,
        1.0
      ]
    ],
    "vwap": [
      [
        1.0,
        0.0,
        0.0,
        0.0,
        0.0,
        0.0
      ],
      [
        0.0,
        1.0,
        0.0,
        0.0,
        0.0,
        0.0
      ],
      [
        0.0,
        0.0,
        1.0,
        0.0,
        0.0,
        0.0
      ],
      [
        0.0,
        0.0,
        0.0,
        1.0,
        0.0,
        0.0
      ],
      [
        0.0,
        0.0,
        0.0,
        0.0,
        1.0,
        0.0
      ],
      [
        0.0,
        0.0,
        0.0,
        0.0,
        0.0,
        1.0
      ]
    ]
  },
  "b": {
    "trend": [
      [
        0.015359303844821825
      ],
      [
        0.009230277458705994
      ],
      [
        0.16800555107238777
      ],
      [
        0.03600762084332812
      ],
      [
        0.03600762084332812
      ],
      [
        0.0
      ]
    ],
    "breakout": [
      [
        0.0
      ],
      [
        0.0
      ],
      [
        0.0
      ],
      [
        0.0
      ],
      [
        0.0
      ],
      [
        0.0
      ]
    ],
    "reversion": [
      [
        -0.0021183764211553137
      ],
      [
        -0.015336608177958648
      ],
      [
        -0.4224155355854363
      ],
      [
        -0.2660101528731892
      ],
      [
        -0.2660101528731892
      ],
      [
        0.0
      ]
    ],
    "vwap": [
      [
        0.0
      ],
      [
        0.0
      ],
      [
        0.0
      ],
      [
        0.0
      ],
      [
        0.0
      ],
      [
        0.0
      ]
    ]
  },
  "counts": {
    "trend": 1,
    "breakout": 0,
    "reversion": 8,
    "vwap": 0
  },
  "reward_sum": {
    "trend": 0.03600762084332812,
    "breakout": 0.0,
    "reversion": -0.2660101528731892,
    "vwap": 0.0
  },
  "disabled_until": {
    "trend": 0.0,
    "breakout": 0.0,
    "reversion": 0.0,
    "vwap": 0.0
  },
  "_snapshot_time": "2025-09-25T07:26:00.972679"
}