{
  "arms": [
    "trend",
    "breakout",
    "reversion",
    "vwap"
  ],
  "d": 6,
  "alpha": 0.6,
  "alpha_base": 0.6,
  "alpha_boost_until": 0.0,
  "A": {
    "trend": [
      [
        1.0098892674724262,
        0.005943022128871817,
        0.10817233959253948,
        0.02318392794120032,
        0.02318392794120032,
        0.0
      ],
      [
        0.005943022128871817,
        1.0035714993170877,
        0.06500689861234321,
        0.013932538195868191,
        0.013932538195868191,
        0.0
      ],
      [
        0.10817233959253948,
        0.06500689861234321,
        2.183227684512593,
        0.2535940840246506,
        0.2535940840246506,
        0.0
      ],
      [
        0.02318392794120032,
        0.013932538195868191,
        0.2535940840246506,
        1.0543512971290832,
        0.0543512971290831,
        0.0
      ],
      [
        0.02318392794120032,
        0.013932538195868191,
        0.2535940840246506,
        0.0543512971290831,
        1.0543512971290832,
        0.0
      ],
      [
        0.0,
        0.0,
        0.0,
        0.0,
        0.0,
        1.0
      ]
    ],
    "breakout": [
      [
        1.0,
        0.0,
        0.0,
        0.0,
        0.0,
        0.0
      ],
      [
        0.0,
        1.0,
        0.0,
        0.0,
        0.0,
        0.0
      ],
      [
        0.0,
        0.0,
        1.0,
        0.0,
        0.0,
        0.0
      ],
      [
        0.0,
        0.0,
        0.0,
        1.0,
        0.0,
        0.0
      ],
      [
        0.0,
        0.0,
        0.0,
        0.0,
        1.0,
        0.0
      ],
      [
        0.0,
        0.0,
        0.0,
        0.0,
        0.0,
        1.0
      ]
    ],
    "reversion": [
      [
        1.114048296330075,
        0.007431803755882901,
        0.19154842882495604,
        0.358321582718797,
        0.358321582718797,
        0.0
      ],
      [
        0.007431803755882901,
        1.0005942824659022,
        0.015130151182866026,
        0.024864550643189997,
        0.024864550643189997,
        0.0
      ],
      [
        0.19154842882495604,
        0.015130151182866026,
        1.4093354083996603,
        0.6415387496905455,
        0.6415387496905455,
        0.0
      ],
      [
        0.358321582718797,
        0.024864550643189997,
        0.6415387496905455,
        2.1517589413782976,
        1.1517589413783156,
        0.0
      ],
      [
        0.358321582718797,
        0.024864550643189997,
        0.6415387496905455,
        1.1517589413783156,
        2.1517589413782976,
        0.0
      ],
      [
        0.0,
        0.0,
        0.0,
        0.0,
        0.0,
        1.0
      ]
    ],
    "vwap": [
      [
        1.0,
        0.0,
        0.0,
        0.0,
        0.0,
        0.0
      ],
      [
        0.0,
        1.0,
        0.0,
        0.0,
        0.0,
        0.0
      ],
      [
        0.0,
        0.0,
        1.0,
        0.0,
        0.0,
        0.0
      ],
      [
        0.0,
        0.0,
        0.0,
        1.0,
        0.0,
        0.0
      ],
      [
        0.0,
        0.0,
        0.0,
        0.0,
        1.0,
        0.0
      ],
      [
        0.0,
        0.0,
        0.0,
        0.0,
        0.0,
        1.0
      ]
    ]
  },
  "b": {
    "trend": [
      [
        0.02363668610231841
      ],
      [
        0.014204626272973484
      ],
      [
        0.2585465144947861
      ],
      [
        0.055412721811085267
      ],
      [
        0.055412721811085267
      ],
      [
        0.0
      ]
    ],
    "breakout": [
      [
        0.0
      ],
      [
        0.0
      ],
      [
        0.0
      ],
      [
        0.0
      ],
      [
        0.0
      ],
      [
        0.0
      ]
    ],
    "reversion": [
      [
        -0.003260004425935076
      ],
      [
        -0.02360175936612335
      ],
      [
        -0.650062237211474
      ],
      [
        -0.40936741319907366
      ],
      [
        -0.40936741319907366
      ],
      [
        0.0
      ]
    ],
    "vwap": [
      [
        0.0
      ],
      [
        0.0
      ],
      [
        0.0
      ],
      [
        0.0
      ],
      [
        0.0
      ],
      [
        0.0
      ]
    ]
  },
  "counts": {
    "trend": 1,
    "breakout": 0,
    "reversion": 8,
    "vwap": 0
  },
  "reward_sum": {
    "trend": 0.055412721811085267,
    "breakout": 0.0,
    "reversion": -0.40936741319907366,
    "vwap": 0.0
  },
  "disabled_until": {
    "trend": 0.0,
    "breakout": 0.0,
    "reversion": 0.0,
    "vwap": 0.0
  },
  "_snapshot_time": "2025-09-24T10:25:00.317300"
}