{
  "arms": [
    "trend",
    "breakout",
    "reversion",
    "vwap"
  ],
  "d": 6,
  "alpha": 0.6,
  "alpha_base": 0.6,
  "alpha_boost_until": 0.0,
  "A": {
    "trend": [
      [
        1.0727072948384322,
        0.04369394025998946,
        0.795298358553638,
        0.17045152121064133,
        0.17045152121064133,
        0.0
      ],
      [
        0.04369394025998946,
        1.026258168725518,
        0.47793992397502993,
        0.10243399374921218,
        0.10243399374921218,
        0.0
      ],
      [
        0.795298358553638,
        0.47793992397502993,
        9.699257488861784,
        1.8644596162328748,
        1.8644596162328748,
        0.0
      ],
      [
        0.17045152121064133,
        0.10243399374921218,
        1.8644596162328748,
        1.3995984329713256,
        0.3995984329713264,
        0.0
      ],
      [
        0.17045152121064133,
        0.10243399374921218,
        1.8644596162328748,
        0.3995984329713264,
        1.3995984329713256,
        0.0
      ],
      [
        0.0,
        0.0,
        0.0,
        0.0,
        0.0,
        1.0
      ]
    ],
    "breakout": [
      [
        1.0,
        0.0,
        0.0,
        0.0,
        0.0,
        0.0
      ],
      [
        0.0,
        1.0,
        0.0,
        0.0,
        0.0,
        0.0
      ],
      [
        0.0,
        0.0,
        1.0,
        0.0,
        0.0,
        0.0
      ],
      [
        0.0,
        0.0,
        0.0,
        1.0,
        0.0,
        0.0
      ],
      [
        0.0,
        0.0,
        0.0,
        0.0,
        1.0,
        0.0
      ],
      [
        0.0,
        0.0,
        0.0,
        0.0,
        0.0,
        1.0
      ]
    ],
    "reversion": [
      [
        1.0591369833410291,
        0.005995304530899177,
        0.1689908450648612,
        0.20328458744709432,
        0.20328458744709432,
        0.0
      ],
      [
        0.005995304530899177,
        1.0006506889649138,
        0.01747596322705501,
        0.02040256407406561,
        0.02040256407406561,
        0.0
      ],
      [
        0.1689908450648612,
        0.01747596322705501,
        1.4856653226321974,
        0.5792552639165364,
        0.5792552639165364,
        0.0
      ],
      [
        0.20328458744709432,
        0.02040256407406561,
        0.5792552639165364,
        1.6997884591822365,
        0.6997884591822449,
        0.0
      ],
      [
        0.20328458744709432,
        0.02040256407406561,
        0.5792552639165364,
        0.6997884591822449,
        1.6997884591822365,
        0.0
      ],
      [
        0.0,
        0.0,
        0.0,
        0.0,
        0.0,
        1.0
      ]
    ],
    "vwap": [
      [
        1.0,
        0.0,
        0.0,
        0.0,
        0.0,
        0.0
      ],
      [
        0.0,
        1.0,
        0.0,
        0.0,
        0.0,
        0.0
      ],
      [
        0.0,
        0.0,
        1.0,
        0.0,
        0.0,
        0.0
      ],
      [
        0.0,
        0.0,
        0.0,
        1.0,
        0.0,
        0.0
      ],
      [
        0.0,
        0.0,
        0.0,
        0.0,
        1.0,
        0.0
      ],
      [
        0.0,
        0.0,
        0.0,
        0.0,
        0.0,
        1.0
      ]
    ]
  },
  "b": {
    "trend": [
      [
        0.17378026332452468
      ],
      [
        0.10443442382143728
      ],
      [
        1.9008705863439568
      ],
      [
        0.4074021775376757
      ],
      [
        0.4074021775376757
      ],
      [
        0.0
      ]
    ],
    "breakout": [
      [
        0.0
      ],
      [
        0.0
      ],
      [
        0.0
      ],
      [
        0.0
      ],
      [
        0.0
      ],
      [
        0.0
      ]
    ],
    "reversion": [
      [
        0.08104554839645171
      ],
      [
        0.008818151099883466
      ],
      [
        0.2364195702205868
      ],
      [
        0.27569931782644536
      ],
      [
        0.27569931782644536
      ],
      [
        0.0
      ]
    ],
    "vwap": [
      [
        0.0
      ],
      [
        0.0
      ],
      [
        0.0
      ],
      [
        0.0
      ],
      [
        0.0
      ],
      [
        0.0
      ]
    ]
  },
  "counts": {
    "trend": 1,
    "breakout": 0,
    "reversion": 2,
    "vwap": 0
  },
  "reward_sum": {
    "trend": 0.4074021775376757,
    "breakout": 0.0,
    "reversion": 0.27569931782644536,
    "vwap": 0.0
  },
  "disabled_until": {
    "trend": 0.0,
    "breakout": 0.0,
    "reversion": 0.0,
    "vwap": 0.0
  },
  "_snapshot_time": "2025-09-19T01:54:00.067922"
}