{
  "arms": [
    "trend",
    "breakout",
    "reversion",
    "vwap"
  ],
  "d": 6,
  "alpha": 0.6,
  "alpha_base": 0.6,
  "alpha_boost_until": 0.0,
  "A": {
    "trend": [
      [
        1.0287639102152175,
        0.017285866258403646,
        0.31462992304392073,
        0.06743274196963697,
        0.06743274196963697,
        0.0
      ],
      [
        0.017285866258403646,
        1.0103880581627358,
        0.18907897882922525,
        0.0405241620629127,
        0.0405241620629127,
        0.0
      ],
      [
        0.31462992304392073,
        0.18907897882922525,
        4.441534469199133,
        0.7376034154536519,
        0.7376034154536519,
        0.0
      ],
      [
        0.06743274196963697,
        0.0405241620629127,
        0.7376034154536519,
        1.1580861105295006,
        0.1580861105294992,
        0.0
      ],
      [
        0.06743274196963697,
        0.0405241620629127,
        0.7376034154536519,
        0.1580861105294992,
        1.1580861105295006,
        0.0
      ],
      [
        0.0,
        0.0,
        0.0,
        0.0,
        0.0,
        1.0
      ]
    ],
    "breakout": [
      [
        1.0,
        0.0,
        0.0,
        0.0,
        0.0,
        0.0
      ],
      [
        0.0,
        1.0,
        0.0,
        0.0,
        0.0,
        0.0
      ],
      [
        0.0,
        0.0,
        1.0,
        0.0,
        0.0,
        0.0
      ],
      [
        0.0,
        0.0,
        0.0,
        1.0,
        0.0,
        0.0
      ],
      [
        0.0,
        0.0,
        0.0,
        0.0,
        1.0,
        0.0
      ],
      [
        0.0,
        0.0,
        0.0,
        0.0,
        0.0,
        1.0
      ]
    ],
    "reversion": [
      [
        1.3317207229942905,
        0.021616134518294396,
        0.5571375052752994,
        1.042213678842964,
        1.042213678842964,
        0.0
      ],
      [
        0.021616134518294396,
        1.0017285291897853,
        0.04400753760378447,
        0.07232099892501613,
        0.07232099892501613,
        0.0
      ],
      [
        0.5571375052752994,
        0.04400753760378447,
        2.1905924243578068,
        1.865978753950798,
        1.865978753950798,
        0.0
      ],
      [
        1.042213678842964,
        0.07232099892501613,
        1.865978753950798,
        4.350004524779627,
        3.350004524779642,
        0.0
      ],
      [
        1.042213678842964,
        0.07232099892501613,
        1.865978753950798,
        3.350004524779642,
        4.350004524779627,
        0.0
      ],
      [
        0.0,
        0.0,
        0.0,
        0.0,
        0.0,
        1.0
      ]
    ],
    "vwap": [
      [
        1.0,
        0.0,
        0.0,
        0.0,
        0.0,
        0.0
      ],
      [
        0.0,
        1.0,
        0.0,
        0.0,
        0.0,
        0.0
      ],
      [
        0.0,
        0.0,
        1.0,
        0.0,
        0.0,
        0.0
      ],
      [
        0.0,
        0.0,
        0.0,
        1.0,
        0.0,
        0.0
      ],
      [
        0.0,
        0.0,
        0.0,
        0.0,
        1.0,
        0.0
      ],
      [
        0.0,
        0.0,
        0.0,
        0.0,
        0.0,
        1.0
      ]
    ]
  },
  "b": {
    "trend": [
      [
        0.06874963375478904
      ],
      [
        0.04131555708203929
      ],
      [
        0.7520080481311778
      ],
      [
        0.16117336894762313
      ],
      [
        0.16117336894762313
      ],
      [
        0.0
      ]
    ],
    "breakout": [
      [
        0.0
      ],
      [
        0.0
      ],
      [
        0.0
      ],
      [
        0.0
      ],
      [
        0.0
      ],
      [
        0.0
      ]
    ],
    "reversion": [
      [
        -0.00948204453669351
      ],
      [
        -0.06864804589635298
      ],
      [
        -1.8907701584159058
      ],
      [
        -1.1906855134748013
      ],
      [
        -1.1906855134748013
      ],
      [
        0.0
      ]
    ],
    "vwap": [
      [
        0.0
      ],
      [
        0.0
      ],
      [
        0.0
      ],
      [
        0.0
      ],
      [
        0.0
      ],
      [
        0.0
      ]
    ]
  },
  "counts": {
    "trend": 1,
    "breakout": 0,
    "reversion": 8,
    "vwap": 0
  },
  "reward_sum": {
    "trend": 0.16117336894762313,
    "breakout": 0.0,
    "reversion": -1.1906855134748013,
    "vwap": 0.0
  },
  "disabled_until": {
    "trend": 0.0,
    "breakout": 0.0,
    "reversion": 0.0,
    "vwap": 0.0
  },
  "_snapshot_time": "2025-09-22T16:19:00.970435"
}