{
  "arms": [
    "trend",
    "breakout",
    "reversion",
    "vwap"
  ],
  "d": 6,
  "alpha": 0.6,
  "alpha_base": 0.6,
  "alpha_boost_until": 0.0,
  "A": {
    "trend": [
      [
        1.1124527192318903,
        0.06757922168759238,
        1.2300480057572087,
        0.26362880230852564,
        0.26362880230852564,
        0.0
      ],
      [
        0.06757922168759238,
        1.0406121900394734,
        0.7392056629242849,
        0.15842951060795765,
        0.15842951060795765,
        0.0
      ],
      [
        1.2300480057572087,
        0.7392056629242849,
        14.45470440200985,
        2.8836659954044452,
        2.8836659954044452,
        0.0
      ],
      [
        0.26362880230852564,
        0.15842951060795765,
        2.8836659954044452,
        1.6180388156137946,
        0.6180388156137953,
        0.0
      ],
      [
        0.26362880230852564,
        0.15842951060795765,
        2.8836659954044452,
        0.6180388156137953,
        1.6180388156137946,
        0.0
      ],
      [
        0.0,
        0.0,
        0.0,
        0.0,
        0.0,
        1.0
      ]
    ],
    "breakout": [
      [
        1.0,
        0.0,
        0.0,
        0.0,
        0.0,
        0.0
      ],
      [
        0.0,
        1.0,
        0.0,
        0.0,
        0.0,
        0.0
      ],
      [
        0.0,
        0.0,
        1.0,
        0.0,
        0.0,
        0.0
      ],
      [
        0.0,
        0.0,
        0.0,
        1.0,
        0.0,
        0.0
      ],
      [
        0.0,
        0.0,
        0.0,
        0.0,
        1.0,
        0.0
      ],
      [
        0.0,
        0.0,
        0.0,
        0.0,
        0.0,
        1.0
      ]
    ],
    "reversion": [
      [
        1.0914642003755937,
        0.0092726362412608,
        0.2613696479159004,
        0.3144100559257107,
        0.3144100559257107,
        0.0
      ],
      [
        0.0092726362412608,
        1.0010063879235396,
        0.027029194119323124,
        0.03155562058153739,
        0.03155562058153739,
        0.0
      ],
      [
        0.2613696479159004,
        0.027029194119323124,
        1.7511541488097686,
        0.8959050079025745,
        0.8959050079025745,
        0.0
      ],
      [
        0.3144100559257107,
        0.03155562058153739,
        0.8959050079025745,
        2.0823276439730853,
        1.0823276439730964,
        0.0
      ],
      [
        0.3144100559257107,
        0.03155562058153739,
        0.8959050079025745,
        1.0823276439730964,
        2.0823276439730853,
        0.0
      ],
      [
        0.0,
        0.0,
        0.0,
        0.0,
        0.0,
        1.0
      ]
    ],
    "vwap": [
      [
        1.0,
        0.0,
        0.0,
        0.0,
        0.0,
        0.0
      ],
      [
        0.0,
        1.0,
        0.0,
        0.0,
        0.0,
        0.0
      ],
      [
        0.0,
        0.0,
        1.0,
        0.0,
        0.0,
        0.0
      ],
      [
        0.0,
        0.0,
        0.0,
        1.0,
        0.0,
        0.0
      ],
      [
        0.0,
        0.0,
        0.0,
        0.0,
        1.0,
        0.0
      ],
      [
        0.0,
        0.0,
        0.0,
        0.0,
        0.0,
        1.0
      ]
    ]
  },
  "b": {
    "trend": [
      [
        0.2687772004597664
      ],
      [
        0.1615234752748434
      ],
      [
        2.9399810131473143
      ],
      [
        0.6301084751799653
      ],
      [
        0.6301084751799653
      ],
      [
        0.0
      ]
    ],
    "breakout": [
      [
        0.0
      ],
      [
        0.0
      ],
      [
        0.0
      ],
      [
        0.0
      ],
      [
        0.0
      ],
      [
        0.0
      ]
    ],
    "reversion": [
      [
        0.12534907699527373
      ],
      [
        0.013638591175522768
      ],
      [
        0.36565826867879275
      ],
      [
        0.42641028041072
      ],
      [
        0.42641028041072
      ],
      [
        0.0
      ]
    ],
    "vwap": [
      [
        0.0
      ],
      [
        0.0
      ],
      [
        0.0
      ],
      [
        0.0
      ],
      [
        0.0
      ],
      [
        0.0
      ]
    ]
  },
  "counts": {
    "trend": 1,
    "breakout": 0,
    "reversion": 2,
    "vwap": 0
  },
  "reward_sum": {
    "trend": 0.6301084751799653,
    "breakout": 0.0,
    "reversion": 0.42641028041072,
    "vwap": 0.0
  },
  "disabled_until": {
    "trend": 0.0,
    "breakout": 0.0,
    "reversion": 0.0,
    "vwap": 0.0
  },
  "_snapshot_time": "2025-09-18T09:10:00.736794"
}