{
  "arms": [
    "trend",
    "breakout",
    "reversion",
    "vwap"
  ],
  "d": 6,
  "alpha": 0.6,
  "alpha_base": 0.6,
  "alpha_boost_until": 0.0,
  "A": {
    "trend": [
      [
        1.0107150655293133,
        0.006439291052706678,
        0.11720521367481711,
        0.02511988959844364,
        0.02511988959844364,
        0.0
      ],
      [
        0.006439291052706678,
        1.003869735481136,
        0.07043526534506371,
        0.01509596743890622,
        0.01509596743890622,
        0.0
      ],
      [
        0.11720521367481711,
        0.07043526534506371,
        2.282032487340436,
        0.2747703240656231,
        0.2747703240656231,
        0.0
      ],
      [
        0.02511988959844364,
        0.01509596743890622,
        0.2747703240656231,
        1.0588898734881114,
        0.058889873488111255,
        0.0
      ],
      [
        0.02511988959844364,
        0.01509596743890622,
        0.2747703240656231,
        0.058889873488111255,
        1.0588898734881114,
        0.0
      ],
      [
        0.0,
        0.0,
        0.0,
        0.0,
        0.0,
        1.0
      ]
    ],
    "breakout": [
      [
        1.0,
        0.0,
        0.0,
        0.0,
        0.0,
        0.0
      ],
      [
        0.0,
        1.0,
        0.0,
        0.0,
        0.0,
        0.0
      ],
      [
        0.0,
        0.0,
        1.0,
        0.0,
        0.0,
        0.0
      ],
      [
        0.0,
        0.0,
        0.0,
        1.0,
        0.0,
        0.0
      ],
      [
        0.0,
        0.0,
        0.0,
        0.0,
        1.0,
        0.0
      ],
      [
        0.0,
        0.0,
        0.0,
        0.0,
        0.0,
        1.0
      ]
    ],
    "reversion": [
      [
        1.123571839076107,
        0.008052392603123829,
        0.20754357920028624,
        0.3882430372223524,
        0.3882430372223524,
        0.0
      ],
      [
        0.008052392603123829,
        1.000643907709324,
        0.01639358646581777,
        0.026940851811477207,
        0.026940851811477207,
        0.0
      ],
      [
        0.20754357920028624,
        0.01639358646581777,
        1.4435167454717752,
        0.6951101041299959,
        0.6951101041299959,
        0.0
      ],
      [
        0.3882430372223524,
        0.026940851811477207,
        0.6951101041299959,
        2.2479359634321434,
        1.2479359634321605,
        0.0
      ],
      [
        0.3882430372223524,
        0.026940851811477207,
        0.6951101041299959,
        1.2479359634321605,
        2.2479359634321434,
        0.0
      ],
      [
        0.0,
        0.0,
        0.0,
        0.0,
        0.0,
        1.0
      ]
    ],
    "vwap": [
      [
        1.0,
        0.0,
        0.0,
        0.0,
        0.0,
        0.0
      ],
      [
        0.0,
        1.0,
        0.0,
        0.0,
        0.0,
        0.0
      ],
      [
        0.0,
        0.0,
        1.0,
        0.0,
        0.0,
        0.0
      ],
      [
        0.0,
        0.0,
        0.0,
        1.0,
        0.0,
        0.0
      ],
      [
        0.0,
        0.0,
        0.0,
        0.0,
        1.0,
        0.0
      ],
      [
        0.0,
        0.0,
        0.0,
        0.0,
        0.0,
        1.0
      ]
    ]
  },
  "b": {
    "trend": [
      [
        0.0256104550906642
      ],
      [
        0.015390776087176367
      ],
      [
        0.2801363046263499
      ],
      [
        0.06003993187755161
      ],
      [
        0.06003993187755161
      ],
      [
        0.0
      ]
    ],
    "breakout": [
      [
        0.0
      ],
      [
        0.0
      ],
      [
        0.0
      ],
      [
        0.0
      ],
      [
        0.0
      ],
      [
        0.0
      ]
    ],
    "reversion": [
      [
        -0.0035322293736255884
      ],
      [
        -0.02557261181581108
      ],
      [
        -0.7043453409743504
      ],
      [
        -0.4435514228150585
      ],
      [
        -0.4435514228150585
      ],
      [
        0.0
      ]
    ],
    "vwap": [
      [
        0.0
      ],
      [
        0.0
      ],
      [
        0.0
      ],
      [
        0.0
      ],
      [
        0.0
      ],
      [
        0.0
      ]
    ]
  },
  "counts": {
    "trend": 1,
    "breakout": 0,
    "reversion": 8,
    "vwap": 0
  },
  "reward_sum": {
    "trend": 0.06003993187755161,
    "breakout": 0.0,
    "reversion": -0.4435514228150585,
    "vwap": 0.0
  },
  "disabled_until": {
    "trend": 0.0,
    "breakout": 0.0,
    "reversion": 0.0,
    "vwap": 0.0
  },
  "_snapshot_time": "2025-09-24T07:50:00.535498"
}