{
  "arms": [
    "trend",
    "breakout",
    "reversion",
    "vwap"
  ],
  "d": 6,
  "alpha": 0.6,
  "alpha_base": 0.6,
  "alpha_boost_until": 0.0,
  "A": {
    "trend": [
      [
        1.0048290830002786,
        0.0029020700686709557,
        0.05282223457734492,
        0.011321072325395148,
        0.011321072325395148,
        0.0
      ],
      [
        0.0029020700686709557,
        1.0017440186227868,
        0.03174387889345136,
        0.006803474932798113,
        0.006803474932798113,
        0.0
      ],
      [
        0.05282223457734492,
        0.03174387889345136,
        1.577788467413746,
        0.12383393244737463,
        0.12383393244737463,
        0.0
      ],
      [
        0.011321072325395148,
        0.006803474932798113,
        0.12383393244737463,
        1.0265405830857457,
        0.02654058308574668,
        0.0
      ],
      [
        0.011321072325395148,
        0.006803474932798113,
        0.12383393244737463,
        0.02654058308574668,
        1.0265405830857457,
        0.0
      ],
      [
        0.0,
        0.0,
        0.0,
        0.0,
        0.0,
        1.0
      ]
    ],
    "breakout": [
      [
        1.0,
        0.0,
        0.0,
        0.0,
        0.0,
        0.0
      ],
      [
        0.0,
        1.0,
        0.0,
        0.0,
        0.0,
        0.0
      ],
      [
        0.0,
        0.0,
        1.0,
        0.0,
        0.0,
        0.0
      ],
      [
        0.0,
        0.0,
        0.0,
        1.0,
        0.0,
        0.0
      ],
      [
        0.0,
        0.0,
        0.0,
        0.0,
        1.0,
        0.0
      ],
      [
        0.0,
        0.0,
        0.0,
        0.0,
        0.0,
        1.0
      ]
    ],
    "reversion": [
      [
        1.128935797714,
        0.011976048540040123,
        0.4857914750824399,
        0.4143343542365407,
        0.4143343542365407,
        0.0
      ],
      [
        0.011976048540040123,
        1.0012414274893855,
        0.05209008522290425,
        0.03941947964152313,
        0.03941947964152313,
        0.0
      ],
      [
        0.4857914750824399,
        0.05209008522290425,
        3.3005864749819507,
        1.5951542071610032,
        1.5951542071610032,
        0.0
      ],
      [
        0.4143343542365407,
        0.03941947964152313,
        1.5951542071610032,
        2.3446454665174428,
        1.3446454665174565,
        0.0
      ],
      [
        0.4143343542365407,
        0.03941947964152313,
        1.5951542071610032,
        1.3446454665174565,
        2.3446454665174428,
        0.0
      ],
      [
        0.0,
        0.0,
        0.0,
        0.0,
        0.0,
        1.0
      ]
    ],
    "vwap": [
      [
        1.0,
        0.0,
        0.0,
        0.0,
        0.0,
        0.0
      ],
      [
        0.0,
        1.0,
        0.0,
        0.0,
        0.0,
        0.0
      ],
      [
        0.0,
        0.0,
        1.0,
        0.0,
        0.0,
        0.0
      ],
      [
        0.0,
        0.0,
        0.0,
        1.0,
        0.0,
        0.0
      ],
      [
        0.0,
        0.0,
        0.0,
        0.0,
        1.0,
        0.0
      ],
      [
        0.0,
        0.0,
        0.0,
        0.0,
        0.0,
        1.0
      ]
    ]
  },
  "b": {
    "trend": [
      [
        0.0115421611719845
      ],
      [
        0.006936339769490115
      ],
      [
        0.1262522812138604
      ],
      [
        0.027058893254040102
      ],
      [
        0.027058893254040102
      ],
      [
        0.0
      ]
    ],
    "breakout": [
      [
        0.0
      ],
      [
        0.0
      ],
      [
        0.0
      ],
      [
        0.0
      ],
      [
        0.0
      ],
      [
        0.0
      ]
    ],
    "reversion": [
      [
        -0.27251199821790967
      ],
      [
        -0.04239941587740404
      ],
      [
        -1.7683327138674108
      ],
      [
        -1.085260558709096
      ],
      [
        -1.085260558709096
      ],
      [
        0.0
      ]
    ],
    "vwap": [
      [
        0.0
      ],
      [
        0.0
      ],
      [
        0.0
      ],
      [
        0.0
      ],
      [
        0.0
      ],
      [
        0.0
      ]
    ]
  },
  "counts": {
    "trend": 1,
    "breakout": 0,
    "reversion": 9,
    "vwap": 0
  },
  "reward_sum": {
    "trend": 0.027058893254040102,
    "breakout": 0.0,
    "reversion": -1.085260558709096,
    "vwap": 0.0
  },
  "disabled_until": {
    "trend": 0.0,
    "breakout": 0.0,
    "reversion": 0.0,
    "vwap": 0.0
  },
  "_snapshot_time": "2025-09-25T18:47:00.952547"
}