{
  "arms": [
    "trend",
    "breakout",
    "reversion",
    "vwap"
  ],
  "d": 6,
  "alpha": 0.6,
  "alpha_base": 0.6,
  "alpha_boost_until": 0.0,
  "A": {
    "trend": [
      [
        1.0085085694028924,
        0.005113282291880536,
        0.0930697709878492,
        0.01994708510709818,
        0.01994708510709818,
        0.0
      ],
      [
        0.005113282291880536,
        1.0030728615538567,
        0.055930907931461486,
        0.011987335616972686,
        0.011987335616972686,
        0.0
      ],
      [
        0.0930697709878492,
        0.055930907931461486,
        2.0180303951904603,
        0.2181883410578965,
        0.2181883410578965,
        0.0
      ],
      [
        0.01994708510709818,
        0.011987335616972686,
        0.2181883410578965,
        1.0467629968599224,
        0.04676299685992172,
        0.0
      ],
      [
        0.01994708510709818,
        0.011987335616972686,
        0.2181883410578965,
        0.04676299685992172,
        1.0467629968599224,
        0.0
      ],
      [
        0.0,
        0.0,
        0.0,
        0.0,
        0.0,
        1.0
      ]
    ],
    "breakout": [
      [
        1.0,
        0.0,
        0.0,
        0.0,
        0.0,
        0.0
      ],
      [
        0.0,
        1.0,
        0.0,
        0.0,
        0.0,
        0.0
      ],
      [
        0.0,
        0.0,
        1.0,
        0.0,
        0.0,
        0.0
      ],
      [
        0.0,
        0.0,
        0.0,
        1.0,
        0.0,
        0.0
      ],
      [
        0.0,
        0.0,
        0.0,
        0.0,
        1.0,
        0.0
      ],
      [
        0.0,
        0.0,
        0.0,
        0.0,
        0.0,
        1.0
      ]
    ],
    "reversion": [
      [
        1.0981253512771998,
        0.006394206468973912,
        0.1648052401470895,
        0.308294225393107,
        0.308294225393107,
        0.0
      ],
      [
        0.006394206468973912,
        1.0005113112391943,
        0.013017742899017368,
        0.02139306631246307,
        0.02139306631246307,
        0.0
      ],
      [
        0.1648052401470895,
        0.013017742899017368,
        1.3521857145780136,
        0.5519697987344645,
        0.5519697987344645,
        0.0
      ],
      [
        0.308294225393107,
        0.02139306631246307,
        0.5519697987344645,
        1.9909551860582893,
        0.9909551860583078,
        0.0
      ],
      [
        0.308294225393107,
        0.02139306631246307,
        0.5519697987344645,
        0.9909551860583078,
        1.9909551860582893,
        0.0
      ],
      [
        0.0,
        0.0,
        0.0,
        0.0,
        0.0,
        1.0
      ]
    ],
    "vwap": [
      [
        1.0,
        0.0,
        0.0,
        0.0,
        0.0,
        0.0
      ],
      [
        0.0,
        1.0,
        0.0,
        0.0,
        0.0,
        0.0
      ],
      [
        0.0,
        0.0,
        1.0,
        0.0,
        0.0,
        0.0
      ],
      [
        0.0,
        0.0,
        0.0,
        1.0,
        0.0,
        0.0
      ],
      [
        0.0,
        0.0,
        0.0,
        0.0,
        1.0,
        0.0
      ],
      [
        0.0,
        0.0,
        0.0,
        0.0,
        0.0,
        1.0
      ]
    ]
  },
  "b": {
    "trend": [
      [
        0.020336631071684545
      ],
      [
        0.01222143589732255
      ],
      [
        0.22244933394595776
      ],
      [
        0.04767622987722444
      ],
      [
        0.04767622987722444
      ],
      [
        0.0
      ]
    ],
    "breakout": [
      [
        0.0
      ],
      [
        0.0
      ],
      [
        0.0
      ],
      [
        0.0
      ],
      [
        0.0
      ],
      [
        0.0
      ]
    ],
    "reversion": [
      [
        -0.0028048562736464827
      ],
      [
        -0.02030658065998714
      ],
      [
        -0.5593032726574533
      ],
      [
        -0.3522132510014946
      ],
      [
        -0.3522132510014946
      ],
      [
        0.0
      ]
    ],
    "vwap": [
      [
        0.0
      ],
      [
        0.0
      ],
      [
        0.0
      ],
      [
        0.0
      ],
      [
        0.0
      ],
      [
        0.0
      ]
    ]
  },
  "counts": {
    "trend": 1,
    "breakout": 0,
    "reversion": 8,
    "vwap": 0
  },
  "reward_sum": {
    "trend": 0.04767622987722444,
    "breakout": 0.0,
    "reversion": -0.3522132510014946,
    "vwap": 0.0
  },
  "disabled_until": {
    "trend": 0.0,
    "breakout": 0.0,
    "reversion": 0.0,
    "vwap": 0.0
  },
  "_snapshot_time": "2025-09-24T16:08:00.132854"
}