{
  "arms": [
    "trend",
    "breakout",
    "reversion",
    "vwap"
  ],
  "d": 6,
  "alpha": 0.6,
  "alpha_base": 0.6,
  "alpha_boost_until": 0.0,
  "A": {
    "trend": [
      [
        1.00518014050362,
        0.0031130404480932488,
        0.056662226930051754,
        0.012144074826175447,
        0.012144074826175447,
        0.0
      ],
      [
        0.0031130404480932488,
        1.0018708026982446,
        0.03405154825222525,
        0.007298063848295877,
        0.007298063848295877,
        0.0
      ],
      [
        0.056662226930051754,
        0.03405154825222525,
        1.6197916752315118,
        0.1328362277385224,
        0.1328362277385224,
        0.0
      ],
      [
        0.012144074826175447,
        0.007298063848295877,
        0.1328362277385224,
        1.0284699909743198,
        0.028469990974320916,
        0.0
      ],
      [
        0.012144074826175447,
        0.007298063848295877,
        0.1328362277385224,
        0.028469990974320916,
        1.0284699909743198,
        0.0
      ],
      [
        0.0,
        0.0,
        0.0,
        0.0,
        0.0,
        1.0
      ]
    ],
    "breakout": [
      [
        1.0,
        0.0,
        0.0,
        0.0,
        0.0,
        0.0
      ],
      [
        0.0,
        1.0,
        0.0,
        0.0,
        0.0,
        0.0
      ],
      [
        0.0,
        0.0,
        1.0,
        0.0,
        0.0,
        0.0
      ],
      [
        0.0,
        0.0,
        0.0,
        1.0,
        0.0,
        0.0
      ],
      [
        0.0,
        0.0,
        0.0,
        0.0,
        1.0,
        0.0
      ],
      [
        0.0,
        0.0,
        0.0,
        0.0,
        0.0,
        1.0
      ]
    ],
    "reversion": [
      [
        1.1383089808285258,
        0.012846665528839835,
        0.5211068221943703,
        0.4444550177121148,
        0.4444550177121148,
        0.0
      ],
      [
        0.012846665528839835,
        1.001331674941123,
        0.055876852869299685,
        0.042285138422949495,
        0.042285138422949495,
        0.0
      ],
      [
        0.5211068221943703,
        0.055876852869299685,
        3.4678310934907723,
        1.711116358438744,
        1.711116358438744,
        0.0
      ],
      [
        0.4444550177121148,
        0.042285138422949495,
        1.711116358438744,
        2.442396505447241,
        1.4423965054472545,
        0.0
      ],
      [
        0.4444550177121148,
        0.042285138422949495,
        1.711116358438744,
        1.4423965054472545,
        2.442396505447241,
        0.0
      ],
      [
        0.0,
        0.0,
        0.0,
        0.0,
        0.0,
        1.0
      ]
    ],
    "vwap": [
      [
        1.0,
        0.0,
        0.0,
        0.0,
        0.0,
        0.0
      ],
      [
        0.0,
        1.0,
        0.0,
        0.0,
        0.0,
        0.0
      ],
      [
        0.0,
        0.0,
        1.0,
        0.0,
        0.0,
        0.0
      ],
      [
        0.0,
        0.0,
        0.0,
        1.0,
        0.0,
        0.0
      ],
      [
        0.0,
        0.0,
        0.0,
        0.0,
        1.0,
        0.0
      ],
      [
        0.0,
        0.0,
        0.0,
        0.0,
        0.0,
        1.0
      ]
    ]
  },
  "b": {
    "trend": [
      [
        0.012381236061352005
      ],
      [
        0.007440587495542244
      ],
      [
        0.13543038203167296
      ],
      [
        0.029025980485385468
      ],
      [
        0.029025980485385468
      ],
      [
        0.0
      ]
    ],
    "breakout": [
      [
        0.0
      ],
      [
        0.0
      ],
      [
        0.0
      ],
      [
        0.0
      ],
      [
        0.0
      ],
      [
        0.0
      ]
    ],
    "reversion": [
      [
        -0.29232267070366713
      ],
      [
        -0.04548170563722231
      ],
      [
        -1.896884339004537
      ],
      [
        -1.1641552188741293
      ],
      [
        -1.1641552188741293
      ],
      [
        0.0
      ]
    ],
    "vwap": [
      [
        0.0
      ],
      [
        0.0
      ],
      [
        0.0
      ],
      [
        0.0
      ],
      [
        0.0
      ],
      [
        0.0
      ]
    ]
  },
  "counts": {
    "trend": 1,
    "breakout": 0,
    "reversion": 9,
    "vwap": 0
  },
  "reward_sum": {
    "trend": 0.029025980485385468,
    "breakout": 0.0,
    "reversion": -1.1641552188741293,
    "vwap": 0.0
  },
  "disabled_until": {
    "trend": 0.0,
    "breakout": 0.0,
    "reversion": 0.0,
    "vwap": 0.0
  },
  "_snapshot_time": "2025-09-25T16:29:00.550037"
}