{
  "arms": [
    "trend",
    "breakout",
    "reversion",
    "vwap"
  ],
  "d": 6,
  "alpha": 0.6,
  "alpha_base": 0.6,
  "alpha_boost_until": 0.0,
  "A": {
    "trend": [
      [
        1.0028672467391173,
        0.0017230913075234231,
        0.03136296887754643,
        0.006721836776555149,
        0.006721836776555149,
        0.0
      ],
      [
        0.0017230913075234231,
        1.0010355033675862,
        0.018847788128503667,
        0.004039533243601747,
        0.004039533243601747,
        0.0
      ],
      [
        0.03136296887754643,
        0.018847788128503667,
        1.3430593549534273,
        0.07352585138450261,
        0.07352585138450261,
        0.0
      ],
      [
        0.006721836776555149,
        0.004039533243601747,
        0.07352585138450261,
        1.015758354184947,
        0.01575835418494799,
        0.0
      ],
      [
        0.006721836776555149,
        0.004039533243601747,
        0.07352585138450261,
        0.01575835418494799,
        1.015758354184947,
        0.0
      ],
      [
        0.0,
        0.0,
        0.0,
        0.0,
        0.0,
        1.0
      ]
    ],
    "breakout": [
      [
        1.0,
        0.0,
        0.0,
        0.0,
        0.0,
        0.0
      ],
      [
        0.0,
        1.0,
        0.0,
        0.0,
        0.0,
        0.0
      ],
      [
        0.0,
        0.0,
        1.0,
        0.0,
        0.0,
        0.0
      ],
      [
        0.0,
        0.0,
        0.0,
        1.0,
        0.0,
        0.0
      ],
      [
        0.0,
        0.0,
        0.0,
        0.0,
        1.0,
        0.0
      ],
      [
        0.0,
        0.0,
        0.0,
        0.0,
        0.0,
        1.0
      ]
    ],
    "reversion": [
      [
        1.1536723093275132,
        0.01250839189644276,
        0.44960235305228147,
        0.5035950283431961,
        0.5035950283431961,
        0.0
      ],
      [
        0.01250839189644276,
        1.0011148908103098,
        0.04220873327480813,
        0.04143434186992998,
        0.04143434186992998,
        0.0
      ],
      [
        0.44960235305228147,
        0.04220873327480813,
        2.70278029807495,
        1.4854392984867337,
        1.4854392984867337,
        0.0
      ],
      [
        0.5035950283431961,
        0.04143434186992998,
        1.4854392984867337,
        2.65876150887522,
        1.6587615088752354,
        0.0
      ],
      [
        0.5035950283431961,
        0.04143434186992998,
        1.4854392984867337,
        1.6587615088752354,
        2.65876150887522,
        0.0
      ],
      [
        0.0,
        0.0,
        0.0,
        0.0,
        0.0,
        1.0
      ]
    ],
    "vwap": [
      [
        1.0,
        0.0,
        0.0,
        0.0,
        0.0,
        0.0
      ],
      [
        0.0,
        1.0,
        0.0,
        0.0,
        0.0,
        0.0
      ],
      [
        0.0,
        0.0,
        1.0,
        0.0,
        0.0,
        0.0
      ],
      [
        0.0,
        0.0,
        0.0,
        1.0,
        0.0,
        0.0
      ],
      [
        0.0,
        0.0,
        0.0,
        0.0,
        1.0,
        0.0
      ],
      [
        0.0,
        0.0,
        0.0,
        0.0,
        0.0,
        1.0
      ]
    ]
  },
  "b": {
    "trend": [
      [
        0.006853107304397003
      ],
      [
        0.0041184211545626116
      ],
      [
        0.07496173530166796
      ],
      [
        0.01606609856204928
      ],
      [
        0.01606609856204928
      ],
      [
        0.0
      ]
    ],
    "breakout": [
      [
        0.0
      ],
      [
        0.0
      ],
      [
        0.0
      ],
      [
        0.0
      ],
      [
        0.0
      ],
      [
        0.0
      ]
    ],
    "reversion": [
      [
        -0.5277019653202033
      ],
      [
        -0.050784838841852864
      ],
      [
        -1.8146251645761775
      ],
      [
        -1.8665393826568395
      ],
      [
        -1.8665393826568395
      ],
      [
        0.0
      ]
    ],
    "vwap": [
      [
        0.0
      ],
      [
        0.0
      ],
      [
        0.0
      ],
      [
        0.0
      ],
      [
        0.0
      ],
      [
        0.0
      ]
    ]
  },
  "counts": {
    "trend": 1,
    "breakout": 0,
    "reversion": 10,
    "vwap": 0
  },
  "reward_sum": {
    "trend": 0.01606609856204928,
    "breakout": 0.0,
    "reversion": -1.8665393826568395,
    "vwap": 0.0
  },
  "disabled_until": {
    "trend": 0.0,
    "breakout": 0.0,
    "reversion": 0.0,
    "vwap": 0.0
  },
  "_snapshot_time": "2025-09-26T13:22:00.789253"
}