{
  "arms": [
    "trend",
    "breakout",
    "reversion",
    "vwap"
  ],
  "d": 6,
  "alpha": 0.6,
  "alpha_base": 0.6,
  "alpha_boost_until": 0.0,
  "A": {
    "trend": [
      [
        1.0056127054002832,
        0.0033729932464387773,
        0.06139377626150302,
        0.013158159380173265,
        0.013158159380173265,
        0.0
      ],
      [
        0.0033729932464387773,
        1.002027023089425,
        0.036895004803387484,
        0.007907484815193645,
        0.007907484815193645,
        0.0
      ],
      [
        0.06139377626150302,
        0.036895004803387484,
        1.6715470517048168,
        0.14392864677324563,
        0.14392864677324563,
        0.0
      ],
      [
        0.013158159380173265,
        0.007907484815193645,
        0.14392864677324563,
        1.0308473625331054,
        0.030847362533106718,
        0.0
      ],
      [
        0.013158159380173265,
        0.007907484815193645,
        0.14392864677324563,
        0.030847362533106718,
        1.0308473625331054,
        0.0
      ],
      [
        0.0,
        0.0,
        0.0,
        0.0,
        0.0,
        1.0
      ]
    ],
    "breakout": [
      [
        1.0,
        0.0,
        0.0,
        0.0,
        0.0,
        0.0
      ],
      [
        0.0,
        1.0,
        0.0,
        0.0,
        0.0,
        0.0
      ],
      [
        0.0,
        0.0,
        1.0,
        0.0,
        0.0,
        0.0
      ],
      [
        0.0,
        0.0,
        0.0,
        1.0,
        0.0,
        0.0
      ],
      [
        0.0,
        0.0,
        0.0,
        0.0,
        1.0,
        0.0
      ],
      [
        0.0,
        0.0,
        0.0,
        0.0,
        0.0,
        1.0
      ]
    ],
    "reversion": [
      [
        1.1498583992193847,
        0.013919419548363232,
        0.5646215721390246,
        0.4815689992100882,
        0.4815689992100882,
        0.0
      ],
      [
        0.013919419548363232,
        1.0014428757537066,
        0.060542819954633474,
        0.04581613657242953,
        0.04581613657242953,
        0.0
      ],
      [
        0.5646215721390246,
        0.060542819954633474,
        3.6739060254724545,
        1.8540022261580054,
        1.8540022261580054,
        0.0
      ],
      [
        0.4815689992100882,
        0.04581613657242953,
        1.8540022261580054,
        2.562843063777213,
        1.5628430637772264,
        0.0
      ],
      [
        0.4815689992100882,
        0.04581613657242953,
        1.8540022261580054,
        1.5628430637772264,
        2.562843063777213,
        0.0
      ],
      [
        0.0,
        0.0,
        0.0,
        0.0,
        0.0,
        1.0
      ]
    ],
    "vwap": [
      [
        1.0,
        0.0,
        0.0,
        0.0,
        0.0,
        0.0
      ],
      [
        0.0,
        1.0,
        0.0,
        0.0,
        0.0,
        0.0
      ],
      [
        0.0,
        0.0,
        1.0,
        0.0,
        0.0,
        0.0
      ],
      [
        0.0,
        0.0,
        0.0,
        1.0,
        0.0,
        0.0
      ],
      [
        0.0,
        0.0,
        0.0,
        0.0,
        1.0,
        0.0
      ],
      [
        0.0,
        0.0,
        0.0,
        0.0,
        0.0,
        1.0
      ]
    ]
  },
  "b": {
    "trend": [
      [
        0.013415124639027375
      ],
      [
        0.008061909824323952
      ],
      [
        0.14673942455044295
      ],
      [
        0.03144977965462538
      ],
      [
        0.03144977965462538
      ],
      [
        0.0
      ]
    ],
    "breakout": [
      [
        0.0
      ],
      [
        0.0
      ],
      [
        0.0
      ],
      [
        0.0
      ],
      [
        0.0
      ],
      [
        0.0
      ]
    ],
    "reversion": [
      [
        -0.31673292091927263
      ],
      [
        -0.04927963144353981
      ],
      [
        -2.0552826638204147
      ],
      [
        -1.2613673855326901
      ],
      [
        -1.2613673855326901
      ],
      [
        0.0
      ]
    ],
    "vwap": [
      [
        0.0
      ],
      [
        0.0
      ],
      [
        0.0
      ],
      [
        0.0
      ],
      [
        0.0
      ],
      [
        0.0
      ]
    ]
  },
  "counts": {
    "trend": 1,
    "breakout": 0,
    "reversion": 9,
    "vwap": 0
  },
  "reward_sum": {
    "trend": 0.03144977965462538,
    "breakout": 0.0,
    "reversion": -1.2613673855326901,
    "vwap": 0.0
  },
  "disabled_until": {
    "trend": 0.0,
    "breakout": 0.0,
    "reversion": 0.0,
    "vwap": 0.0
  },
  "_snapshot_time": "2025-09-25T11:51:00.465025"
}