{
  "arms": [
    "trend",
    "breakout",
    "reversion",
    "vwap"
  ],
  "d": 6,
  "alpha": 0.6,
  "alpha_base": 0.6,
  "alpha_boost_until": 0.0,
  "A": {
    "trend": [
      [
        1.0028816550141884,
        0.0017317500578124855,
        0.03152057173622757,
        0.006755614850809196,
        0.006755614850809196,
        0.0
      ],
      [
        0.0017317500578124855,
        1.0010407069020968,
        0.018942500631661977,
        0.004059832405629896,
        0.004059832405629896,
        0.0
      ],
      [
        0.03152057173622757,
        0.018942500631661977,
        1.3447832713099772,
        0.07389532802462574,
        0.07389532802462574,
        0.0
      ],
      [
        0.006755614850809196,
        0.004059832405629896,
        0.07389532802462574,
        1.015837541894419,
        0.01583754189442009,
        0.0
      ],
      [
        0.006755614850809196,
        0.004059832405629896,
        0.07389532802462574,
        0.01583754189442009,
        1.015837541894419,
        0.0
      ],
      [
        0.0,
        0.0,
        0.0,
        0.0,
        0.0,
        1.0
      ]
    ],
    "breakout": [
      [
        1.0,
        0.0,
        0.0,
        0.0,
        0.0,
        0.0
      ],
      [
        0.0,
        1.0,
        0.0,
        0.0,
        0.0,
        0.0
      ],
      [
        0.0,
        0.0,
        1.0,
        0.0,
        0.0,
        0.0
      ],
      [
        0.0,
        0.0,
        0.0,
        1.0,
        0.0,
        0.0
      ],
      [
        0.0,
        0.0,
        0.0,
        0.0,
        1.0,
        0.0
      ],
      [
        0.0,
        0.0,
        0.0,
        0.0,
        0.0,
        1.0
      ]
    ],
    "reversion": [
      [
        1.1544445319874503,
        0.0125712481371284,
        0.45186166135907685,
        0.5061256566263278,
        0.5061256566263278,
        0.0
      ],
      [
        0.0125712481371284,
        1.0011204932766933,
        0.04242083746211873,
        0.04164255464314571,
        0.04164255464314571,
        0.0
      ],
      [
        0.45186166135907685,
        0.04242083746211873,
        2.7113369829898994,
        1.4929038175746068,
        1.4929038175746068,
        0.0
      ],
      [
        0.5061256566263278,
        0.04164255464314571,
        1.4929038175746068,
        2.667096993844442,
        1.6670969938444578,
        0.0
      ],
      [
        0.5061256566263278,
        0.04164255464314571,
        1.4929038175746068,
        1.6670969938444578,
        2.667096993844442,
        0.0
      ],
      [
        0.0,
        0.0,
        0.0,
        0.0,
        0.0,
        1.0
      ]
    ],
    "vwap": [
      [
        1.0,
        0.0,
        0.0,
        0.0,
        0.0,
        0.0
      ],
      [
        0.0,
        1.0,
        0.0,
        0.0,
        0.0,
        0.0
      ],
      [
        0.0,
        0.0,
        1.0,
        0.0,
        0.0,
        0.0
      ],
      [
        0.0,
        0.0,
        0.0,
        1.0,
        0.0,
        0.0
      ],
      [
        0.0,
        0.0,
        0.0,
        0.0,
        1.0,
        0.0
      ],
      [
        0.0,
        0.0,
        0.0,
        0.0,
        0.0,
        1.0
      ]
    ]
  },
  "b": {
    "trend": [
      [
        0.006887545029544727
      ],
      [
        0.004139116738253881
      ],
      [
        0.07533842743886227
      ],
      [
        0.016146832725677667
      ],
      [
        0.016146832725677667
      ],
      [
        0.0
      ]
    ],
    "breakout": [
      [
        0.0
      ],
      [
        0.0
      ],
      [
        0.0
      ],
      [
        0.0
      ],
      [
        0.0
      ],
      [
        0.0
      ]
    ],
    "reversion": [
      [
        -0.5303537339901541
      ],
      [
        -0.051040039037038056
      ],
      [
        -1.8237438839961584
      ],
      [
        -1.8759189775445624
      ],
      [
        -1.8759189775445624
      ],
      [
        0.0
      ]
    ],
    "vwap": [
      [
        0.0
      ],
      [
        0.0
      ],
      [
        0.0
      ],
      [
        0.0
      ],
      [
        0.0
      ],
      [
        0.0
      ]
    ]
  },
  "counts": {
    "trend": 1,
    "breakout": 0,
    "reversion": 10,
    "vwap": 0
  },
  "reward_sum": {
    "trend": 0.016146832725677667,
    "breakout": 0.0,
    "reversion": -1.8759189775445624,
    "vwap": 0.0
  },
  "disabled_until": {
    "trend": 0.0,
    "breakout": 0.0,
    "reversion": 0.0,
    "vwap": 0.0
  },
  "_snapshot_time": "2025-09-26T13:17:00.729034"
}