{
  "arms": [
    "trend",
    "breakout",
    "reversion",
    "vwap"
  ],
  "d": 6,
  "alpha": 0.6,
  "alpha_base": 0.6,
  "alpha_boost_until": 0.0,
  "A": {
    "trend": [
      [
        1.0594978423114156,
        0.03575563048151206,
        0.6508086490207475,
        0.13948390946559103,
        0.13948390946559103,
        0.0
      ],
      [
        0.03575563048151206,
        1.0214875878093,
        0.3911078564288143,
        0.08382379816169118,
        0.08382379816169118,
        0.0
      ],
      [
        0.6508086490207475,
        0.3911078564288143,
        8.118777441092817,
        1.5257248187975745,
        1.5257248187975745,
        0.0
      ],
      [
        0.13948390946559103,
        0.08382379816169118,
        1.5257248187975745,
        1.3269994380295662,
        0.326999438029567,
        0.0
      ],
      [
        0.13948390946559103,
        0.08382379816169118,
        1.5257248187975745,
        0.326999438029567,
        1.3269994380295662,
        0.0
      ],
      [
        0.0,
        0.0,
        0.0,
        0.0,
        0.0,
        1.0
      ]
    ],
    "breakout": [
      [
        1.0,
        0.0,
        0.0,
        0.0,
        0.0,
        0.0
      ],
      [
        0.0,
        1.0,
        0.0,
        0.0,
        0.0,
        0.0
      ],
      [
        0.0,
        0.0,
        1.0,
        0.0,
        0.0,
        0.0
      ],
      [
        0.0,
        0.0,
        0.0,
        1.0,
        0.0,
        0.0
      ],
      [
        0.0,
        0.0,
        0.0,
        0.0,
        1.0,
        0.0
      ],
      [
        0.0,
        0.0,
        0.0,
        0.0,
        0.0,
        1.0
      ]
    ],
    "reversion": [
      [
        1.276870792592805,
        0.016853434791403988,
        0.38670532008093245,
        0.8193773932680659,
        0.8193773932680659,
        0.0
      ],
      [
        0.016853434791403988,
        1.0011592649742784,
        0.027482229136339072,
        0.05081632271126451,
        0.05081632271126451,
        0.0
      ],
      [
        0.38670532008093245,
        0.027482229136339072,
        1.6853561932484427,
        1.1815203022738565,
        1.1815203022738565,
        0.0
      ],
      [
        0.8193773932680659,
        0.05081632271126451,
        1.1815203022738565,
        3.4394539877345838,
        2.4394539877345935,
        0.0
      ],
      [
        0.8193773932680659,
        0.05081632271126451,
        1.1815203022738565,
        2.4394539877345935,
        3.4394539877345838,
        0.0
      ],
      [
        0.0,
        0.0,
        0.0,
        0.0,
        0.0,
        1.0
      ]
    ],
    "vwap": [
      [
        1.0,
        0.0,
        0.0,
        0.0,
        0.0,
        0.0
      ],
      [
        0.0,
        1.0,
        0.0,
        0.0,
        0.0,
        0.0
      ],
      [
        0.0,
        0.0,
        1.0,
        0.0,
        0.0,
        0.0
      ],
      [
        0.0,
        0.0,
        0.0,
        1.0,
        0.0,
        0.0
      ],
      [
        0.0,
        0.0,
        0.0,
        0.0,
        1.0,
        0.0
      ],
      [
        0.0,
        0.0,
        0.0,
        0.0,
        0.0,
        1.0
      ]
    ]
  },
  "b": {
    "trend": [
      [
        0.14220788611507731
      ],
      [
        0.0854607903404918
      ],
      [
        1.5555206482654282
      ],
      [
        0.33338539922753196
      ],
      [
        0.33338539922753196
      ],
      [
        0.0
      ]
    ],
    "breakout": [
      [
        0.0
      ],
      [
        0.0
      ],
      [
        0.0
      ],
      [
        0.0
      ],
      [
        0.0
      ],
      [
        0.0
      ]
    ],
    "reversion": [
      [
        1.589411263875433
      ],
      [
        0.08117595807818408
      ],
      [
        1.3196965899278053
      ],
      [
        4.653416173636005
      ],
      [
        4.653416173636005
      ],
      [
        0.0
      ]
    ],
    "vwap": [
      [
        0.0
      ],
      [
        0.0
      ],
      [
        0.0
      ],
      [
        0.0
      ],
      [
        0.0
      ],
      [
        0.0
      ]
    ]
  },
  "counts": {
    "trend": 1,
    "breakout": 0,
    "reversion": 4,
    "vwap": 0
  },
  "reward_sum": {
    "trend": 0.33338539922753196,
    "breakout": 0.0,
    "reversion": 4.653416173636005,
    "vwap": 0.0
  },
  "disabled_until": {
    "trend": 0.0,
    "breakout": 0.0,
    "reversion": 0.0,
    "vwap": 0.0
  },
  "_snapshot_time": "2025-09-19T08:26:00.309344"
}