{
  "arms": [
    "trend",
    "breakout",
    "reversion",
    "vwap"
  ],
  "d": 6,
  "alpha": 0.6,
  "alpha_base": 0.6,
  "alpha_boost_until": 0.0,
  "A": {
    "trend": [
      [
        1.0067226629944863,
        0.004040029764851474,
        0.07353488885131275,
        0.01576029113093705,
        0.01576029113093705,
        0.0
      ],
      [
        0.004040029764851474,
        1.0024278831936502,
        0.04419128847571771,
        0.00947125347856022,
        0.00947125347856022,
        0.0
      ],
      [
        0.07353488885131275,
        0.04419128847571771,
        1.8043508774439982,
        0.17239169322163092,
        0.17239169322163092,
        0.0
      ],
      [
        0.01576029113093705,
        0.00947125347856022,
        0.17239169322163092,
        1.036947676350224,
        0.03694767635022522,
        0.0
      ],
      [
        0.01576029113093705,
        0.00947125347856022,
        0.17239169322163092,
        0.03694767635022522,
        1.036947676350224,
        0.0
      ],
      [
        0.0,
        0.0,
        0.0,
        0.0,
        0.0,
        1.0
      ]
    ],
    "breakout": [
      [
        1.0,
        0.0,
        0.0,
        0.0,
        0.0,
        0.0
      ],
      [
        0.0,
        1.0,
        0.0,
        0.0,
        0.0,
        0.0
      ],
      [
        0.0,
        0.0,
        1.0,
        0.0,
        0.0,
        0.0
      ],
      [
        0.0,
        0.0,
        0.0,
        1.0,
        0.0,
        0.0
      ],
      [
        0.0,
        0.0,
        0.0,
        0.0,
        1.0,
        0.0
      ],
      [
        0.0,
        0.0,
        0.0,
        0.0,
        0.0,
        1.0
      ]
    ],
    "reversion": [
      [
        1.0775293279770382,
        0.0050520943266286625,
        0.1302134397420225,
        0.24358480049062792,
        0.24358480049062792,
        0.0
      ],
      [
        0.0050520943266286625,
        1.000403989552607,
        0.010285383395852388,
        0.016902768071505377,
        0.016902768071505377,
        0.0
      ],
      [
        0.1302134397420225,
        0.010285383395852388,
        1.2782636843481172,
        0.4361140826758826,
        0.4361140826758826,
        0.0
      ],
      [
        0.24358480049062792,
        0.016902768071505377,
        0.4361140826758826,
        1.7829586200759207,
        0.7829586200759339,
        0.0
      ],
      [
        0.24358480049062792,
        0.016902768071505377,
        0.4361140826758826,
        0.7829586200759339,
        1.7829586200759207,
        0.0
      ],
      [
        0.0,
        0.0,
        0.0,
        0.0,
        0.0,
        1.0
      ]
    ],
    "vwap": [
      [
        1.0,
        0.0,
        0.0,
        0.0,
        0.0,
        0.0
      ],
      [
        0.0,
        1.0,
        0.0,
        0.0,
        0.0,
        0.0
      ],
      [
        0.0,
        0.0,
        1.0,
        0.0,
        0.0,
        0.0
      ],
      [
        0.0,
        0.0,
        0.0,
        1.0,
        0.0,
        0.0
      ],
      [
        0.0,
        0.0,
        0.0,
        0.0,
        1.0,
        0.0
      ],
      [
        0.0,
        0.0,
        0.0,
        0.0,
        0.0,
        1.0
      ]
    ]
  },
  "b": {
    "trend": [
      [
        0.01606807333459235
      ],
      [
        0.009656217274139295
      ],
      [
        0.17575832489047563
      ],
      [
        0.0376692262982902
      ],
      [
        0.0376692262982902
      ],
      [
        0.0
      ]
    ],
    "breakout": [
      [
        0.0
      ],
      [
        0.0
      ],
      [
        0.0
      ],
      [
        0.0
      ],
      [
        0.0
      ],
      [
        0.0
      ]
    ],
    "reversion": [
      [
        -0.0022161308890878135
      ],
      [
        -0.016044330354883146
      ],
      [
        -0.44190829688847993
      ],
      [
        -0.27828544101323544
      ],
      [
        -0.27828544101323544
      ],
      [
        0.0
      ]
    ],
    "vwap": [
      [
        0.0
      ],
      [
        0.0
      ],
      [
        0.0
      ],
      [
        0.0
      ],
      [
        0.0
      ],
      [
        0.0
      ]
    ]
  },
  "counts": {
    "trend": 1,
    "breakout": 0,
    "reversion": 8,
    "vwap": 0
  },
  "reward_sum": {
    "trend": 0.0376692262982902,
    "breakout": 0.0,
    "reversion": -0.27828544101323544,
    "vwap": 0.0
  },
  "disabled_until": {
    "trend": 0.0,
    "breakout": 0.0,
    "reversion": 0.0,
    "vwap": 0.0
  },
  "_snapshot_time": "2025-09-25T05:58:00.226215"
}