{
  "arms": [
    "trend",
    "breakout",
    "reversion",
    "vwap"
  ],
  "d": 6,
  "alpha": 0.6,
  "alpha_base": 0.6,
  "alpha_boost_until": 0.0,
  "A": {
    "trend": [
      [
        1.0901956337497207,
        0.05420367573198404,
        0.986592055573771,
        0.21145035052343972,
        0.21145035052343972,
        0.0
      ],
      [
        0.05420367573198404,
        1.0325740652924598,
        0.5928991641487146,
        0.12707251733482638,
        0.12707251733482638,
        0.0
      ],
      [
        0.986592055573771,
        0.5928991641487146,
        11.791696267939425,
        2.3129194541012192,
        2.3129194541012192,
        0.0
      ],
      [
        0.21145035052343972,
        0.12707251733482638,
        2.3129194541012192,
        1.49571413690105,
        0.49571413690105054,
        0.0
      ],
      [
        0.21145035052343972,
        0.12707251733482638,
        2.3129194541012192,
        0.49571413690105054,
        1.49571413690105,
        0.0
      ],
      [
        0.0,
        0.0,
        0.0,
        0.0,
        0.0,
        1.0
      ]
    ],
    "breakout": [
      [
        1.0,
        0.0,
        0.0,
        0.0,
        0.0,
        0.0
      ],
      [
        0.0,
        1.0,
        0.0,
        0.0,
        0.0,
        0.0
      ],
      [
        0.0,
        0.0,
        1.0,
        0.0,
        0.0,
        0.0
      ],
      [
        0.0,
        0.0,
        0.0,
        1.0,
        0.0,
        0.0
      ],
      [
        0.0,
        0.0,
        0.0,
        0.0,
        1.0,
        0.0
      ],
      [
        0.0,
        0.0,
        0.0,
        0.0,
        0.0,
        1.0
      ]
    ],
    "reversion": [
      [
        1.073361245282796,
        0.007437359523396576,
        0.20963833687385325,
        0.2521807782435758,
        0.2521807782435758,
        0.0
      ],
      [
        0.007437359523396576,
        1.0008071996585033,
        0.021679469469380264,
        0.02531000776289216,
        0.02531000776289216,
        0.0
      ],
      [
        0.20963833687385325,
        0.021679469469380264,
        1.602482758606476,
        0.7185839570556586,
        0.7185839570556586,
        0.0
      ],
      [
        0.2521807782435758,
        0.02531000776289216,
        0.7185839570556586,
        1.868109090111798,
        0.8681090901118083,
        0.0
      ],
      [
        0.2521807782435758,
        0.02531000776289216,
        0.7185839570556586,
        0.8681090901118083,
        1.868109090111798,
        0.0
      ],
      [
        0.0,
        0.0,
        0.0,
        0.0,
        0.0,
        1.0
      ]
    ],
    "vwap": [
      [
        1.0,
        0.0,
        0.0,
        0.0,
        0.0,
        0.0
      ],
      [
        0.0,
        1.0,
        0.0,
        0.0,
        0.0,
        0.0
      ],
      [
        0.0,
        0.0,
        1.0,
        0.0,
        0.0,
        0.0
      ],
      [
        0.0,
        0.0,
        0.0,
        1.0,
        0.0,
        0.0
      ],
      [
        0.0,
        0.0,
        0.0,
        0.0,
        1.0,
        0.0
      ],
      [
        0.0,
        0.0,
        0.0,
        0.0,
        0.0,
        1.0
      ]
    ]
  },
  "b": {
    "trend": [
      [
        0.21557975741745586
      ],
      [
        0.12955411231834607
      ],
      [
        2.358088381537029
      ],
      [
        0.5053949218669457
      ],
      [
        0.5053949218669457
      ],
      [
        0.0
      ]
    ],
    "breakout": [
      [
        0.0
      ],
      [
        0.0
      ],
      [
        0.0
      ],
      [
        0.0
      ],
      [
        0.0
      ],
      [
        0.0
      ]
    ],
    "reversion": [
      [
        0.10053949354676825
      ],
      [
        0.010939187446351788
      ],
      [
        0.29328574270666613
      ],
      [
        0.34201347679046473
      ],
      [
        0.34201347679046473
      ],
      [
        0.0
      ]
    ],
    "vwap": [
      [
        0.0
      ],
      [
        0.0
      ],
      [
        0.0
      ],
      [
        0.0
      ],
      [
        0.0
      ],
      [
        0.0
      ]
    ]
  },
  "counts": {
    "trend": 1,
    "breakout": 0,
    "reversion": 2,
    "vwap": 0
  },
  "reward_sum": {
    "trend": 0.5053949218669457,
    "breakout": 0.0,
    "reversion": 0.34201347679046473,
    "vwap": 0.0
  },
  "disabled_until": {
    "trend": 0.0,
    "breakout": 0.0,
    "reversion": 0.0,
    "vwap": 0.0
  },
  "_snapshot_time": "2025-09-18T18:03:00.915846"
}