{
  "arms": [
    "trend",
    "breakout",
    "reversion",
    "vwap"
  ],
  "d": 6,
  "alpha": 0.6,
  "alpha_base": 0.6,
  "alpha_boost_until": 0.0,
  "A": {
    "trend": [
      [
        1.0029400157959074,
        0.0017668223640457108,
        0.032158942810385796,
        0.006892433089545447,
        0.006892433089545447,
        0.0
      ],
      [
        0.0017668223640457108,
        1.0010617838415805,
        0.01932613404341189,
        0.0041420542509495875,
        0.0041420542509495875,
        0.0
      ],
      [
        0.032158942810385796,
        0.01932613404341189,
        1.351766002115109,
        0.07539189478493415,
        0.07539189478493415,
        0.0
      ],
      [
        0.006892433089545447,
        0.0041420542509495875,
        0.07539189478493415,
        1.0161582920608745,
        0.01615829206087557,
        0.0
      ],
      [
        0.006892433089545447,
        0.0041420542509495875,
        0.07539189478493415,
        0.01615829206087557,
        1.0161582920608745,
        0.0
      ],
      [
        0.0,
        0.0,
        0.0,
        0.0,
        0.0,
        1.0
      ]
    ],
    "breakout": [
      [
        1.0,
        0.0,
        0.0,
        0.0,
        0.0,
        0.0
      ],
      [
        0.0,
        1.0,
        0.0,
        0.0,
        0.0,
        0.0
      ],
      [
        0.0,
        0.0,
        1.0,
        0.0,
        0.0,
        0.0
      ],
      [
        0.0,
        0.0,
        0.0,
        1.0,
        0.0,
        0.0
      ],
      [
        0.0,
        0.0,
        0.0,
        0.0,
        1.0,
        0.0
      ],
      [
        0.0,
        0.0,
        0.0,
        0.0,
        0.0,
        1.0
      ]
    ],
    "reversion": [
      [
        1.1575724232772324,
        0.012825847617238234,
        0.46101299961989856,
        0.5163759776478923,
        0.5163759776478923,
        0.0
      ],
      [
        0.012825847617238234,
        1.001143186091488,
        0.04327996640825584,
        0.0424859213993294,
        0.0424859213993294,
        0.0
      ],
      [
        0.46101299961989856,
        0.04327996640825584,
        2.7459958729751452,
        1.5231388850605394,
        1.5231388850605394,
        0.0
      ],
      [
        0.5163759776478923,
        0.0424859213993294,
        1.5231388850605394,
        2.7008599124739696,
        1.7008599124739852,
        0.0
      ],
      [
        0.5163759776478923,
        0.0424859213993294,
        1.5231388850605394,
        1.7008599124739852,
        2.7008599124739696,
        0.0
      ],
      [
        0.0,
        0.0,
        0.0,
        0.0,
        0.0,
        1.0
      ]
    ],
    "vwap": [
      [
        1.0,
        0.0,
        0.0,
        0.0,
        0.0,
        0.0
      ],
      [
        0.0,
        1.0,
        0.0,
        0.0,
        0.0,
        0.0
      ],
      [
        0.0,
        0.0,
        1.0,
        0.0,
        0.0,
        0.0
      ],
      [
        0.0,
        0.0,
        0.0,
        1.0,
        0.0,
        0.0
      ],
      [
        0.0,
        0.0,
        0.0,
        0.0,
        1.0,
        0.0
      ],
      [
        0.0,
        0.0,
        0.0,
        0.0,
        0.0,
        1.0
      ]
    ]
  },
  "b": {
    "trend": [
      [
        0.007027035187135055
      ],
      [
        0.004222944291268363
      ],
      [
        0.07686422060187975
      ],
      [
        0.01647384681151346
      ],
      [
        0.01647384681151346
      ],
      [
        0.0
      ]
    ],
    "breakout": [
      [
        0.0
      ],
      [
        0.0
      ],
      [
        0.0
      ],
      [
        0.0
      ],
      [
        0.0
      ],
      [
        0.0
      ]
    ],
    "reversion": [
      [
        -0.5410947346827907
      ],
      [
        -0.052073728553135995
      ],
      [
        -1.860679297222754
      ],
      [
        -1.9139110680037767
      ],
      [
        -1.9139110680037767
      ],
      [
        0.0
      ]
    ],
    "vwap": [
      [
        0.0
      ],
      [
        0.0
      ],
      [
        0.0
      ],
      [
        0.0
      ],
      [
        0.0
      ],
      [
        0.0
      ]
    ]
  },
  "counts": {
    "trend": 1,
    "breakout": 0,
    "reversion": 10,
    "vwap": 0
  },
  "reward_sum": {
    "trend": 0.01647384681151346,
    "breakout": 0.0,
    "reversion": -1.9139110680037767,
    "vwap": 0.0
  },
  "disabled_until": {
    "trend": 0.0,
    "breakout": 0.0,
    "reversion": 0.0,
    "vwap": 0.0
  },
  "_snapshot_time": "2025-09-26T12:35:00.821179"
}