{
  "arms": [
    "trend",
    "breakout",
    "reversion",
    "vwap"
  ],
  "d": 6,
  "alpha": 0.6,
  "alpha_base": 0.6,
  "alpha_boost_until": 0.0,
  "A": {
    "trend": [
      [
        1.1218430241551047,
        0.07322238890003983,
        1.3327625147806221,
        0.2856429861995693,
        0.2856429861995693,
        0.0
      ],
      [
        0.07322238890003983,
        1.0440034895178232,
        0.8009326413667678,
        0.1716590832106126,
        0.1716590832106126,
        0.0
      ],
      [
        1.3327625147806221,
        0.8009326413667678,
        15.578232386478094,
        3.1244650012311688,
        3.1244650012311688,
        0.0
      ],
      [
        0.2856429861995693,
        0.1716590832106126,
        3.1244650012311688,
        1.6696478204705638,
        0.6696478204705644,
        0.0
      ],
      [
        0.2856429861995693,
        0.1716590832106126,
        3.1244650012311688,
        0.6696478204705644,
        1.6696478204705638,
        0.0
      ],
      [
        0.0,
        0.0,
        0.0,
        0.0,
        0.0,
        1.0
      ]
    ],
    "breakout": [
      [
        1.0,
        0.0,
        0.0,
        0.0,
        0.0,
        0.0
      ],
      [
        0.0,
        1.0,
        0.0,
        0.0,
        0.0,
        0.0
      ],
      [
        0.0,
        0.0,
        1.0,
        0.0,
        0.0,
        0.0
      ],
      [
        0.0,
        0.0,
        0.0,
        1.0,
        0.0,
        0.0
      ],
      [
        0.0,
        0.0,
        0.0,
        0.0,
        1.0,
        0.0
      ],
      [
        0.0,
        0.0,
        0.0,
        0.0,
        0.0,
        1.0
      ]
    ],
    "reversion": [
      [
        1.0991018701176087,
        0.010046942832886463,
        0.28319518231264745,
        0.3406647015779777,
        0.3406647015779777,
        0.0
      ],
      [
        0.010046942832886463,
        1.0010904258155326,
        0.02928625269774481,
        0.03419065601087939,
        0.03419065601087939,
        0.0
      ],
      [
        0.28319518231264745,
        0.02928625269774481,
        1.813878879255066,
        0.9707170823806608,
        0.9707170823806608,
        0.0
      ],
      [
        0.3406647015779777,
        0.03419065601087939,
        0.9707170823806608,
        2.1727068422099283,
        1.1727068422099396,
        0.0
      ],
      [
        0.3406647015779777,
        0.03419065601087939,
        0.9707170823806608,
        1.1727068422099396,
        2.1727068422099283,
        0.0
      ],
      [
        0.0,
        0.0,
        0.0,
        0.0,
        0.0,
        1.0
      ]
    ],
    "vwap": [
      [
        1.0,
        0.0,
        0.0,
        0.0,
        0.0,
        0.0
      ],
      [
        0.0,
        1.0,
        0.0,
        0.0,
        0.0,
        0.0
      ],
      [
        0.0,
        0.0,
        1.0,
        0.0,
        0.0,
        0.0
      ],
      [
        0.0,
        0.0,
        0.0,
        1.0,
        0.0,
        0.0
      ],
      [
        0.0,
        0.0,
        0.0,
        0.0,
        1.0,
        0.0
      ],
      [
        0.0,
        0.0,
        0.0,
        0.0,
        0.0,
        1.0
      ]
    ]
  },
  "b": {
    "trend": [
      [
        0.291221298619104
      ],
      [
        0.17501140776280974
      ],
      [
        3.1854825747857047
      ],
      [
        0.6827253505837505
      ],
      [
        0.6827253505837505
      ],
      [
        0.0
      ]
    ],
    "breakout": [
      [
        0.0
      ],
      [
        0.0
      ],
      [
        0.0
      ],
      [
        0.0
      ],
      [
        0.0
      ],
      [
        0.0
      ]
    ],
    "reversion": [
      [
        0.13581628546180968
      ],
      [
        0.014777474527886319
      ],
      [
        0.39619236926828383
      ],
      [
        0.46201744565136504
      ],
      [
        0.46201744565136504
      ],
      [
        0.0
      ]
    ],
    "vwap": [
      [
        0.0
      ],
      [
        0.0
      ],
      [
        0.0
      ],
      [
        0.0
      ],
      [
        0.0
      ],
      [
        0.0
      ]
    ]
  },
  "counts": {
    "trend": 1,
    "breakout": 0,
    "reversion": 2,
    "vwap": 0
  },
  "reward_sum": {
    "trend": 0.6827253505837505,
    "breakout": 0.0,
    "reversion": 0.46201744565136504,
    "vwap": 0.0
  },
  "disabled_until": {
    "trend": 0.0,
    "breakout": 0.0,
    "reversion": 0.0,
    "vwap": 0.0
  },
  "_snapshot_time": "2025-09-18T06:34:00.850188"
}