{
  "arms": [
    "trend",
    "breakout",
    "reversion",
    "vwap"
  ],
  "d": 6,
  "alpha": 0.6,
  "alpha_base": 0.6,
  "alpha_boost_until": 0.0,
  "A": {
    "trend": [
      [
        1.0276332884497883,
        0.01660641146662375,
        0.3022627783689697,
        0.06478216611944763,
        0.06478216611944763,
        0.0
      ],
      [
        0.01660641146662375,
        1.009979735213197,
        0.181646859647584,
        0.038931280590563846,
        0.038931280590563846,
        0.0
      ],
      [
        0.3022627783689697,
        0.181646859647584,
        4.30625822378469,
        0.7086104701438062,
        0.7086104701438062,
        0.0
      ],
      [
        0.06478216611944763,
        0.038931280590563846,
        0.7086104701438062,
        1.151872226671589,
        0.1518722266715875,
        0.0
      ],
      [
        0.06478216611944763,
        0.038931280590563846,
        0.7086104701438062,
        0.1518722266715875,
        1.151872226671589,
        0.0
      ],
      [
        0.0,
        0.0,
        0.0,
        0.0,
        0.0,
        1.0
      ]
    ],
    "breakout": [
      [
        1.0,
        0.0,
        0.0,
        0.0,
        0.0,
        0.0
      ],
      [
        0.0,
        1.0,
        0.0,
        0.0,
        0.0,
        0.0
      ],
      [
        0.0,
        0.0,
        1.0,
        0.0,
        0.0,
        0.0
      ],
      [
        0.0,
        0.0,
        0.0,
        1.0,
        0.0,
        0.0
      ],
      [
        0.0,
        0.0,
        0.0,
        0.0,
        1.0,
        0.0
      ],
      [
        0.0,
        0.0,
        0.0,
        0.0,
        0.0,
        1.0
      ]
    ],
    "reversion": [
      [
        1.3186817909904294,
        0.0207664700607163,
        0.5352381256329534,
        1.0012474311836,
        1.0012474311836,
        0.0
      ],
      [
        0.0207664700607163,
        1.001660585968244,
        0.0422777352408402,
        0.06947828057168964,
        0.06947828057168964,
        0.0
      ],
      [
        0.5352381256329534,
        0.0422777352408402,
        2.1437938598141586,
        1.7926328083800933,
        1.7926328083800933,
        0.0
      ],
      [
        1.0012474311836,
        0.06947828057168964,
        1.7926328083800933,
        4.218326042902024,
        3.2183260429020395,
        0.0
      ],
      [
        1.0012474311836,
        0.06947828057168964,
        1.7926328083800933,
        3.2183260429020395,
        4.218326042902024,
        0.0
      ],
      [
        0.0,
        0.0,
        0.0,
        0.0,
        0.0,
        1.0
      ]
    ],
    "vwap": [
      [
        1.0,
        0.0,
        0.0,
        0.0,
        0.0,
        0.0
      ],
      [
        0.0,
        1.0,
        0.0,
        0.0,
        0.0,
        0.0
      ],
      [
        0.0,
        0.0,
        1.0,
        0.0,
        0.0,
        0.0
      ],
      [
        0.0,
        0.0,
        0.0,
        1.0,
        0.0,
        0.0
      ],
      [
        0.0,
        0.0,
        0.0,
        0.0,
        1.0,
        0.0
      ],
      [
        0.0,
        0.0,
        0.0,
        0.0,
        0.0,
        1.0
      ]
    ]
  },
  "b": {
    "trend": [
      [
        0.06604729489658485
      ],
      [
        0.039691568280159024
      ],
      [
        0.7224489005523647
      ],
      [
        0.15483813435759886
      ],
      [
        0.15483813435759886
      ],
      [
        0.0
      ]
    ],
    "breakout": [
      [
        0.0
      ],
      [
        0.0
      ],
      [
        0.0
      ],
      [
        0.0
      ],
      [
        0.0
      ],
      [
        0.0
      ]
    ],
    "reversion": [
      [
        -0.009109334225273928
      ],
      [
        -0.06594970014767364
      ],
      [
        -1.816449738190187
      ],
      [
        -1.1438832898812887
      ],
      [
        -1.1438832898812887
      ],
      [
        0.0
      ]
    ],
    "vwap": [
      [
        0.0
      ],
      [
        0.0
      ],
      [
        0.0
      ],
      [
        0.0
      ],
      [
        0.0
      ],
      [
        0.0
      ]
    ]
  },
  "counts": {
    "trend": 1,
    "breakout": 0,
    "reversion": 8,
    "vwap": 0
  },
  "reward_sum": {
    "trend": 0.15483813435759886,
    "breakout": 0.0,
    "reversion": -1.1438832898812887,
    "vwap": 0.0
  },
  "disabled_until": {
    "trend": 0.0,
    "breakout": 0.0,
    "reversion": 0.0,
    "vwap": 0.0
  },
  "_snapshot_time": "2025-09-22T17:35:00.969622"
}