{
  "arms": [
    "trend",
    "breakout",
    "reversion",
    "vwap"
  ],
  "d": 6,
  "alpha": 0.6,
  "alpha_base": 0.6,
  "alpha_boost_until": 0.0,
  "A": {
    "trend": [
      [
        1.0215073353935704,
        0.012924978572321947,
        0.23525491593902498,
        0.0504207733648728,
        0.0504207733648728,
        0.0
      ],
      [
        0.012924978572321947,
        1.0077673532326519,
        0.14137803181579975,
        0.030300704546398535,
        0.030300704546398535,
        0.0
      ],
      [
        0.23525491593902498,
        0.14137803181579975,
        3.573302292483082,
        0.5515204269832383,
        0.5515204269832383,
        0.0
      ],
      [
        0.0504207733648728,
        0.030300704546398535,
        0.5515204269832383,
        1.1182040610884725,
        0.11820406108847166,
        0.0
      ],
      [
        0.0504207733648728,
        0.030300704546398535,
        0.5515204269832383,
        0.11820406108847166,
        1.1182040610884725,
        0.0
      ],
      [
        0.0,
        0.0,
        0.0,
        0.0,
        0.0,
        1.0
      ]
    ],
    "breakout": [
      [
        1.0,
        0.0,
        0.0,
        0.0,
        0.0,
        0.0
      ],
      [
        0.0,
        1.0,
        0.0,
        0.0,
        0.0,
        0.0
      ],
      [
        0.0,
        0.0,
        1.0,
        0.0,
        0.0,
        0.0
      ],
      [
        0.0,
        0.0,
        0.0,
        1.0,
        0.0,
        0.0
      ],
      [
        0.0,
        0.0,
        0.0,
        0.0,
        1.0,
        0.0
      ],
      [
        0.0,
        0.0,
        0.0,
        0.0,
        0.0,
        1.0
      ]
    ],
    "reversion": [
      [
        1.248034039636976,
        0.01616280441424551,
        0.41658255420201074,
        0.7792834484229167,
        0.7792834484229167,
        0.0
      ],
      [
        0.01616280441424551,
        1.0012924549111752,
        0.03290529222236937,
        0.05407581821248432,
        0.05407581821248432,
        0.0
      ],
      [
        0.41658255420201074,
        0.03290529222236937,
        1.8902291237913675,
        1.3952286249754509,
        1.3952286249754509,
        0.0
      ],
      [
        0.7792834484229167,
        0.05407581821248432,
        1.3952286249754509,
        3.5048635719316747,
        2.5048635719316903,
        0.0
      ],
      [
        0.7792834484229167,
        0.05407581821248432,
        1.3952286249754509,
        2.5048635719316903,
        3.5048635719316747,
        0.0
      ],
      [
        0.0,
        0.0,
        0.0,
        0.0,
        0.0,
        1.0
      ]
    ],
    "vwap": [
      [
        1.0,
        0.0,
        0.0,
        0.0,
        0.0,
        0.0
      ],
      [
        0.0,
        1.0,
        0.0,
        0.0,
        0.0,
        0.0
      ],
      [
        0.0,
        0.0,
        1.0,
        0.0,
        0.0,
        0.0
      ],
      [
        0.0,
        0.0,
        0.0,
        1.0,
        0.0,
        0.0
      ],
      [
        0.0,
        0.0,
        0.0,
        0.0,
        1.0,
        0.0
      ],
      [
        0.0,
        0.0,
        0.0,
        0.0,
        0.0,
        1.0
      ]
    ]
  },
  "b": {
    "trend": [
      [
        0.0514054389784276
      ],
      [
        0.030892446002195165
      ],
      [
        0.5622910511403401
      ],
      [
        0.1205124642836007
      ],
      [
        0.1205124642836007
      ],
      [
        0.0
      ]
    ],
    "breakout": [
      [
        0.0
      ],
      [
        0.0
      ],
      [
        0.0
      ],
      [
        0.0
      ],
      [
        0.0
      ],
      [
        0.0
      ]
    ],
    "reversion": [
      [
        -0.007089909214065846
      ],
      [
        -0.05132947975984604
      ],
      [
        -1.4137656405174692
      ],
      [
        -0.8902987283355964
      ],
      [
        -0.8902987283355964
      ],
      [
        0.0
      ]
    ],
    "vwap": [
      [
        0.0
      ],
      [
        0.0
      ],
      [
        0.0
      ],
      [
        0.0
      ],
      [
        0.0
      ],
      [
        0.0
      ]
    ]
  },
  "counts": {
    "trend": 1,
    "breakout": 0,
    "reversion": 8,
    "vwap": 0
  },
  "reward_sum": {
    "trend": 0.1205124642836007,
    "breakout": 0.0,
    "reversion": -0.8902987283355964,
    "vwap": 0.0
  },
  "disabled_until": {
    "trend": 0.0,
    "breakout": 0.0,
    "reversion": 0.0,
    "vwap": 0.0
  },
  "_snapshot_time": "2025-09-23T04:56:00.838807"
}