{
  "arms": [
    "trend",
    "breakout",
    "reversion",
    "vwap"
  ],
  "d": 6,
  "alpha": 0.6,
  "alpha_base": 0.6,
  "alpha_boost_until": 0.0,
  "A": {
    "trend": [
      [
        1.0342799435717698,
        0.02060076378675839,
        0.3749662659644088,
        0.08036426801199889,
        0.08036426801199889,
        0.0
      ],
      [
        0.02060076378675839,
        1.0123801682377116,
        0.22533851191916368,
        0.04829545004193943,
        0.04829545004193943,
        0.0
      ],
      [
        0.3749662659644088,
        0.22533851191916368,
        5.10151493735471,
        0.8790530658351963,
        0.8790530658351963,
        0.0
      ],
      [
        0.08036426801199889,
        0.04829545004193943,
        0.8790530658351963,
        1.1884021646530067,
        0.18840216465300522,
        0.0
      ],
      [
        0.08036426801199889,
        0.04829545004193943,
        0.8790530658351963,
        0.18840216465300522,
        1.1884021646530067,
        0.0
      ],
      [
        0.0,
        0.0,
        0.0,
        0.0,
        0.0,
        1.0
      ]
    ],
    "breakout": [
      [
        1.0,
        0.0,
        0.0,
        0.0,
        0.0,
        0.0
      ],
      [
        0.0,
        1.0,
        0.0,
        0.0,
        0.0,
        0.0
      ],
      [
        0.0,
        0.0,
        1.0,
        0.0,
        0.0,
        0.0
      ],
      [
        0.0,
        0.0,
        0.0,
        1.0,
        0.0,
        0.0
      ],
      [
        0.0,
        0.0,
        0.0,
        0.0,
        1.0,
        0.0
      ],
      [
        0.0,
        0.0,
        0.0,
        0.0,
        0.0,
        1.0
      ]
    ],
    "reversion": [
      [
        1.3953345557244403,
        0.025761444323201745,
        0.6639793442426093,
        1.2420782095739273,
        1.2420782095739273,
        0.0
      ],
      [
        0.025761444323201745,
        1.002060007928152,
        0.052446829881707936,
        0.08618994231500281,
        0.08618994231500281,
        0.0
      ],
      [
        0.6639793442426093,
        0.052446829881707936,
        2.4189114351486567,
        2.223816091517078,
        2.223816091517078,
        0.0
      ],
      [
        1.2420782095739273,
        0.08618994231500281,
        2.223816091517078,
        4.992432364562925,
        3.9924323645629394,
        0.0
      ],
      [
        1.2420782095739273,
        0.08618994231500281,
        2.223816091517078,
        3.9924323645629394,
        4.992432364562925,
        0.0
      ],
      [
        0.0,
        0.0,
        0.0,
        0.0,
        0.0,
        1.0
      ]
    ],
    "vwap": [
      [
        1.0,
        0.0,
        0.0,
        0.0,
        0.0,
        0.0
      ],
      [
        0.0,
        1.0,
        0.0,
        0.0,
        0.0,
        0.0
      ],
      [
        0.0,
        0.0,
        1.0,
        0.0,
        0.0,
        0.0
      ],
      [
        0.0,
        0.0,
        0.0,
        1.0,
        0.0,
        0.0
      ],
      [
        0.0,
        0.0,
        0.0,
        0.0,
        1.0,
        0.0
      ],
      [
        0.0,
        0.0,
        0.0,
        0.0,
        0.0,
        1.0
      ]
    ]
  },
  "b": {
    "trend": [
      [
        0.08193369914105501
      ],
      [
        0.04923861028669247
      ],
      [
        0.8962200640514684
      ],
      [
        0.1920814642883089
      ],
      [
        0.1920814642883089
      ],
      [
        0.0
      ]
    ],
    "breakout": [
      [
        0.0
      ],
      [
        0.0
      ],
      [
        0.0
      ],
      [
        0.0
      ],
      [
        0.0
      ],
      [
        0.0
      ]
    ],
    "reversion": [
      [
        -0.011300409062287005
      ],
      [
        -0.08181262985566552
      ],
      [
        -2.253361724908717
      ],
      [
        -1.4190223758953682
      ],
      [
        -1.4190223758953682
      ],
      [
        0.0
      ]
    ],
    "vwap": [
      [
        0.0
      ],
      [
        0.0
      ],
      [
        0.0
      ],
      [
        0.0
      ],
      [
        0.0
      ],
      [
        0.0
      ]
    ]
  },
  "counts": {
    "trend": 1,
    "breakout": 0,
    "reversion": 8,
    "vwap": 0
  },
  "reward_sum": {
    "trend": 0.1920814642883089,
    "breakout": 0.0,
    "reversion": -1.4190223758953682,
    "vwap": 0.0
  },
  "disabled_until": {
    "trend": 0.0,
    "breakout": 0.0,
    "reversion": 0.0,
    "vwap": 0.0
  },
  "_snapshot_time": "2025-09-22T09:31:00.731952"
}