{
  "arms": [
    "trend",
    "breakout",
    "reversion",
    "vwap"
  ],
  "d": 6,
  "alpha": 0.6,
  "alpha_base": 0.6,
  "alpha_boost_until": 0.0,
  "A": {
    "trend": [
      [
        1.0132259062531839,
        0.00794819775642818,
        0.1446696862662066,
        0.031006185077493816,
        0.031006185077493816,
        0.0
      ],
      [
        0.00794819775642818,
        1.0047765231634016,
        0.08694022578056004,
        0.018633376492369094,
        0.018633376492369094,
        0.0
      ],
      [
        0.1446696862662066,
        0.08694022578056004,
        2.5824486975571856,
        0.3391567263221377,
        0.3391567263221377,
        0.0
      ],
      [
        0.031006185077493816,
        0.018633376492369094,
        0.3391567263221377,
        1.07268942442628,
        0.07268942442628039,
        0.0
      ],
      [
        0.031006185077493816,
        0.018633376492369094,
        0.3391567263221377,
        0.07268942442628039,
        1.07268942442628,
        0.0
      ],
      [
        0.0,
        0.0,
        0.0,
        0.0,
        0.0,
        1.0
      ]
    ],
    "breakout": [
      [
        1.0,
        0.0,
        0.0,
        0.0,
        0.0,
        0.0
      ],
      [
        0.0,
        1.0,
        0.0,
        0.0,
        0.0,
        0.0
      ],
      [
        0.0,
        0.0,
        1.0,
        0.0,
        0.0,
        0.0
      ],
      [
        0.0,
        0.0,
        0.0,
        1.0,
        0.0,
        0.0
      ],
      [
        0.0,
        0.0,
        0.0,
        0.0,
        1.0,
        0.0
      ],
      [
        0.0,
        0.0,
        0.0,
        0.0,
        0.0,
        1.0
      ]
    ],
    "reversion": [
      [
        1.1525281907686975,
        0.009939294294691833,
        0.2561768674623583,
        0.4792192823932799,
        0.4792192823932799,
        0.0
      ],
      [
        0.009939294294691833,
        1.0007947933660253,
        0.020235064093376307,
        0.033253849868183784,
        0.033253849868183784,
        0.0
      ],
      [
        0.2561768674623583,
        0.020235064093376307,
        1.5474451725264582,
        0.8579939196558409,
        0.8579939196558409,
        0.0
      ],
      [
        0.4792192823932799,
        0.033253849868183784,
        0.8579939196558409,
        2.540362400694431,
        1.5403624006944479,
        0.0
      ],
      [
        0.4792192823932799,
        0.033253849868183784,
        0.8579939196558409,
        1.5403624006944479,
        2.540362400694431,
        0.0
      ],
      [
        0.0,
        0.0,
        0.0,
        0.0,
        0.0,
        1.0
      ]
    ],
    "vwap": [
      [
        1.0,
        0.0,
        0.0,
        0.0,
        0.0,
        0.0
      ],
      [
        0.0,
        1.0,
        0.0,
        0.0,
        0.0,
        0.0
      ],
      [
        0.0,
        0.0,
        1.0,
        0.0,
        0.0,
        0.0
      ],
      [
        0.0,
        0.0,
        0.0,
        1.0,
        0.0,
        0.0
      ],
      [
        0.0,
        0.0,
        0.0,
        0.0,
        1.0,
        0.0
      ],
      [
        0.0,
        0.0,
        0.0,
        0.0,
        0.0,
        1.0
      ]
    ]
  },
  "b": {
    "trend": [
      [
        0.03161170383922296
      ],
      [
        0.018997267084916773
      ],
      [
        0.3457801068006267
      ],
      [
        0.07410897378907373
      ],
      [
        0.07410897378907373
      ],
      [
        0.0
      ]
    ],
    "breakout": [
      [
        0.0
      ],
      [
        0.0
      ],
      [
        0.0
      ],
      [
        0.0
      ],
      [
        0.0
      ],
      [
        0.0
      ]
    ],
    "reversion": [
      [
        -0.004359929898003241
      ],
      [
        -0.03156499282246328
      ],
      [
        -0.8693932318107915
      ],
      [
        -0.547487975744985
      ],
      [
        -0.547487975744985
      ],
      [
        0.0
      ]
    ],
    "vwap": [
      [
        0.0
      ],
      [
        0.0
      ],
      [
        0.0
      ],
      [
        0.0
      ],
      [
        0.0
      ],
      [
        0.0
      ]
    ]
  },
  "counts": {
    "trend": 1,
    "breakout": 0,
    "reversion": 8,
    "vwap": 0
  },
  "reward_sum": {
    "trend": 0.07410897378907373,
    "breakout": 0.0,
    "reversion": -0.547487975744985,
    "vwap": 0.0
  },
  "disabled_until": {
    "trend": 0.0,
    "breakout": 0.0,
    "reversion": 0.0,
    "vwap": 0.0
  },
  "_snapshot_time": "2025-09-24T00:46:00.735649"
}