{
  "arms": [
    "trend",
    "breakout",
    "reversion",
    "vwap"
  ],
  "d": 6,
  "alpha": 0.6,
  "alpha_base": 0.6,
  "alpha_boost_until": 0.0,
  "A": {
    "trend": [
      [
        1.0120244154851856,
        0.0072261537585528975,
        0.13152735113010194,
        0.028189467310990316,
        0.028189467310990316,
        0.0
      ],
      [
        0.0072261537585528975,
        1.0043426059426,
        0.07904225065179508,
        0.01694065091246208,
        0.01694065091246208,
        0.0
      ],
      [
        0.13152735113010194,
        0.07904225065179508,
        2.438693142017233,
        0.30834646139360394,
        0.30834646139360394,
        0.0
      ],
      [
        0.028189467310990316,
        0.01694065091246208,
        0.30834646139360394,
        1.0660860453679826,
        0.0660860453679829,
        0.0
      ],
      [
        0.028189467310990316,
        0.01694065091246208,
        0.30834646139360394,
        0.0660860453679829,
        1.0660860453679826,
        0.0
      ],
      [
        0.0,
        0.0,
        0.0,
        0.0,
        0.0,
        1.0
      ]
    ],
    "breakout": [
      [
        1.0,
        0.0,
        0.0,
        0.0,
        0.0,
        0.0
      ],
      [
        0.0,
        1.0,
        0.0,
        0.0,
        0.0,
        0.0
      ],
      [
        0.0,
        0.0,
        1.0,
        0.0,
        0.0,
        0.0
      ],
      [
        0.0,
        0.0,
        0.0,
        1.0,
        0.0,
        0.0
      ],
      [
        0.0,
        0.0,
        0.0,
        0.0,
        1.0,
        0.0
      ],
      [
        0.0,
        0.0,
        0.0,
        0.0,
        0.0,
        1.0
      ]
    ],
    "reversion": [
      [
        1.138671959705217,
        0.009036371643730596,
        0.232904803126001,
        0.4356852112589373,
        0.4356852112589373,
        0.0
      ],
      [
        0.009036371643730596,
        1.000722591365386,
        0.018396835224016892,
        0.030232945829384697,
        0.030232945829384697,
        0.0
      ],
      [
        0.232904803126001,
        0.018396835224016892,
        1.497713206475558,
        0.7800505444548463,
        0.7800505444548463,
        0.0
      ],
      [
        0.4356852112589373,
        0.030232945829384697,
        0.7800505444548463,
        2.4004301216976383,
        1.4004301216976556,
        0.0
      ],
      [
        0.4356852112589373,
        0.030232945829384697,
        0.7800505444548463,
        1.4004301216976556,
        2.4004301216976383,
        0.0
      ],
      [
        0.0,
        0.0,
        0.0,
        0.0,
        0.0,
        1.0
      ]
    ],
    "vwap": [
      [
        1.0,
        0.0,
        0.0,
        0.0,
        0.0,
        0.0
      ],
      [
        0.0,
        1.0,
        0.0,
        0.0,
        0.0,
        0.0
      ],
      [
        0.0,
        0.0,
        1.0,
        0.0,
        0.0,
        0.0
      ],
      [
        0.0,
        0.0,
        0.0,
        1.0,
        0.0,
        0.0
      ],
      [
        0.0,
        0.0,
        0.0,
        0.0,
        1.0,
        0.0
      ],
      [
        0.0,
        0.0,
        0.0,
        0.0,
        0.0,
        1.0
      ]
    ]
  },
  "b": {
    "trend": [
      [
        0.028739978484722067
      ],
      [
        0.017271484323207784
      ],
      [
        0.3143681492284658
      ],
      [
        0.067376637559792
      ],
      [
        0.067376637559792
      ],
      [
        0.0
      ]
    ],
    "breakout": [
      [
        0.0
      ],
      [
        0.0
      ],
      [
        0.0
      ],
      [
        0.0
      ],
      [
        0.0
      ],
      [
        0.0
      ]
    ],
    "reversion": [
      [
        -0.003963857566830528
      ],
      [
        -0.02869751087135011
      ],
      [
        -0.7904143004782532
      ],
      [
        -0.4977521212896975
      ],
      [
        -0.4977521212896975
      ],
      [
        0.0
      ]
    ],
    "vwap": [
      [
        0.0
      ],
      [
        0.0
      ],
      [
        0.0
      ],
      [
        0.0
      ],
      [
        0.0
      ],
      [
        0.0
      ]
    ]
  },
  "counts": {
    "trend": 1,
    "breakout": 0,
    "reversion": 8,
    "vwap": 0
  },
  "reward_sum": {
    "trend": 0.067376637559792,
    "breakout": 0.0,
    "reversion": -0.4977521212896975,
    "vwap": 0.0
  },
  "disabled_until": {
    "trend": 0.0,
    "breakout": 0.0,
    "reversion": 0.0,
    "vwap": 0.0
  },
  "_snapshot_time": "2025-09-24T03:52:00.666655"
}