{
  "arms": [
    "trend",
    "breakout",
    "reversion",
    "vwap"
  ],
  "d": 6,
  "alpha": 0.6,
  "alpha_base": 0.6,
  "alpha_boost_until": 0.0,
  "A": {
    "trend": [
      [
        1.0241354694513105,
        0.014504373497815604,
        0.2640023849079257,
        0.056582045752780495,
        0.056582045752780495,
        0.0
      ],
      [
        0.014504373497815604,
        1.008716501288219,
        0.15865401759610273,
        0.03400336283180155,
        0.03400336283180155,
        0.0
      ],
      [
        0.2640023849079257,
        0.15865401759610273,
        3.887752375302746,
        0.6189146248775976,
        0.6189146248775976,
        0.0
      ],
      [
        0.056582045752780495,
        0.03400336283180155,
        0.6189146248775976,
        1.132648254803088,
        0.13264825480308728,
        0.0
      ],
      [
        0.056582045752780495,
        0.03400336283180155,
        0.6189146248775976,
        0.13264825480308728,
        1.132648254803088,
        0.0
      ],
      [
        0.0,
        0.0,
        0.0,
        0.0,
        0.0,
        1.0
      ]
    ],
    "breakout": [
      [
        1.0,
        0.0,
        0.0,
        0.0,
        0.0,
        0.0
      ],
      [
        0.0,
        1.0,
        0.0,
        0.0,
        0.0,
        0.0
      ],
      [
        0.0,
        0.0,
        1.0,
        0.0,
        0.0,
        0.0
      ],
      [
        0.0,
        0.0,
        0.0,
        1.0,
        0.0,
        0.0
      ],
      [
        0.0,
        0.0,
        0.0,
        0.0,
        1.0,
        0.0
      ],
      [
        0.0,
        0.0,
        0.0,
        0.0,
        0.0,
        1.0
      ]
    ],
    "reversion": [
      [
        1.278343080488404,
        0.018137852274539158,
        0.46748773508678204,
        0.8745096274895517,
        0.8745096274895517,
        0.0
      ],
      [
        0.018137852274539158,
        1.0014503891558415,
        0.03692622357379054,
        0.06068372648860397,
        0.06068372648860397,
        0.0
      ],
      [
        0.46748773508678204,
        0.03692622357379054,
        1.9990125428721282,
        1.5657215196335998,
        1.5657215196335998,
        0.0
      ],
      [
        0.8745096274895517,
        0.06068372648860397,
        1.5657215196335998,
        3.810950641432488,
        2.810950641432503,
        0.0
      ],
      [
        0.8745096274895517,
        0.06068372648860397,
        1.5657215196335998,
        2.810950641432503,
        3.810950641432488,
        0.0
      ],
      [
        0.0,
        0.0,
        0.0,
        0.0,
        0.0,
        1.0
      ]
    ],
    "vwap": [
      [
        1.0,
        0.0,
        0.0,
        0.0,
        0.0,
        0.0
      ],
      [
        0.0,
        1.0,
        0.0,
        0.0,
        0.0,
        0.0
      ],
      [
        0.0,
        0.0,
        1.0,
        0.0,
        0.0,
        0.0
      ],
      [
        0.0,
        0.0,
        0.0,
        1.0,
        0.0,
        0.0
      ],
      [
        0.0,
        0.0,
        0.0,
        0.0,
        1.0,
        0.0
      ],
      [
        0.0,
        0.0,
        0.0,
        0.0,
        0.0,
        1.0
      ]
    ]
  },
  "b": {
    "trend": [
      [
        0.05768703465079219
      ],
      [
        0.034667413378654685
      ],
      [
        0.6310013880938816
      ],
      [
        0.13523873817900578
      ],
      [
        0.13523873817900578
      ],
      [
        0.0
      ]
    ],
    "breakout": [
      [
        0.0
      ],
      [
        0.0
      ],
      [
        0.0
      ],
      [
        0.0
      ],
      [
        0.0
      ],
      [
        0.0
      ]
    ],
    "reversion": [
      [
        -0.007956275573766098
      ],
      [
        -0.05760179343582657
      ],
      [
        -1.5865237047553615
      ],
      [
        -0.9990906528899505
      ],
      [
        -0.9990906528899505
      ],
      [
        0.0
      ]
    ],
    "vwap": [
      [
        0.0
      ],
      [
        0.0
      ],
      [
        0.0
      ],
      [
        0.0
      ],
      [
        0.0
      ],
      [
        0.0
      ]
    ]
  },
  "counts": {
    "trend": 1,
    "breakout": 0,
    "reversion": 8,
    "vwap": 0
  },
  "reward_sum": {
    "trend": 0.13523873817900578,
    "breakout": 0.0,
    "reversion": -0.9990906528899505,
    "vwap": 0.0
  },
  "disabled_until": {
    "trend": 0.0,
    "breakout": 0.0,
    "reversion": 0.0,
    "vwap": 0.0
  },
  "_snapshot_time": "2025-09-23T00:58:00.147852"
}