{
  "arms": [
    "trend",
    "breakout",
    "reversion",
    "vwap"
  ],
  "d": 6,
  "alpha": 0.6,
  "alpha_base": 0.6,
  "alpha_boost_until": 0.0,
  "A": {
    "trend": [
      [
        1.0504269708594558,
        0.030304428972658143,
        0.5515882173924631,
        0.11821859019978127,
        0.11821859019978127,
        0.0
      ],
      [
        0.030304428972658143,
        1.018211651418016,
        0.3314806674133177,
        0.0710442608171282,
        0.0710442608171282,
        0.0
      ],
      [
        0.5515882173924631,
        0.3314806674133177,
        7.03346892309184,
        1.2931171617007253,
        1.2931171617007253,
        0.0
      ],
      [
        0.11821859019978127,
        0.0710442608171282,
        1.2931171617007253,
        1.2771460357548436,
        0.27714603575484437,
        0.0
      ],
      [
        0.11821859019978127,
        0.0710442608171282,
        1.2931171617007253,
        0.27714603575484437,
        1.2771460357548436,
        0.0
      ],
      [
        0.0,
        0.0,
        0.0,
        0.0,
        0.0,
        1.0
      ]
    ],
    "breakout": [
      [
        1.0,
        0.0,
        0.0,
        0.0,
        0.0,
        0.0
      ],
      [
        0.0,
        1.0,
        0.0,
        0.0,
        0.0,
        0.0
      ],
      [
        0.0,
        0.0,
        1.0,
        0.0,
        0.0,
        0.0
      ],
      [
        0.0,
        0.0,
        0.0,
        1.0,
        0.0,
        0.0
      ],
      [
        0.0,
        0.0,
        0.0,
        0.0,
        1.0,
        0.0
      ],
      [
        0.0,
        0.0,
        0.0,
        0.0,
        0.0,
        1.0
      ]
    ],
    "reversion": [
      [
        1.4322143538126864,
        0.03054401185736,
        0.772807532031114,
        1.4042107772867314,
        1.4042107772867314,
        0.0
      ],
      [
        0.03054401185736,
        1.0026683991576935,
        0.06711149196242083,
        0.10596720887111587,
        0.10596720887111587,
        0.0
      ],
      [
        0.772807532031114,
        0.06711149196242083,
        2.8087887380800294,
        2.693771790409224,
        2.693771790409224,
        0.0
      ],
      [
        1.4042107772867314,
        0.10596720887111587,
        2.693771790409224,
        5.675246687573804,
        4.675246687573813,
        0.0
      ],
      [
        1.4042107772867314,
        0.10596720887111587,
        2.693771790409224,
        4.675246687573813,
        5.675246687573804,
        0.0
      ],
      [
        0.0,
        0.0,
        0.0,
        0.0,
        0.0,
        1.0
      ]
    ],
    "vwap": [
      [
        1.0,
        0.0,
        0.0,
        0.0,
        0.0,
        0.0
      ],
      [
        0.0,
        1.0,
        0.0,
        0.0,
        0.0,
        0.0
      ],
      [
        0.0,
        0.0,
        1.0,
        0.0,
        0.0,
        0.0
      ],
      [
        0.0,
        0.0,
        0.0,
        1.0,
        0.0,
        0.0
      ],
      [
        0.0,
        0.0,
        0.0,
        0.0,
        1.0,
        0.0
      ],
      [
        0.0,
        0.0,
        0.0,
        0.0,
        0.0,
        1.0
      ]
    ]
  },
  "b": {
    "trend": [
      [
        0.12052727713344391
      ],
      [
        0.07243168183427154
      ],
      [
        1.3183704039350335
      ],
      [
        0.2825584115104877
      ],
      [
        0.2825584115104877
      ],
      [
        0.0
      ]
    ],
    "breakout": [
      [
        0.0
      ],
      [
        0.0
      ],
      [
        0.0
      ],
      [
        0.0
      ],
      [
        0.0
      ],
      [
        0.0
      ]
    ],
    "reversion": [
      [
        -0.4462823578394285
      ],
      [
        -0.14150166460818014
      ],
      [
        -3.901500725812504
      ],
      [
        -3.3042490357000878
      ],
      [
        -3.3042490357000878
      ],
      [
        0.0
      ]
    ],
    "vwap": [
      [
        0.0
      ],
      [
        0.0
      ],
      [
        0.0
      ],
      [
        0.0
      ],
      [
        0.0
      ],
      [
        0.0
      ]
    ]
  },
  "counts": {
    "trend": 1,
    "breakout": 0,
    "reversion": 7,
    "vwap": 0
  },
  "reward_sum": {
    "trend": 0.2825584115104877,
    "breakout": 0.0,
    "reversion": -3.3042490357000878,
    "vwap": 0.0
  },
  "disabled_until": {
    "trend": 0.0,
    "breakout": 0.0,
    "reversion": 0.0,
    "vwap": 0.0
  },
  "_snapshot_time": "2025-09-19T14:32:00.152718"
}