{
  "arms": [
    "trend",
    "breakout",
    "reversion",
    "vwap"
  ],
  "d": 6,
  "alpha": 0.6,
  "alpha_base": 0.6,
  "alpha_boost_until": 0.0,
  "A": {
    "trend": [
      [
        1.0090814771798908,
        0.005457575092737407,
        0.09933644086824994,
        0.021290182829545166,
        0.021290182829545166,
        0.0
      ],
      [
        0.005457575092737407,
        1.0032797666395983,
        0.059696905552357286,
        0.012794479271241973,
        0.012794479271241973,
        0.0
      ],
      [
        0.09933644086824994,
        0.059696905552357286,
        2.086577468500715,
        0.23287962363707723,
        0.23287962363707723,
        0.0
      ],
      [
        0.021290182829545166,
        0.012794479271241973,
        0.23287962363707723,
        1.0499116912300583,
        0.049911691230058335,
        0.0
      ],
      [
        0.021290182829545166,
        0.012794479271241973,
        0.23287962363707723,
        0.049911691230058335,
        1.0499116912300583,
        0.0
      ],
      [
        0.0,
        0.0,
        0.0,
        0.0,
        0.0,
        1.0
      ]
    ],
    "breakout": [
      [
        1.0,
        0.0,
        0.0,
        0.0,
        0.0,
        0.0
      ],
      [
        0.0,
        1.0,
        0.0,
        0.0,
        0.0,
        0.0
      ],
      [
        0.0,
        0.0,
        1.0,
        0.0,
        0.0,
        0.0
      ],
      [
        0.0,
        0.0,
        0.0,
        1.0,
        0.0,
        0.0
      ],
      [
        0.0,
        0.0,
        0.0,
        0.0,
        1.0,
        0.0
      ],
      [
        0.0,
        0.0,
        0.0,
        0.0,
        0.0,
        1.0
      ]
    ],
    "reversion": [
      [
        1.104732428707667,
        0.006824747778605091,
        0.17590207667736107,
        0.329052610377472,
        0.329052610377472,
        0.0
      ],
      [
        0.006824747778605091,
        1.0005457393752921,
        0.013894266999917146,
        0.0228335263338725,
        0.0228335263338725,
        0.0
      ],
      [
        0.17590207667736107,
        0.013894266999917146,
        1.3758994466139676,
        0.5891355989282967,
        0.5891355989282967,
        0.0
      ],
      [
        0.329052610377472,
        0.0228335263338725,
        0.5891355989282967,
        2.057679203442078,
        1.057679203442097,
        0.0
      ],
      [
        0.329052610377472,
        0.0228335263338725,
        0.5891355989282967,
        1.057679203442097,
        2.057679203442078,
        0.0
      ],
      [
        0.0,
        0.0,
        0.0,
        0.0,
        0.0,
        1.0
      ]
    ],
    "vwap": [
      [
        1.0,
        0.0,
        0.0,
        0.0,
        0.0,
        0.0
      ],
      [
        0.0,
        1.0,
        0.0,
        0.0,
        0.0,
        0.0
      ],
      [
        0.0,
        0.0,
        1.0,
        0.0,
        0.0,
        0.0
      ],
      [
        0.0,
        0.0,
        0.0,
        1.0,
        0.0,
        0.0
      ],
      [
        0.0,
        0.0,
        0.0,
        0.0,
        1.0,
        0.0
      ],
      [
        0.0,
        0.0,
        0.0,
        0.0,
        0.0,
        1.0
      ]
    ]
  },
  "b": {
    "trend": [
      [
        0.02170595810508174
      ],
      [
        0.013044342233290637
      ],
      [
        0.2374275220961826
      ],
      [
        0.05088641499545871
      ],
      [
        0.05088641499545871
      ],
      [
        0.0
      ]
    ],
    "breakout": [
      [
        0.0
      ],
      [
        0.0
      ],
      [
        0.0
      ],
      [
        0.0
      ],
      [
        0.0
      ],
      [
        0.0
      ]
    ],
    "reversion": [
      [
        -0.002993715751244298
      ],
      [
        -0.021673884308047942
      ],
      [
        -0.5969628578865783
      ],
      [
        -0.37592883714833547
      ],
      [
        -0.37592883714833547
      ],
      [
        0.0
      ]
    ],
    "vwap": [
      [
        0.0
      ],
      [
        0.0
      ],
      [
        0.0
      ],
      [
        0.0
      ],
      [
        0.0
      ],
      [
        0.0
      ]
    ]
  },
  "counts": {
    "trend": 1,
    "breakout": 0,
    "reversion": 8,
    "vwap": 0
  },
  "reward_sum": {
    "trend": 0.05088641499545871,
    "breakout": 0.0,
    "reversion": -0.37592883714833547,
    "vwap": 0.0
  },
  "disabled_until": {
    "trend": 0.0,
    "breakout": 0.0,
    "reversion": 0.0,
    "vwap": 0.0
  },
  "_snapshot_time": "2025-09-24T13:16:00.197978"
}