{
  "arms": [
    "trend",
    "breakout",
    "reversion",
    "vwap"
  ],
  "d": 6,
  "alpha": 0.6,
  "alpha_base": 0.6,
  "alpha_boost_until": 0.0,
  "A": {
    "trend": [
      [
        1.0035038204065354,
        0.0021056445555439037,
        0.03832603900580055,
        0.00821418978205584,
        0.00821418978205584,
        0.0
      ],
      [
        0.0021056445555439037,
        1.0012654013276525,
        0.023032292185299234,
        0.0049363728690349756,
        0.0049363728690349756,
        0.0
      ],
      [
        0.03832603900580055,
        0.023032292185299234,
        1.4192239028959674,
        0.08984974155666074,
        0.08984974155666074,
        0.0
      ],
      [
        0.00821418978205584,
        0.0049363728690349756,
        0.08984974155666074,
        1.0192569555362438,
        0.019256955536244666,
        0.0
      ],
      [
        0.00821418978205584,
        0.0049363728690349756,
        0.08984974155666074,
        0.019256955536244666,
        1.0192569555362438,
        0.0
      ],
      [
        0.0,
        0.0,
        0.0,
        0.0,
        0.0,
        1.0
      ]
    ],
    "breakout": [
      [
        1.0,
        0.0,
        0.0,
        0.0,
        0.0,
        0.0
      ],
      [
        0.0,
        1.0,
        0.0,
        0.0,
        0.0,
        0.0
      ],
      [
        0.0,
        0.0,
        1.0,
        0.0,
        0.0,
        0.0
      ],
      [
        0.0,
        0.0,
        0.0,
        1.0,
        0.0,
        0.0
      ],
      [
        0.0,
        0.0,
        0.0,
        0.0,
        1.0,
        0.0
      ],
      [
        0.0,
        0.0,
        0.0,
        0.0,
        0.0,
        1.0
      ]
    ],
    "reversion": [
      [
        1.0935514836123614,
        0.008689418521453416,
        0.35247397562162747,
        0.30062708912211655,
        0.30062708912211655,
        0.0
      ],
      [
        0.008689418521453416,
        1.0009007380842887,
        0.037794816028565874,
        0.02860145024946262,
        0.02860145024946262,
        0.0
      ],
      [
        0.35247397562162747,
        0.037794816028565874,
        2.6692282649888415,
        1.1573903083255819,
        1.1573903083255819,
        0.0
      ],
      [
        0.30062708912211655,
        0.02860145024946262,
        1.1573903083255819,
        1.9756295811995614,
        0.975629581199578,
        0.0
      ],
      [
        0.30062708912211655,
        0.02860145024946262,
        1.1573903083255819,
        0.975629581199578,
        1.9756295811995614,
        0.0
      ],
      [
        0.0,
        0.0,
        0.0,
        0.0,
        0.0,
        1.0
      ]
    ],
    "vwap": [
      [
        1.0,
        0.0,
        0.0,
        0.0,
        0.0,
        0.0
      ],
      [
        0.0,
        1.0,
        0.0,
        0.0,
        0.0,
        0.0
      ],
      [
        0.0,
        0.0,
        1.0,
        0.0,
        0.0,
        0.0
      ],
      [
        0.0,
        0.0,
        0.0,
        1.0,
        0.0,
        0.0
      ],
      [
        0.0,
        0.0,
        0.0,
        0.0,
        1.0,
        0.0
      ],
      [
        0.0,
        0.0,
        0.0,
        0.0,
        0.0,
        1.0
      ]
    ]
  },
  "b": {
    "trend": [
      [
        0.008374604422328652
      ],
      [
        0.005032775131345569
      ],
      [
        0.09160441418449601
      ],
      [
        0.019633023983292863
      ],
      [
        0.019633023983292863
      ],
      [
        0.0
      ]
    ],
    "breakout": [
      [
        0.0
      ],
      [
        0.0
      ],
      [
        0.0
      ],
      [
        0.0
      ],
      [
        0.0
      ],
      [
        0.0
      ]
    ],
    "reversion": [
      [
        -0.1977255516889423
      ],
      [
        -0.03076359188025521
      ],
      [
        -1.283042815382576
      ],
      [
        -0.7874286053468273
      ],
      [
        -0.7874286053468273
      ],
      [
        0.0
      ]
    ],
    "vwap": [
      [
        0.0
      ],
      [
        0.0
      ],
      [
        0.0
      ],
      [
        0.0
      ],
      [
        0.0
      ],
      [
        0.0
      ]
    ]
  },
  "counts": {
    "trend": 1,
    "breakout": 0,
    "reversion": 9,
    "vwap": 0
  },
  "reward_sum": {
    "trend": 0.019633023983292863,
    "breakout": 0.0,
    "reversion": -0.7874286053468273,
    "vwap": 0.0
  },
  "disabled_until": {
    "trend": 0.0,
    "breakout": 0.0,
    "reversion": 0.0,
    "vwap": 0.0
  },
  "_snapshot_time": "2025-09-26T06:43:00.145029"
}