{
  "arms": [
    "trend",
    "breakout",
    "reversion",
    "vwap"
  ],
  "d": 6,
  "alpha": 0.6,
  "alpha_base": 0.6,
  "alpha_boost_until": 0.0,
  "A": {
    "trend": [
      [
        1.0425253235212653,
        0.025555880597730295,
        0.4651571767121878,
        0.09969434429216427,
        0.09969434429216427,
        0.0
      ],
      [
        0.025555880597730295,
        1.0153579791767786,
        0.27953934933120894,
        0.059911990034019244,
        0.059911990034019244,
        0.0
      ],
      [
        0.4651571767121878,
        0.27953934933120894,
        6.088055331046437,
        1.0904923439776977,
        1.0904923439776977,
        0.0
      ],
      [
        0.09969434429216427,
        0.059911990034019244,
        1.0904923439776977,
        1.2337186753881881,
        0.23371867538818816,
        0.0
      ],
      [
        0.09969434429216427,
        0.059911990034019244,
        1.0904923439776977,
        0.23371867538818816,
        1.2337186753881881,
        0.0
      ],
      [
        0.0,
        0.0,
        0.0,
        0.0,
        0.0,
        1.0
      ]
    ],
    "breakout": [
      [
        1.0,
        0.0,
        0.0,
        0.0,
        0.0,
        0.0
      ],
      [
        0.0,
        1.0,
        0.0,
        0.0,
        0.0,
        0.0
      ],
      [
        0.0,
        0.0,
        1.0,
        0.0,
        0.0,
        0.0
      ],
      [
        0.0,
        0.0,
        0.0,
        1.0,
        0.0,
        0.0
      ],
      [
        0.0,
        0.0,
        0.0,
        0.0,
        1.0,
        0.0
      ],
      [
        0.0,
        0.0,
        0.0,
        0.0,
        0.0,
        1.0
      ]
    ],
    "reversion": [
      [
        1.3644885844451307,
        0.02575792207490925,
        0.6517125609406075,
        1.184178160583834,
        1.184178160583834,
        0.0
      ],
      [
        0.02575792207490925,
        1.0022502747147155,
        0.05659546585994371,
        0.08936269149398346,
        0.08936269149398346,
        0.0
      ],
      [
        0.6517125609406075,
        0.05659546585994371,
        2.5253608328537904,
        2.2716715862009482,
        2.2716715862009482,
        0.0
      ],
      [
        1.184178160583834,
        0.08936269149398346,
        2.2716715862009482,
        4.942659543935632,
        3.942659543935642,
        0.0
      ],
      [
        1.184178160583834,
        0.08936269149398346,
        2.2716715862009482,
        3.942659543935642,
        4.942659543935632,
        0.0
      ],
      [
        0.0,
        0.0,
        0.0,
        0.0,
        0.0,
        1.0
      ]
    ],
    "vwap": [
      [
        1.0,
        0.0,
        0.0,
        0.0,
        0.0,
        0.0
      ],
      [
        0.0,
        1.0,
        0.0,
        0.0,
        0.0,
        0.0
      ],
      [
        0.0,
        0.0,
        1.0,
        0.0,
        0.0,
        0.0
      ],
      [
        0.0,
        0.0,
        0.0,
        1.0,
        0.0,
        0.0
      ],
      [
        0.0,
        0.0,
        0.0,
        0.0,
        1.0,
        0.0
      ],
      [
        0.0,
        0.0,
        0.0,
        0.0,
        0.0,
        1.0
      ]
    ]
  },
  "b": {
    "trend": [
      [
        0.10164127184085543
      ],
      [
        0.061082009303641036
      ],
      [
        1.1117885328558255
      ],
      [
        0.23828295966115923
      ],
      [
        0.23828295966115923
      ],
      [
        0.0
      ]
    ],
    "breakout": [
      [
        0.0
      ],
      [
        0.0
      ],
      [
        0.0
      ],
      [
        0.0
      ],
      [
        0.0
      ],
      [
        0.0
      ]
    ],
    "reversion": [
      [
        -0.37635220449486595
      ],
      [
        -0.11932908052382067
      ],
      [
        -3.290155600383739
      ],
      [
        -2.7864901825968977
      ],
      [
        -2.7864901825968977
      ],
      [
        0.0
      ]
    ],
    "vwap": [
      [
        0.0
      ],
      [
        0.0
      ],
      [
        0.0
      ],
      [
        0.0
      ],
      [
        0.0
      ],
      [
        0.0
      ]
    ]
  },
  "counts": {
    "trend": 1,
    "breakout": 0,
    "reversion": 7,
    "vwap": 0
  },
  "reward_sum": {
    "trend": 0.23828295966115923,
    "breakout": 0.0,
    "reversion": -2.7864901825968977,
    "vwap": 0.0
  },
  "disabled_until": {
    "trend": 0.0,
    "breakout": 0.0,
    "reversion": 0.0,
    "vwap": 0.0
  },
  "_snapshot_time": "2025-09-22T02:21:00.536520"
}