{
  "arms": [
    "trend",
    "breakout",
    "reversion",
    "vwap"
  ],
  "d": 6,
  "alpha": 0.6,
  "alpha_base": 0.6,
  "alpha_boost_until": 0.0,
  "A": {
    "trend": [
      [
        1.0776028974579877,
        0.04663598574346932,
        0.8488482084842982,
        0.18192853896518885,
        0.18192853896518885,
        0.0
      ],
      [
        0.04663598574346932,
        1.028026210844029,
        0.5101210682329906,
        0.1093311851416908,
        0.1093311851416908,
        0.0
      ],
      [
        0.8488482084842982,
        0.5101210682329906,
        10.285004872879924,
        1.9899993354806582,
        1.9899993354806582,
        0.0
      ],
      [
        0.18192853896518885,
        0.1093311851416908,
        1.9899993354806582,
        1.4265046070983,
        0.42650460709830135,
        0.0
      ],
      [
        0.18192853896518885,
        0.1093311851416908,
        1.9899993354806582,
        0.42650460709830135,
        1.4265046070983,
        0.0
      ],
      [
        0.0,
        0.0,
        0.0,
        0.0,
        0.0,
        1.0
      ]
    ],
    "breakout": [
      [
        1.0,
        0.0,
        0.0,
        0.0,
        0.0,
        0.0
      ],
      [
        0.0,
        1.0,
        0.0,
        0.0,
        0.0,
        0.0
      ],
      [
        0.0,
        0.0,
        1.0,
        0.0,
        0.0,
        0.0
      ],
      [
        0.0,
        0.0,
        0.0,
        1.0,
        0.0,
        0.0
      ],
      [
        0.0,
        0.0,
        0.0,
        0.0,
        1.0,
        0.0
      ],
      [
        0.0,
        0.0,
        0.0,
        0.0,
        0.0,
        1.0
      ]
    ],
    "reversion": [
      [
        1.0631188557404938,
        0.006398986563516632,
        0.1803695110655511,
        0.21697235510551816,
        0.21697235510551816,
        0.0
      ],
      [
        0.006398986563516632,
        1.0006945018258957,
        0.01865267282055207,
        0.021776330576430653,
        0.021776330576430653,
        0.0
      ],
      [
        0.1803695110655511,
        0.01865267282055207,
        1.5183666414061703,
        0.6182582772141975,
        0.6182582772141975,
        0.0
      ],
      [
        0.21697235510551816,
        0.021776330576430653,
        0.6182582772141975,
        1.7469073379896405,
        0.7469073379896503,
        0.0
      ],
      [
        0.21697235510551816,
        0.021776330576430653,
        0.6182582772141975,
        0.7469073379896503,
        1.7469073379896405,
        0.0
      ],
      [
        0.0,
        0.0,
        0.0,
        0.0,
        0.0,
        1.0
      ]
    ],
    "vwap": [
      [
        1.0,
        0.0,
        0.0,
        0.0,
        0.0,
        0.0
      ],
      [
        0.0,
        1.0,
        0.0,
        0.0,
        0.0,
        0.0
      ],
      [
        0.0,
        0.0,
        1.0,
        0.0,
        0.0,
        0.0
      ],
      [
        0.0,
        0.0,
        0.0,
        1.0,
        0.0,
        0.0
      ],
      [
        0.0,
        0.0,
        0.0,
        0.0,
        1.0,
        0.0
      ],
      [
        0.0,
        0.0,
        0.0,
        0.0,
        0.0,
        1.0
      ]
    ]
  },
  "b": {
    "trend": [
      [
        0.18548141537878393
      ],
      [
        0.11146631023624591
      ],
      [
        2.0288619666121703
      ],
      [
        0.43483380144828304
      ],
      [
        0.43483380144828304
      ],
      [
        0.0
      ]
    ],
    "breakout": [
      [
        0.0
      ],
      [
        0.0
      ],
      [
        0.0
      ],
      [
        0.0
      ],
      [
        0.0
      ],
      [
        0.0
      ]
    ],
    "reversion": [
      [
        0.08650259091074901
      ],
      [
        0.009411903951232772
      ],
      [
        0.2523384167387765
      ],
      [
        0.29426298885229957
      ],
      [
        0.29426298885229957
      ],
      [
        0.0
      ]
    ],
    "vwap": [
      [
        0.0
      ],
      [
        0.0
      ],
      [
        0.0
      ],
      [
        0.0
      ],
      [
        0.0
      ],
      [
        0.0
      ]
    ]
  },
  "counts": {
    "trend": 1,
    "breakout": 0,
    "reversion": 2,
    "vwap": 0
  },
  "reward_sum": {
    "trend": 0.43483380144828304,
    "breakout": 0.0,
    "reversion": 0.29426298885229957,
    "vwap": 0.0
  },
  "disabled_until": {
    "trend": 0.0,
    "breakout": 0.0,
    "reversion": 0.0,
    "vwap": 0.0
  },
  "_snapshot_time": "2025-09-18T23:38:00.943922"
}