{
  "arms": [
    "trend",
    "breakout",
    "reversion",
    "vwap"
  ],
  "d": 6,
  "alpha": 0.6,
  "alpha_base": 0.6,
  "alpha_boost_until": 0.0,
  "A": {
    "trend": [
      [
        1.0127698855602154,
        0.007674149038756226,
        0.13968156905747298,
        0.029937111871116407,
        0.029937111871116407,
        0.0
      ],
      [
        0.007674149038756226,
        1.0046118317342279,
        0.08394258302940895,
        0.017990909723156846,
        0.017990909723156846,
        0.0
      ],
      [
        0.13968156905747298,
        0.08394258302940895,
        2.527886890008239,
        0.32746282176833763,
        0.32746282176833763,
        0.0
      ],
      [
        0.029937111871116407,
        0.017990909723156846,
        0.32746282176833763,
        1.0701831400882709,
        0.07018314008827135,
        0.0
      ],
      [
        0.029937111871116407,
        0.017990909723156846,
        0.32746282176833763,
        0.07018314008827135,
        1.0701831400882709,
        0.0
      ],
      [
        0.0,
        0.0,
        0.0,
        0.0,
        0.0,
        1.0
      ]
    ],
    "breakout": [
      [
        1.0,
        0.0,
        0.0,
        0.0,
        0.0,
        0.0
      ],
      [
        0.0,
        1.0,
        0.0,
        0.0,
        0.0,
        0.0
      ],
      [
        0.0,
        0.0,
        1.0,
        0.0,
        0.0,
        0.0
      ],
      [
        0.0,
        0.0,
        0.0,
        1.0,
        0.0,
        0.0
      ],
      [
        0.0,
        0.0,
        0.0,
        0.0,
        1.0,
        0.0
      ],
      [
        0.0,
        0.0,
        0.0,
        0.0,
        0.0,
        1.0
      ]
    ],
    "reversion": [
      [
        1.147269117407673,
        0.009596593856240674,
        0.24734405476988375,
        0.4626961114999365,
        0.4626961114999365,
        0.0
      ],
      [
        0.009596593856240674,
        1.0007673894048443,
        0.019537372171668062,
        0.032107278633634294,
        0.032107278633634294,
        0.0
      ],
      [
        0.24734405476988375,
        0.019537372171668062,
        1.5285696170704761,
        0.8284108442647121,
        0.8284108442647121,
        0.0
      ],
      [
        0.4626961114999365,
        0.032107278633634294,
        0.8284108442647121,
        2.487251701439496,
        1.4872517014395132,
        0.0
      ],
      [
        0.4626961114999365,
        0.032107278633634294,
        0.8284108442647121,
        1.4872517014395132,
        2.487251701439496,
        0.0
      ],
      [
        0.0,
        0.0,
        0.0,
        0.0,
        0.0,
        1.0
      ]
    ],
    "vwap": [
      [
        1.0,
        0.0,
        0.0,
        0.0,
        0.0,
        0.0
      ],
      [
        0.0,
        1.0,
        0.0,
        0.0,
        0.0,
        0.0
      ],
      [
        0.0,
        0.0,
        1.0,
        0.0,
        0.0,
        0.0
      ],
      [
        0.0,
        0.0,
        0.0,
        1.0,
        0.0,
        0.0
      ],
      [
        0.0,
        0.0,
        0.0,
        0.0,
        1.0,
        0.0
      ],
      [
        0.0,
        0.0,
        0.0,
        0.0,
        0.0,
        1.0
      ]
    ]
  },
  "b": {
    "trend": [
      [
        0.03052175273759641
      ],
      [
        0.01834225360344137
      ],
      [
        0.3338578323719936
      ],
      [
        0.07155374430721359
      ],
      [
        0.07155374430721359
      ],
      [
        0.0
      ]
    ],
    "breakout": [
      [
        0.0
      ],
      [
        0.0
      ],
      [
        0.0
      ],
      [
        0.0
      ],
      [
        0.0
      ],
      [
        0.0
      ]
    ],
    "reversion": [
      [
        -0.004209602335164098
      ],
      [
        -0.030476652286481474
      ],
      [
        -0.8394171155097433
      ],
      [
        -0.528610944461713
      ],
      [
        -0.528610944461713
      ],
      [
        0.0
      ]
    ],
    "vwap": [
      [
        0.0
      ],
      [
        0.0
      ],
      [
        0.0
      ],
      [
        0.0
      ],
      [
        0.0
      ],
      [
        0.0
      ]
    ]
  },
  "counts": {
    "trend": 1,
    "breakout": 0,
    "reversion": 8,
    "vwap": 0
  },
  "reward_sum": {
    "trend": 0.07155374430721359,
    "breakout": 0.0,
    "reversion": -0.528610944461713,
    "vwap": 0.0
  },
  "disabled_until": {
    "trend": 0.0,
    "breakout": 0.0,
    "reversion": 0.0,
    "vwap": 0.0
  },
  "_snapshot_time": "2025-09-24T01:57:00.689997"
}