{
  "arms": [
    "trend",
    "breakout",
    "reversion",
    "vwap"
  ],
  "d": 6,
  "alpha": 0.6,
  "alpha_base": 0.6,
  "alpha_boost_until": 0.0,
  "A": {
    "trend": [
      [
        1.0033325190839881,
        0.002002699867937905,
        0.03645228395904321,
        0.00781259911528174,
        0.00781259911528174,
        0.0
      ],
      [
        0.002002699867937905,
        1.0012035360218348,
        0.02190624642528573,
        0.0046950342434955526,
        0.0046950342434955526,
        0.0
      ],
      [
        0.03645228395904321,
        0.02190624642528573,
        1.398728100977754,
        0.0854569994142715,
        0.0854569994142715,
        0.0
      ],
      [
        0.00781259911528174,
        0.0046950342434955526,
        0.0854569994142715,
        1.0183154854924505,
        0.01831548549245123,
        0.0
      ],
      [
        0.00781259911528174,
        0.0046950342434955526,
        0.0854569994142715,
        0.01831548549245123,
        1.0183154854924505,
        0.0
      ],
      [
        0.0,
        0.0,
        0.0,
        0.0,
        0.0,
        1.0
      ]
    ],
    "breakout": [
      [
        1.0,
        0.0,
        0.0,
        0.0,
        0.0,
        0.0
      ],
      [
        0.0,
        1.0,
        0.0,
        0.0,
        0.0,
        0.0
      ],
      [
        0.0,
        0.0,
        1.0,
        0.0,
        0.0,
        0.0
      ],
      [
        0.0,
        0.0,
        0.0,
        1.0,
        0.0,
        0.0
      ],
      [
        0.0,
        0.0,
        0.0,
        0.0,
        1.0,
        0.0
      ],
      [
        0.0,
        0.0,
        0.0,
        0.0,
        0.0,
        1.0
      ]
    ],
    "reversion": [
      [
        1.0889777637838196,
        0.008264593983611254,
        0.3352415689392754,
        0.28592946995648144,
        0.28592946995648144,
        0.0
      ],
      [
        0.008264593983611254,
        1.000856701116863,
        0.03594703240385913,
        0.02720312907827668,
        0.02720312907827668,
        0.0
      ],
      [
        0.3352415689392754,
        0.03594703240385913,
        2.5876199128906903,
        1.1008056471513639,
        1.1008056471513639,
        0.0
      ],
      [
        0.28592946995648144,
        0.02720312907827668,
        1.1008056471513639,
        1.9279311782609816,
        0.9279311782609968,
        0.0
      ],
      [
        0.28592946995648144,
        0.02720312907827668,
        1.1008056471513639,
        0.9279311782609968,
        1.9279311782609816,
        0.0
      ],
      [
        0.0,
        0.0,
        0.0,
        0.0,
        0.0,
        1.0
      ]
    ],
    "vwap": [
      [
        1.0,
        0.0,
        0.0,
        0.0,
        0.0,
        0.0
      ],
      [
        0.0,
        1.0,
        0.0,
        0.0,
        0.0,
        0.0
      ],
      [
        0.0,
        0.0,
        1.0,
        0.0,
        0.0,
        0.0
      ],
      [
        0.0,
        0.0,
        0.0,
        1.0,
        0.0,
        0.0
      ],
      [
        0.0,
        0.0,
        0.0,
        0.0,
        1.0,
        0.0
      ],
      [
        0.0,
        0.0,
        0.0,
        0.0,
        0.0,
        1.0
      ]
    ]
  },
  "b": {
    "trend": [
      [
        0.007965171104720234
      ],
      [
        0.004786723411778976
      ],
      [
        0.08712588632625662
      ],
      [
        0.018673168002187303
      ],
      [
        0.018673168002187303
      ],
      [
        0.0
      ]
    ],
    "breakout": [
      [
        0.0
      ],
      [
        0.0
      ],
      [
        0.0
      ],
      [
        0.0
      ],
      [
        0.0
      ],
      [
        0.0
      ]
    ],
    "reversion": [
      [
        -0.18805877526328665
      ],
      [
        -0.029259563886825286
      ],
      [
        -1.2203150195316932
      ],
      [
        -0.7489313235639016
      ],
      [
        -0.7489313235639016
      ],
      [
        0.0
      ]
    ],
    "vwap": [
      [
        0.0
      ],
      [
        0.0
      ],
      [
        0.0
      ],
      [
        0.0
      ],
      [
        0.0
      ],
      [
        0.0
      ]
    ]
  },
  "counts": {
    "trend": 1,
    "breakout": 0,
    "reversion": 9,
    "vwap": 0
  },
  "reward_sum": {
    "trend": 0.018673168002187303,
    "breakout": 0.0,
    "reversion": -0.7489313235639016,
    "vwap": 0.0
  },
  "disabled_until": {
    "trend": 0.0,
    "breakout": 0.0,
    "reversion": 0.0,
    "vwap": 0.0
  },
  "_snapshot_time": "2025-09-26T08:24:00.540293"
}