{
  "arms": [
    "trend",
    "breakout",
    "reversion",
    "vwap"
  ],
  "d": 6,
  "alpha": 0.6,
  "alpha_base": 0.6,
  "alpha_boost_until": 0.0,
  "A": {
    "trend": [
      [
        1.0506803727230714,
        0.03045671253533482,
        0.5543600174798624,
        0.11881265346711686,
        0.11881265346711686,
        0.0
      ],
      [
        0.03045671253533482,
        1.0183031672542873,
        0.33314639941036955,
        0.07140126715289266,
        0.07140126715289266,
        0.0
      ],
      [
        0.5543600174798624,
        0.33314639941036955,
        7.06378786240386,
        1.2996152378901762,
        1.2996152378901762,
        0.0
      ],
      [
        0.11881265346711686,
        0.07140126715289266,
        1.2996152378901762,
        1.2785387294018529,
        0.27853872940185365,
        0.0
      ],
      [
        0.11881265346711686,
        0.07140126715289266,
        1.2996152378901762,
        0.27853872940185365,
        1.2785387294018529,
        0.0
      ],
      [
        0.0,
        0.0,
        0.0,
        0.0,
        0.0,
        1.0
      ]
    ],
    "breakout": [
      [
        1.0,
        0.0,
        0.0,
        0.0,
        0.0,
        0.0
      ],
      [
        0.0,
        1.0,
        0.0,
        0.0,
        0.0,
        0.0
      ],
      [
        0.0,
        0.0,
        1.0,
        0.0,
        0.0,
        0.0
      ],
      [
        0.0,
        0.0,
        0.0,
        1.0,
        0.0,
        0.0
      ],
      [
        0.0,
        0.0,
        0.0,
        0.0,
        1.0,
        0.0
      ],
      [
        0.0,
        0.0,
        0.0,
        0.0,
        0.0,
        1.0
      ]
    ],
    "reversion": [
      [
        1.434386285238881,
        0.03069749935413065,
        0.7766909869659437,
        1.4112671128509864,
        1.4112671128509864,
        0.0
      ],
      [
        0.03069749935413065,
        1.002681808198687,
        0.06744873564062395,
        0.10649970740815665,
        0.10649970740815665,
        0.0
      ],
      [
        0.7766909869659437,
        0.06744873564062395,
        2.8178781287236476,
        2.707308332069572,
        2.707308332069572,
        0.0
      ],
      [
        1.4112671128509864,
        0.10649970740815665,
        2.707308332069572,
        5.698740389521411,
        4.6987403895214195,
        0.0
      ],
      [
        1.4112671128509864,
        0.10649970740815665,
        2.707308332069572,
        4.6987403895214195,
        5.698740389521411,
        0.0
      ],
      [
        0.0,
        0.0,
        0.0,
        0.0,
        0.0,
        1.0
      ]
    ],
    "vwap": [
      [
        1.0,
        0.0,
        0.0,
        0.0,
        0.0,
        0.0
      ],
      [
        0.0,
        1.0,
        0.0,
        0.0,
        0.0,
        0.0
      ],
      [
        0.0,
        0.0,
        1.0,
        0.0,
        0.0,
        0.0
      ],
      [
        0.0,
        0.0,
        0.0,
        1.0,
        0.0,
        0.0
      ],
      [
        0.0,
        0.0,
        0.0,
        0.0,
        1.0,
        0.0
      ],
      [
        0.0,
        0.0,
        0.0,
        0.0,
        0.0,
        1.0
      ]
    ]
  },
  "b": {
    "trend": [
      [
        0.1211329418426572
      ],
      [
        0.07279566013494627
      ],
      [
        1.3249953808392296
      ],
      [
        0.2839783030256158
      ],
      [
        0.2839783030256158
      ],
      [
        0.0
      ]
    ],
    "breakout": [
      [
        0.0
      ],
      [
        0.0
      ],
      [
        0.0
      ],
      [
        0.0
      ],
      [
        0.0
      ],
      [
        0.0
      ]
    ],
    "reversion": [
      [
        -0.44852498275319447
      ],
      [
        -0.1422127282494273
      ],
      [
        -3.921106257097994
      ],
      [
        -3.3208533022111433
      ],
      [
        -3.3208533022111433
      ],
      [
        0.0
      ]
    ],
    "vwap": [
      [
        0.0
      ],
      [
        0.0
      ],
      [
        0.0
      ],
      [
        0.0
      ],
      [
        0.0
      ],
      [
        0.0
      ]
    ]
  },
  "counts": {
    "trend": 1,
    "breakout": 0,
    "reversion": 7,
    "vwap": 0
  },
  "reward_sum": {
    "trend": 0.2839783030256158,
    "breakout": 0.0,
    "reversion": -3.3208533022111433,
    "vwap": 0.0
  },
  "disabled_until": {
    "trend": 0.0,
    "breakout": 0.0,
    "reversion": 0.0,
    "vwap": 0.0
  },
  "_snapshot_time": "2025-09-19T14:26:00.591283"
}