{
  "arms": [
    "trend",
    "breakout",
    "reversion",
    "vwap"
  ],
  "d": 6,
  "alpha": 0.6,
  "alpha_base": 0.6,
  "alpha_boost_until": 0.0,
  "A": {
    "trend": [
      [
        1.0053920870336905,
        0.0032404111478806625,
        0.058980573773252734,
        0.012640952182789334,
        0.012640952182789334,
        0.0
      ],
      [
        0.0032404111478806625,
        1.0019473469811775,
        0.03544477445729668,
        0.007596665654134934,
        0.007596665654134934,
        0.0
      ],
      [
        0.058980573773252734,
        0.03544477445729668,
        1.645150581006412,
        0.1382712497262833,
        0.1382712497262833,
        0.0
      ],
      [
        0.012640952182789334,
        0.007596665654134934,
        0.1382712497262833,
        1.0296348465982037,
        0.029634846598205186,
        0.0
      ],
      [
        0.012640952182789334,
        0.007596665654134934,
        0.1382712497262833,
        0.029634846598205186,
        1.0296348465982037,
        0.0
      ],
      [
        0.0,
        0.0,
        0.0,
        0.0,
        0.0,
        1.0
      ]
    ],
    "breakout": [
      [
        1.0,
        0.0,
        0.0,
        0.0,
        0.0,
        0.0
      ],
      [
        0.0,
        1.0,
        0.0,
        0.0,
        0.0,
        0.0
      ],
      [
        0.0,
        0.0,
        1.0,
        0.0,
        0.0,
        0.0
      ],
      [
        0.0,
        0.0,
        0.0,
        1.0,
        0.0,
        0.0
      ],
      [
        0.0,
        0.0,
        0.0,
        0.0,
        1.0,
        0.0
      ],
      [
        0.0,
        0.0,
        0.0,
        0.0,
        0.0,
        1.0
      ]
    ],
    "reversion": [
      [
        1.1439679216514134,
        0.013372289530720506,
        0.5424280166065876,
        0.4626399875427168,
        0.4626399875427168,
        0.0
      ],
      [
        0.013372289530720506,
        1.0013861606993295,
        0.05816306596885653,
        0.0440152436886352,
        0.0440152436886352,
        0.0
      ],
      [
        0.5424280166065876,
        0.05816306596885653,
        3.5688029178458303,
        1.7811270414433698,
        1.7811270414433698,
        0.0
      ],
      [
        0.4626399875427168,
        0.0440152436886352,
        1.7811270414433698,
        2.5014124595708904,
        1.5014124595709042,
        0.0
      ],
      [
        0.4626399875427168,
        0.0440152436886352,
        1.7811270414433698,
        1.5014124595709042,
        2.5014124595708904,
        0.0
      ],
      [
        0.0,
        0.0,
        0.0,
        0.0,
        0.0,
        1.0
      ]
    ],
    "vwap": [
      [
        1.0,
        0.0,
        0.0,
        0.0,
        0.0,
        0.0
      ],
      [
        0.0,
        1.0,
        0.0,
        0.0,
        0.0,
        0.0
      ],
      [
        0.0,
        0.0,
        1.0,
        0.0,
        0.0,
        0.0
      ],
      [
        0.0,
        0.0,
        0.0,
        1.0,
        0.0,
        0.0
      ],
      [
        0.0,
        0.0,
        0.0,
        0.0,
        1.0,
        0.0
      ],
      [
        0.0,
        0.0,
        0.0,
        0.0,
        0.0,
        1.0
      ]
    ]
  },
  "b": {
    "trend": [
      [
        0.012887816919411042
      ],
      [
        0.007745020686160494
      ],
      [
        0.14097154438387324
      ],
      [
        0.030213584536178905
      ],
      [
        0.030213584536178905
      ],
      [
        0.0
      ]
    ],
    "breakout": [
      [
        0.0
      ],
      [
        0.0
      ],
      [
        0.0
      ],
      [
        0.0
      ],
      [
        0.0
      ],
      [
        0.0
      ]
    ],
    "reversion": [
      [
        -0.3042831137984741
      ],
      [
        -0.04734259911777006
      ],
      [
        -1.974495757713465
      ],
      [
        -1.2117868726741914
      ],
      [
        -1.2117868726741914
      ],
      [
        0.0
      ]
    ],
    "vwap": [
      [
        0.0
      ],
      [
        0.0
      ],
      [
        0.0
      ],
      [
        0.0
      ],
      [
        0.0
      ],
      [
        0.0
      ]
    ]
  },
  "counts": {
    "trend": 1,
    "breakout": 0,
    "reversion": 9,
    "vwap": 0
  },
  "reward_sum": {
    "trend": 0.030213584536178905,
    "breakout": 0.0,
    "reversion": -1.2117868726741914,
    "vwap": 0.0
  },
  "disabled_until": {
    "trend": 0.0,
    "breakout": 0.0,
    "reversion": 0.0,
    "vwap": 0.0
  },
  "_snapshot_time": "2025-09-25T13:14:00.212285"
}