{
  "arms": [
    "trend",
    "breakout",
    "reversion",
    "vwap"
  ],
  "d": 6,
  "alpha": 0.6,
  "alpha_base": 0.6,
  "alpha_boost_until": 0.0,
  "A": {
    "trend": [
      [
        1.0032015279015702,
        0.0019239798314973915,
        0.0350194556218893,
        0.0075055096222947796,
        0.0075055096222947796,
        0.0
      ],
      [
        0.0019239798314973915,
        1.001156228683869,
        0.021045178551621285,
        0.00451048673707464,
        0.00451048673707464,
        0.0
      ],
      [
        0.0350194556218893,
        0.021045178551621285,
        1.3830553128873726,
        0.08209794486212081,
        0.08209794486212081,
        0.0
      ],
      [
        0.0075055096222947796,
        0.00451048673707464,
        0.08209794486212081,
        1.017595559502304,
        0.017595559502304726,
        0.0
      ],
      [
        0.0075055096222947796,
        0.00451048673707464,
        0.08209794486212081,
        0.017595559502304726,
        1.017595559502304,
        0.0
      ],
      [
        0.0,
        0.0,
        0.0,
        0.0,
        0.0,
        1.0
      ]
    ],
    "breakout": [
      [
        1.0,
        0.0,
        0.0,
        0.0,
        0.0,
        0.0
      ],
      [
        0.0,
        1.0,
        0.0,
        0.0,
        0.0,
        0.0
      ],
      [
        0.0,
        0.0,
        1.0,
        0.0,
        0.0,
        0.0
      ],
      [
        0.0,
        0.0,
        0.0,
        1.0,
        0.0,
        0.0
      ],
      [
        0.0,
        0.0,
        0.0,
        0.0,
        1.0,
        0.0
      ],
      [
        0.0,
        0.0,
        0.0,
        0.0,
        0.0,
        1.0
      ]
    ],
    "reversion": [
      [
        1.1715883670904912,
        0.013966696731707662,
        0.5020197453782351,
        0.5623072170024837,
        0.5623072170024837,
        0.0
      ],
      [
        0.013966696731707662,
        1.0012448716002402,
        0.04712968557104731,
        0.04626501087959875,
        0.04626501087959875,
        0.0
      ],
      [
        0.5020197453782351,
        0.04712968557104731,
        2.9013008403344815,
        1.6586208976411192,
        1.6586208976411192,
        0.0
      ],
      [
        0.5623072170024837,
        0.04626501087959875,
        1.6586208976411192,
        2.8521500714475194,
        1.852150071447535,
        0.0
      ],
      [
        0.5623072170024837,
        0.04626501087959875,
        1.6586208976411192,
        1.852150071447535,
        2.8521500714475194,
        0.0
      ],
      [
        0.0,
        0.0,
        0.0,
        0.0,
        0.0,
        1.0
      ]
    ],
    "vwap": [
      [
        1.0,
        0.0,
        0.0,
        0.0,
        0.0,
        0.0
      ],
      [
        0.0,
        1.0,
        0.0,
        0.0,
        0.0,
        0.0
      ],
      [
        0.0,
        0.0,
        1.0,
        0.0,
        0.0,
        0.0
      ],
      [
        0.0,
        0.0,
        0.0,
        1.0,
        0.0,
        0.0
      ],
      [
        0.0,
        0.0,
        0.0,
        0.0,
        1.0,
        0.0
      ],
      [
        0.0,
        0.0,
        0.0,
        0.0,
        0.0,
        1.0
      ]
    ]
  },
  "b": {
    "trend": [
      [
        0.007652084471192806
      ],
      [
        0.004598571883215744
      ],
      [
        0.08370123290897902
      ],
      [
        0.017939182601216776
      ],
      [
        0.017939182601216776
      ],
      [
        0.0
      ]
    ],
    "breakout": [
      [
        0.0
      ],
      [
        0.0
      ],
      [
        0.0
      ],
      [
        0.0
      ],
      [
        0.0
      ],
      [
        0.0
      ]
    ],
    "reversion": [
      [
        -0.5892246881431186
      ],
      [
        -0.05670564598112108
      ],
      [
        -2.0261852654751094
      ],
      [
        -2.084151960634585
      ],
      [
        -2.084151960634585
      ],
      [
        0.0
      ]
    ],
    "vwap": [
      [
        0.0
      ],
      [
        0.0
      ],
      [
        0.0
      ],
      [
        0.0
      ],
      [
        0.0
      ],
      [
        0.0
      ]
    ]
  },
  "counts": {
    "trend": 1,
    "breakout": 0,
    "reversion": 10,
    "vwap": 0
  },
  "reward_sum": {
    "trend": 0.017939182601216776,
    "breakout": 0.0,
    "reversion": -2.084151960634585,
    "vwap": 0.0
  },
  "disabled_until": {
    "trend": 0.0,
    "breakout": 0.0,
    "reversion": 0.0,
    "vwap": 0.0
  },
  "_snapshot_time": "2025-09-26T09:48:00.399676"
}