{
  "arms": [
    "trend",
    "breakout",
    "reversion",
    "vwap"
  ],
  "d": 6,
  "alpha": 0.6,
  "alpha_base": 0.6,
  "alpha_boost_until": 0.0,
  "A": {
    "trend": [
      [
        1.0237752445528163,
        0.01428789391031402,
        0.2600621163128768,
        0.05573755164716453,
        0.05573755164716453,
        0.0
      ],
      [
        0.01428789391031402,
        1.0085864064169296,
        0.15628608655172868,
        0.03349585839111656,
        0.03349585839111656,
        0.0
      ],
      [
        0.2600621163128768,
        0.15628608655172868,
        3.844652310132305,
        0.6096772467369714,
        0.6096772467369714,
        0.0
      ],
      [
        0.05573755164716453,
        0.03349585839111656,
        0.6096772467369714,
        1.1306684630191204,
        0.13066846301911936,
        0.0
      ],
      [
        0.05573755164716453,
        0.03349585839111656,
        0.6096772467369714,
        0.13066846301911936,
        1.1306684630191204,
        0.0
      ],
      [
        0.0,
        0.0,
        0.0,
        0.0,
        0.0,
        1.0
      ]
    ],
    "breakout": [
      [
        1.0,
        0.0,
        0.0,
        0.0,
        0.0,
        0.0
      ],
      [
        0.0,
        1.0,
        0.0,
        0.0,
        0.0,
        0.0
      ],
      [
        0.0,
        0.0,
        1.0,
        0.0,
        0.0,
        0.0
      ],
      [
        0.0,
        0.0,
        0.0,
        1.0,
        0.0,
        0.0
      ],
      [
        0.0,
        0.0,
        0.0,
        0.0,
        1.0,
        0.0
      ],
      [
        0.0,
        0.0,
        0.0,
        0.0,
        0.0,
        1.0
      ]
    ],
    "reversion": [
      [
        1.2741887752192294,
        0.01786714256211013,
        0.4605104222046449,
        0.8614574619855667,
        0.8614574619855667,
        0.0
      ],
      [
        0.01786714256211013,
        1.001428741916392,
        0.036375095071173764,
        0.05977801428529574,
        0.05977801428529574,
        0.0
      ],
      [
        0.4605104222046449,
        0.036375095071173764,
        1.984102155793194,
        1.5423529302378785,
        1.5423529302378785,
        0.0
      ],
      [
        0.8614574619855667,
        0.05977801428529574,
        1.5423529302378785,
        3.768996851740278,
        2.768996851740293,
        0.0
      ],
      [
        0.8614574619855667,
        0.05977801428529574,
        1.5423529302378785,
        2.768996851740293,
        3.768996851740278,
        0.0
      ],
      [
        0.0,
        0.0,
        0.0,
        0.0,
        0.0,
        1.0
      ]
    ],
    "vwap": [
      [
        1.0,
        0.0,
        0.0,
        0.0,
        0.0,
        0.0
      ],
      [
        0.0,
        1.0,
        0.0,
        0.0,
        0.0,
        0.0
      ],
      [
        0.0,
        0.0,
        1.0,
        0.0,
        0.0,
        0.0
      ],
      [
        0.0,
        0.0,
        0.0,
        1.0,
        0.0,
        0.0
      ],
      [
        0.0,
        0.0,
        0.0,
        0.0,
        1.0,
        0.0
      ],
      [
        0.0,
        0.0,
        0.0,
        0.0,
        0.0,
        1.0
      ]
    ]
  },
  "b": {
    "trend": [
      [
        0.05682604844774978
      ],
      [
        0.03414999790055159
      ],
      [
        0.6215836135014069
      ],
      [
        0.13322028310684186
      ],
      [
        0.13322028310684186
      ],
      [
        0.0
      ]
    ],
    "breakout": [
      [
        0.0
      ],
      [
        0.0
      ],
      [
        0.0
      ],
      [
        0.0
      ],
      [
        0.0
      ],
      [
        0.0
      ]
    ],
    "reversion": [
      [
        -0.007837527166293191
      ],
      [
        -0.056742079468572675
      ],
      [
        -1.5628446401464244
      ],
      [
        -0.9841791000092364
      ],
      [
        -0.9841791000092364
      ],
      [
        0.0
      ]
    ],
    "vwap": [
      [
        0.0
      ],
      [
        0.0
      ],
      [
        0.0
      ],
      [
        0.0
      ],
      [
        0.0
      ],
      [
        0.0
      ]
    ]
  },
  "counts": {
    "trend": 1,
    "breakout": 0,
    "reversion": 8,
    "vwap": 0
  },
  "reward_sum": {
    "trend": 0.13322028310684186,
    "breakout": 0.0,
    "reversion": -0.9841791000092364,
    "vwap": 0.0
  },
  "disabled_until": {
    "trend": 0.0,
    "breakout": 0.0,
    "reversion": 0.0,
    "vwap": 0.0
  },
  "_snapshot_time": "2025-09-23T01:32:00.365635"
}