{
  "arms": [
    "trend",
    "breakout",
    "reversion",
    "vwap"
  ],
  "d": 6,
  "alpha": 0.6,
  "alpha_base": 0.6,
  "alpha_boost_until": 0.0,
  "A": {
    "trend": [
      [
        1.0957874353588406,
        0.057564106703835306,
        1.0477571787016884,
        0.22455950405061442,
        0.22455950405061442,
        0.0
      ],
      [
        0.057564106703835306,
        1.0345935389980654,
        0.6296567583060129,
        0.13495055175143122,
        0.13495055175143122,
        0.0
      ],
      [
        1.0477571787016884,
        0.6296567583060129,
        12.460742230004985,
        2.456312057351792,
        2.456312057351792,
        0.0
      ],
      [
        0.22455950405061442,
        0.13495055175143122,
        2.456312057351792,
        1.5264466124450262,
        0.5264466124450268,
        0.0
      ],
      [
        0.22455950405061442,
        0.13495055175143122,
        2.456312057351792,
        0.5264466124450268,
        1.5264466124450262,
        0.0
      ],
      [
        0.0,
        0.0,
        0.0,
        0.0,
        0.0,
        1.0
      ]
    ],
    "breakout": [
      [
        1.0,
        0.0,
        0.0,
        0.0,
        0.0,
        0.0
      ],
      [
        0.0,
        1.0,
        0.0,
        0.0,
        0.0,
        0.0
      ],
      [
        0.0,
        0.0,
        1.0,
        0.0,
        0.0,
        0.0
      ],
      [
        0.0,
        0.0,
        0.0,
        1.0,
        0.0,
        0.0
      ],
      [
        0.0,
        0.0,
        0.0,
        0.0,
        1.0,
        0.0
      ],
      [
        0.0,
        0.0,
        0.0,
        0.0,
        0.0,
        1.0
      ]
    ],
    "reversion": [
      [
        1.0779093759667902,
        0.007898448793703524,
        0.22263515213785193,
        0.26781507031456947,
        0.26781507031456947,
        0.0
      ],
      [
        0.007898448793703524,
        1.0008572431047504,
        0.0230235178143382,
        0.026879136292196532,
        0.026879136292196532,
        0.0
      ],
      [
        0.22263515213785193,
        0.0230235178143382,
        1.6398345008026776,
        0.7631335517566763,
        0.7631335517566763,
        0.0
      ],
      [
        0.26781507031456947,
        0.026879136292196532,
        0.7631335517566763,
        1.9219286998331357,
        0.9219286998331462,
        0.0
      ],
      [
        0.26781507031456947,
        0.026879136292196532,
        0.7631335517566763,
        0.9219286998331462,
        1.9219286998331357,
        0.0
      ],
      [
        0.0,
        0.0,
        0.0,
        0.0,
        0.0,
        1.0
      ]
    ],
    "vwap": [
      [
        1.0,
        0.0,
        0.0,
        0.0,
        0.0,
        0.0
      ],
      [
        0.0,
        1.0,
        0.0,
        0.0,
        0.0,
        0.0
      ],
      [
        0.0,
        0.0,
        1.0,
        0.0,
        0.0,
        0.0
      ],
      [
        0.0,
        0.0,
        0.0,
        1.0,
        0.0,
        0.0
      ],
      [
        0.0,
        0.0,
        0.0,
        0.0,
        1.0,
        0.0
      ],
      [
        0.0,
        0.0,
        0.0,
        0.0,
        0.0,
        1.0
      ]
    ]
  },
  "b": {
    "trend": [
      [
        0.2289449191698042
      ],
      [
        0.1375859966082223
      ],
      [
        2.5042812941885937
      ],
      [
        0.5367275709082338
      ],
      [
        0.5367275709082338
      ],
      [
        0.0
      ]
    ],
    "breakout": [
      [
        0.0
      ],
      [
        0.0
      ],
      [
        0.0
      ],
      [
        0.0
      ],
      [
        0.0
      ],
      [
        0.0
      ]
    ],
    "reversion": [
      [
        0.10677257688376125
      ],
      [
        0.011617377325639179
      ],
      [
        0.31146839323883896
      ],
      [
        0.3632170698065567
      ],
      [
        0.3632170698065567
      ],
      [
        0.0
      ]
    ],
    "vwap": [
      [
        0.0
      ],
      [
        0.0
      ],
      [
        0.0
      ],
      [
        0.0
      ],
      [
        0.0
      ],
      [
        0.0
      ]
    ]
  },
  "counts": {
    "trend": 1,
    "breakout": 0,
    "reversion": 2,
    "vwap": 0
  },
  "reward_sum": {
    "trend": 0.5367275709082338,
    "breakout": 0.0,
    "reversion": 0.3632170698065567,
    "vwap": 0.0
  },
  "disabled_until": {
    "trend": 0.0,
    "breakout": 0.0,
    "reversion": 0.0,
    "vwap": 0.0
  },
  "_snapshot_time": "2025-09-18T16:09:00.236348"
}