{
  "arms": [
    "trend",
    "breakout",
    "reversion",
    "vwap"
  ],
  "d": 6,
  "alpha": 0.6,
  "alpha_base": 0.6,
  "alpha_boost_until": 0.0,
  "A": {
    "trend": [
      [
        1.0286200906641416,
        0.01719943692711163,
        0.31305677342870114,
        0.06709557825978879,
        0.06709557825978879,
        0.0
      ],
      [
        0.01719943692711163,
        1.0103361178719221,
        0.18813358393507912,
        0.04032154125259813,
        0.04032154125259813,
        0.0
      ],
      [
        0.31305677342870114,
        0.18813358393507912,
        4.424326796853137,
        0.7339153983763836,
        0.7339153983763836,
        0.0
      ],
      [
        0.06709557825978879,
        0.04032154125259813,
        0.7339153983763836,
        1.157295679976853,
        0.1572956799768517,
        0.0
      ],
      [
        0.06709557825978879,
        0.04032154125259813,
        0.7339153983763836,
        0.1572956799768517,
        1.157295679976853,
        0.0
      ],
      [
        0.0,
        0.0,
        0.0,
        0.0,
        0.0,
        1.0
      ]
    ],
    "breakout": [
      [
        1.0,
        0.0,
        0.0,
        0.0,
        0.0,
        0.0
      ],
      [
        0.0,
        1.0,
        0.0,
        0.0,
        0.0,
        0.0
      ],
      [
        0.0,
        0.0,
        1.0,
        0.0,
        0.0,
        0.0
      ],
      [
        0.0,
        0.0,
        0.0,
        1.0,
        0.0,
        0.0
      ],
      [
        0.0,
        0.0,
        0.0,
        0.0,
        1.0,
        0.0
      ],
      [
        0.0,
        0.0,
        0.0,
        0.0,
        0.0,
        1.0
      ]
    ],
    "reversion": [
      [
        1.3300621193793192,
        0.021508053845702924,
        0.5543518177489228,
        1.037002610448749,
        1.037002610448749,
        0.0
      ],
      [
        0.021508053845702924,
        1.0017198865438364,
        0.04378749991576555,
        0.07195939393039105,
        0.07195939393039105,
        0.0
      ],
      [
        0.5543518177489228,
        0.04378749991576555,
        2.1846394622360177,
        1.856648860181044,
        1.856648860181044,
        0.0
      ],
      [
        1.037002610448749,
        0.07195939393039105,
        1.856648860181044,
        4.333254502155729,
        3.333254502155744,
        0.0
      ],
      [
        1.037002610448749,
        0.07195939393039105,
        1.856648860181044,
        3.333254502155744,
        4.333254502155729,
        0.0
      ],
      [
        0.0,
        0.0,
        0.0,
        0.0,
        0.0,
        1.0
      ]
    ],
    "vwap": [
      [
        1.0,
        0.0,
        0.0,
        0.0,
        0.0,
        0.0
      ],
      [
        0.0,
        1.0,
        0.0,
        0.0,
        0.0,
        0.0
      ],
      [
        0.0,
        0.0,
        1.0,
        0.0,
        0.0,
        0.0
      ],
      [
        0.0,
        0.0,
        0.0,
        1.0,
        0.0,
        0.0
      ],
      [
        0.0,
        0.0,
        0.0,
        0.0,
        1.0,
        0.0
      ],
      [
        0.0,
        0.0,
        0.0,
        0.0,
        0.0,
        1.0
      ]
    ]
  },
  "b": {
    "trend": [
      [
        0.0684058855860151
      ],
      [
        0.04110897929662909
      ],
      [
        0.7482480078905219
      ],
      [
        0.160367502102885
      ],
      [
        0.160367502102885
      ],
      [
        0.0
      ]
    ],
    "breakout": [
      [
        0.0
      ],
      [
        0.0
      ],
      [
        0.0
      ],
      [
        0.0
      ],
      [
        0.0
      ],
      [
        0.0
      ]
    ],
    "reversion": [
      [
        -0.009434634314010041
      ],
      [
        -0.06830480566687122
      ],
      [
        -1.8813163076238262
      ],
      [
        -1.1847320859074273
      ],
      [
        -1.1847320859074273
      ],
      [
        0.0
      ]
    ],
    "vwap": [
      [
        0.0
      ],
      [
        0.0
      ],
      [
        0.0
      ],
      [
        0.0
      ],
      [
        0.0
      ],
      [
        0.0
      ]
    ]
  },
  "counts": {
    "trend": 1,
    "breakout": 0,
    "reversion": 8,
    "vwap": 0
  },
  "reward_sum": {
    "trend": 0.160367502102885,
    "breakout": 0.0,
    "reversion": -1.1847320859074273,
    "vwap": 0.0
  },
  "disabled_until": {
    "trend": 0.0,
    "breakout": 0.0,
    "reversion": 0.0,
    "vwap": 0.0
  },
  "_snapshot_time": "2025-09-22T16:22:00.049116"
}