{
  "arms": [
    "trend",
    "breakout",
    "reversion",
    "vwap"
  ],
  "d": 6,
  "alpha": 0.6,
  "alpha_base": 0.6,
  "alpha_boost_until": 0.0,
  "A": {
    "trend": [
      [
        1.0037964050789054,
        0.0022814752919771324,
        0.04152643464960276,
        0.008900111361164954,
        0.008900111361164954,
        0.0
      ],
      [
        0.0022814752919771324,
        1.0013710679971481,
        0.024955591578838324,
        0.005348582078127831,
        0.005348582078127831,
        0.0
      ],
      [
        0.04152643464960276,
        0.024955591578838324,
        1.4542309734780061,
        0.09735259676773983,
        0.09735259676773983,
        0.0
      ],
      [
        0.008900111361164954,
        0.005348582078127831,
        0.09735259676773983,
        1.020864997436993,
        0.020864997436994256,
        0.0
      ],
      [
        0.008900111361164954,
        0.005348582078127831,
        0.09735259676773983,
        0.020864997436994256,
        1.020864997436993,
        0.0
      ],
      [
        0.0,
        0.0,
        0.0,
        0.0,
        0.0,
        1.0
      ]
    ],
    "breakout": [
      [
        1.0,
        0.0,
        0.0,
        0.0,
        0.0,
        0.0
      ],
      [
        0.0,
        1.0,
        0.0,
        0.0,
        0.0,
        0.0
      ],
      [
        0.0,
        0.0,
        1.0,
        0.0,
        0.0,
        0.0
      ],
      [
        0.0,
        0.0,
        0.0,
        1.0,
        0.0,
        0.0
      ],
      [
        0.0,
        0.0,
        0.0,
        0.0,
        1.0,
        0.0
      ],
      [
        0.0,
        0.0,
        0.0,
        0.0,
        0.0,
        1.0
      ]
    ],
    "reversion": [
      [
        1.1013634508385834,
        0.009415023825435522,
        0.38190712878317334,
        0.32573079541145555,
        0.32573079541145555,
        0.0
      ],
      [
        0.009415023825435522,
        1.0009759537422576,
        0.04095085217824004,
        0.030989799245583833,
        0.030989799245583833,
        0.0
      ],
      [
        0.38190712878317334,
        0.04095085217824004,
        2.8086162895893847,
        1.2540375747019346,
        1.2540375747019346,
        0.0
      ],
      [
        0.32573079541145555,
        0.030989799245583833,
        1.2540375747019346,
        2.0570990140612033,
        1.0570990140612193,
        0.0
      ],
      [
        0.32573079541145555,
        0.030989799245583833,
        1.2540375747019346,
        1.0570990140612193,
        2.0570990140612033,
        0.0
      ],
      [
        0.0,
        0.0,
        0.0,
        0.0,
        0.0,
        1.0
      ]
    ],
    "vwap": [
      [
        1.0,
        0.0,
        0.0,
        0.0,
        0.0,
        0.0
      ],
      [
        0.0,
        1.0,
        0.0,
        0.0,
        0.0,
        0.0
      ],
      [
        0.0,
        0.0,
        1.0,
        0.0,
        0.0,
        0.0
      ],
      [
        0.0,
        0.0,
        0.0,
        1.0,
        0.0,
        0.0
      ],
      [
        0.0,
        0.0,
        0.0,
        0.0,
        1.0,
        0.0
      ],
      [
        0.0,
        0.0,
        0.0,
        0.0,
        0.0,
        1.0
      ]
    ]
  },
  "b": {
    "trend": [
      [
        0.00907392134124456
      ],
      [
        0.005453034360434094
      ],
      [
        0.09925379240656441
      ],
      [
        0.02127246928107814
      ],
      [
        0.02127246928107814
      ],
      [
        0.0
      ]
    ],
    "breakout": [
      [
        0.0
      ],
      [
        0.0
      ],
      [
        0.0
      ],
      [
        0.0
      ],
      [
        0.0
      ],
      [
        0.0
      ]
    ],
    "reversion": [
      [
        -0.21423651944634373
      ],
      [
        -0.03333248937123717
      ],
      [
        -1.3901826279925003
      ],
      [
        -0.8531824151254961
      ],
      [
        -0.8531824151254961
      ],
      [
        0.0
      ]
    ],
    "vwap": [
      [
        0.0
      ],
      [
        0.0
      ],
      [
        0.0
      ],
      [
        0.0
      ],
      [
        0.0
      ],
      [
        0.0
      ]
    ]
  },
  "counts": {
    "trend": 1,
    "breakout": 0,
    "reversion": 9,
    "vwap": 0
  },
  "reward_sum": {
    "trend": 0.02127246928107814,
    "breakout": 0.0,
    "reversion": -0.8531824151254961,
    "vwap": 0.0
  },
  "disabled_until": {
    "trend": 0.0,
    "breakout": 0.0,
    "reversion": 0.0,
    "vwap": 0.0
  },
  "_snapshot_time": "2025-09-26T04:03:00.987412"
}