{
  "arms": [
    "trend",
    "breakout",
    "reversion",
    "vwap"
  ],
  "d": 6,
  "alpha": 0.6,
  "alpha_base": 0.6,
  "alpha_boost_until": 0.0,
  "A": {
    "trend": [
      [
        1.130047084415545,
        0.07815267436459501,
        1.4225014560120697,
        0.3048761945674965,
        0.3048761945674965,
        0.0
      ],
      [
        0.07815267436459501,
        1.0469663778914264,
        0.8548618646431226,
        0.183217409776105,
        0.183217409776105,
        0.0
      ],
      [
        1.4225014560120697,
        0.8548618646431226,
        16.559828976178018,
        3.3348447035529674,
        3.3348447035529674,
        0.0
      ],
      [
        0.3048761945674965,
        0.183217409776105,
        3.3348447035529674,
        1.7147372386831297,
        0.7147372386831305,
        0.0
      ],
      [
        0.3048761945674965,
        0.183217409776105,
        3.3348447035529674,
        0.7147372386831305,
        1.7147372386831297,
        0.0
      ],
      [
        0.0,
        0.0,
        0.0,
        0.0,
        0.0,
        1.0
      ]
    ],
    "breakout": [
      [
        1.0,
        0.0,
        0.0,
        0.0,
        0.0,
        0.0
      ],
      [
        0.0,
        1.0,
        0.0,
        0.0,
        0.0,
        0.0
      ],
      [
        0.0,
        0.0,
        1.0,
        0.0,
        0.0,
        0.0
      ],
      [
        0.0,
        0.0,
        0.0,
        1.0,
        0.0,
        0.0
      ],
      [
        0.0,
        0.0,
        0.0,
        0.0,
        1.0,
        0.0
      ],
      [
        0.0,
        0.0,
        0.0,
        0.0,
        0.0,
        1.0
      ]
    ],
    "reversion": [
      [
        1.1057746995225335,
        0.010723433957477041,
        0.3022635726228048,
        0.36360268887541203,
        0.36360268887541203,
        0.0
      ],
      [
        0.010723433957477041,
        1.0011638474920068,
        0.03125818489165472,
        0.03649281655065867,
        0.03649281655065867,
        0.0
      ],
      [
        0.3022635726228048,
        0.03125818489165472,
        1.868679811983137,
        1.036078406879241,
        1.036078406879241,
        0.0
      ],
      [
        0.36360268887541203,
        0.03649281655065867,
        1.036078406879241,
        2.251668749697339,
        1.2516687496973484,
        0.0
      ],
      [
        0.36360268887541203,
        0.03649281655065867,
        1.036078406879241,
        1.2516687496973484,
        2.251668749697339,
        0.0
      ],
      [
        0.0,
        0.0,
        0.0,
        0.0,
        0.0,
        1.0
      ]
    ],
    "vwap": [
      [
        1.0,
        0.0,
        0.0,
        0.0,
        0.0,
        0.0
      ],
      [
        0.0,
        1.0,
        0.0,
        0.0,
        0.0,
        0.0
      ],
      [
        0.0,
        0.0,
        1.0,
        0.0,
        0.0,
        0.0
      ],
      [
        0.0,
        0.0,
        0.0,
        1.0,
        0.0,
        0.0
      ],
      [
        0.0,
        0.0,
        0.0,
        0.0,
        1.0,
        0.0
      ],
      [
        0.0,
        0.0,
        0.0,
        0.0,
        0.0,
        1.0
      ]
    ]
  },
  "b": {
    "trend": [
      [
        0.3108301116764156
      ],
      [
        0.1867954565050906
      ],
      [
        3.3999707753482395
      ],
      [
        0.7286953185516291
      ],
      [
        0.7286953185516291
      ],
      [
        0.0
      ]
    ],
    "breakout": [
      [
        0.0
      ],
      [
        0.0
      ],
      [
        0.0
      ],
      [
        0.0
      ],
      [
        0.0
      ],
      [
        0.0
      ]
    ],
    "reversion": [
      [
        0.1449612077747973
      ],
      [
        0.015772486695095633
      ],
      [
        0.4228692027984997
      ],
      [
        0.49312648116474456
      ],
      [
        0.49312648116474456
      ],
      [
        0.0
      ]
    ],
    "vwap": [
      [
        0.0
      ],
      [
        0.0
      ],
      [
        0.0
      ],
      [
        0.0
      ],
      [
        0.0
      ],
      [
        0.0
      ]
    ]
  },
  "counts": {
    "trend": 1,
    "breakout": 0,
    "reversion": 2,
    "vwap": 0
  },
  "reward_sum": {
    "trend": 0.7286953185516291,
    "breakout": 0.0,
    "reversion": 0.49312648116474456,
    "vwap": 0.0
  },
  "disabled_until": {
    "trend": 0.0,
    "breakout": 0.0,
    "reversion": 0.0,
    "vwap": 0.0
  },
  "_snapshot_time": "2025-09-18T04:22:00.097604"
}