{
  "arms": [
    "trend",
    "breakout",
    "reversion",
    "vwap"
  ],
  "d": 6,
  "alpha": 0.6,
  "alpha_base": 0.6,
  "alpha_boost_until": 0.0,
  "A": {
    "trend": [
      [
        1.00487773844123,
        0.0029313098847715516,
        0.053354445167894664,
        0.011435137825201534,
        0.011435137825201534,
        0.0
      ],
      [
        0.0029313098847715516,
        1.0017615904879038,
        0.032063714445040636,
        0.006872023365872694,
        0.006872023365872694,
        0.0
      ],
      [
        0.053354445167894664,
        0.032063714445040636,
        1.583609976933659,
        0.12508162162306471,
        0.12508162162306471,
        0.0
      ],
      [
        0.011435137825201534,
        0.006872023365872694,
        0.12508162162306471,
        1.0268079928140659,
        0.026807992814067,
        0.0
      ],
      [
        0.011435137825201534,
        0.006872023365872694,
        0.12508162162306471,
        0.026807992814067,
        1.0268079928140659,
        0.0
      ],
      [
        0.0,
        0.0,
        0.0,
        0.0,
        0.0,
        1.0
      ]
    ],
    "breakout": [
      [
        1.0,
        0.0,
        0.0,
        0.0,
        0.0,
        0.0
      ],
      [
        0.0,
        1.0,
        0.0,
        0.0,
        0.0,
        0.0
      ],
      [
        0.0,
        0.0,
        1.0,
        0.0,
        0.0,
        0.0
      ],
      [
        0.0,
        0.0,
        0.0,
        1.0,
        0.0,
        0.0
      ],
      [
        0.0,
        0.0,
        0.0,
        0.0,
        1.0,
        0.0
      ],
      [
        0.0,
        0.0,
        0.0,
        0.0,
        0.0,
        1.0
      ]
    ],
    "reversion": [
      [
        1.1302348907492235,
        0.012096713254756317,
        0.49068606861689346,
        0.41850898132526015,
        0.41850898132526015,
        0.0
      ],
      [
        0.012096713254756317,
        1.0012539354959578,
        0.05261491904033156,
        0.03981665073258062,
        0.03981665073258062,
        0.0
      ],
      [
        0.49068606861689346,
        0.05261491904033156,
        3.3237660412433536,
        1.6112261883901953,
        1.6112261883901953,
        0.0
      ],
      [
        0.41850898132526015,
        0.03981665073258062,
        1.6112261883901953,
        2.3581934461427165,
        1.3581934461427303,
        0.0
      ],
      [
        0.41850898132526015,
        0.03981665073258062,
        1.6112261883901953,
        1.3581934461427303,
        2.3581934461427165,
        0.0
      ],
      [
        0.0,
        0.0,
        0.0,
        0.0,
        0.0,
        1.0
      ]
    ],
    "vwap": [
      [
        1.0,
        0.0,
        0.0,
        0.0,
        0.0,
        0.0
      ],
      [
        0.0,
        1.0,
        0.0,
        0.0,
        0.0,
        0.0
      ],
      [
        0.0,
        0.0,
        1.0,
        0.0,
        0.0,
        0.0
      ],
      [
        0.0,
        0.0,
        0.0,
        1.0,
        0.0,
        0.0
      ],
      [
        0.0,
        0.0,
        0.0,
        0.0,
        1.0,
        0.0
      ],
      [
        0.0,
        0.0,
        0.0,
        0.0,
        0.0,
        1.0
      ]
    ]
  },
  "b": {
    "trend": [
      [
        0.01165845425315977
      ],
      [
        0.007006226882644494
      ],
      [
        0.12752433647015016
      ],
      [
        0.027331525218090555
      ],
      [
        0.027331525218090555
      ],
      [
        0.0
      ]
    ],
    "breakout": [
      [
        0.0
      ],
      [
        0.0
      ],
      [
        0.0
      ],
      [
        0.0
      ],
      [
        0.0
      ],
      [
        0.0
      ]
    ],
    "reversion": [
      [
        -0.27525769371269376
      ],
      [
        -0.04282661132537466
      ],
      [
        -1.7861495556853724
      ],
      [
        -1.0961951048802767
      ],
      [
        -1.0961951048802767
      ],
      [
        0.0
      ]
    ],
    "vwap": [
      [
        0.0
      ],
      [
        0.0
      ],
      [
        0.0
      ],
      [
        0.0
      ],
      [
        0.0
      ],
      [
        0.0
      ]
    ]
  },
  "counts": {
    "trend": 1,
    "breakout": 0,
    "reversion": 9,
    "vwap": 0
  },
  "reward_sum": {
    "trend": 0.027331525218090555,
    "breakout": 0.0,
    "reversion": -1.0961951048802767,
    "vwap": 0.0
  },
  "disabled_until": {
    "trend": 0.0,
    "breakout": 0.0,
    "reversion": 0.0,
    "vwap": 0.0
  },
  "_snapshot_time": "2025-09-25T18:32:00.351493"
}