{
  "arms": [
    "trend",
    "breakout",
    "reversion",
    "vwap"
  ],
  "d": 6,
  "alpha": 0.6,
  "alpha_base": 0.6,
  "alpha_boost_until": 0.0,
  "A": {
    "trend": [
      [
        1.159718164071251,
        0.09598371022979642,
        1.747054322394121,
        0.37443566139288115,
        0.37443566139288115,
        0.0
      ],
      [
        0.09598371022979642,
        1.0576820594141547,
        1.0499041033403296,
        0.22501964151556078,
        0.22501964151556078,
        0.0
      ],
      [
        1.747054322394121,
        1.0499041033403296,
        20.109904143616227,
        4.0957109950444375,
        4.0957109950444375,
        0.0
      ],
      [
        0.37443566139288115,
        0.22501964151556078,
        4.0957109950444375,
        1.877809141734057,
        0.8778091417340573,
        0.0
      ],
      [
        0.37443566139288115,
        0.22501964151556078,
        4.0957109950444375,
        0.8778091417340573,
        1.877809141734057,
        0.0
      ],
      [
        0.0,
        0.0,
        0.0,
        0.0,
        0.0,
        1.0
      ]
    ],
    "breakout": [
      [
        1.0,
        0.0,
        0.0,
        0.0,
        0.0,
        0.0
      ],
      [
        0.0,
        1.0,
        0.0,
        0.0,
        0.0,
        0.0
      ],
      [
        0.0,
        0.0,
        1.0,
        0.0,
        0.0,
        0.0
      ],
      [
        0.0,
        0.0,
        0.0,
        1.0,
        0.0,
        0.0
      ],
      [
        0.0,
        0.0,
        0.0,
        0.0,
        1.0,
        0.0
      ],
      [
        0.0,
        0.0,
        0.0,
        0.0,
        0.0,
        1.0
      ]
    ],
    "reversion": [
      [
        1.1299078782800303,
        0.013170054460850556,
        0.3712269529293753,
        0.44656098350490814,
        0.44656098350490814,
        0.0
      ],
      [
        0.013170054460850556,
        1.0014293867910822,
        0.03838994103967836,
        0.044818887616395534,
        0.044818887616395534,
        0.0
      ],
      [
        0.3712269529293753,
        0.03838994103967836,
        2.0668747043368767,
        1.2724663665034837,
        1.2724663665034837,
        0.0
      ],
      [
        0.44656098350490814,
        0.044818887616395534,
        1.2724663665034837,
        2.537245034177199,
        1.5372450341772053,
        0.0
      ],
      [
        0.44656098350490814,
        0.044818887616395534,
        1.2724663665034837,
        1.5372450341772053,
        2.537245034177199,
        0.0
      ],
      [
        0.0,
        0.0,
        0.0,
        0.0,
        0.0,
        1.0
      ]
    ],
    "vwap": [
      [
        1.0,
        0.0,
        0.0,
        0.0,
        0.0,
        0.0
      ],
      [
        0.0,
        1.0,
        0.0,
        0.0,
        0.0,
        0.0
      ],
      [
        0.0,
        0.0,
        1.0,
        0.0,
        0.0,
        0.0
      ],
      [
        0.0,
        0.0,
        0.0,
        1.0,
        0.0,
        0.0
      ],
      [
        0.0,
        0.0,
        0.0,
        0.0,
        1.0,
        0.0
      ],
      [
        0.0,
        0.0,
        0.0,
        0.0,
        0.0,
        1.0
      ]
    ]
  },
  "b": {
    "trend": [
      [
        0.38174800302624207
      ],
      [
        0.22941404264406784
      ],
      [
        4.175695999453116
      ],
      [
        0.8949518473977456
      ],
      [
        0.8949518473977456
      ],
      [
        0.0
      ]
    ],
    "breakout": [
      [
        0.0
      ],
      [
        0.0
      ],
      [
        0.0
      ],
      [
        0.0
      ],
      [
        0.0
      ],
      [
        0.0
      ]
    ],
    "reversion": [
      [
        0.17803504070387616
      ],
      [
        0.019371081090363954
      ],
      [
        0.519349534184383
      ],
      [
        0.6056364629819823
      ],
      [
        0.6056364629819823
      ],
      [
        0.0
      ]
    ],
    "vwap": [
      [
        0.0
      ],
      [
        0.0
      ],
      [
        0.0
      ],
      [
        0.0
      ],
      [
        0.0
      ],
      [
        0.0
      ]
    ]
  },
  "counts": {
    "trend": 1,
    "breakout": 0,
    "reversion": 2,
    "vwap": 0
  },
  "reward_sum": {
    "trend": 0.8949518473977456,
    "breakout": 0.0,
    "reversion": 0.6056364629819823,
    "vwap": 0.0
  },
  "disabled_until": {
    "trend": 0.0,
    "breakout": 0.0,
    "reversion": 0.0,
    "vwap": 0.0
  },
  "_snapshot_time": "2025-09-17T21:36:00.043023"
}