{
  "arms": [
    "trend",
    "breakout",
    "reversion",
    "vwap"
  ],
  "d": 6,
  "alpha": 0.6,
  "alpha_base": 0.6,
  "alpha_boost_until": 0.0,
  "A": {
    "trend": [
      [
        1.0047809128973508,
        0.002873121919735963,
        0.0522953327874359,
        0.011208144628949332,
        0.011208144628949332,
        0.0
      ],
      [
        0.002873121919735963,
        1.0017266220370247,
        0.03142723370148918,
        0.006735610270343452,
        0.006735610270343452,
        0.0
      ],
      [
        0.0522953327874359,
        0.03142723370148918,
        1.5720250274512937,
        0.12259868897121207,
        0.12259868897121207,
        0.0
      ],
      [
        0.011208144628949332,
        0.006735610270343452,
        0.12259868897121207,
        1.0262758407694652,
        0.026275840769466357,
        0.0
      ],
      [
        0.011208144628949332,
        0.006735610270343452,
        0.12259868897121207,
        0.026275840769466357,
        1.0262758407694652,
        0.0
      ],
      [
        0.0,
        0.0,
        0.0,
        0.0,
        0.0,
        1.0
      ]
    ],
    "breakout": [
      [
        1.0,
        0.0,
        0.0,
        0.0,
        0.0,
        0.0
      ],
      [
        0.0,
        1.0,
        0.0,
        0.0,
        0.0,
        0.0
      ],
      [
        0.0,
        0.0,
        1.0,
        0.0,
        0.0,
        0.0
      ],
      [
        0.0,
        0.0,
        0.0,
        1.0,
        0.0,
        0.0
      ],
      [
        0.0,
        0.0,
        0.0,
        0.0,
        1.0,
        0.0
      ],
      [
        0.0,
        0.0,
        0.0,
        0.0,
        0.0,
        1.0
      ]
    ],
    "reversion": [
      [
        1.1276496631318027,
        0.011856587455853223,
        0.48094570511849255,
        0.4102013690530312,
        0.4102013690530312,
        0.0
      ],
      [
        0.011856587455853223,
        1.001229044250179,
        0.051570486622805785,
        0.039026270332098933,
        0.039026270332098933,
        0.0
      ],
      [
        0.48094570511849255,
        0.051570486622805785,
        3.2776381248940054,
        1.579242543944572,
        1.579242543944572,
        0.0
      ],
      [
        0.4102013690530312,
        0.039026270332098933,
        1.579242543944572,
        2.331232627988931,
        1.331232627988945,
        0.0
      ],
      [
        0.4102013690530312,
        0.039026270332098933,
        1.579242543944572,
        1.331232627988945,
        2.331232627988931,
        0.0
      ],
      [
        0.0,
        0.0,
        0.0,
        0.0,
        0.0,
        1.0
      ]
    ],
    "vwap": [
      [
        1.0,
        0.0,
        0.0,
        0.0,
        0.0,
        0.0
      ],
      [
        0.0,
        1.0,
        0.0,
        0.0,
        0.0,
        0.0
      ],
      [
        0.0,
        0.0,
        1.0,
        0.0,
        0.0,
        0.0
      ],
      [
        0.0,
        0.0,
        0.0,
        1.0,
        0.0,
        0.0
      ],
      [
        0.0,
        0.0,
        0.0,
        0.0,
        1.0,
        0.0
      ],
      [
        0.0,
        0.0,
        0.0,
        0.0,
        0.0,
        1.0
      ]
    ]
  },
  "b": {
    "trend": [
      [
        0.011427028114293953
      ],
      [
        0.0068671497802894515
      ],
      [
        0.12499291470875212
      ],
      [
        0.026788980793831053
      ],
      [
        0.026788980793831053
      ],
      [
        0.0
      ]
    ],
    "breakout": [
      [
        0.0
      ],
      [
        0.0
      ],
      [
        0.0
      ],
      [
        0.0
      ],
      [
        0.0
      ],
      [
        0.0
      ]
    ],
    "reversion": [
      [
        -0.269793691035686
      ],
      [
        -0.04197648170402693
      ],
      [
        -1.7506935950465832
      ],
      [
        -1.0744350846359727
      ],
      [
        -1.0744350846359727
      ],
      [
        0.0
      ]
    ],
    "vwap": [
      [
        0.0
      ],
      [
        0.0
      ],
      [
        0.0
      ],
      [
        0.0
      ],
      [
        0.0
      ],
      [
        0.0
      ]
    ]
  },
  "counts": {
    "trend": 1,
    "breakout": 0,
    "reversion": 9,
    "vwap": 0
  },
  "reward_sum": {
    "trend": 0.026788980793831053,
    "breakout": 0.0,
    "reversion": -1.0744350846359727,
    "vwap": 0.0
  },
  "disabled_until": {
    "trend": 0.0,
    "breakout": 0.0,
    "reversion": 0.0,
    "vwap": 0.0
  },
  "_snapshot_time": "2025-09-25T19:07:00.851727"
}