{
  "arms": [
    "trend",
    "breakout",
    "reversion",
    "vwap"
  ],
  "d": 6,
  "alpha": 0.6,
  "alpha_base": 0.6,
  "alpha_boost_until": 0.0,
  "A": {
    "trend": [
      [
        1.0082564818425168,
        0.004961788568619073,
        0.09031234721869219,
        0.019356103029717856,
        0.019356103029717856,
        0.0
      ],
      [
        0.004961788568619073,
        1.0029818203769203,
        0.05427381548002654,
        0.011632180943137524,
        0.011632180943137524,
        0.0
      ],
      [
        0.09031234721869219,
        0.05427381548002654,
        1.9878687091819174,
        0.21172396802463175,
        0.21172396802463175,
        0.0
      ],
      [
        0.019356103029717856,
        0.011632180943137524,
        0.21172396802463175,
        1.0453775266079819,
        0.04537752660798141,
        0.0
      ],
      [
        0.019356103029717856,
        0.011632180943137524,
        0.21172396802463175,
        0.04537752660798141,
        1.0453775266079819,
        0.0
      ],
      [
        0.0,
        0.0,
        0.0,
        0.0,
        0.0,
        1.0
      ]
    ],
    "breakout": [
      [
        1.0,
        0.0,
        0.0,
        0.0,
        0.0,
        0.0
      ],
      [
        0.0,
        1.0,
        0.0,
        0.0,
        0.0,
        0.0
      ],
      [
        0.0,
        0.0,
        1.0,
        0.0,
        0.0,
        0.0
      ],
      [
        0.0,
        0.0,
        0.0,
        1.0,
        0.0,
        0.0
      ],
      [
        0.0,
        0.0,
        0.0,
        0.0,
        1.0,
        0.0
      ],
      [
        0.0,
        0.0,
        0.0,
        0.0,
        0.0,
        1.0
      ]
    ],
    "reversion": [
      [
        1.0952181433503214,
        0.006204762176640282,
        0.1599224744365932,
        0.2991602411147554,
        0.2991602411147554,
        0.0
      ],
      [
        0.006204762176640282,
        1.000496162370239,
        0.01263205984307419,
        0.020759243440449777,
        0.020759243440449777,
        0.0
      ],
      [
        0.1599224744365932,
        0.01263205984307419,
        1.3417513356144966,
        0.5356163186868351,
        0.5356163186868351,
        0.0
      ],
      [
        0.2991602411147554,
        0.020759243440449777,
        0.5356163186868351,
        1.961595670554987,
        0.961595670555005,
        0.0
      ],
      [
        0.2991602411147554,
        0.020759243440449777,
        0.5356163186868351,
        0.961595670555005,
        1.961595670554987,
        0.0
      ],
      [
        0.0,
        0.0,
        0.0,
        0.0,
        0.0,
        1.0
      ]
    ],
    "vwap": [
      [
        1.0,
        0.0,
        0.0,
        0.0,
        0.0,
        0.0
      ],
      [
        0.0,
        1.0,
        0.0,
        0.0,
        0.0,
        0.0
      ],
      [
        0.0,
        0.0,
        1.0,
        0.0,
        0.0,
        0.0
      ],
      [
        0.0,
        0.0,
        0.0,
        1.0,
        0.0,
        0.0
      ],
      [
        0.0,
        0.0,
        0.0,
        0.0,
        1.0,
        0.0
      ],
      [
        0.0,
        0.0,
        0.0,
        0.0,
        0.0,
        1.0
      ]
    ]
  },
  "b": {
    "trend": [
      [
        0.019734107724883133
      ],
      [
        0.011859345419621628
      ],
      [
        0.21585871838576892
      ],
      [
        0.04626370282260844
      ],
      [
        0.04626370282260844
      ],
      [
        0.0
      ]
    ],
    "breakout": [
      [
        0.0
      ],
      [
        0.0
      ],
      [
        0.0
      ],
      [
        0.0
      ],
      [
        0.0
      ],
      [
        0.0
      ]
    ],
    "reversion": [
      [
        -0.0027217554206420014
      ],
      [
        -0.019704947631477135
      ],
      [
        -0.5427325201797846
      ],
      [
        -0.3417780562028485
      ],
      [
        -0.3417780562028485
      ],
      [
        0.0
      ]
    ],
    "vwap": [
      [
        0.0
      ],
      [
        0.0
      ],
      [
        0.0
      ],
      [
        0.0
      ],
      [
        0.0
      ],
      [
        0.0
      ]
    ]
  },
  "counts": {
    "trend": 1,
    "breakout": 0,
    "reversion": 8,
    "vwap": 0
  },
  "reward_sum": {
    "trend": 0.04626370282260844,
    "breakout": 0.0,
    "reversion": -0.3417780562028485,
    "vwap": 0.0
  },
  "disabled_until": {
    "trend": 0.0,
    "breakout": 0.0,
    "reversion": 0.0,
    "vwap": 0.0
  },
  "_snapshot_time": "2025-09-24T17:09:00.043054"
}