{
  "arms": [
    "trend",
    "breakout",
    "reversion",
    "vwap"
  ],
  "d": 6,
  "alpha": 0.6,
  "alpha_base": 0.6,
  "alpha_boost_until": 0.0,
  "A": {
    "trend": [
      [
        1.1353679880220056,
        0.08135030735075599,
        1.4807034000349457,
        0.3173502677117664,
        0.3173502677117664,
        0.0
      ],
      [
        0.08135030735075599,
        1.0488880170471826,
        0.889838716289191,
        0.19071378834411032,
        0.19071378834411032,
        0.0
      ],
      [
        1.4807034000349457,
        0.889838716289191,
        17.19646262688506,
        3.4712905707546162,
        3.4712905707546162,
        0.0
      ],
      [
        0.3173502677117664,
        0.19071378834411032,
        3.4712905707546162,
        1.7439808620067376,
        0.7439808620067382,
        0.0
      ],
      [
        0.3173502677117664,
        0.19071378834411032,
        3.4712905707546162,
        0.7439808620067382,
        1.7439808620067376,
        0.0
      ],
      [
        0.0,
        0.0,
        0.0,
        0.0,
        0.0,
        1.0
      ]
    ],
    "breakout": [
      [
        1.0,
        0.0,
        0.0,
        0.0,
        0.0,
        0.0
      ],
      [
        0.0,
        1.0,
        0.0,
        0.0,
        0.0,
        0.0
      ],
      [
        0.0,
        0.0,
        1.0,
        0.0,
        0.0,
        0.0
      ],
      [
        0.0,
        0.0,
        0.0,
        1.0,
        0.0,
        0.0
      ],
      [
        0.0,
        0.0,
        0.0,
        0.0,
        1.0,
        0.0
      ],
      [
        0.0,
        0.0,
        0.0,
        0.0,
        0.0,
        1.0
      ]
    ],
    "reversion": [
      [
        1.1101024934341872,
        0.01116218549638639,
        0.3146307497948173,
        0.37847956879356837,
        0.37847956879356837,
        0.0
      ],
      [
        0.01116218549638639,
        1.001211466555098,
        0.03253712005170798,
        0.03798592775778035,
        0.03798592775778035,
        0.0
      ],
      [
        0.3146307497948173,
        0.03253712005170798,
        1.9042220278291473,
        1.0784697711802311,
        1.0784697711802311,
        0.0
      ],
      [
        0.37847956879356837,
        0.03798592775778035,
        1.0784697711802311,
        2.3028810378796654,
        1.302881037879674,
        0.0
      ],
      [
        0.37847956879356837,
        0.03798592775778035,
        1.0784697711802311,
        1.302881037879674,
        2.3028810378796654,
        0.0
      ],
      [
        0.0,
        0.0,
        0.0,
        0.0,
        0.0,
        1.0
      ]
    ],
    "vwap": [
      [
        1.0,
        0.0,
        0.0,
        0.0,
        0.0,
        0.0
      ],
      [
        0.0,
        1.0,
        0.0,
        0.0,
        0.0,
        0.0
      ],
      [
        0.0,
        0.0,
        1.0,
        0.0,
        0.0,
        0.0
      ],
      [
        0.0,
        0.0,
        0.0,
        1.0,
        0.0,
        0.0
      ],
      [
        0.0,
        0.0,
        0.0,
        0.0,
        1.0,
        0.0
      ],
      [
        0.0,
        0.0,
        0.0,
        0.0,
        0.0,
        1.0
      ]
    ]
  },
  "b": {
    "trend": [
      [
        0.32354779058208943
      ],
      [
        0.1944382316019371
      ],
      [
        3.539081289372595
      ],
      [
        0.7585100396268346
      ],
      [
        0.7585100396268346
      ],
      [
        0.0
      ]
    ],
    "breakout": [
      [
        0.0
      ],
      [
        0.0
      ],
      [
        0.0
      ],
      [
        0.0
      ],
      [
        0.0
      ],
      [
        0.0
      ]
    ],
    "reversion": [
      [
        0.1508923258518572
      ],
      [
        0.016417821280764924
      ],
      [
        0.4401709845058273
      ],
      [
        0.5133028540827802
      ],
      [
        0.5133028540827802
      ],
      [
        0.0
      ]
    ],
    "vwap": [
      [
        0.0
      ],
      [
        0.0
      ],
      [
        0.0
      ],
      [
        0.0
      ],
      [
        0.0
      ],
      [
        0.0
      ]
    ]
  },
  "counts": {
    "trend": 1,
    "breakout": 0,
    "reversion": 2,
    "vwap": 0
  },
  "reward_sum": {
    "trend": 0.7585100396268346,
    "breakout": 0.0,
    "reversion": 0.5133028540827802,
    "vwap": 0.0
  },
  "disabled_until": {
    "trend": 0.0,
    "breakout": 0.0,
    "reversion": 0.0,
    "vwap": 0.0
  },
  "_snapshot_time": "2025-09-18T03:01:00.287973"
}