{
  "arms": [
    "trend",
    "breakout",
    "reversion",
    "vwap"
  ],
  "d": 6,
  "alpha": 0.6,
  "alpha_base": 0.6,
  "alpha_boost_until": 0.0,
  "A": {
    "trend": [
      [
        1.0057551526031863,
        0.0034585978558203407,
        0.06295191464226436,
        0.013492105822286467,
        0.013492105822286467,
        0.0
      ],
      [
        0.0034585978558203407,
        1.0020784677580323,
        0.03783137859472535,
        0.008108172186717435,
        0.008108172186717435,
        0.0
      ],
      [
        0.06295191464226436,
        0.03783137859472535,
        1.6885905258070038,
        0.14758147222697257,
        0.14758147222697257,
        0.0
      ],
      [
        0.013492105822286467,
        0.008108172186717435,
        0.14758147222697257,
        1.0316302506764141,
        0.03163025067641567,
        0.0
      ],
      [
        0.013492105822286467,
        0.008108172186717435,
        0.14758147222697257,
        0.03163025067641567,
        1.0316302506764141,
        0.0
      ],
      [
        0.0,
        0.0,
        0.0,
        0.0,
        0.0,
        1.0
      ]
    ],
    "breakout": [
      [
        1.0,
        0.0,
        0.0,
        0.0,
        0.0,
        0.0
      ],
      [
        0.0,
        1.0,
        0.0,
        0.0,
        0.0,
        0.0
      ],
      [
        0.0,
        0.0,
        1.0,
        0.0,
        0.0,
        0.0
      ],
      [
        0.0,
        0.0,
        0.0,
        1.0,
        0.0,
        0.0
      ],
      [
        0.0,
        0.0,
        0.0,
        0.0,
        1.0,
        0.0
      ],
      [
        0.0,
        0.0,
        0.0,
        0.0,
        0.0,
        1.0
      ]
    ],
    "reversion": [
      [
        1.153661718345881,
        0.014272686331364887,
        0.5789513396778114,
        0.4937909406892699,
        0.4937909406892699,
        0.0
      ],
      [
        0.014272686331364887,
        1.0014794951022372,
        0.06207936155860694,
        0.04697892350620004,
        0.04697892350620004,
        0.0
      ],
      [
        0.5789513396778114,
        0.06207936155860694,
        3.741768207252762,
        1.9010557257552465,
        1.9010557257552465,
        0.0
      ],
      [
        0.4937909406892699,
        0.04697892350620004,
        1.9010557257552465,
        2.6025071129538864,
        1.6025071129538997,
        0.0
      ],
      [
        0.4937909406892699,
        0.04697892350620004,
        1.9010557257552465,
        1.6025071129538997,
        2.6025071129538864,
        0.0
      ],
      [
        0.0,
        0.0,
        0.0,
        0.0,
        0.0,
        1.0
      ]
    ],
    "vwap": [
      [
        1.0,
        0.0,
        0.0,
        0.0,
        0.0,
        0.0
      ],
      [
        0.0,
        1.0,
        0.0,
        0.0,
        0.0,
        0.0
      ],
      [
        0.0,
        0.0,
        1.0,
        0.0,
        0.0,
        0.0
      ],
      [
        0.0,
        0.0,
        0.0,
        1.0,
        0.0,
        0.0
      ],
      [
        0.0,
        0.0,
        0.0,
        0.0,
        1.0,
        0.0
      ],
      [
        0.0,
        0.0,
        0.0,
        0.0,
        0.0,
        1.0
      ]
    ]
  },
  "b": {
    "trend": [
      [
        0.013755592710151265
      ],
      [
        0.00826651641288125
      ],
      [
        0.15046358591150666
      ],
      [
        0.032247956794562715
      ],
      [
        0.032247956794562715
      ],
      [
        0.0
      ]
    ],
    "breakout": [
      [
        0.0
      ],
      [
        0.0
      ],
      [
        0.0
      ],
      [
        0.0
      ],
      [
        0.0
      ],
      [
        0.0
      ]
    ],
    "reversion": [
      [
        -0.3247714184769546
      ],
      [
        -0.05053031986535791
      ],
      [
        -2.1074445440111935
      ],
      [
        -1.2933801571085517
      ],
      [
        -1.2933801571085517
      ],
      [
        0.0
      ]
    ],
    "vwap": [
      [
        0.0
      ],
      [
        0.0
      ],
      [
        0.0
      ],
      [
        0.0
      ],
      [
        0.0
      ],
      [
        0.0
      ]
    ]
  },
  "counts": {
    "trend": 1,
    "breakout": 0,
    "reversion": 9,
    "vwap": 0
  },
  "reward_sum": {
    "trend": 0.032247956794562715,
    "breakout": 0.0,
    "reversion": -1.2933801571085517,
    "vwap": 0.0
  },
  "disabled_until": {
    "trend": 0.0,
    "breakout": 0.0,
    "reversion": 0.0,
    "vwap": 0.0
  },
  "_snapshot_time": "2025-09-25T11:08:00.151682"
}