{
  "arms": [
    "trend",
    "breakout",
    "reversion",
    "vwap"
  ],
  "d": 6,
  "alpha": 0.6,
  "alpha_base": 0.6,
  "alpha_boost_until": 0.0,
  "A": {
    "trend": [
      [
        1.0764446645130645,
        0.04593993782674982,
        0.836179042866644,
        0.17921323278006604,
        0.17921323278006604,
        0.0
      ],
      [
        0.04593993782674982,
        1.0276079161439053,
        0.5025074475244797,
        0.1076994035370529,
        0.1076994035370529,
        0.0
      ],
      [
        0.836179042866644,
        0.5025074475244797,
        10.146425014526583,
        1.9602983466486925,
        1.9602983466486925,
        0.0
      ],
      [
        0.17921323278006604,
        0.1076994035370529,
        1.9602983466486925,
        1.4201389725242821,
        0.42013897252428334,
        0.0
      ],
      [
        0.17921323278006604,
        0.1076994035370529,
        1.9602983466486925,
        0.42013897252428334,
        1.4201389725242821,
        0.0
      ],
      [
        0.0,
        0.0,
        0.0,
        0.0,
        0.0,
        1.0
      ]
    ],
    "breakout": [
      [
        1.0,
        0.0,
        0.0,
        0.0,
        0.0,
        0.0
      ],
      [
        0.0,
        1.0,
        0.0,
        0.0,
        0.0,
        0.0
      ],
      [
        0.0,
        0.0,
        1.0,
        0.0,
        0.0,
        0.0
      ],
      [
        0.0,
        0.0,
        0.0,
        1.0,
        0.0,
        0.0
      ],
      [
        0.0,
        0.0,
        0.0,
        0.0,
        1.0,
        0.0
      ],
      [
        0.0,
        0.0,
        0.0,
        0.0,
        0.0,
        1.0
      ]
    ],
    "reversion": [
      [
        1.0621767989287103,
        0.006303480889182826,
        0.17767747356670885,
        0.2137340155840239,
        0.2137340155840239,
        0.0
      ],
      [
        0.006303480889182826,
        1.0006841362993313,
        0.018374279347121228,
        0.021451316120536103,
        0.021451316120536103,
        0.0
      ],
      [
        0.17767747356670885,
        0.018374279347121228,
        1.510629954487353,
        0.6090306951444908,
        0.6090306951444908,
        0.0
      ],
      [
        0.2137340155840239,
        0.021451316120536103,
        0.6090306951444908,
        1.735759652606728,
        0.7357596526067375,
        0.0
      ],
      [
        0.2137340155840239,
        0.021451316120536103,
        0.6090306951444908,
        0.7357596526067375,
        1.735759652606728,
        0.0
      ],
      [
        0.0,
        0.0,
        0.0,
        0.0,
        0.0,
        1.0
      ]
    ],
    "vwap": [
      [
        1.0,
        0.0,
        0.0,
        0.0,
        0.0,
        0.0
      ],
      [
        0.0,
        1.0,
        0.0,
        0.0,
        0.0,
        0.0
      ],
      [
        0.0,
        0.0,
        1.0,
        0.0,
        0.0,
        0.0
      ],
      [
        0.0,
        0.0,
        0.0,
        1.0,
        0.0,
        0.0
      ],
      [
        0.0,
        0.0,
        0.0,
        0.0,
        1.0,
        0.0
      ],
      [
        0.0,
        0.0,
        0.0,
        0.0,
        0.0,
        1.0
      ]
    ]
  },
  "b": {
    "trend": [
      [
        0.18271308206907866
      ],
      [
        0.10980266162268115
      ],
      [
        1.9985809481527377
      ],
      [
        0.4283438526074422
      ],
      [
        0.4283438526074422
      ],
      [
        0.0
      ]
    ],
    "breakout": [
      [
        0.0
      ],
      [
        0.0
      ],
      [
        0.0
      ],
      [
        0.0
      ],
      [
        0.0
      ],
      [
        0.0
      ]
    ],
    "reversion": [
      [
        0.0852115289285822
      ],
      [
        0.00927143010827263
      ],
      [
        0.24857223432664818
      ],
      [
        0.28987107696080533
      ],
      [
        0.28987107696080533
      ],
      [
        0.0
      ]
    ],
    "vwap": [
      [
        0.0
      ],
      [
        0.0
      ],
      [
        0.0
      ],
      [
        0.0
      ],
      [
        0.0
      ],
      [
        0.0
      ]
    ]
  },
  "counts": {
    "trend": 1,
    "breakout": 0,
    "reversion": 2,
    "vwap": 0
  },
  "reward_sum": {
    "trend": 0.4283438526074422,
    "breakout": 0.0,
    "reversion": 0.28987107696080533,
    "vwap": 0.0
  },
  "disabled_until": {
    "trend": 0.0,
    "breakout": 0.0,
    "reversion": 0.0,
    "vwap": 0.0
  },
  "_snapshot_time": "2025-09-19T00:14:00.859867"
}