{
  "arms": [
    "trend",
    "breakout",
    "reversion",
    "vwap"
  ],
  "d": 6,
  "alpha": 0.6,
  "alpha_base": 0.6,
  "alpha_boost_until": 0.0,
  "A": {
    "trend": [
      [
        1.0087245119521104,
        0.005243054426383398,
        0.09543182771567045,
        0.02045333054079325,
        0.02045333054079325,
        0.0
      ],
      [
        0.005243054426383398,
        1.0031508489952126,
        0.05735040188712952,
        0.012291567232052285,
        0.012291567232052285,
        0.0
      ],
      [
        0.09543182771567045,
        0.05735040188712952,
        2.0438674152944443,
        0.22372583441860597,
        0.22372583441860597,
        0.0
      ],
      [
        0.02045333054079325,
        0.012291567232052285,
        0.22372583441860597,
        1.0479498145578026,
        0.04794981455780219,
        0.0
      ],
      [
        0.02045333054079325,
        0.012291567232052285,
        0.22372583441860597,
        0.04794981455780219,
        1.0479498145578026,
        0.0
      ],
      [
        0.0,
        0.0,
        0.0,
        0.0,
        0.0,
        1.0
      ]
    ],
    "breakout": [
      [
        1.0,
        0.0,
        0.0,
        0.0,
        0.0,
        0.0
      ],
      [
        0.0,
        1.0,
        0.0,
        0.0,
        0.0,
        0.0
      ],
      [
        0.0,
        0.0,
        1.0,
        0.0,
        0.0,
        0.0
      ],
      [
        0.0,
        0.0,
        0.0,
        1.0,
        0.0,
        0.0
      ],
      [
        0.0,
        0.0,
        0.0,
        0.0,
        1.0,
        0.0
      ],
      [
        0.0,
        0.0,
        0.0,
        0.0,
        0.0,
        1.0
      ]
    ],
    "reversion": [
      [
        1.100615715696216,
        0.006556487715062826,
        0.1689879014144139,
        0.31611855375997605,
        0.31611855375997605,
        0.0
      ],
      [
        0.006556487715062826,
        1.0005242880214484,
        0.013348125652400159,
        0.021936009909247864,
        0.021936009909247864,
        0.0
      ],
      [
        0.1689879014144139,
        0.013348125652400159,
        1.3611239834458955,
        0.5659784716130632,
        0.5659784716130632,
        0.0
      ],
      [
        0.31611855375997605,
        0.021936009909247864,
        0.5659784716130632,
        2.016105053081213,
        1.016105053081232,
        0.0
      ],
      [
        0.31611855375997605,
        0.021936009909247864,
        0.5659784716130632,
        1.016105053081232,
        2.016105053081213,
        0.0
      ],
      [
        0.0,
        0.0,
        0.0,
        0.0,
        0.0,
        1.0
      ]
    ],
    "vwap": [
      [
        1.0,
        0.0,
        0.0,
        0.0,
        0.0,
        0.0
      ],
      [
        0.0,
        1.0,
        0.0,
        0.0,
        0.0,
        0.0
      ],
      [
        0.0,
        0.0,
        1.0,
        0.0,
        0.0,
        0.0
      ],
      [
        0.0,
        0.0,
        0.0,
        1.0,
        0.0,
        0.0
      ],
      [
        0.0,
        0.0,
        0.0,
        0.0,
        1.0,
        0.0
      ],
      [
        0.0,
        0.0,
        0.0,
        0.0,
        0.0,
        1.0
      ]
    ]
  },
  "b": {
    "trend": [
      [
        0.020852762955691898
      ],
      [
        0.012531608841539593
      ],
      [
        0.22809496883115593
      ],
      [
        0.048886224898629975
      ],
      [
        0.048886224898629975
      ],
      [
        0.0
      ]
    ],
    "breakout": [
      [
        0.0
      ],
      [
        0.0
      ],
      [
        0.0
      ],
      [
        0.0
      ],
      [
        0.0
      ],
      [
        0.0
      ]
    ],
    "reversion": [
      [
        -0.00287604189666261
      ],
      [
        -0.020821949882000475
      ],
      [
        -0.5734980648445478
      ],
      [
        -0.36115221872780917
      ],
      [
        -0.36115221872780917
      ],
      [
        0.0
      ]
    ],
    "vwap": [
      [
        0.0
      ],
      [
        0.0
      ],
      [
        0.0
      ],
      [
        0.0
      ],
      [
        0.0
      ],
      [
        0.0
      ]
    ]
  },
  "counts": {
    "trend": 1,
    "breakout": 0,
    "reversion": 8,
    "vwap": 0
  },
  "reward_sum": {
    "trend": 0.048886224898629975,
    "breakout": 0.0,
    "reversion": -0.36115221872780917,
    "vwap": 0.0
  },
  "disabled_until": {
    "trend": 0.0,
    "breakout": 0.0,
    "reversion": 0.0,
    "vwap": 0.0
  },
  "_snapshot_time": "2025-09-24T15:10:00.804103"
}