{
  "arms": [
    "trend",
    "breakout",
    "reversion",
    "vwap"
  ],
  "d": 6,
  "alpha": 0.6,
  "alpha_base": 0.6,
  "alpha_boost_until": 0.0,
  "A": {
    "trend": [
      [
        1.0115517723096787,
        0.006942115647648266,
        0.1263574112705928,
        0.02708142514776557,
        0.02708142514776557,
        0.0
      ],
      [
        0.006942115647648266,
        1.0041719113200451,
        0.07593534034972557,
        0.0162747654852422,
        0.0162747654852422,
        0.0
      ],
      [
        0.1263574112705928,
        0.07593534034972557,
        2.3821424933756425,
        0.2962263004719373,
        0.2962263004719373,
        0.0
      ],
      [
        0.02708142514776557,
        0.0162747654852422,
        0.2962263004719373,
        1.063488404062431,
        0.06348840406243188,
        0.0
      ],
      [
        0.02708142514776557,
        0.0162747654852422,
        0.2962263004719373,
        0.06348840406243188,
        1.063488404062431,
        0.0
      ],
      [
        0.0,
        0.0,
        0.0,
        0.0,
        0.0,
        1.0
      ]
    ],
    "breakout": [
      [
        1.0,
        0.0,
        0.0,
        0.0,
        0.0,
        0.0
      ],
      [
        0.0,
        1.0,
        0.0,
        0.0,
        0.0,
        0.0
      ],
      [
        0.0,
        0.0,
        1.0,
        0.0,
        0.0,
        0.0
      ],
      [
        0.0,
        0.0,
        0.0,
        1.0,
        0.0,
        0.0
      ],
      [
        0.0,
        0.0,
        0.0,
        0.0,
        1.0,
        0.0
      ],
      [
        0.0,
        0.0,
        0.0,
        0.0,
        0.0,
        1.0
      ]
    ],
    "reversion": [
      [
        1.1332211870277753,
        0.008681179377294321,
        0.22375002417845588,
        0.41855975164515563,
        0.41855975164515563,
        0.0
      ],
      [
        0.008681179377294321,
        1.0006941884980742,
        0.01767371162351659,
        0.029044580745082902,
        0.029044580745082902,
        0.0
      ],
      [
        0.22375002417845588,
        0.01767371162351659,
        1.4781496151566937,
        0.749389131695003,
        0.749389131695003,
        0.0
      ],
      [
        0.41855975164515563,
        0.029044580745082902,
        0.749389131695003,
        2.345383475928423,
        1.34538347592844,
        0.0
      ],
      [
        0.41855975164515563,
        0.029044580745082902,
        0.749389131695003,
        1.34538347592844,
        2.345383475928423,
        0.0
      ],
      [
        0.0,
        0.0,
        0.0,
        0.0,
        0.0,
        1.0
      ]
    ],
    "vwap": [
      [
        1.0,
        0.0,
        0.0,
        0.0,
        0.0,
        0.0
      ],
      [
        0.0,
        1.0,
        0.0,
        0.0,
        0.0,
        0.0
      ],
      [
        0.0,
        0.0,
        1.0,
        0.0,
        0.0,
        0.0
      ],
      [
        0.0,
        0.0,
        0.0,
        1.0,
        0.0,
        0.0
      ],
      [
        0.0,
        0.0,
        0.0,
        0.0,
        1.0,
        0.0
      ],
      [
        0.0,
        0.0,
        0.0,
        0.0,
        0.0,
        1.0
      ]
    ]
  },
  "b": {
    "trend": [
      [
        0.02761029740278021
      ],
      [
        0.01659259484152793
      ],
      [
        0.3020112940854719
      ],
      [
        0.06472826700319566
      ],
      [
        0.06472826700319566
      ],
      [
        0.0
      ]
    ],
    "breakout": [
      [
        0.0
      ],
      [
        0.0
      ],
      [
        0.0
      ],
      [
        0.0
      ],
      [
        0.0
      ],
      [
        0.0
      ]
    ],
    "reversion": [
      [
        -0.0038080503901779454
      ],
      [
        -0.027569499062036523
      ],
      [
        -0.7593455200120031
      ],
      [
        -0.47818700034792955
      ],
      [
        -0.47818700034792955
      ],
      [
        0.0
      ]
    ],
    "vwap": [
      [
        0.0
      ],
      [
        0.0
      ],
      [
        0.0
      ],
      [
        0.0
      ],
      [
        0.0
      ],
      [
        0.0
      ]
    ]
  },
  "counts": {
    "trend": 1,
    "breakout": 0,
    "reversion": 8,
    "vwap": 0
  },
  "reward_sum": {
    "trend": 0.06472826700319566,
    "breakout": 0.0,
    "reversion": -0.47818700034792955,
    "vwap": 0.0
  },
  "disabled_until": {
    "trend": 0.0,
    "breakout": 0.0,
    "reversion": 0.0,
    "vwap": 0.0
  },
  "_snapshot_time": "2025-09-24T05:15:00.459452"
}