{
  "arms": [
    "trend",
    "breakout",
    "reversion",
    "vwap"
  ],
  "d": 6,
  "alpha": 0.6,
  "alpha_base": 0.6,
  "alpha_boost_until": 0.0,
  "A": {
    "trend": [
      [
        1.0938860069331167,
        0.0564214304396884,
        1.0269586754807187,
        0.22010188575580739,
        0.22010188575580739,
        0.0
      ],
      [
        0.0564214304396884,
        1.0339068399738052,
        0.6171577572187948,
        0.13227171590823353,
        0.13227171590823353,
        0.0
      ],
      [
        1.0269586754807187,
        0.6171577572187948,
        12.233240773531238,
        2.407553036392525,
        2.407553036392525,
        0.0
      ],
      [
        0.22010188575580739,
        0.13227171590823353,
        2.407553036392525,
        1.5159963842937154,
        0.5159963842937159,
        0.0
      ],
      [
        0.22010188575580739,
        0.13227171590823353,
        2.407553036392525,
        0.5159963842937159,
        1.5159963842937154,
        0.0
      ],
      [
        0.0,
        0.0,
        0.0,
        0.0,
        0.0,
        1.0
      ]
    ],
    "breakout": [
      [
        1.0,
        0.0,
        0.0,
        0.0,
        0.0,
        0.0
      ],
      [
        0.0,
        1.0,
        0.0,
        0.0,
        0.0,
        0.0
      ],
      [
        0.0,
        0.0,
        1.0,
        0.0,
        0.0,
        0.0
      ],
      [
        0.0,
        0.0,
        0.0,
        1.0,
        0.0,
        0.0
      ],
      [
        0.0,
        0.0,
        0.0,
        0.0,
        1.0,
        0.0
      ],
      [
        0.0,
        0.0,
        0.0,
        0.0,
        0.0,
        1.0
      ]
    ],
    "reversion": [
      [
        1.0763628359478545,
        0.0077416606408606415,
        0.21821573318948648,
        0.2624988074286745,
        0.2624988074286745,
        0.0
      ],
      [
        0.0077416606408606415,
        1.0008402264010354,
        0.022566489488354376,
        0.026345572014027742,
        0.026345572014027742,
        0.0
      ],
      [
        0.21821573318948648,
        0.022566489488354376,
        1.6271334664443904,
        0.7479849696644888,
        0.7479849696644888,
        0.0
      ],
      [
        0.2624988074286745,
        0.026345572014027742,
        0.7479849696644888,
        1.9036279547533033,
        0.9036279547533138,
        0.0
      ],
      [
        0.2624988074286745,
        0.026345572014027742,
        0.7479849696644888,
        0.9036279547533138,
        1.9036279547533033,
        0.0
      ],
      [
        0.0,
        0.0,
        0.0,
        0.0,
        0.0,
        1.0
      ]
    ],
    "vwap": [
      [
        1.0,
        0.0,
        0.0,
        0.0,
        0.0,
        0.0
      ],
      [
        0.0,
        1.0,
        0.0,
        0.0,
        0.0,
        0.0
      ],
      [
        0.0,
        0.0,
        1.0,
        0.0,
        0.0,
        0.0
      ],
      [
        0.0,
        0.0,
        0.0,
        1.0,
        0.0,
        0.0
      ],
      [
        0.0,
        0.0,
        0.0,
        0.0,
        1.0,
        0.0
      ],
      [
        0.0,
        0.0,
        0.0,
        0.0,
        0.0,
        1.0
      ]
    ]
  },
  "b": {
    "trend": [
      [
        0.22440024819491455
      ],
      [
        0.13485484586854202
      ],
      [
        2.4545700599234785
      ],
      [
        0.5260732605973746
      ],
      [
        0.5260732605973746
      ],
      [
        0.0
      ]
    ],
    "breakout": [
      [
        0.0
      ],
      [
        0.0
      ],
      [
        0.0
      ],
      [
        0.0
      ],
      [
        0.0
      ],
      [
        0.0
      ]
    ],
    "reversion": [
      [
        0.10465308791306299
      ],
      [
        0.011386766584297438
      ],
      [
        0.30528559009351913
      ],
      [
        0.35600702958937236
      ],
      [
        0.35600702958937236
      ],
      [
        0.0
      ]
    ],
    "vwap": [
      [
        0.0
      ],
      [
        0.0
      ],
      [
        0.0
      ],
      [
        0.0
      ],
      [
        0.0
      ],
      [
        0.0
      ]
    ]
  },
  "counts": {
    "trend": 1,
    "breakout": 0,
    "reversion": 2,
    "vwap": 0
  },
  "reward_sum": {
    "trend": 0.5260732605973746,
    "breakout": 0.0,
    "reversion": 0.35600702958937236,
    "vwap": 0.0
  },
  "disabled_until": {
    "trend": 0.0,
    "breakout": 0.0,
    "reversion": 0.0,
    "vwap": 0.0
  },
  "_snapshot_time": "2025-09-18T16:50:00.249733"
}