{
  "arms": [
    "trend",
    "breakout",
    "reversion",
    "vwap"
  ],
  "d": 6,
  "alpha": 0.6,
  "alpha_base": 0.6,
  "alpha_boost_until": 0.0,
  "A": {
    "trend": [
      [
        1.0031537446974483,
        0.001895264192014814,
        0.034496785869300654,
        0.007393488952993328,
        0.007393488952993328,
        0.0
      ],
      [
        0.001895264192014814,
        1.0011389718262338,
        0.020731076631091017,
        0.004443167158712959,
        0.004443167158712959,
        0.0
      ],
      [
        0.034496785869300654,
        0.020731076631091017,
        1.3773381644606144,
        0.08087262277281056,
        0.08087262277281056,
        0.0
      ],
      [
        0.007393488952993328,
        0.004443167158712959,
        0.08087262277281056,
        1.017332943577287,
        0.017332943577287888,
        0.0
      ],
      [
        0.007393488952993328,
        0.004443167158712959,
        0.08087262277281056,
        0.017332943577287888,
        1.017332943577287,
        0.0
      ],
      [
        0.0,
        0.0,
        0.0,
        0.0,
        0.0,
        1.0
      ]
    ],
    "breakout": [
      [
        1.0,
        0.0,
        0.0,
        0.0,
        0.0,
        0.0
      ],
      [
        0.0,
        1.0,
        0.0,
        0.0,
        0.0,
        0.0
      ],
      [
        0.0,
        0.0,
        1.0,
        0.0,
        0.0,
        0.0
      ],
      [
        0.0,
        0.0,
        0.0,
        1.0,
        0.0,
        0.0
      ],
      [
        0.0,
        0.0,
        0.0,
        0.0,
        1.0,
        0.0
      ],
      [
        0.0,
        0.0,
        0.0,
        0.0,
        0.0,
        1.0
      ]
    ],
    "reversion": [
      [
        1.1690273892631198,
        0.013758242037149834,
        0.4945270379259968,
        0.5539147115003195,
        0.5539147115003195,
        0.0
      ],
      [
        0.013758242037149834,
        1.0012262917359975,
        0.04642626912268873,
        0.045574499809094386,
        0.045574499809094386,
        0.0
      ],
      [
        0.4945270379259968,
        0.04642626912268873,
        2.872923687629884,
        1.6338657734162134,
        1.6338657734162134,
        0.0
      ],
      [
        0.5539147115003195,
        0.045574499809094386,
        1.6338657734162134,
        2.824506500112406,
        1.8245065001124214,
        0.0
      ],
      [
        0.5539147115003195,
        0.045574499809094386,
        1.6338657734162134,
        1.8245065001124214,
        2.824506500112406,
        0.0
      ],
      [
        0.0,
        0.0,
        0.0,
        0.0,
        0.0,
        1.0
      ]
    ],
    "vwap": [
      [
        1.0,
        0.0,
        0.0,
        0.0,
        0.0,
        0.0
      ],
      [
        0.0,
        1.0,
        0.0,
        0.0,
        0.0,
        0.0
      ],
      [
        0.0,
        0.0,
        1.0,
        0.0,
        0.0,
        0.0
      ],
      [
        0.0,
        0.0,
        0.0,
        1.0,
        0.0,
        0.0
      ],
      [
        0.0,
        0.0,
        0.0,
        0.0,
        1.0,
        0.0
      ],
      [
        0.0,
        0.0,
        0.0,
        0.0,
        0.0,
        1.0
      ]
    ]
  },
  "b": {
    "trend": [
      [
        0.007537876153949694
      ],
      [
        0.004529937623037264
      ],
      [
        0.08245198154515838
      ],
      [
        0.01767143805849579
      ],
      [
        0.01767143805849579
      ],
      [
        0.0
      ]
    ],
    "breakout": [
      [
        0.0
      ],
      [
        0.0
      ],
      [
        0.0
      ],
      [
        0.0
      ],
      [
        0.0
      ],
      [
        0.0
      ]
    ],
    "reversion": [
      [
        -0.5804304360194965
      ],
      [
        -0.05585930712664709
      ],
      [
        -1.9959441971147354
      ],
      [
        -2.0530457321031186
      ],
      [
        -2.0530457321031186
      ],
      [
        0.0
      ]
    ],
    "vwap": [
      [
        0.0
      ],
      [
        0.0
      ],
      [
        0.0
      ],
      [
        0.0
      ],
      [
        0.0
      ],
      [
        0.0
      ]
    ]
  },
  "counts": {
    "trend": 1,
    "breakout": 0,
    "reversion": 10,
    "vwap": 0
  },
  "reward_sum": {
    "trend": 0.01767143805849579,
    "breakout": 0.0,
    "reversion": -2.0530457321031186,
    "vwap": 0.0
  },
  "disabled_until": {
    "trend": 0.0,
    "breakout": 0.0,
    "reversion": 0.0,
    "vwap": 0.0
  },
  "_snapshot_time": "2025-09-26T10:11:00.887787"
}