{
  "arms": [
    "trend",
    "breakout",
    "reversion",
    "vwap"
  ],
  "d": 6,
  "alpha": 0.6,
  "alpha_base": 0.6,
  "alpha_boost_until": 0.0,
  "A": {
    "trend": [
      [
        1.0156834171734328,
        0.009425055554208165,
        0.1715508184186917,
        0.036767456703388074,
        0.036767456703388074,
        0.0
      ],
      [
        0.009425055554208165,
        1.0056640508390222,
        0.10309462383651301,
        0.022095651616244737,
        0.022095651616244737,
        0.0
      ],
      [
        0.1715508184186917,
        0.10309462383651301,
        2.8764841217115524,
        0.40217557302021895,
        0.40217557302021895,
        0.0
      ],
      [
        0.036767456703388074,
        0.022095651616244737,
        0.40217557302021895,
        1.0861958753941452,
        0.08619587539414532,
        0.0
      ],
      [
        0.036767456703388074,
        0.022095651616244737,
        0.40217557302021895,
        0.08619587539414532,
        1.0861958753941452,
        0.0
      ],
      [
        0.0,
        0.0,
        0.0,
        0.0,
        0.0,
        1.0
      ]
    ],
    "breakout": [
      [
        1.0,
        0.0,
        0.0,
        0.0,
        0.0,
        0.0
      ],
      [
        0.0,
        1.0,
        0.0,
        0.0,
        0.0,
        0.0
      ],
      [
        0.0,
        0.0,
        1.0,
        0.0,
        0.0,
        0.0
      ],
      [
        0.0,
        0.0,
        0.0,
        1.0,
        0.0,
        0.0
      ],
      [
        0.0,
        0.0,
        0.0,
        0.0,
        1.0,
        0.0
      ],
      [
        0.0,
        0.0,
        0.0,
        0.0,
        0.0,
        1.0
      ]
    ],
    "reversion": [
      [
        1.1808695147796442,
        0.011786118535026566,
        0.3037771934628848,
        0.5682632085432869,
        0.5682632085432869,
        0.0
      ],
      [
        0.011786118535026566,
        1.0009424742386213,
        0.0239949494297359,
        0.039432760986029707,
        0.039432760986029707,
        0.0
      ],
      [
        0.3037771934628848,
        0.0239949494297359,
        1.6491661785556344,
        1.0174181123499313,
        1.0174181123499313,
        0.0
      ],
      [
        0.5682632085432869,
        0.039432760986029707,
        1.0174181123499313,
        2.826577753229268,
        1.8265777532292853,
        0.0
      ],
      [
        0.5682632085432869,
        0.039432760986029707,
        1.0174181123499313,
        1.8265777532292853,
        2.826577753229268,
        0.0
      ],
      [
        0.0,
        0.0,
        0.0,
        0.0,
        0.0,
        1.0
      ]
    ],
    "vwap": [
      [
        1.0,
        0.0,
        0.0,
        0.0,
        0.0,
        0.0
      ],
      [
        0.0,
        1.0,
        0.0,
        0.0,
        0.0,
        0.0
      ],
      [
        0.0,
        0.0,
        1.0,
        0.0,
        0.0,
        0.0
      ],
      [
        0.0,
        0.0,
        0.0,
        1.0,
        0.0,
        0.0
      ],
      [
        0.0,
        0.0,
        0.0,
        0.0,
        1.0,
        0.0
      ],
      [
        0.0,
        0.0,
        0.0,
        0.0,
        0.0,
        1.0
      ]
    ]
  },
  "b": {
    "trend": [
      [
        0.0374854871479372
      ],
      [
        0.022527156865046815
      ],
      [
        0.4100296464692509
      ],
      [
        0.08787919179067649
      ],
      [
        0.08787919179067649
      ],
      [
        0.0
      ]
    ],
    "breakout": [
      [
        0.0
      ],
      [
        0.0
      ],
      [
        0.0
      ],
      [
        0.0
      ],
      [
        0.0
      ],
      [
        0.0
      ]
    ],
    "reversion": [
      [
        -0.0051700502126912525
      ],
      [
        -0.03743009673850792
      ],
      [
        -1.0309355352466218
      ],
      [
        -0.6492169350572804
      ],
      [
        -0.6492169350572804
      ],
      [
        0.0
      ]
    ],
    "vwap": [
      [
        0.0
      ],
      [
        0.0
      ],
      [
        0.0
      ],
      [
        0.0
      ],
      [
        0.0
      ],
      [
        0.0
      ]
    ]
  },
  "counts": {
    "trend": 1,
    "breakout": 0,
    "reversion": 8,
    "vwap": 0
  },
  "reward_sum": {
    "trend": 0.08787919179067649,
    "breakout": 0.0,
    "reversion": -0.6492169350572804,
    "vwap": 0.0
  },
  "disabled_until": {
    "trend": 0.0,
    "breakout": 0.0,
    "reversion": 0.0,
    "vwap": 0.0
  },
  "_snapshot_time": "2025-09-23T16:56:00.019705"
}