{
  "arms": [
    "trend",
    "breakout",
    "reversion",
    "vwap"
  ],
  "d": 6,
  "alpha": 0.6,
  "alpha_base": 0.6,
  "alpha_boost_until": 0.0,
  "A": {
    "trend": [
      [
        1.0051542398011017,
        0.0030974752458527827,
        0.056378915795401496,
        0.01208335445204457,
        0.01208335445204457,
        0.0
      ],
      [
        0.0030974752458527827,
        1.0018614486847532,
        0.03388129051096412,
        0.007261573529054397,
        0.007261573529054397,
        0.0
      ],
      [
        0.056378915795401496,
        0.03388129051096412,
        1.6166927168553542,
        0.1321720465998298,
        0.1321720465998298,
        0.0
      ],
      [
        0.01208335445204457,
        0.007261573529054397,
        0.1321720465998298,
        1.0283276410194482,
        0.02832764101944931,
        0.0
      ],
      [
        0.01208335445204457,
        0.007261573529054397,
        0.1321720465998298,
        0.02832764101944931,
        1.0283276410194482,
        0.0
      ],
      [
        0.0,
        0.0,
        0.0,
        0.0,
        0.0,
        1.0
      ]
    ],
    "breakout": [
      [
        1.0,
        0.0,
        0.0,
        0.0,
        0.0,
        0.0
      ],
      [
        0.0,
        1.0,
        0.0,
        0.0,
        0.0,
        0.0
      ],
      [
        0.0,
        0.0,
        1.0,
        0.0,
        0.0,
        0.0
      ],
      [
        0.0,
        0.0,
        0.0,
        1.0,
        0.0,
        0.0
      ],
      [
        0.0,
        0.0,
        0.0,
        0.0,
        1.0,
        0.0
      ],
      [
        0.0,
        0.0,
        0.0,
        0.0,
        0.0,
        1.0
      ]
    ],
    "reversion": [
      [
        1.1376174359243834,
        0.012782432201195636,
        0.5185012880833985,
        0.4422327426235542,
        0.4422327426235542,
        0.0
      ],
      [
        0.012782432201195636,
        1.0013250165664174,
        0.05559746860495319,
        0.042073712730834746,
        0.042073712730834746,
        0.0
      ],
      [
        0.5185012880833985,
        0.05559746860495319,
        3.4554919380233184,
        1.7025607766465505,
        1.7025607766465505,
        0.0
      ],
      [
        0.4422327426235542,
        0.042073712730834746,
        1.7025607766465505,
        2.4351845229200046,
        1.4351845229200182,
        0.0
      ],
      [
        0.4422327426235542,
        0.042073712730834746,
        1.7025607766465505,
        1.4351845229200182,
        2.4351845229200046,
        0.0
      ],
      [
        0.0,
        0.0,
        0.0,
        0.0,
        0.0,
        1.0
      ]
    ],
    "vwap": [
      [
        1.0,
        0.0,
        0.0,
        0.0,
        0.0,
        0.0
      ],
      [
        0.0,
        1.0,
        0.0,
        0.0,
        0.0,
        0.0
      ],
      [
        0.0,
        0.0,
        1.0,
        0.0,
        0.0,
        0.0
      ],
      [
        0.0,
        0.0,
        0.0,
        1.0,
        0.0,
        0.0
      ],
      [
        0.0,
        0.0,
        0.0,
        0.0,
        1.0,
        0.0
      ],
      [
        0.0,
        0.0,
        0.0,
        0.0,
        0.0,
        1.0
      ]
    ]
  },
  "b": {
    "trend": [
      [
        0.012319329881045246
      ],
      [
        0.007403384558064533
      ],
      [
        0.1347532301215146
      ],
      [
        0.02888085058295854
      ],
      [
        0.02888085058295854
      ],
      [
        0.0
      ]
    ],
    "breakout": [
      [
        0.0
      ],
      [
        0.0
      ],
      [
        0.0
      ],
      [
        0.0
      ],
      [
        0.0
      ],
      [
        0.0
      ]
    ],
    "reversion": [
      [
        -0.2908610573501488
      ],
      [
        -0.045254297109036196
      ],
      [
        -1.8873999173095142
      ],
      [
        -1.1583344427797586
      ],
      [
        -1.1583344427797586
      ],
      [
        0.0
      ]
    ],
    "vwap": [
      [
        0.0
      ],
      [
        0.0
      ],
      [
        0.0
      ],
      [
        0.0
      ],
      [
        0.0
      ],
      [
        0.0
      ]
    ]
  },
  "counts": {
    "trend": 1,
    "breakout": 0,
    "reversion": 9,
    "vwap": 0
  },
  "reward_sum": {
    "trend": 0.02888085058295854,
    "breakout": 0.0,
    "reversion": -1.1583344427797586,
    "vwap": 0.0
  },
  "disabled_until": {
    "trend": 0.0,
    "breakout": 0.0,
    "reversion": 0.0,
    "vwap": 0.0
  },
  "_snapshot_time": "2025-09-25T16:40:00.439619"
}