{
  "arms": [
    "trend",
    "breakout",
    "reversion",
    "vwap"
  ],
  "d": 6,
  "alpha": 0.6,
  "alpha_base": 0.6,
  "alpha_boost_until": 0.0,
  "A": {
    "trend": [
      [
        1.0204558445721492,
        0.012293078056188435,
        0.2237533337914802,
        0.047955708333249275,
        0.047955708333249275,
        0.0
      ],
      [
        0.012293078056188435,
        1.0073876083464808,
        0.13446607828531934,
        0.028819307054329914,
        0.028819307054329914,
        0.0
      ],
      [
        0.2237533337914802,
        0.13446607828531934,
        3.447493879131453,
        0.524556665262566,
        0.524556665262566,
        0.0
      ],
      [
        0.047955708333249275,
        0.028819307054329914,
        0.524556665262566,
        1.1124250799634412,
        0.11242507996344034,
        0.0
      ],
      [
        0.047955708333249275,
        0.028819307054329914,
        0.524556665262566,
        0.11242507996344034,
        1.1124250799634412,
        0.0
      ],
      [
        0.0,
        0.0,
        0.0,
        0.0,
        0.0,
        1.0
      ]
    ],
    "breakout": [
      [
        1.0,
        0.0,
        0.0,
        0.0,
        0.0,
        0.0
      ],
      [
        0.0,
        1.0,
        0.0,
        0.0,
        0.0,
        0.0
      ],
      [
        0.0,
        0.0,
        1.0,
        0.0,
        0.0,
        0.0
      ],
      [
        0.0,
        0.0,
        0.0,
        1.0,
        0.0,
        0.0
      ],
      [
        0.0,
        0.0,
        0.0,
        0.0,
        1.0,
        0.0
      ],
      [
        0.0,
        0.0,
        0.0,
        0.0,
        0.0,
        1.0
      ]
    ],
    "reversion": [
      [
        1.235907687799077,
        0.015372607015125798,
        0.39621588747683884,
        0.7411843822993369,
        0.7411843822993369,
        0.0
      ],
      [
        0.015372607015125798,
        1.001229266959189,
        0.031296556778632086,
        0.05143205851511932,
        0.05143205851511932,
        0.0
      ],
      [
        0.39621588747683884,
        0.031296556778632086,
        1.8467059380736375,
        1.3270160795299806,
        1.3270160795299806,
        0.0
      ],
      [
        0.7411843822993369,
        0.05143205851511932,
        1.3270160795299806,
        3.382401118698893,
        2.3824011186989087,
        0.0
      ],
      [
        0.7411843822993369,
        0.05143205851511932,
        1.3270160795299806,
        2.3824011186989087,
        3.382401118698893,
        0.0
      ],
      [
        0.0,
        0.0,
        0.0,
        0.0,
        0.0,
        1.0
      ]
    ],
    "vwap": [
      [
        1.0,
        0.0,
        0.0,
        0.0,
        0.0,
        0.0
      ],
      [
        0.0,
        1.0,
        0.0,
        0.0,
        0.0,
        0.0
      ],
      [
        0.0,
        0.0,
        1.0,
        0.0,
        0.0,
        0.0
      ],
      [
        0.0,
        0.0,
        0.0,
        1.0,
        0.0,
        0.0
      ],
      [
        0.0,
        0.0,
        0.0,
        0.0,
        1.0,
        0.0
      ],
      [
        0.0,
        0.0,
        0.0,
        0.0,
        0.0,
        1.0
      ]
    ]
  },
  "b": {
    "trend": [
      [
        0.04889223377342255
      ],
      [
        0.029382118347554654
      ],
      [
        0.5348007150098247
      ],
      [
        0.11462062562752713
      ],
      [
        0.11462062562752713
      ],
      [
        0.0
      ]
    ],
    "breakout": [
      [
        0.0
      ],
      [
        0.0
      ],
      [
        0.0
      ],
      [
        0.0
      ],
      [
        0.0
      ],
      [
        0.0
      ]
    ],
    "reversion": [
      [
        -0.006743284477580645
      ],
      [
        -0.04881998819112736
      ],
      [
        -1.3446468228005957
      ],
      [
        -0.8467721396607801
      ],
      [
        -0.8467721396607801
      ],
      [
        0.0
      ]
    ],
    "vwap": [
      [
        0.0
      ],
      [
        0.0
      ],
      [
        0.0
      ],
      [
        0.0
      ],
      [
        0.0
      ],
      [
        0.0
      ]
    ]
  },
  "counts": {
    "trend": 1,
    "breakout": 0,
    "reversion": 8,
    "vwap": 0
  },
  "reward_sum": {
    "trend": 0.11462062562752713,
    "breakout": 0.0,
    "reversion": -0.8467721396607801,
    "vwap": 0.0
  },
  "disabled_until": {
    "trend": 0.0,
    "breakout": 0.0,
    "reversion": 0.0,
    "vwap": 0.0
  },
  "_snapshot_time": "2025-09-23T06:34:00.817400"
}