{
  "arms": [
    "trend",
    "breakout",
    "reversion",
    "vwap"
  ],
  "d": 6,
  "alpha": 0.6,
  "alpha_base": 0.6,
  "alpha_boost_until": 0.0,
  "A": {
    "trend": [
      [
        1.005584641873282,
        0.0033561282802065835,
        0.0610868073801955,
        0.0130923685832724,
        0.0130923685832724,
        0.0
      ],
      [
        0.0033561282802065835,
        1.002016887973978,
        0.036710529779370546,
        0.007867947391117677,
        0.007867947391117677,
        0.0
      ],
      [
        0.0610868073801955,
        0.036710529779370546,
        1.6681893164462926,
        0.1432090035393794,
        0.1432090035393794,
        0.0
      ],
      [
        0.0130923685832724,
        0.007867947391117677,
        0.1432090035393794,
        1.0306931257204397,
        0.030693125720441184,
        0.0
      ],
      [
        0.0130923685832724,
        0.007867947391117677,
        0.1432090035393794,
        0.030693125720441184,
        1.0306931257204397,
        0.0
      ],
      [
        0.0,
        0.0,
        0.0,
        0.0,
        0.0,
        1.0
      ]
    ],
    "breakout": [
      [
        1.0,
        0.0,
        0.0,
        0.0,
        0.0,
        0.0
      ],
      [
        0.0,
        1.0,
        0.0,
        0.0,
        0.0,
        0.0
      ],
      [
        0.0,
        0.0,
        1.0,
        0.0,
        0.0,
        0.0
      ],
      [
        0.0,
        0.0,
        0.0,
        1.0,
        0.0,
        0.0
      ],
      [
        0.0,
        0.0,
        0.0,
        0.0,
        1.0,
        0.0
      ],
      [
        0.0,
        0.0,
        0.0,
        0.0,
        0.0,
        1.0
      ]
    ],
    "reversion": [
      [
        1.1491091072232877,
        0.013849822450621416,
        0.5617984642783295,
        0.47916115421403777,
        0.47916115421403777,
        0.0
      ],
      [
        0.013849822450621416,
        1.0014356613749382,
        0.06024010585486031,
        0.04558705588956738,
        0.04558705588956738,
        0.0
      ],
      [
        0.5617984642783295,
        0.06024010585486031,
        3.660536495345092,
        1.8447322150272154,
        1.8447322150272154,
        0.0
      ],
      [
        0.47916115421403777,
        0.04558705588956738,
        1.8447322150272154,
        2.555028848458327,
        1.5550288484583403,
        0.0
      ],
      [
        0.47916115421403777,
        0.04558705588956738,
        1.8447322150272154,
        1.5550288484583403,
        2.555028848458327,
        0.0
      ],
      [
        0.0,
        0.0,
        0.0,
        0.0,
        0.0,
        1.0
      ]
    ],
    "vwap": [
      [
        1.0,
        0.0,
        0.0,
        0.0,
        0.0,
        0.0
      ],
      [
        0.0,
        1.0,
        0.0,
        0.0,
        0.0,
        0.0
      ],
      [
        0.0,
        0.0,
        1.0,
        0.0,
        0.0,
        0.0
      ],
      [
        0.0,
        0.0,
        0.0,
        1.0,
        0.0,
        0.0
      ],
      [
        0.0,
        0.0,
        0.0,
        0.0,
        1.0,
        0.0
      ],
      [
        0.0,
        0.0,
        0.0,
        0.0,
        0.0,
        1.0
      ]
    ]
  },
  "b": {
    "trend": [
      [
        0.013348049015832237
      ],
      [
        0.008021600275202332
      ],
      [
        0.14600572742769075
      ],
      [
        0.03129253075635225
      ],
      [
        0.03129253075635225
      ],
      [
        0.0
      ]
    ],
    "breakout": [
      [
        0.0
      ],
      [
        0.0
      ],
      [
        0.0
      ],
      [
        0.0
      ],
      [
        0.0
      ],
      [
        0.0
      ]
    ],
    "reversion": [
      [
        -0.3151492563146763
      ],
      [
        -0.049033233286322114
      ],
      [
        -2.0450062505013125
      ],
      [
        -1.2550605486050266
      ],
      [
        -1.2550605486050266
      ],
      [
        0.0
      ]
    ],
    "vwap": [
      [
        0.0
      ],
      [
        0.0
      ],
      [
        0.0
      ],
      [
        0.0
      ],
      [
        0.0
      ],
      [
        0.0
      ]
    ]
  },
  "counts": {
    "trend": 1,
    "breakout": 0,
    "reversion": 9,
    "vwap": 0
  },
  "reward_sum": {
    "trend": 0.03129253075635225,
    "breakout": 0.0,
    "reversion": -1.2550605486050266,
    "vwap": 0.0
  },
  "disabled_until": {
    "trend": 0.0,
    "breakout": 0.0,
    "reversion": 0.0,
    "vwap": 0.0
  },
  "_snapshot_time": "2025-09-25T12:03:00.726928"
}