{
  "arms": [
    "trend",
    "breakout",
    "reversion",
    "vwap"
  ],
  "d": 6,
  "alpha": 0.6,
  "alpha_base": 0.6,
  "alpha_boost_until": 0.0,
  "A": {
    "trend": [
      [
        1.0173372048140217,
        0.010418910414731157,
        0.1896405382862832,
        0.04064451772903002,
        0.04064451772903002,
        0.0
      ],
      [
        0.010418910414731157,
        1.0062613146348935,
        0.11396576325891783,
        0.02442559764456526,
        0.02442559764456526,
        0.0
      ],
      [
        0.1896405382862832,
        0.11396576325891783,
        3.074355938416611,
        0.44458425122172845,
        0.44458425122172845,
        0.0
      ],
      [
        0.04064451772903002,
        0.02442559764456526,
        0.44458425122172845,
        1.0952850727176835,
        0.09528507271768329,
        0.0
      ],
      [
        0.04064451772903002,
        0.02442559764456526,
        0.44458425122172845,
        0.09528507271768329,
        1.0952850727176835,
        0.0
      ],
      [
        0.0,
        0.0,
        0.0,
        0.0,
        0.0,
        1.0
      ]
    ],
    "breakout": [
      [
        1.0,
        0.0,
        0.0,
        0.0,
        0.0,
        0.0
      ],
      [
        0.0,
        1.0,
        0.0,
        0.0,
        0.0,
        0.0
      ],
      [
        0.0,
        0.0,
        1.0,
        0.0,
        0.0,
        0.0
      ],
      [
        0.0,
        0.0,
        0.0,
        1.0,
        0.0,
        0.0
      ],
      [
        0.0,
        0.0,
        0.0,
        0.0,
        1.0,
        0.0
      ],
      [
        0.0,
        0.0,
        0.0,
        0.0,
        0.0,
        1.0
      ]
    ],
    "reversion": [
      [
        1.1999418741254648,
        0.013028943166177545,
        0.33580994260719316,
        0.6281855239735628,
        0.6281855239735628,
        0.0
      ],
      [
        0.013028943166177545,
        1.0010418564223742,
        0.026525172936811028,
        0.04359087347082126,
        0.04359087347082126,
        0.0
      ],
      [
        0.33580994260719316,
        0.026525172936811028,
        1.7176195641228515,
        1.124702990441884,
        1.124702990441884,
        0.0
      ],
      [
        0.6281855239735628,
        0.04359087347082126,
        1.124702990441884,
        3.0191870347055523,
        2.0191870347055683,
        0.0
      ],
      [
        0.6281855239735628,
        0.04359087347082126,
        1.124702990441884,
        2.0191870347055683,
        3.0191870347055523,
        0.0
      ],
      [
        0.0,
        0.0,
        0.0,
        0.0,
        0.0,
        1.0
      ]
    ],
    "vwap": [
      [
        1.0,
        0.0,
        0.0,
        0.0,
        0.0,
        0.0
      ],
      [
        0.0,
        1.0,
        0.0,
        0.0,
        0.0,
        0.0
      ],
      [
        0.0,
        0.0,
        1.0,
        0.0,
        0.0,
        0.0
      ],
      [
        0.0,
        0.0,
        0.0,
        1.0,
        0.0,
        0.0
      ],
      [
        0.0,
        0.0,
        0.0,
        0.0,
        1.0,
        0.0
      ],
      [
        0.0,
        0.0,
        0.0,
        0.0,
        0.0,
        1.0
      ]
    ]
  },
  "b": {
    "trend": [
      [
        0.04143826316997512
      ],
      [
        0.024902604332207295
      ],
      [
        0.4532665223431592
      ],
      [
        0.09714589174779241
      ],
      [
        0.09714589174779241
      ],
      [
        0.0
      ]
    ],
    "breakout": [
      [
        0.0
      ],
      [
        0.0
      ],
      [
        0.0
      ],
      [
        0.0
      ],
      [
        0.0
      ],
      [
        0.0
      ]
    ],
    "reversion": [
      [
        -0.005715222546528262
      ],
      [
        -0.0413770319432349
      ],
      [
        -1.1396458008464094
      ],
      [
        -0.7176756728047129
      ],
      [
        -0.7176756728047129
      ],
      [
        0.0
      ]
    ],
    "vwap": [
      [
        0.0
      ],
      [
        0.0
      ],
      [
        0.0
      ],
      [
        0.0
      ],
      [
        0.0
      ],
      [
        0.0
      ]
    ]
  },
  "counts": {
    "trend": 1,
    "breakout": 0,
    "reversion": 8,
    "vwap": 0
  },
  "reward_sum": {
    "trend": 0.09714589174779241,
    "breakout": 0.0,
    "reversion": -0.7176756728047129,
    "vwap": 0.0
  },
  "disabled_until": {
    "trend": 0.0,
    "breakout": 0.0,
    "reversion": 0.0,
    "vwap": 0.0
  },
  "_snapshot_time": "2025-09-23T12:08:00.815226"
}