{
  "arms": [
    "trend",
    "breakout",
    "reversion",
    "vwap"
  ],
  "d": 6,
  "alpha": 0.6,
  "alpha_base": 0.6,
  "alpha_boost_until": 0.0,
  "A": {
    "trend": [
      [
        1.0145474510951091,
        0.00874238906147232,
        0.159125215740566,
        0.03410435190043419,
        0.03410435190043419,
        0.0
      ],
      [
        0.00874238906147232,
        1.0052537977960867,
        0.09562737392274775,
        0.020495240785049145,
        0.020495240785049145,
        0.0
      ],
      [
        0.159125215740566,
        0.09562737392274775,
        2.740568441779948,
        0.37304558155028456,
        0.37304558155028456,
        0.0
      ],
      [
        0.03410435190043419,
        0.020495240785049145,
        0.37304558155028456,
        1.0799526192557396,
        0.07995261925574046,
        0.0
      ],
      [
        0.03410435190043419,
        0.020495240785049145,
        0.37304558155028456,
        0.07995261925574046,
        1.0799526192557396,
        0.0
      ],
      [
        0.0,
        0.0,
        0.0,
        0.0,
        0.0,
        1.0
      ]
    ],
    "breakout": [
      [
        1.0,
        0.0,
        0.0,
        0.0,
        0.0,
        0.0
      ],
      [
        0.0,
        1.0,
        0.0,
        0.0,
        0.0,
        0.0
      ],
      [
        0.0,
        0.0,
        1.0,
        0.0,
        0.0,
        0.0
      ],
      [
        0.0,
        0.0,
        0.0,
        1.0,
        0.0,
        0.0
      ],
      [
        0.0,
        0.0,
        0.0,
        0.0,
        1.0,
        0.0
      ],
      [
        0.0,
        0.0,
        0.0,
        0.0,
        0.0,
        1.0
      ]
    ],
    "reversion": [
      [
        1.167768949314826,
        0.010932437815905175,
        0.28177429809089366,
        0.5271033183658911,
        0.5271033183658911,
        0.0
      ],
      [
        0.010932437815905175,
        1.0008742098576557,
        0.022256970499388056,
        0.03657660544547115,
        0.03657660544547115,
        0.0
      ],
      [
        0.28177429809089366,
        0.022256970499388056,
        1.6021464028345838,
        0.9437254693295153,
        0.9437254693295153,
        0.0
      ],
      [
        0.5271033183658911,
        0.03657660544547115,
        0.9437254693295153,
        2.694276843029369,
        1.6942768430293862,
        0.0
      ],
      [
        0.5271033183658911,
        0.03657660544547115,
        0.9437254693295153,
        1.6942768430293862,
        2.694276843029369,
        0.0
      ],
      [
        0.0,
        0.0,
        0.0,
        0.0,
        0.0,
        1.0
      ]
    ],
    "vwap": [
      [
        1.0,
        0.0,
        0.0,
        0.0,
        0.0,
        0.0
      ],
      [
        0.0,
        1.0,
        0.0,
        0.0,
        0.0,
        0.0
      ],
      [
        0.0,
        0.0,
        1.0,
        0.0,
        0.0,
        0.0
      ],
      [
        0.0,
        0.0,
        0.0,
        1.0,
        0.0,
        0.0
      ],
      [
        0.0,
        0.0,
        0.0,
        0.0,
        1.0,
        0.0
      ],
      [
        0.0,
        0.0,
        0.0,
        0.0,
        0.0,
        1.0
      ]
    ]
  },
  "b": {
    "trend": [
      [
        0.034770374659464795
      ],
      [
        0.020895491663720192
      ],
      [
        0.3803307763604265
      ],
      [
        0.08151401130986587
      ],
      [
        0.08151401130986587
      ],
      [
        0.0
      ]
    ],
    "breakout": [
      [
        0.0
      ],
      [
        0.0
      ],
      [
        0.0
      ],
      [
        0.0
      ],
      [
        0.0
      ],
      [
        0.0
      ]
    ],
    "reversion": [
      [
        -0.004795578144525001
      ],
      [
        -0.03471899623450804
      ],
      [
        -0.9562638113468801
      ],
      [
        -0.6021934829904767
      ],
      [
        -0.6021934829904767
      ],
      [
        0.0
      ]
    ],
    "vwap": [
      [
        0.0
      ],
      [
        0.0
      ],
      [
        0.0
      ],
      [
        0.0
      ],
      [
        0.0
      ],
      [
        0.0
      ]
    ]
  },
  "counts": {
    "trend": 1,
    "breakout": 0,
    "reversion": 8,
    "vwap": 0
  },
  "reward_sum": {
    "trend": 0.08151401130986587,
    "breakout": 0.0,
    "reversion": -0.6021934829904767,
    "vwap": 0.0
  },
  "disabled_until": {
    "trend": 0.0,
    "breakout": 0.0,
    "reversion": 0.0,
    "vwap": 0.0
  },
  "_snapshot_time": "2025-09-23T19:27:00.573922"
}