{
  "arms": [
    "trend",
    "breakout",
    "reversion",
    "vwap"
  ],
  "d": 6,
  "alpha": 0.6,
  "alpha_base": 0.6,
  "alpha_boost_until": 0.0,
  "A": {
    "trend": [
      [
        1.1613274049354825,
        0.09695079440397608,
        1.7646567737118974,
        0.37820828907641846,
        0.37820828907641846,
        0.0
      ],
      [
        0.09695079440397608,
        1.0582632351851262,
        1.0604824154342867,
        0.22728682762108107,
        0.22728682762108107,
        0.0
      ],
      [
        1.7646567737118974,
        1.0604824154342867,
        20.302446042894097,
        4.136977344051349,
        4.136977344051349,
        0.0
      ],
      [
        0.37820828907641846,
        0.22728682762108107,
        4.136977344051349,
        1.8866535105013074,
        0.8866535105013078,
        0.0
      ],
      [
        0.37820828907641846,
        0.22728682762108107,
        4.136977344051349,
        0.8866535105013078,
        1.8866535105013074,
        0.0
      ],
      [
        0.0,
        0.0,
        0.0,
        0.0,
        0.0,
        1.0
      ]
    ],
    "breakout": [
      [
        1.0,
        0.0,
        0.0,
        0.0,
        0.0,
        0.0
      ],
      [
        0.0,
        1.0,
        0.0,
        0.0,
        0.0,
        0.0
      ],
      [
        0.0,
        0.0,
        1.0,
        0.0,
        0.0,
        0.0
      ],
      [
        0.0,
        0.0,
        0.0,
        1.0,
        0.0,
        0.0
      ],
      [
        0.0,
        0.0,
        0.0,
        0.0,
        1.0,
        0.0
      ],
      [
        0.0,
        0.0,
        0.0,
        0.0,
        0.0,
        1.0
      ]
    ],
    "reversion": [
      [
        1.131216765516053,
        0.013302749385975664,
        0.3749672512607008,
        0.4510603100981371,
        0.4510603100981371,
        0.0
      ],
      [
        0.013302749385975664,
        1.0014437885821892,
        0.038776739011316244,
        0.045270460459478835,
        0.045270460459478835,
        0.0
      ],
      [
        0.3749672512607008,
        0.038776739011316244,
        2.0776240037745275,
        1.2852871053796455,
        1.2852871053796455,
        0.0
      ],
      [
        0.4510603100981371,
        0.045270460459478835,
        1.2852871053796455,
        2.5527335513519347,
        1.552733551351941,
        0.0
      ],
      [
        0.4510603100981371,
        0.045270460459478835,
        1.2852871053796455,
        1.552733551351941,
        2.5527335513519347,
        0.0
      ],
      [
        0.0,
        0.0,
        0.0,
        0.0,
        0.0,
        1.0
      ]
    ],
    "vwap": [
      [
        1.0,
        0.0,
        0.0,
        0.0,
        0.0,
        0.0
      ],
      [
        0.0,
        1.0,
        0.0,
        0.0,
        0.0,
        0.0
      ],
      [
        0.0,
        0.0,
        1.0,
        0.0,
        0.0,
        0.0
      ],
      [
        0.0,
        0.0,
        0.0,
        1.0,
        0.0,
        0.0
      ],
      [
        0.0,
        0.0,
        0.0,
        0.0,
        1.0,
        0.0
      ],
      [
        0.0,
        0.0,
        0.0,
        0.0,
        0.0,
        1.0
      ]
    ]
  },
  "b": {
    "trend": [
      [
        0.38559430623089525
      ],
      [
        0.23172550455197377
      ],
      [
        4.217768237623409
      ],
      [
        0.9039689375498049
      ],
      [
        0.9039689375498049
      ],
      [
        0.0
      ]
    ],
    "breakout": [
      [
        0.0
      ],
      [
        0.0
      ],
      [
        0.0
      ],
      [
        0.0
      ],
      [
        0.0
      ],
      [
        0.0
      ]
    ],
    "reversion": [
      [
        0.1798288333162053
      ],
      [
        0.019566254478789884
      ],
      [
        0.52458224204882
      ],
      [
        0.6117385550687935
      ],
      [
        0.6117385550687935
      ],
      [
        0.0
      ]
    ],
    "vwap": [
      [
        0.0
      ],
      [
        0.0
      ],
      [
        0.0
      ],
      [
        0.0
      ],
      [
        0.0
      ],
      [
        0.0
      ]
    ]
  },
  "counts": {
    "trend": 1,
    "breakout": 0,
    "reversion": 2,
    "vwap": 0
  },
  "reward_sum": {
    "trend": 0.9039689375498049,
    "breakout": 0.0,
    "reversion": 0.6117385550687935,
    "vwap": 0.0
  },
  "disabled_until": {
    "trend": 0.0,
    "breakout": 0.0,
    "reversion": 0.0,
    "vwap": 0.0
  },
  "_snapshot_time": "2025-09-17T21:07:00.111078"
}