{
  "arms": [
    "trend",
    "breakout",
    "reversion",
    "vwap"
  ],
  "d": 6,
  "alpha": 0.6,
  "alpha_base": 0.6,
  "alpha_boost_until": 0.0,
  "A": {
    "trend": [
      [
        1.0062670689261397,
        0.0037662374301292803,
        0.06855143821505782,
        0.01469221808301499,
        0.01469221808301499,
        0.0
      ],
      [
        0.0037662374301292803,
        1.002263345839543,
        0.04119645013283892,
        0.008829387761331764,
        0.008829387761331764,
        0.0
      ],
      [
        0.06855143821505782,
        0.04119645013283892,
        1.7498401145315046,
        0.1607087287582248,
        0.1607087287582248,
        0.0
      ],
      [
        0.01469221808301499,
        0.008829387761331764,
        0.1607087287582248,
        1.0344437367360908,
        0.034443736736092176,
        0.0
      ],
      [
        0.01469221808301499,
        0.008829387761331764,
        0.1607087287582248,
        0.034443736736092176,
        1.0344437367360908,
        0.0
      ],
      [
        0.0,
        0.0,
        0.0,
        0.0,
        0.0,
        1.0
      ]
    ],
    "breakout": [
      [
        1.0,
        0.0,
        0.0,
        0.0,
        0.0,
        0.0
      ],
      [
        0.0,
        1.0,
        0.0,
        0.0,
        0.0,
        0.0
      ],
      [
        0.0,
        0.0,
        1.0,
        0.0,
        0.0,
        0.0
      ],
      [
        0.0,
        0.0,
        0.0,
        1.0,
        0.0,
        0.0
      ],
      [
        0.0,
        0.0,
        0.0,
        0.0,
        1.0,
        0.0
      ],
      [
        0.0,
        0.0,
        0.0,
        0.0,
        0.0,
        1.0
      ]
    ],
    "reversion": [
      [
        1.0722751746782304,
        0.004709714497410928,
        0.12138889048019626,
        0.22707708764915568,
        0.22707708764915568,
        0.0
      ],
      [
        0.004709714497410928,
        1.0003766112288695,
        0.009588344191348694,
        0.01575726949775035,
        0.01575726949775035,
        0.0
      ],
      [
        0.12138889048019626,
        0.009588344191348694,
        1.259405787688816,
        0.4065586833716777,
        0.4065586833716777,
        0.0
      ],
      [
        0.22707708764915568,
        0.01575726949775035,
        0.4065586833716777,
        1.7298976078906958,
        0.7298976078907085,
        0.0
      ],
      [
        0.22707708764915568,
        0.01575726949775035,
        0.4065586833716777,
        0.7298976078907085,
        1.7298976078906958,
        0.0
      ],
      [
        0.0,
        0.0,
        0.0,
        0.0,
        0.0,
        1.0
      ]
    ],
    "vwap": [
      [
        1.0,
        0.0,
        0.0,
        0.0,
        0.0,
        0.0
      ],
      [
        0.0,
        1.0,
        0.0,
        0.0,
        0.0,
        0.0
      ],
      [
        0.0,
        0.0,
        1.0,
        0.0,
        0.0,
        0.0
      ],
      [
        0.0,
        0.0,
        0.0,
        1.0,
        0.0,
        0.0
      ],
      [
        0.0,
        0.0,
        0.0,
        0.0,
        1.0,
        0.0
      ],
      [
        0.0,
        0.0,
        0.0,
        0.0,
        0.0,
        1.0
      ]
    ]
  },
  "b": {
    "trend": [
      [
        0.014979141923482507
      ],
      [
        0.009001816582571969
      ],
      [
        0.16384720420089965
      ],
      [
        0.03511638733034098
      ],
      [
        0.03511638733034098
      ],
      [
        0.0
      ]
    ],
    "breakout": [
      [
        0.0
      ],
      [
        0.0
      ],
      [
        0.0
      ],
      [
        0.0
      ],
      [
        0.0
      ],
      [
        0.0
      ]
    ],
    "reversion": [
      [
        -0.0020659439633744997
      ],
      [
        -0.014957008002672923
      ],
      [
        -0.41196022437900576
      ],
      [
        -0.2594260699073371
      ],
      [
        -0.2594260699073371
      ],
      [
        0.0
      ]
    ],
    "vwap": [
      [
        0.0
      ],
      [
        0.0
      ],
      [
        0.0
      ],
      [
        0.0
      ],
      [
        0.0
      ],
      [
        0.0
      ]
    ]
  },
  "counts": {
    "trend": 1,
    "breakout": 0,
    "reversion": 8,
    "vwap": 0
  },
  "reward_sum": {
    "trend": 0.03511638733034098,
    "breakout": 0.0,
    "reversion": -0.2594260699073371,
    "vwap": 0.0
  },
  "disabled_until": {
    "trend": 0.0,
    "breakout": 0.0,
    "reversion": 0.0,
    "vwap": 0.0
  },
  "_snapshot_time": "2025-09-25T08:14:00.845071"
}