{
  "arms": [
    "trend",
    "breakout",
    "reversion",
    "vwap"
  ],
  "d": 6,
  "alpha": 0.6,
  "alpha_base": 0.6,
  "alpha_boost_until": 0.0,
  "A": {
    "trend": [
      [
        1.0038346557702131,
        0.0023044623034540867,
        0.041944834372468126,
        0.008989784461165076,
        0.008989784461165076,
        0.0
      ],
      [
        0.0023044623034540867,
        1.0013848821970637,
        0.025207031720247797,
        0.005402471733671201,
        0.005402471733671201,
        0.0
      ],
      [
        0.041944834372468126,
        0.025207031720247797,
        1.4588075790793225,
        0.09833347316253613,
        0.09833347316253613,
        0.0
      ],
      [
        0.008989784461165076,
        0.005402471733671201,
        0.09833347316253613,
        1.0210752227842659,
        0.021075222784267326,
        0.0
      ],
      [
        0.008989784461165076,
        0.005402471733671201,
        0.09833347316253613,
        0.021075222784267326,
        1.0210752227842659,
        0.0
      ],
      [
        0.0,
        0.0,
        0.0,
        0.0,
        0.0,
        1.0
      ]
    ],
    "breakout": [
      [
        1.0,
        0.0,
        0.0,
        0.0,
        0.0,
        0.0
      ],
      [
        0.0,
        1.0,
        0.0,
        0.0,
        0.0,
        0.0
      ],
      [
        0.0,
        0.0,
        1.0,
        0.0,
        0.0,
        0.0
      ],
      [
        0.0,
        0.0,
        0.0,
        1.0,
        0.0,
        0.0
      ],
      [
        0.0,
        0.0,
        0.0,
        0.0,
        1.0,
        0.0
      ],
      [
        0.0,
        0.0,
        0.0,
        0.0,
        0.0,
        1.0
      ]
    ],
    "reversion": [
      [
        1.10238473860618,
        0.009509884927588214,
        0.38575503525989074,
        0.32901269706467573,
        0.32901269706467573,
        0.0
      ],
      [
        0.009509884927588214,
        1.000985786967256,
        0.04136345261810564,
        0.031302037065310304,
        0.031302037065310304,
        0.0
      ],
      [
        0.38575503525989074,
        0.04136345261810564,
        2.8268390087011794,
        1.2666726342283625,
        1.2666726342283625,
        0.0
      ],
      [
        0.32901269706467573,
        0.031302037065310304,
        1.2666726342283625,
        2.067749818500748,
        1.0677498185007646,
        0.0
      ],
      [
        0.32901269706467573,
        0.031302037065310304,
        1.2666726342283625,
        1.0677498185007646,
        2.067749818500748,
        0.0
      ],
      [
        0.0,
        0.0,
        0.0,
        0.0,
        0.0,
        1.0
      ]
    ],
    "vwap": [
      [
        1.0,
        0.0,
        0.0,
        0.0,
        0.0,
        0.0
      ],
      [
        0.0,
        1.0,
        0.0,
        0.0,
        0.0,
        0.0
      ],
      [
        0.0,
        0.0,
        1.0,
        0.0,
        0.0,
        0.0
      ],
      [
        0.0,
        0.0,
        0.0,
        1.0,
        0.0,
        0.0
      ],
      [
        0.0,
        0.0,
        0.0,
        0.0,
        1.0,
        0.0
      ],
      [
        0.0,
        0.0,
        0.0,
        0.0,
        0.0,
        1.0
      ]
    ]
  },
  "b": {
    "trend": [
      [
        0.009165345664245409
      ],
      [
        0.005507976425276224
      ],
      [
        0.10025382430399679
      ],
      [
        0.021486800112197307
      ],
      [
        0.021486800112197307
      ],
      [
        0.0
      ]
    ],
    "breakout": [
      [
        0.0
      ],
      [
        0.0
      ],
      [
        0.0
      ],
      [
        0.0
      ],
      [
        0.0
      ],
      [
        0.0
      ]
    ],
    "reversion": [
      [
        -0.216395060171555
      ],
      [
        -0.03366833097268976
      ],
      [
        -1.4041894174313783
      ],
      [
        -0.8617786572313791
      ],
      [
        -0.8617786572313791
      ],
      [
        0.0
      ]
    ],
    "vwap": [
      [
        0.0
      ],
      [
        0.0
      ],
      [
        0.0
      ],
      [
        0.0
      ],
      [
        0.0
      ],
      [
        0.0
      ]
    ]
  },
  "counts": {
    "trend": 1,
    "breakout": 0,
    "reversion": 9,
    "vwap": 0
  },
  "reward_sum": {
    "trend": 0.021486800112197307,
    "breakout": 0.0,
    "reversion": -0.8617786572313791,
    "vwap": 0.0
  },
  "disabled_until": {
    "trend": 0.0,
    "breakout": 0.0,
    "reversion": 0.0,
    "vwap": 0.0
  },
  "_snapshot_time": "2025-09-26T03:41:00.229914"
}