{
  "arms": [
    "trend",
    "breakout",
    "reversion",
    "vwap"
  ],
  "d": 6,
  "alpha": 0.6,
  "alpha_base": 0.6,
  "alpha_boost_until": 0.0,
  "A": {
    "trend": [
      [
        1.1320174615310785,
        0.07933678580990608,
        1.4440541446274018,
        0.3094954528887933,
        0.3094954528887933,
        0.0
      ],
      [
        0.07933678580990608,
        1.0476779776678664,
        0.8678140985406035,
        0.18599338428574275,
        0.18599338428574275,
        0.0
      ],
      [
        1.4440541446274018,
        0.8678140985406035,
        16.7955799818547,
        3.385371800852161,
        3.385371800852161,
        0.0
      ],
      [
        0.3094954528887933,
        0.18599338428574275,
        3.385371800852161,
        1.7255664080186084,
        0.7255664080186093,
        0.0
      ],
      [
        0.3094954528887933,
        0.18599338428574275,
        3.385371800852161,
        0.7255664080186093,
        1.7255664080186084,
        0.0
      ],
      [
        0.0,
        0.0,
        0.0,
        0.0,
        0.0,
        1.0
      ]
    ],
    "breakout": [
      [
        1.0,
        0.0,
        0.0,
        0.0,
        0.0,
        0.0
      ],
      [
        0.0,
        1.0,
        0.0,
        0.0,
        0.0,
        0.0
      ],
      [
        0.0,
        0.0,
        1.0,
        0.0,
        0.0,
        0.0
      ],
      [
        0.0,
        0.0,
        0.0,
        1.0,
        0.0,
        0.0
      ],
      [
        0.0,
        0.0,
        0.0,
        0.0,
        1.0,
        0.0
      ],
      [
        0.0,
        0.0,
        0.0,
        0.0,
        0.0,
        1.0
      ]
    ],
    "reversion": [
      [
        1.1073773194373002,
        0.010885907487465905,
        0.3068432464311962,
        0.3691117275480324,
        0.3691117275480324,
        0.0
      ],
      [
        0.010885907487465905,
        1.001181481247308,
        0.031731785760604966,
        0.037045728681952904,
        0.037045728681952904,
        0.0
      ],
      [
        0.3068432464311962,
        0.031731785760604966,
        1.8818414051857095,
        1.051776299623154,
        1.051776299623154,
        0.0
      ],
      [
        0.3691117275480324,
        0.037045728681952904,
        1.051776299623154,
        2.270633107658277,
        1.2706331076582866,
        0.0
      ],
      [
        0.3691117275480324,
        0.037045728681952904,
        1.051776299623154,
        1.2706331076582866,
        2.270633107658277,
        0.0
      ],
      [
        0.0,
        0.0,
        0.0,
        0.0,
        0.0,
        1.0
      ]
    ],
    "vwap": [
      [
        1.0,
        0.0,
        0.0,
        0.0,
        0.0,
        0.0
      ],
      [
        0.0,
        1.0,
        0.0,
        0.0,
        0.0,
        0.0
      ],
      [
        0.0,
        0.0,
        1.0,
        0.0,
        0.0,
        0.0
      ],
      [
        0.0,
        0.0,
        0.0,
        1.0,
        0.0,
        0.0
      ],
      [
        0.0,
        0.0,
        0.0,
        0.0,
        1.0,
        0.0
      ],
      [
        0.0,
        0.0,
        0.0,
        0.0,
        0.0,
        1.0
      ]
    ]
  },
  "b": {
    "trend": [
      [
        0.31553957934052024
      ],
      [
        0.1896256429290115
      ],
      [
        3.451484614657581
      ],
      [
        0.7397359703764944
      ],
      [
        0.7397359703764944
      ],
      [
        0.0
      ]
    ],
    "breakout": [
      [
        0.0
      ],
      [
        0.0
      ],
      [
        0.0
      ],
      [
        0.0
      ],
      [
        0.0
      ],
      [
        0.0
      ]
    ],
    "reversion": [
      [
        0.1471575526426834
      ],
      [
        0.016011459733043777
      ],
      [
        0.42927620379973624
      ],
      [
        0.5005979684181312
      ],
      [
        0.5005979684181312
      ],
      [
        0.0
      ]
    ],
    "vwap": [
      [
        0.0
      ],
      [
        0.0
      ],
      [
        0.0
      ],
      [
        0.0
      ],
      [
        0.0
      ],
      [
        0.0
      ]
    ]
  },
  "counts": {
    "trend": 1,
    "breakout": 0,
    "reversion": 2,
    "vwap": 0
  },
  "reward_sum": {
    "trend": 0.7397359703764944,
    "breakout": 0.0,
    "reversion": 0.5005979684181312,
    "vwap": 0.0
  },
  "disabled_until": {
    "trend": 0.0,
    "breakout": 0.0,
    "reversion": 0.0,
    "vwap": 0.0
  },
  "_snapshot_time": "2025-09-18T03:56:00.871242"
}