{
  "arms": [
    "trend",
    "breakout",
    "reversion",
    "vwap"
  ],
  "d": 6,
  "alpha": 0.6,
  "alpha_base": 0.6,
  "alpha_boost_until": 0.0,
  "A": {
    "trend": [
      [
        1.0543646591839924,
        0.03267080938602801,
        0.5946600586424924,
        0.12744991927703803,
        0.12744991927703803,
        0.0
      ],
      [
        0.03267080938602801,
        1.0196337437217378,
        0.35736498153404805,
        0.07659189042043386,
        0.07659189042043386,
        0.0
      ],
      [
        0.5946600586424924,
        0.35736498153404805,
        7.504604105911555,
        1.3940927361423983,
        1.3940927361423983,
        0.0
      ],
      [
        0.12744991927703803,
        0.07659189042043386,
        1.3940927361423983,
        1.2987875242397475,
        0.2987875242397482,
        0.0
      ],
      [
        0.12744991927703803,
        0.07659189042043386,
        1.3940927361423983,
        0.2987875242397482,
        1.2987875242397475,
        0.0
      ],
      [
        0.0,
        0.0,
        0.0,
        0.0,
        0.0,
        1.0
      ]
    ],
    "breakout": [
      [
        1.0,
        0.0,
        0.0,
        0.0,
        0.0,
        0.0
      ],
      [
        0.0,
        1.0,
        0.0,
        0.0,
        0.0,
        0.0
      ],
      [
        0.0,
        0.0,
        1.0,
        0.0,
        0.0,
        0.0
      ],
      [
        0.0,
        0.0,
        0.0,
        1.0,
        0.0,
        0.0
      ],
      [
        0.0,
        0.0,
        0.0,
        0.0,
        1.0,
        0.0
      ],
      [
        0.0,
        0.0,
        0.0,
        0.0,
        0.0,
        1.0
      ]
    ],
    "reversion": [
      [
        1.4659646542114317,
        0.032929100567337215,
        0.8331537147212122,
        1.5138613132731453,
        1.5138613132731453,
        0.0
      ],
      [
        0.032929100567337215,
        1.0028767663078386,
        0.07235202364296124,
        0.11424186495383981,
        0.11424186495383981,
        0.0
      ],
      [
        0.8331537147212122,
        0.07235202364296124,
        2.9500315328404407,
        2.904120212043038,
        2.904120212043038,
        0.0
      ],
      [
        1.5138613132731453,
        0.11424186495383981,
        2.904120212043038,
        6.040322439343582,
        5.040322439343591,
        0.0
      ],
      [
        1.5138613132731453,
        0.11424186495383981,
        2.904120212043038,
        5.040322439343591,
        6.040322439343582,
        0.0
      ],
      [
        0.0,
        0.0,
        0.0,
        0.0,
        0.0,
        1.0
      ]
    ],
    "vwap": [
      [
        1.0,
        0.0,
        0.0,
        0.0,
        0.0,
        0.0
      ],
      [
        0.0,
        1.0,
        0.0,
        0.0,
        0.0,
        0.0
      ],
      [
        0.0,
        0.0,
        1.0,
        0.0,
        0.0,
        0.0
      ],
      [
        0.0,
        0.0,
        0.0,
        1.0,
        0.0,
        0.0
      ],
      [
        0.0,
        0.0,
        0.0,
        0.0,
        1.0,
        0.0
      ],
      [
        0.0,
        0.0,
        0.0,
        0.0,
        0.0,
        1.0
      ]
    ]
  },
  "b": {
    "trend": [
      [
        0.12993888453059085
      ],
      [
        0.07808765091241202
      ],
      [
        1.4213179270265637
      ],
      [
        0.30462253590743943
      ],
      [
        0.30462253590743943
      ],
      [
        0.0
      ]
    ],
    "breakout": [
      [
        0.0
      ],
      [
        0.0
      ],
      [
        0.0
      ],
      [
        0.0
      ],
      [
        0.0
      ],
      [
        0.0
      ]
    ],
    "reversion": [
      [
        -0.48113118575750524
      ],
      [
        -0.15255109793986057
      ],
      [
        -4.2061570157772765
      ],
      [
        -3.56226776312873
      ],
      [
        -3.56226776312873
      ],
      [
        0.0
      ]
    ],
    "vwap": [
      [
        0.0
      ],
      [
        0.0
      ],
      [
        0.0
      ],
      [
        0.0
      ],
      [
        0.0
      ],
      [
        0.0
      ]
    ]
  },
  "counts": {
    "trend": 1,
    "breakout": 0,
    "reversion": 7,
    "vwap": 0
  },
  "reward_sum": {
    "trend": 0.30462253590743943,
    "breakout": 0.0,
    "reversion": -3.56226776312873,
    "vwap": 0.0
  },
  "disabled_until": {
    "trend": 0.0,
    "breakout": 0.0,
    "reversion": 0.0,
    "vwap": 0.0
  },
  "_snapshot_time": "2025-09-19T11:30:00.784038"
}