{
  "arms": [
    "trend",
    "breakout",
    "reversion",
    "vwap"
  ],
  "d": 6,
  "alpha": 0.6,
  "alpha_base": 0.6,
  "alpha_boost_until": 0.0,
  "A": {
    "trend": [
      [
        1.0151426630934766,
        0.009100085734914389,
        0.1656358571603116,
        0.03549973857779496,
        0.03549973857779496,
        0.0
      ],
      [
        0.009100085734914389,
        1.0054687580296546,
        0.0995399878892105,
        0.021333807840193644,
        0.021333807840193644,
        0.0
      ],
      [
        0.1656358571603116,
        0.0995399878892105,
        2.811784162922664,
        0.38830881939345674,
        0.38830881939345674,
        0.0
      ],
      [
        0.03549973857779496,
        0.021333807840193644,
        0.38830881939345674,
        1.0832238973628643,
        0.0832238973628649,
        0.0
      ],
      [
        0.03549973857779496,
        0.021333807840193644,
        0.38830881939345674,
        0.0832238973628649,
        1.0832238973628643,
        0.0
      ],
      [
        0.0,
        0.0,
        0.0,
        0.0,
        0.0,
        1.0
      ]
    ],
    "breakout": [
      [
        1.0,
        0.0,
        0.0,
        0.0,
        0.0,
        0.0
      ],
      [
        0.0,
        1.0,
        0.0,
        0.0,
        0.0,
        0.0
      ],
      [
        0.0,
        0.0,
        1.0,
        0.0,
        0.0,
        0.0
      ],
      [
        0.0,
        0.0,
        0.0,
        1.0,
        0.0,
        0.0
      ],
      [
        0.0,
        0.0,
        0.0,
        0.0,
        1.0,
        0.0
      ],
      [
        0.0,
        0.0,
        0.0,
        0.0,
        0.0,
        1.0
      ]
    ],
    "reversion": [
      [
        1.1746332508981596,
        0.011379740791312102,
        0.2933031523182543,
        0.5486698606707473,
        0.5486698606707473,
        0.0
      ],
      [
        0.011379740791312102,
        1.000909978336475,
        0.023167619093559477,
        0.0380731448927152,
        0.0380731448927152,
        0.0
      ],
      [
        0.2933031523182543,
        0.023167619093559477,
        1.6267833486058771,
        0.98233819391179,
        0.98233819391179,
        0.0
      ],
      [
        0.5486698606707473,
        0.0380731448927152,
        0.98233819391179,
        2.763598533745737,
        1.763598533745754,
        0.0
      ],
      [
        0.5486698606707473,
        0.0380731448927152,
        0.98233819391179,
        1.763598533745754,
        2.763598533745737,
        0.0
      ],
      [
        0.0,
        0.0,
        0.0,
        0.0,
        0.0,
        1.0
      ]
    ],
    "vwap": [
      [
        1.0,
        0.0,
        0.0,
        0.0,
        0.0,
        0.0
      ],
      [
        0.0,
        1.0,
        0.0,
        0.0,
        0.0,
        0.0
      ],
      [
        0.0,
        0.0,
        1.0,
        0.0,
        0.0,
        0.0
      ],
      [
        0.0,
        0.0,
        0.0,
        1.0,
        0.0,
        0.0
      ],
      [
        0.0,
        0.0,
        0.0,
        0.0,
        1.0,
        0.0
      ],
      [
        0.0,
        0.0,
        0.0,
        0.0,
        0.0,
        1.0
      ]
    ]
  },
  "b": {
    "trend": [
      [
        0.03619301179704494
      ],
      [
        0.02175043506711872
      ],
      [
        0.3958920894700552
      ],
      [
        0.0848491740988287
      ],
      [
        0.0848491740988287
      ],
      [
        0.0
      ]
    ],
    "breakout": [
      [
        0.0
      ],
      [
        0.0
      ],
      [
        0.0
      ],
      [
        0.0
      ],
      [
        0.0
      ],
      [
        0.0
      ]
    ],
    "reversion": [
      [
        -0.00499179022539517
      ],
      [
        -0.03613953121310573
      ],
      [
        -0.9953895448102003
      ],
      [
        -0.6268323550561762
      ],
      [
        -0.6268323550561762
      ],
      [
        0.0
      ]
    ],
    "vwap": [
      [
        0.0
      ],
      [
        0.0
      ],
      [
        0.0
      ],
      [
        0.0
      ],
      [
        0.0
      ],
      [
        0.0
      ]
    ]
  },
  "counts": {
    "trend": 1,
    "breakout": 0,
    "reversion": 8,
    "vwap": 0
  },
  "reward_sum": {
    "trend": 0.0848491740988287,
    "breakout": 0.0,
    "reversion": -0.6268323550561762,
    "vwap": 0.0
  },
  "disabled_until": {
    "trend": 0.0,
    "breakout": 0.0,
    "reversion": 0.0,
    "vwap": 0.0
  },
  "_snapshot_time": "2025-09-23T18:05:00.121982"
}