{
  "arms": [
    "trend",
    "breakout",
    "reversion",
    "vwap"
  ],
  "d": 6,
  "alpha": 0.6,
  "alpha_base": 0.6,
  "alpha_boost_until": 0.0,
  "A": {
    "trend": [
      [
        1.0044346264462058,
        0.002665018736378821,
        0.04850752790765322,
        0.010396327155841208,
        0.010396327155841208,
        0.0
      ],
      [
        0.002665018736378821,
        1.001601561022422,
        0.02915092675730292,
        0.006247743072824615,
        0.006247743072824615,
        0.0
      ],
      [
        0.04850752790765322,
        0.02915092675730292,
        1.5305926648512722,
        0.1137187395075061,
        0.1137187395075061,
        0.0
      ],
      [
        0.010396327155841208,
        0.006247743072824615,
        0.1137187395075061,
        1.0243726545273666,
        0.02437265452736848,
        0.0
      ],
      [
        0.010396327155841208,
        0.006247743072824615,
        0.1137187395075061,
        0.02437265452736848,
        1.0243726545273666,
        0.0
      ],
      [
        0.0,
        0.0,
        0.0,
        0.0,
        0.0,
        1.0
      ]
    ],
    "breakout": [
      [
        1.0,
        0.0,
        0.0,
        0.0,
        0.0,
        0.0
      ],
      [
        0.0,
        1.0,
        0.0,
        0.0,
        0.0,
        0.0
      ],
      [
        0.0,
        0.0,
        1.0,
        0.0,
        0.0,
        0.0
      ],
      [
        0.0,
        0.0,
        0.0,
        1.0,
        0.0,
        0.0
      ],
      [
        0.0,
        0.0,
        0.0,
        0.0,
        1.0,
        0.0
      ],
      [
        0.0,
        0.0,
        0.0,
        0.0,
        0.0,
        1.0
      ]
    ],
    "reversion": [
      [
        1.1184038664011737,
        0.010997802600130096,
        0.4461103117543637,
        0.38049006090038634,
        0.38049006090038634,
        0.0
      ],
      [
        0.010997802600130096,
        1.0011400233077705,
        0.04783518309817534,
        0.0361995573287703,
        0.0361995573287703,
        0.0
      ],
      [
        0.4461103117543637,
        0.04783518309817534,
        3.112666446849241,
        1.4648563780007,
        1.4648563780007,
        0.0
      ],
      [
        0.38049006090038634,
        0.0361995573287703,
        1.4648563780007,
        2.2348100760010037,
        1.2348100760010188,
        0.0
      ],
      [
        0.38049006090038634,
        0.0361995573287703,
        1.4648563780007,
        1.2348100760010188,
        2.2348100760010037,
        0.0
      ],
      [
        0.0,
        0.0,
        0.0,
        0.0,
        0.0,
        1.0
      ]
    ],
    "vwap": [
      [
        1.0,
        0.0,
        0.0,
        0.0,
        0.0,
        0.0
      ],
      [
        0.0,
        1.0,
        0.0,
        0.0,
        0.0,
        0.0
      ],
      [
        0.0,
        0.0,
        1.0,
        0.0,
        0.0,
        0.0
      ],
      [
        0.0,
        0.0,
        0.0,
        1.0,
        0.0,
        0.0
      ],
      [
        0.0,
        0.0,
        0.0,
        0.0,
        1.0,
        0.0
      ],
      [
        0.0,
        0.0,
        0.0,
        0.0,
        0.0,
        1.0
      ]
    ]
  },
  "b": {
    "trend": [
      [
        0.010599356684633686
      ],
      [
        0.006369755040424092
      ],
      [
        0.11593954900599442
      ],
      [
        0.024848627290627864
      ],
      [
        0.024848627290627864
      ],
      [
        0.0
      ]
    ],
    "breakout": [
      [
        0.0
      ],
      [
        0.0
      ],
      [
        0.0
      ],
      [
        0.0
      ],
      [
        0.0
      ],
      [
        0.0
      ]
    ],
    "reversion": [
      [
        -0.2502522557876618
      ],
      [
        -0.03893608184882566
      ],
      [
        -1.6238890526742105
      ],
      [
        -0.9966126435180218
      ],
      [
        -0.9966126435180218
      ],
      [
        0.0
      ]
    ],
    "vwap": [
      [
        0.0
      ],
      [
        0.0
      ],
      [
        0.0
      ],
      [
        0.0
      ],
      [
        0.0
      ],
      [
        0.0
      ]
    ]
  },
  "counts": {
    "trend": 1,
    "breakout": 0,
    "reversion": 9,
    "vwap": 0
  },
  "reward_sum": {
    "trend": 0.024848627290627864,
    "breakout": 0.0,
    "reversion": -0.9966126435180218,
    "vwap": 0.0
  },
  "disabled_until": {
    "trend": 0.0,
    "breakout": 0.0,
    "reversion": 0.0,
    "vwap": 0.0
  },
  "_snapshot_time": "2025-09-25T23:00:00.800962"
}