{
  "arms": [
    "trend",
    "breakout",
    "reversion",
    "vwap"
  ],
  "d": 6,
  "alpha": 0.6,
  "alpha_base": 0.6,
  "alpha_boost_until": 0.0,
  "A": {
    "trend": [
      [
        1.0092653999967354,
        0.005568104752649817,
        0.10134825432743401,
        0.021721362726777205,
        0.021721362726777205,
        0.0
      ],
      [
        0.005568104752649817,
        1.0033461901857899,
        0.060905918448452084,
        0.013053599744817984,
        0.013053599744817984,
        0.0
      ],
      [
        0.10134825432743401,
        0.060905918448452084,
        2.1085834026419956,
        0.2375960233500907,
        0.2375960233500907,
        0.0
      ],
      [
        0.021721362726777205,
        0.013053599744817984,
        0.2375960233500907,
        1.0509225288573139,
        0.05092252885731386,
        0.0
      ],
      [
        0.021721362726777205,
        0.013053599744817984,
        0.2375960233500907,
        0.05092252885731386,
        1.0509225288573139,
        0.0
      ],
      [
        0.0,
        0.0,
        0.0,
        0.0,
        0.0,
        1.0
      ]
    ],
    "breakout": [
      [
        1.0,
        0.0,
        0.0,
        0.0,
        0.0,
        0.0
      ],
      [
        0.0,
        1.0,
        0.0,
        0.0,
        0.0,
        0.0
      ],
      [
        0.0,
        0.0,
        1.0,
        0.0,
        0.0,
        0.0
      ],
      [
        0.0,
        0.0,
        0.0,
        1.0,
        0.0,
        0.0
      ],
      [
        0.0,
        0.0,
        0.0,
        0.0,
        1.0,
        0.0
      ],
      [
        0.0,
        0.0,
        0.0,
        0.0,
        0.0,
        1.0
      ]
    ],
    "reversion": [
      [
        1.1068535245295572,
        0.006962966133486001,
        0.17946453736414267,
        0.33571675562518677,
        0.33571675562518677,
        0.0
      ],
      [
        0.006962966133486001,
        1.0005567919740246,
        0.014175660948719923,
        0.02329596282945869,
        0.02329596282945869,
        0.0
      ],
      [
        0.17946453736414267,
        0.014175660948719923,
        1.3835123584455968,
        0.6010670806368107,
        0.6010670806368107,
        0.0
      ],
      [
        0.33571675562518677,
        0.02329596282945869,
        0.6010670806368107,
        2.079099874833014,
        1.0790998748330327,
        0.0
      ],
      [
        0.33571675562518677,
        0.02329596282945869,
        0.6010670806368107,
        1.0790998748330327,
        2.079099874833014,
        0.0
      ],
      [
        0.0,
        0.0,
        0.0,
        0.0,
        0.0,
        1.0
      ]
    ],
    "vwap": [
      [
        1.0,
        0.0,
        0.0,
        0.0,
        0.0,
        0.0
      ],
      [
        0.0,
        1.0,
        0.0,
        0.0,
        0.0,
        0.0
      ],
      [
        0.0,
        0.0,
        1.0,
        0.0,
        0.0,
        0.0
      ],
      [
        0.0,
        0.0,
        0.0,
        1.0,
        0.0,
        0.0
      ],
      [
        0.0,
        0.0,
        0.0,
        0.0,
        1.0,
        0.0
      ],
      [
        0.0,
        0.0,
        0.0,
        0.0,
        0.0,
        1.0
      ]
    ]
  },
  "b": {
    "trend": [
      [
        0.02214555850024998
      ],
      [
        0.013308523062015345
      ],
      [
        0.24223602822302626
      ],
      [
        0.05191699323726696
      ],
      [
        0.05191699323726696
      ],
      [
        0.0
      ]
    ],
    "breakout": [
      [
        0.0
      ],
      [
        0.0
      ],
      [
        0.0
      ],
      [
        0.0
      ],
      [
        0.0
      ],
      [
        0.0
      ]
    ],
    "reversion": [
      [
        -0.003054346045511763
      ],
      [
        -0.022112835127934487
      ],
      [
        -0.6090528613297463
      ],
      [
        -0.3835423442124099
      ],
      [
        -0.3835423442124099
      ],
      [
        0.0
      ]
    ],
    "vwap": [
      [
        0.0
      ],
      [
        0.0
      ],
      [
        0.0
      ],
      [
        0.0
      ],
      [
        0.0
      ],
      [
        0.0
      ]
    ]
  },
  "counts": {
    "trend": 1,
    "breakout": 0,
    "reversion": 8,
    "vwap": 0
  },
  "reward_sum": {
    "trend": 0.05191699323726696,
    "breakout": 0.0,
    "reversion": -0.3835423442124099,
    "vwap": 0.0
  },
  "disabled_until": {
    "trend": 0.0,
    "breakout": 0.0,
    "reversion": 0.0,
    "vwap": 0.0
  },
  "_snapshot_time": "2025-09-24T12:37:00.784209"
}