{
  "arms": [
    "trend",
    "breakout",
    "reversion",
    "vwap"
  ],
  "d": 6,
  "alpha": 0.6,
  "alpha_base": 0.6,
  "alpha_boost_until": 0.0,
  "A": {
    "trend": [
      [
        1.0189742066560967,
        0.011402677736181916,
        0.2075466490946264,
        0.04448222692762452,
        0.04448222692762452,
        0.0
      ],
      [
        0.011402677736181916,
        1.0068525162559787,
        0.1247265615761582,
        0.02673189492644356,
        0.02673189492644356,
        0.0
      ],
      [
        0.2075466490946264,
        0.1247265615761582,
        3.2702193736551286,
        0.48656248508437905,
        0.48656248508437905,
        0.0
      ],
      [
        0.04448222692762452,
        0.02673189492644356,
        0.48656248508437905,
        1.1042820154910071,
        0.1042820154910064,
        0.0
      ],
      [
        0.04448222692762452,
        0.02673189492644356,
        0.48656248508437905,
        0.1042820154910064,
        1.1042820154910071,
        0.0
      ],
      [
        0.0,
        0.0,
        0.0,
        0.0,
        0.0,
        1.0
      ]
    ],
    "breakout": [
      [
        1.0,
        0.0,
        0.0,
        0.0,
        0.0,
        0.0
      ],
      [
        0.0,
        1.0,
        0.0,
        0.0,
        0.0,
        0.0
      ],
      [
        0.0,
        0.0,
        1.0,
        0.0,
        0.0,
        0.0
      ],
      [
        0.0,
        0.0,
        0.0,
        1.0,
        0.0,
        0.0
      ],
      [
        0.0,
        0.0,
        0.0,
        0.0,
        1.0,
        0.0
      ],
      [
        0.0,
        0.0,
        0.0,
        0.0,
        0.0,
        1.0
      ]
    ],
    "reversion": [
      [
        1.2188206507081052,
        0.014259153237069628,
        0.36751756217632997,
        0.6874996331936452,
        0.6874996331936452,
        0.0
      ],
      [
        0.014259153237069628,
        1.0011402298857381,
        0.029029714898720017,
        0.047706781481073136,
        0.047706781481073136,
        0.0
      ],
      [
        0.36751756217632997,
        0.029029714898720017,
        1.7853781538713194,
        1.2308989364949647,
        1.2308989364949647,
        0.0
      ],
      [
        0.6874996331936452,
        0.047706781481073136,
        1.2308989364949647,
        3.209841348983161,
        2.2098413489831765,
        0.0
      ],
      [
        0.6874996331936452,
        0.047706781481073136,
        1.2308989364949647,
        2.2098413489831765,
        3.209841348983161,
        0.0
      ],
      [
        0.0,
        0.0,
        0.0,
        0.0,
        0.0,
        1.0
      ]
    ],
    "vwap": [
      [
        1.0,
        0.0,
        0.0,
        0.0,
        0.0,
        0.0
      ],
      [
        0.0,
        1.0,
        0.0,
        0.0,
        0.0,
        0.0
      ],
      [
        0.0,
        0.0,
        1.0,
        0.0,
        0.0,
        0.0
      ],
      [
        0.0,
        0.0,
        0.0,
        1.0,
        0.0,
        0.0
      ],
      [
        0.0,
        0.0,
        0.0,
        0.0,
        1.0,
        0.0
      ],
      [
        0.0,
        0.0,
        0.0,
        0.0,
        0.0,
        1.0
      ]
    ]
  },
  "b": {
    "trend": [
      [
        0.04535091886443817
      ],
      [
        0.027253941217339338
      ],
      [
        0.4960645477449677
      ],
      [
        0.10631853551863694
      ],
      [
        0.10631853551863694
      ],
      [
        0.0
      ]
    ],
    "breakout": [
      [
        0.0
      ],
      [
        0.0
      ],
      [
        0.0
      ],
      [
        0.0
      ],
      [
        0.0
      ],
      [
        0.0
      ]
    ],
    "reversion": [
      [
        -0.006254861429318116
      ],
      [
        -0.04528390610416694
      ],
      [
        -1.2472526668499893
      ],
      [
        -0.7854395604092389
      ],
      [
        -0.7854395604092389
      ],
      [
        0.0
      ]
    ],
    "vwap": [
      [
        0.0
      ],
      [
        0.0
      ],
      [
        0.0
      ],
      [
        0.0
      ],
      [
        0.0
      ],
      [
        0.0
      ]
    ]
  },
  "counts": {
    "trend": 1,
    "breakout": 0,
    "reversion": 8,
    "vwap": 0
  },
  "reward_sum": {
    "trend": 0.10631853551863694,
    "breakout": 0.0,
    "reversion": -0.7854395604092389,
    "vwap": 0.0
  },
  "disabled_until": {
    "trend": 0.0,
    "breakout": 0.0,
    "reversion": 0.0,
    "vwap": 0.0
  },
  "_snapshot_time": "2025-09-23T09:04:00.731977"
}