{
  "arms": [
    "trend",
    "breakout",
    "reversion",
    "vwap"
  ],
  "d": 6,
  "alpha": 0.6,
  "alpha_base": 0.6,
  "alpha_boost_until": 0.0,
  "A": {
    "trend": [
      [
        1.0218331986120042,
        0.013120808275941406,
        0.23881932420520316,
        0.05118471158334315,
        0.05118471158334315,
        0.0
      ],
      [
        0.013120808275941406,
        1.0078850384166507,
        0.14352008705510813,
        0.030759798382228087,
        0.030759798382228087,
        0.0
      ],
      [
        0.23881932420520316,
        0.14352008705510813,
        3.6122910631367824,
        0.5598766560595084,
        0.5598766560595084,
        0.0
      ],
      [
        0.05118471158334315,
        0.030759798382228087,
        0.5598766560595084,
        1.1199950014850115,
        0.11999500148501063,
        0.0
      ],
      [
        0.05118471158334315,
        0.030759798382228087,
        0.5598766560595084,
        0.11999500148501063,
        1.1199950014850115,
        0.0
      ],
      [
        0.0,
        0.0,
        0.0,
        0.0,
        0.0,
        1.0
      ]
    ],
    "breakout": [
      [
        1.0,
        0.0,
        0.0,
        0.0,
        0.0,
        0.0
      ],
      [
        0.0,
        1.0,
        0.0,
        0.0,
        0.0,
        0.0
      ],
      [
        0.0,
        0.0,
        1.0,
        0.0,
        0.0,
        0.0
      ],
      [
        0.0,
        0.0,
        0.0,
        1.0,
        0.0,
        0.0
      ],
      [
        0.0,
        0.0,
        0.0,
        0.0,
        1.0,
        0.0
      ],
      [
        0.0,
        0.0,
        0.0,
        0.0,
        0.0,
        1.0
      ]
    ],
    "reversion": [
      [
        1.2517920677217313,
        0.016407691257220938,
        0.4228943045593471,
        0.7910905741281004,
        0.7910905741281004,
        0.0
      ],
      [
        0.016407691257220938,
        1.0013120372308504,
        0.033403848841814555,
        0.05489513496370956,
        0.05489513496370956,
        0.0
      ],
      [
        0.4228943045593471,
        0.033403848841814555,
        1.903717216207923,
        1.4163680958520548,
        1.4163680958520548,
        0.0
      ],
      [
        0.7910905741281004,
        0.05489513496370956,
        1.4163680958520548,
        3.5428154097744855,
        2.542815409774501,
        0.0
      ],
      [
        0.7910905741281004,
        0.05489513496370956,
        1.4163680958520548,
        2.542815409774501,
        3.5428154097744855,
        0.0
      ],
      [
        0.0,
        0.0,
        0.0,
        0.0,
        0.0,
        1.0
      ]
    ],
    "vwap": [
      [
        1.0,
        0.0,
        0.0,
        0.0,
        0.0,
        0.0
      ],
      [
        0.0,
        1.0,
        0.0,
        0.0,
        0.0,
        0.0
      ],
      [
        0.0,
        0.0,
        1.0,
        0.0,
        0.0,
        0.0
      ],
      [
        0.0,
        0.0,
        0.0,
        1.0,
        0.0,
        0.0
      ],
      [
        0.0,
        0.0,
        0.0,
        0.0,
        1.0,
        0.0
      ],
      [
        0.0,
        0.0,
        0.0,
        0.0,
        0.0,
        1.0
      ]
    ]
  },
  "b": {
    "trend": [
      [
        0.052184296121071616
      ],
      [
        0.03136050546634352
      ],
      [
        0.5708104687375566
      ],
      [
        0.12233837989584366
      ],
      [
        0.12233837989584366
      ],
      [
        0.0
      ]
    ],
    "breakout": [
      [
        0.0
      ],
      [
        0.0
      ],
      [
        0.0
      ],
      [
        0.0
      ],
      [
        0.0
      ],
      [
        0.0
      ]
    ],
    "reversion": [
      [
        -0.0071973302679817575
      ],
      [
        -0.052107186024662376
      ],
      [
        -1.4351859705258132
      ],
      [
        -0.9037878753486596
      ],
      [
        -0.9037878753486596
      ],
      [
        0.0
      ]
    ],
    "vwap": [
      [
        0.0
      ],
      [
        0.0
      ],
      [
        0.0
      ],
      [
        0.0
      ],
      [
        0.0
      ],
      [
        0.0
      ]
    ]
  },
  "counts": {
    "trend": 1,
    "breakout": 0,
    "reversion": 8,
    "vwap": 0
  },
  "reward_sum": {
    "trend": 0.12233837989584366,
    "breakout": 0.0,
    "reversion": -0.9037878753486596,
    "vwap": 0.0
  },
  "disabled_until": {
    "trend": 0.0,
    "breakout": 0.0,
    "reversion": 0.0,
    "vwap": 0.0
  },
  "_snapshot_time": "2025-09-23T04:28:00.680092"
}