{
  "arms": [
    "trend",
    "breakout",
    "reversion",
    "vwap"
  ],
  "d": 6,
  "alpha": 0.6,
  "alpha_base": 0.6,
  "alpha_boost_until": 0.0,
  "A": {
    "trend": [
      [
        1.0828281358460279,
        0.0497761280700208,
        0.9060037321809791,
        0.1941783391249777,
        0.1941783391249777,
        0.0
      ],
      [
        0.0497761280700208,
        1.0299133005993157,
        0.5444690665113026,
        0.11669278534381658,
        0.11669278534381658,
        0.0
      ],
      [
        0.9060037321809791,
        0.5444690665113026,
        10.910192404327129,
        2.123992024678338,
        2.123992024678338,
        0.0
      ],
      [
        0.1941783391249777,
        0.11669278534381658,
        2.123992024678338,
        1.455222455512304,
        0.45522245551230495,
        0.0
      ],
      [
        0.1941783391249777,
        0.11669278534381658,
        2.123992024678338,
        0.45522245551230495,
        1.455222455512304,
        0.0
      ],
      [
        0.0,
        0.0,
        0.0,
        0.0,
        0.0,
        1.0
      ]
    ],
    "breakout": [
      [
        1.0,
        0.0,
        0.0,
        0.0,
        0.0,
        0.0
      ],
      [
        0.0,
        1.0,
        0.0,
        0.0,
        0.0,
        0.0
      ],
      [
        0.0,
        0.0,
        1.0,
        0.0,
        0.0,
        0.0
      ],
      [
        0.0,
        0.0,
        0.0,
        1.0,
        0.0,
        0.0
      ],
      [
        0.0,
        0.0,
        0.0,
        0.0,
        1.0,
        0.0
      ],
      [
        0.0,
        0.0,
        0.0,
        0.0,
        0.0,
        1.0
      ]
    ],
    "reversion": [
      [
        1.067368839682175,
        0.006829849731407248,
        0.19251433714967958,
        0.23158176166349584,
        0.23158176166349584,
        0.0
      ],
      [
        0.006829849731407248,
        1.0007412647396539,
        0.019908613838917566,
        0.023242596942840695,
        0.023242596942840695,
        0.0
      ],
      [
        0.19251433714967958,
        0.019908613838917566,
        1.5532698391278945,
        0.659887481659457,
        0.659887481659457,
        0.0
      ],
      [
        0.23158176166349584,
        0.023242596942840695,
        0.659887481659457,
        1.7971988737777873,
        0.797198873777797,
        0.0
      ],
      [
        0.23158176166349584,
        0.023242596942840695,
        0.659887481659457,
        0.797198873777797,
        1.7971988737777873,
        0.0
      ],
      [
        0.0,
        0.0,
        0.0,
        0.0,
        0.0,
        1.0
      ]
    ],
    "vwap": [
      [
        1.0,
        0.0,
        0.0,
        0.0,
        0.0,
        0.0
      ],
      [
        0.0,
        1.0,
        0.0,
        0.0,
        0.0,
        0.0
      ],
      [
        0.0,
        0.0,
        1.0,
        0.0,
        0.0,
        0.0
      ],
      [
        0.0,
        0.0,
        0.0,
        1.0,
        0.0,
        0.0
      ],
      [
        0.0,
        0.0,
        0.0,
        0.0,
        1.0,
        0.0
      ],
      [
        0.0,
        0.0,
        0.0,
        0.0,
        0.0,
        1.0
      ]
    ]
  },
  "b": {
    "trend": [
      [
        0.1979704414802888
      ],
      [
        0.11897167488496826
      ],
      [
        2.1654713946005453
      ],
      [
        0.46411247977308384
      ],
      [
        0.46411247977308384
      ],
      [
        0.0
      ]
    ],
    "breakout": [
      [
        0.0
      ],
      [
        0.0
      ],
      [
        0.0
      ],
      [
        0.0
      ],
      [
        0.0
      ],
      [
        0.0
      ]
    ],
    "reversion": [
      [
        0.09232707264400472
      ],
      [
        0.010045635982400178
      ],
      [
        0.2693291274610726
      ],
      [
        0.3140766081358171
      ],
      [
        0.3140766081358171
      ],
      [
        0.0
      ]
    ],
    "vwap": [
      [
        0.0
      ],
      [
        0.0
      ],
      [
        0.0
      ],
      [
        0.0
      ],
      [
        0.0
      ],
      [
        0.0
      ]
    ]
  },
  "counts": {
    "trend": 1,
    "breakout": 0,
    "reversion": 2,
    "vwap": 0
  },
  "reward_sum": {
    "trend": 0.46411247977308384,
    "breakout": 0.0,
    "reversion": 0.3140766081358171,
    "vwap": 0.0
  },
  "disabled_until": {
    "trend": 0.0,
    "breakout": 0.0,
    "reversion": 0.0,
    "vwap": 0.0
  },
  "_snapshot_time": "2025-09-18T21:01:00.079755"
}