{
  "arms": [
    "trend",
    "breakout",
    "reversion",
    "vwap"
  ],
  "d": 6,
  "alpha": 0.6,
  "alpha_base": 0.6,
  "alpha_boost_until": 0.0,
  "A": {
    "trend": [
      [
        1.0029106891383432,
        0.001749198310964355,
        0.0318381573558522,
        0.006823681069477231,
        0.006823681069477231,
        0.0
      ],
      [
        0.001749198310964355,
        1.0010511925477608,
        0.019133355856328856,
        0.004100737259796365,
        0.004100737259796365,
        0.0
      ],
      [
        0.0318381573558522,
        0.019133355856328856,
        1.348257136244011,
        0.07463986063445442,
        0.07463986063445442,
        0.0
      ],
      [
        0.006823681069477231,
        0.004100737259796365,
        0.07463986063445442,
        1.0159971130975674,
        0.015997113097568336,
        0.0
      ],
      [
        0.006823681069477231,
        0.004100737259796365,
        0.07463986063445442,
        0.015997113097568336,
        1.0159971130975674,
        0.0
      ],
      [
        0.0,
        0.0,
        0.0,
        0.0,
        0.0,
        1.0
      ]
    ],
    "breakout": [
      [
        1.0,
        0.0,
        0.0,
        0.0,
        0.0,
        0.0
      ],
      [
        0.0,
        1.0,
        0.0,
        0.0,
        0.0,
        0.0
      ],
      [
        0.0,
        0.0,
        1.0,
        0.0,
        0.0,
        0.0
      ],
      [
        0.0,
        0.0,
        0.0,
        1.0,
        0.0,
        0.0
      ],
      [
        0.0,
        0.0,
        0.0,
        0.0,
        1.0,
        0.0
      ],
      [
        0.0,
        0.0,
        0.0,
        0.0,
        0.0,
        1.0
      ]
    ],
    "reversion": [
      [
        1.1560006383550419,
        0.012697909787256283,
        0.45641439494869,
        0.5112251272708547,
        0.5112251272708547,
        0.0
      ],
      [
        0.012697909787256283,
        1.0011317828102253,
        0.042848248743333484,
        0.04206212433337109,
        0.04206212433337109,
        0.0
      ],
      [
        0.45641439494869,
        0.042848248743333484,
        2.728579564142218,
        1.5079455746820605,
        1.5079455746820605,
        0.0
      ],
      [
        0.5112251272708547,
        0.04206212433337109,
        1.5079455746820605,
        2.6838938348470416,
        1.6838938348470571,
        0.0
      ],
      [
        0.5112251272708547,
        0.04206212433337109,
        1.5079455746820605,
        1.6838938348470571,
        2.6838938348470416,
        0.0
      ],
      [
        0.0,
        0.0,
        0.0,
        0.0,
        0.0,
        1.0
      ]
    ],
    "vwap": [
      [
        1.0,
        0.0,
        0.0,
        0.0,
        0.0,
        0.0
      ],
      [
        0.0,
        1.0,
        0.0,
        0.0,
        0.0,
        0.0
      ],
      [
        0.0,
        0.0,
        1.0,
        0.0,
        0.0,
        0.0
      ],
      [
        0.0,
        0.0,
        0.0,
        1.0,
        0.0,
        0.0
      ],
      [
        0.0,
        0.0,
        0.0,
        0.0,
        1.0,
        0.0
      ],
      [
        0.0,
        0.0,
        0.0,
        0.0,
        0.0,
        1.0
      ]
    ]
  },
  "b": {
    "trend": [
      [
        0.006956940511143383
      ],
      [
        0.004180820421962961
      ],
      [
        0.076097500001376
      ],
      [
        0.016309520189568615
      ],
      [
        0.016309520189568615
      ],
      [
        0.0
      ]
    ],
    "breakout": [
      [
        0.0
      ],
      [
        0.0
      ],
      [
        0.0
      ],
      [
        0.0
      ],
      [
        0.0
      ],
      [
        0.0
      ]
    ],
    "reversion": [
      [
        -0.5356973147043298
      ],
      [
        -0.05155429311081847
      ],
      [
        -1.842119021232957
      ],
      [
        -1.8948198051004392
      ],
      [
        -1.8948198051004392
      ],
      [
        0.0
      ]
    ],
    "vwap": [
      [
        0.0
      ],
      [
        0.0
      ],
      [
        0.0
      ],
      [
        0.0
      ],
      [
        0.0
      ],
      [
        0.0
      ]
    ]
  },
  "counts": {
    "trend": 1,
    "breakout": 0,
    "reversion": 10,
    "vwap": 0
  },
  "reward_sum": {
    "trend": 0.016309520189568615,
    "breakout": 0.0,
    "reversion": -1.8948198051004392,
    "vwap": 0.0
  },
  "disabled_until": {
    "trend": 0.0,
    "breakout": 0.0,
    "reversion": 0.0,
    "vwap": 0.0
  },
  "_snapshot_time": "2025-09-26T12:56:00.946254"
}