{
  "arms": [
    "trend",
    "breakout",
    "reversion",
    "vwap"
  ],
  "d": 6,
  "alpha": 0.6,
  "alpha_base": 0.6,
  "alpha_boost_until": 0.0,
  "A": {
    "trend": [
      [
        1.076062441190499,
        0.04571023813761607,
        0.8319981476523108,
        0.1783171666161657,
        0.1783171666161657,
        0.0
      ],
      [
        0.04571023813761607,
        1.027469876563186,
        0.49999491028685733,
        0.10716090651936763,
        0.10716090651936763,
        0.0
      ],
      [
        0.8319981476523108,
        0.49999491028685733,
        10.100692889453951,
        1.950496854915449,
        1.950496854915449,
        0.0
      ],
      [
        0.1783171666161657,
        0.10716090651936763,
        1.950496854915449,
        1.418038277661661,
        0.4180382776616619,
        0.0
      ],
      [
        0.1783171666161657,
        0.10716090651936763,
        1.950496854915449,
        0.4180382776616619,
        1.418038277661661,
        0.0
      ],
      [
        0.0,
        0.0,
        0.0,
        0.0,
        0.0,
        1.0
      ]
    ],
    "breakout": [
      [
        1.0,
        0.0,
        0.0,
        0.0,
        0.0,
        0.0
      ],
      [
        0.0,
        1.0,
        0.0,
        0.0,
        0.0,
        0.0
      ],
      [
        0.0,
        0.0,
        1.0,
        0.0,
        0.0,
        0.0
      ],
      [
        0.0,
        0.0,
        0.0,
        1.0,
        0.0,
        0.0
      ],
      [
        0.0,
        0.0,
        0.0,
        0.0,
        1.0,
        0.0
      ],
      [
        0.0,
        0.0,
        0.0,
        0.0,
        0.0,
        1.0
      ]
    ],
    "reversion": [
      [
        1.0618659149340668,
        0.006271963484736911,
        0.17678908619887532,
        0.2126653455061038,
        0.2126653455061038,
        0.0
      ],
      [
        0.006271963484736911,
        1.0006807156178348,
        0.01828240795038562,
        0.021344059539933423,
        0.021344059539933423,
        0.0
      ],
      [
        0.17678908619887532,
        0.01828240795038562,
        1.508076804714916,
        0.6059855416687684,
        0.6059855416687684,
        0.0
      ],
      [
        0.2126653455061038,
        0.021344059539933423,
        0.6059855416687684,
        1.7320808543436943,
        0.7320808543437037,
        0.0
      ],
      [
        0.2126653455061038,
        0.021344059539933423,
        0.6059855416687684,
        0.7320808543437037,
        1.7320808543436943,
        0.0
      ],
      [
        0.0,
        0.0,
        0.0,
        0.0,
        0.0,
        1.0
      ]
    ],
    "vwap": [
      [
        1.0,
        0.0,
        0.0,
        0.0,
        0.0,
        0.0
      ],
      [
        0.0,
        1.0,
        0.0,
        0.0,
        0.0,
        0.0
      ],
      [
        0.0,
        0.0,
        1.0,
        0.0,
        0.0,
        0.0
      ],
      [
        0.0,
        0.0,
        0.0,
        1.0,
        0.0,
        0.0
      ],
      [
        0.0,
        0.0,
        0.0,
        0.0,
        1.0,
        0.0
      ],
      [
        0.0,
        0.0,
        0.0,
        0.0,
        0.0,
        1.0
      ]
    ]
  },
  "b": {
    "trend": [
      [
        0.18179951665873326
      ],
      [
        0.10925364831456774
      ],
      [
        1.988588043411974
      ],
      [
        0.426202133344405
      ],
      [
        0.426202133344405
      ],
      [
        0.0
      ]
    ],
    "breakout": [
      [
        0.0
      ],
      [
        0.0
      ],
      [
        0.0
      ],
      [
        0.0
      ],
      [
        0.0
      ],
      [
        0.0
      ]
    ],
    "reversion": [
      [
        0.08478547128393929
      ],
      [
        0.009225072957731267
      ],
      [
        0.24732937315501494
      ],
      [
        0.2884217215760013
      ],
      [
        0.2884217215760013
      ],
      [
        0.0
      ]
    ],
    "vwap": [
      [
        0.0
      ],
      [
        0.0
      ],
      [
        0.0
      ],
      [
        0.0
      ],
      [
        0.0
      ],
      [
        0.0
      ]
    ]
  },
  "counts": {
    "trend": 1,
    "breakout": 0,
    "reversion": 2,
    "vwap": 0
  },
  "reward_sum": {
    "trend": 0.426202133344405,
    "breakout": 0.0,
    "reversion": 0.2884217215760013,
    "vwap": 0.0
  },
  "disabled_until": {
    "trend": 0.0,
    "breakout": 0.0,
    "reversion": 0.0,
    "vwap": 0.0
  },
  "_snapshot_time": "2025-09-19T00:22:00.806297"
}