{
  "arms": [
    "trend",
    "breakout",
    "reversion",
    "vwap"
  ],
  "d": 6,
  "alpha": 0.6,
  "alpha_base": 0.6,
  "alpha_boost_until": 0.0,
  "A": {
    "trend": [
      [
        1.0705531601408755,
        0.04239939845374874,
        0.7717356638766127,
        0.16540147036076278,
        0.16540147036076278,
        0.0
      ],
      [
        0.04239939845374874,
        1.0254802050772813,
        0.46377976334919263,
        0.09939913155780704,
        0.09939913155780704,
        0.0
      ],
      [
        0.7717356638766127,
        0.46377976334919263,
        9.441520319003102,
        1.8092203563973146,
        1.8092203563973146,
        0.0
      ],
      [
        0.16540147036076278,
        0.09939913155780704,
        1.8092203563973146,
        1.3877593341372165,
        0.3877593341372176,
        0.0
      ],
      [
        0.16540147036076278,
        0.09939913155780704,
        1.8092203563973146,
        0.3877593341372176,
        1.3877593341372165,
        0.0
      ],
      [
        0.0,
        0.0,
        0.0,
        0.0,
        0.0,
        1.0
      ]
    ],
    "breakout": [
      [
        1.0,
        0.0,
        0.0,
        0.0,
        0.0,
        0.0
      ],
      [
        0.0,
        1.0,
        0.0,
        0.0,
        0.0,
        0.0
      ],
      [
        0.0,
        0.0,
        1.0,
        0.0,
        0.0,
        0.0
      ],
      [
        0.0,
        0.0,
        0.0,
        1.0,
        0.0,
        0.0
      ],
      [
        0.0,
        0.0,
        0.0,
        0.0,
        1.0,
        0.0
      ],
      [
        0.0,
        0.0,
        0.0,
        0.0,
        0.0,
        1.0
      ]
    ],
    "reversion": [
      [
        1.0573849029203943,
        0.005817678702003623,
        0.16398407038382523,
        0.1972617752344901,
        0.1972617752344901,
        0.0
      ],
      [
        0.005817678702003623,
        1.0006314106836938,
        0.016958194290055194,
        0.01979808729785304,
        0.01979808729785304,
        0.0
      ],
      [
        0.16398407038382523,
        0.016958194290055194,
        1.4712762778299258,
        0.5620933840045154,
        0.5620933840045154,
        0.0
      ],
      [
        0.1972617752344901,
        0.01979808729785304,
        0.5620933840045154,
        1.6790554831552216,
        0.6790554831552297,
        0.0
      ],
      [
        0.1972617752344901,
        0.01979808729785304,
        0.5620933840045154,
        0.6790554831552297,
        1.6790554831552216,
        0.0
      ],
      [
        0.0,
        0.0,
        0.0,
        0.0,
        0.0,
        1.0
      ]
    ],
    "vwap": [
      [
        1.0,
        0.0,
        0.0,
        0.0,
        0.0,
        0.0
      ],
      [
        0.0,
        1.0,
        0.0,
        0.0,
        0.0,
        0.0
      ],
      [
        0.0,
        0.0,
        1.0,
        0.0,
        0.0,
        0.0
      ],
      [
        0.0,
        0.0,
        0.0,
        1.0,
        0.0,
        0.0
      ],
      [
        0.0,
        0.0,
        0.0,
        0.0,
        1.0,
        0.0
      ],
      [
        0.0,
        0.0,
        0.0,
        0.0,
        0.0,
        1.0
      ]
    ]
  },
  "b": {
    "trend": [
      [
        0.16863159019881163
      ],
      [
        0.10134029390678385
      ],
      [
        1.8445525608321012
      ],
      [
        0.39533187333444125
      ],
      [
        0.39533187333444125
      ],
      [
        0.0
      ]
    ],
    "breakout": [
      [
        0.0
      ],
      [
        0.0
      ],
      [
        0.0
      ],
      [
        0.0
      ],
      [
        0.0
      ],
      [
        0.0
      ]
    ],
    "reversion": [
      [
        0.07864437216961952
      ],
      [
        0.008556891410676634
      ],
      [
        0.22941505161588066
      ],
      [
        0.26753103886705837
      ],
      [
        0.26753103886705837
      ],
      [
        0.0
      ]
    ],
    "vwap": [
      [
        0.0
      ],
      [
        0.0
      ],
      [
        0.0
      ],
      [
        0.0
      ],
      [
        0.0
      ],
      [
        0.0
      ]
    ]
  },
  "counts": {
    "trend": 1,
    "breakout": 0,
    "reversion": 2,
    "vwap": 0
  },
  "reward_sum": {
    "trend": 0.39533187333444125,
    "breakout": 0.0,
    "reversion": 0.26753103886705837,
    "vwap": 0.0
  },
  "disabled_until": {
    "trend": 0.0,
    "breakout": 0.0,
    "reversion": 0.0,
    "vwap": 0.0
  },
  "_snapshot_time": "2025-09-19T02:45:00.202221"
}