{
  "arms": [
    "trend",
    "breakout",
    "reversion",
    "vwap"
  ],
  "d": 6,
  "alpha": 0.6,
  "alpha_base": 0.6,
  "alpha_boost_until": 0.0,
  "A": {
    "trend": [
      [
        1.0402440346723978,
        0.024184924644827573,
        0.44020362451467004,
        0.09434619930238784,
        0.09434619930238784,
        0.0
      ],
      [
        0.024184924644827573,
        1.0145340939306235,
        0.2645433434776595,
        0.05669798615443146,
        0.05669798615443146,
        0.0
      ],
      [
        0.44020362451467004,
        0.2645433434776595,
        5.815104464879997,
        1.0319924239747906,
        1.0319924239747906,
        0.0
      ],
      [
        0.09434619930238784,
        0.05669798615443146,
        1.0319924239747906,
        1.2211807388415439,
        0.2211807388415433,
        0.0
      ],
      [
        0.09434619930238784,
        0.05669798615443146,
        1.0319924239747906,
        0.2211807388415433,
        1.2211807388415439,
        0.0
      ],
      [
        0.0,
        0.0,
        0.0,
        0.0,
        0.0,
        1.0
      ]
    ],
    "breakout": [
      [
        1.0,
        0.0,
        0.0,
        0.0,
        0.0,
        0.0
      ],
      [
        0.0,
        1.0,
        0.0,
        0.0,
        0.0,
        0.0
      ],
      [
        0.0,
        0.0,
        1.0,
        0.0,
        0.0,
        0.0
      ],
      [
        0.0,
        0.0,
        0.0,
        1.0,
        0.0,
        0.0
      ],
      [
        0.0,
        0.0,
        0.0,
        0.0,
        1.0,
        0.0
      ],
      [
        0.0,
        0.0,
        0.0,
        0.0,
        0.0,
        1.0
      ]
    ],
    "reversion": [
      [
        1.464115628850501,
        0.030243470394967956,
        0.7794997589628869,
        1.4581773866479844,
        1.4581773866479844,
        0.0
      ],
      [
        0.030243470394967956,
        1.0024184121048025,
        0.06157163111420681,
        0.10118543572497234,
        0.10118543572497234,
        0.0
      ],
      [
        0.7794997589628869,
        0.06157163111420681,
        2.6657763999416386,
        2.610719930290434,
        2.610719930290434,
        0.0
      ],
      [
        1.4581773866479844,
        0.10118543572497234,
        2.610719930290434,
        5.687043494406223,
        4.687043494406236,
        0.0
      ],
      [
        1.4581773866479844,
        0.10118543572497234,
        2.610719930290434,
        4.687043494406236,
        5.687043494406223,
        0.0
      ],
      [
        0.0,
        0.0,
        0.0,
        0.0,
        0.0,
        1.0
      ]
    ],
    "vwap": [
      [
        1.0,
        0.0,
        0.0,
        0.0,
        0.0,
        0.0
      ],
      [
        0.0,
        1.0,
        0.0,
        0.0,
        0.0,
        0.0
      ],
      [
        0.0,
        0.0,
        1.0,
        0.0,
        0.0,
        0.0
      ],
      [
        0.0,
        0.0,
        0.0,
        1.0,
        0.0,
        0.0
      ],
      [
        0.0,
        0.0,
        0.0,
        0.0,
        1.0,
        0.0
      ],
      [
        0.0,
        0.0,
        0.0,
        0.0,
        0.0,
        1.0
      ]
    ]
  },
  "b": {
    "trend": [
      [
        0.09618868310465666
      ],
      [
        0.057805239248708035
      ],
      [
        1.0521461698521788
      ],
      [
        0.22550017016683993
      ],
      [
        0.22550017016683993
      ],
      [
        0.0
      ]
    ],
    "breakout": [
      [
        0.0
      ],
      [
        0.0
      ],
      [
        0.0
      ],
      [
        0.0
      ],
      [
        0.0
      ],
      [
        0.0
      ]
    ],
    "reversion": [
      [
        -0.013266476158656186
      ],
      [
        -0.096046549950068
      ],
      [
        -2.645405970310939
      ],
      [
        -1.6659066423747335
      ],
      [
        -1.6659066423747335
      ],
      [
        0.0
      ]
    ],
    "vwap": [
      [
        0.0
      ],
      [
        0.0
      ],
      [
        0.0
      ],
      [
        0.0
      ],
      [
        0.0
      ],
      [
        0.0
      ]
    ]
  },
  "counts": {
    "trend": 1,
    "breakout": 0,
    "reversion": 8,
    "vwap": 0
  },
  "reward_sum": {
    "trend": 0.22550017016683993,
    "breakout": 0.0,
    "reversion": -1.6659066423747335,
    "vwap": 0.0
  },
  "disabled_until": {
    "trend": 0.0,
    "breakout": 0.0,
    "reversion": 0.0,
    "vwap": 0.0
  },
  "_snapshot_time": "2025-09-22T04:08:00.669590"
}