{
  "arms": [
    "trend",
    "breakout",
    "reversion",
    "vwap"
  ],
  "d": 6,
  "alpha": 0.6,
  "alpha_base": 0.6,
  "alpha_boost_until": 0.0,
  "A": {
    "trend": [
      [
        1.0042603147777256,
        0.0025602649610373344,
        0.04660084462192381,
        0.009987679177351057,
        0.009987679177351057,
        0.0
      ],
      [
        0.0025602649610373344,
        1.0015386085331022,
        0.02800509254951798,
        0.006002163308109232,
        0.006002163308109232,
        0.0
      ],
      [
        0.04660084462192381,
        0.02800509254951798,
        1.5097366820947706,
        0.10924880196902831,
        0.10924880196902831,
        0.0
      ],
      [
        0.009987679177351057,
        0.006002163308109232,
        0.10924880196902831,
        1.0234146396579082,
        0.023414639657910272,
        0.0
      ],
      [
        0.009987679177351057,
        0.006002163308109232,
        0.10924880196902831,
        0.023414639657910272,
        1.0234146396579082,
        0.0
      ],
      [
        0.0,
        0.0,
        0.0,
        0.0,
        0.0,
        1.0
      ]
    ],
    "breakout": [
      [
        1.0,
        0.0,
        0.0,
        0.0,
        0.0,
        0.0
      ],
      [
        0.0,
        1.0,
        0.0,
        0.0,
        0.0,
        0.0
      ],
      [
        0.0,
        0.0,
        1.0,
        0.0,
        0.0,
        0.0
      ],
      [
        0.0,
        0.0,
        0.0,
        1.0,
        0.0,
        0.0
      ],
      [
        0.0,
        0.0,
        0.0,
        0.0,
        1.0,
        0.0
      ],
      [
        0.0,
        0.0,
        0.0,
        0.0,
        0.0,
        1.0
      ]
    ],
    "reversion": [
      [
        1.1137497707840431,
        0.010565512452560833,
        0.4285750731696866,
        0.36553415465659544,
        0.36553415465659544,
        0.0
      ],
      [
        0.010565512452560833,
        1.0010952124612889,
        0.04595492764057436,
        0.03477666290625985,
        0.03477666290625985,
        0.0
      ],
      [
        0.4285750731696866,
        0.04595492764057436,
        3.0296239588833007,
        1.407277332182383,
        1.407277332182383,
        0.0
      ],
      [
        0.36553415465659544,
        0.03477666290625985,
        1.407277332182383,
        2.18627345015102,
        1.186273450151035,
        0.0
      ],
      [
        0.36553415465659544,
        0.03477666290625985,
        1.407277332182383,
        1.186273450151035,
        2.18627345015102,
        0.0
      ],
      [
        0.0,
        0.0,
        0.0,
        0.0,
        0.0,
        1.0
      ]
    ],
    "vwap": [
      [
        1.0,
        0.0,
        0.0,
        0.0,
        0.0,
        0.0
      ],
      [
        0.0,
        1.0,
        0.0,
        0.0,
        0.0,
        0.0
      ],
      [
        0.0,
        0.0,
        1.0,
        0.0,
        0.0,
        0.0
      ],
      [
        0.0,
        0.0,
        0.0,
        1.0,
        0.0,
        0.0
      ],
      [
        0.0,
        0.0,
        0.0,
        0.0,
        1.0,
        0.0
      ],
      [
        0.0,
        0.0,
        0.0,
        0.0,
        0.0,
        1.0
      ]
    ]
  },
  "b": {
    "trend": [
      [
        0.010182728233302388
      ],
      [
        0.006119379356615001
      ],
      [
        0.11138231820533229
      ],
      [
        0.023871903380504947
      ],
      [
        0.023871903380504947
      ],
      [
        0.0
      ]
    ],
    "breakout": [
      [
        0.0
      ],
      [
        0.0
      ],
      [
        0.0
      ],
      [
        0.0
      ],
      [
        0.0
      ],
      [
        0.0
      ]
    ],
    "reversion": [
      [
        -0.24041560127426753
      ],
      [
        -0.03740562297625064
      ],
      [
        -1.56005891644242
      ],
      [
        -0.9574388337670904
      ],
      [
        -0.9574388337670904
      ],
      [
        0.0
      ]
    ],
    "vwap": [
      [
        0.0
      ],
      [
        0.0
      ],
      [
        0.0
      ],
      [
        0.0
      ],
      [
        0.0
      ],
      [
        0.0
      ]
    ]
  },
  "counts": {
    "trend": 1,
    "breakout": 0,
    "reversion": 9,
    "vwap": 0
  },
  "reward_sum": {
    "trend": 0.023871903380504947,
    "breakout": 0.0,
    "reversion": -0.9574388337670904,
    "vwap": 0.0
  },
  "disabled_until": {
    "trend": 0.0,
    "breakout": 0.0,
    "reversion": 0.0,
    "vwap": 0.0
  },
  "_snapshot_time": "2025-09-26T00:12:00.812138"
}