{
  "arms": [
    "trend",
    "breakout",
    "reversion",
    "vwap"
  ],
  "d": 6,
  "alpha": 0.6,
  "alpha_base": 0.6,
  "alpha_boost_until": 0.0,
  "A": {
    "trend": [
      [
        1.1043076528187417,
        0.06268438897430527,
        1.1409543602972545,
        0.24453389630812994,
        0.24453389630812994,
        0.0
      ],
      [
        0.06268438897430527,
        1.0376706072363677,
        0.6856642345033472,
        0.1469542977850156,
        0.1469542977850156,
        0.0
      ],
      [
        1.1409543602972545,
        0.6856642345033472,
        13.480166287927705,
        2.6747990937737782,
        2.6747990937737782,
        0.0
      ],
      [
        0.24453389630812994,
        0.1469542977850156,
        2.6747990937737782,
        1.573273626888588,
        0.5732736268885887,
        0.0
      ],
      [
        0.24453389630812994,
        0.1469542977850156,
        2.6747990937737782,
        0.5732736268885887,
        1.573273626888588,
        0.0
      ],
      [
        0.0,
        0.0,
        0.0,
        0.0,
        0.0,
        1.0
      ]
    ],
    "breakout": [
      [
        1.0,
        0.0,
        0.0,
        0.0,
        0.0,
        0.0
      ],
      [
        0.0,
        1.0,
        0.0,
        0.0,
        0.0,
        0.0
      ],
      [
        0.0,
        0.0,
        1.0,
        0.0,
        0.0,
        0.0
      ],
      [
        0.0,
        0.0,
        0.0,
        1.0,
        0.0,
        0.0
      ],
      [
        0.0,
        0.0,
        0.0,
        0.0,
        1.0,
        0.0
      ],
      [
        0.0,
        0.0,
        0.0,
        0.0,
        0.0,
        1.0
      ]
    ],
    "reversion": [
      [
        1.0848393540261827,
        0.008601009636533739,
        0.24243837479776115,
        0.2916370113611243,
        0.2916370113611243,
        0.0
      ],
      [
        0.008601009636533739,
        1.0009334942084687,
        0.025071441717250963,
        0.02927001444323904,
        0.02927001444323904,
        0.0
      ],
      [
        0.24243837479776115,
        0.025071441717250963,
        1.6967472792350868,
        0.8310136843393668,
        0.8310136843393668,
        0.0
      ],
      [
        0.2916370113611243,
        0.02927001444323904,
        0.8310136843393668,
        2.003933536643684,
        1.0039335366436957,
        0.0
      ],
      [
        0.2916370113611243,
        0.02927001444323904,
        0.8310136843393668,
        1.0039335366436957,
        2.003933536643684,
        0.0
      ],
      [
        0.0,
        0.0,
        0.0,
        0.0,
        0.0,
        1.0
      ]
    ],
    "vwap": [
      [
        1.0,
        0.0,
        0.0,
        0.0,
        0.0,
        0.0
      ],
      [
        0.0,
        1.0,
        0.0,
        0.0,
        0.0,
        0.0
      ],
      [
        0.0,
        0.0,
        1.0,
        0.0,
        0.0,
        0.0
      ],
      [
        0.0,
        0.0,
        0.0,
        1.0,
        0.0,
        0.0
      ],
      [
        0.0,
        0.0,
        0.0,
        0.0,
        1.0,
        0.0
      ],
      [
        0.0,
        0.0,
        0.0,
        0.0,
        0.0,
        1.0
      ]
    ]
  },
  "b": {
    "trend": [
      [
        0.24930939067234248
      ],
      [
        0.1498241634006392
      ],
      [
        2.7270351567105173
      ],
      [
        0.5844690685663695
      ],
      [
        0.5844690685663695
      ],
      [
        0.0
      ]
    ],
    "breakout": [
      [
        0.0
      ],
      [
        0.0
      ],
      [
        0.0
      ],
      [
        0.0
      ],
      [
        0.0
      ],
      [
        0.0
      ]
    ],
    "reversion": [
      [
        0.11626991409083524
      ],
      [
        0.0126507339528144
      ],
      [
        0.33917326321828295
      ],
      [
        0.3955249440941057
      ],
      [
        0.3955249440941057
      ],
      [
        0.0
      ]
    ],
    "vwap": [
      [
        0.0
      ],
      [
        0.0
      ],
      [
        0.0
      ],
      [
        0.0
      ],
      [
        0.0
      ],
      [
        0.0
      ]
    ]
  },
  "counts": {
    "trend": 1,
    "breakout": 0,
    "reversion": 2,
    "vwap": 0
  },
  "reward_sum": {
    "trend": 0.5844690685663695,
    "breakout": 0.0,
    "reversion": 0.3955249440941057,
    "vwap": 0.0
  },
  "disabled_until": {
    "trend": 0.0,
    "breakout": 0.0,
    "reversion": 0.0,
    "vwap": 0.0
  },
  "_snapshot_time": "2025-09-18T11:42:00.570658"
}