{
  "arms": [
    "trend",
    "breakout",
    "reversion",
    "vwap"
  ],
  "d": 6,
  "alpha": 0.6,
  "alpha_base": 0.6,
  "alpha_boost_until": 0.0,
  "A": {
    "trend": [
      [
        1.0073574257387508,
        0.004421494726363177,
        0.08047815045534318,
        0.017248398694396323,
        0.017248398694396323,
        0.0
      ],
      [
        0.004421494726363177,
        1.002657127140583,
        0.048363888465995736,
        0.010365541776903823,
        0.010365541776903823,
        0.0
      ],
      [
        0.08047815045534318,
        0.048363888465995736,
        1.8802987526739119,
        0.18866914523246875,
        0.18866914523246875,
        0.0
      ],
      [
        0.017248398694396323,
        0.010365541776903823,
        0.18866914523246875,
        1.0404363248892792,
        0.04043632488927963,
        0.0
      ],
      [
        0.017248398694396323,
        0.010365541776903823,
        0.18866914523246875,
        0.04043632488927963,
        1.0404363248892792,
        0.0
      ],
      [
        0.0,
        0.0,
        0.0,
        0.0,
        0.0,
        1.0
      ]
    ],
    "breakout": [
      [
        1.0,
        0.0,
        0.0,
        0.0,
        0.0,
        0.0
      ],
      [
        0.0,
        1.0,
        0.0,
        0.0,
        0.0,
        0.0
      ],
      [
        0.0,
        0.0,
        1.0,
        0.0,
        0.0,
        0.0
      ],
      [
        0.0,
        0.0,
        0.0,
        1.0,
        0.0,
        0.0
      ],
      [
        0.0,
        0.0,
        0.0,
        0.0,
        1.0,
        0.0
      ],
      [
        0.0,
        0.0,
        0.0,
        0.0,
        0.0,
        1.0
      ]
    ],
    "reversion": [
      [
        1.0848497498140492,
        0.0055291197645666755,
        0.1425083651932272,
        0.2665843999867492,
        0.2665843999867492,
        0.0
      ],
      [
        0.0055291197645666755,
        1.0004421347812578,
        0.011256542919320937,
        0.018498749820930693,
        0.018498749820930693,
        0.0
      ],
      [
        0.1425083651932272,
        0.011256542919320937,
        1.30453770999106,
        0.477292552005497,
        0.477292552005497,
        0.0
      ],
      [
        0.2665843999867492,
        0.018498749820930693,
        0.477292552005497,
        1.8568866100305912,
        0.8568866100306073,
        0.0
      ],
      [
        0.2665843999867492,
        0.018498749820930693,
        0.477292552005497,
        0.8568866100306073,
        1.8568866100305912,
        0.0
      ],
      [
        0.0,
        0.0,
        0.0,
        0.0,
        0.0,
        1.0
      ]
    ],
    "vwap": [
      [
        1.0,
        0.0,
        0.0,
        0.0,
        0.0,
        0.0
      ],
      [
        0.0,
        1.0,
        0.0,
        0.0,
        0.0,
        0.0
      ],
      [
        0.0,
        0.0,
        1.0,
        0.0,
        0.0,
        0.0
      ],
      [
        0.0,
        0.0,
        0.0,
        1.0,
        0.0,
        0.0
      ],
      [
        0.0,
        0.0,
        0.0,
        0.0,
        1.0,
        0.0
      ],
      [
        0.0,
        0.0,
        0.0,
        0.0,
        0.0,
        1.0
      ]
    ]
  },
  "b": {
    "trend": [
      [
        0.017585242101385536
      ],
      [
        0.010567970099050373
      ],
      [
        0.19235365872266855
      ],
      [
        0.04122600453915079
      ],
      [
        0.04122600453915079
      ],
      [
        0.0
      ]
    ],
    "breakout": [
      [
        0.0
      ],
      [
        0.0
      ],
      [
        0.0
      ],
      [
        0.0
      ],
      [
        0.0
      ],
      [
        0.0
      ]
    ],
    "reversion": [
      [
        -0.002425380902952959
      ],
      [
        -0.01755925727808405
      ],
      [
        -0.4836338635986209
      ],
      [
        -0.30456152094931555
      ],
      [
        -0.30456152094931555
      ],
      [
        0.0
      ]
    ],
    "vwap": [
      [
        0.0
      ],
      [
        0.0
      ],
      [
        0.0
      ],
      [
        0.0
      ],
      [
        0.0
      ],
      [
        0.0
      ]
    ]
  },
  "counts": {
    "trend": 1,
    "breakout": 0,
    "reversion": 8,
    "vwap": 0
  },
  "reward_sum": {
    "trend": 0.04122600453915079,
    "breakout": 0.0,
    "reversion": -0.30456152094931555,
    "vwap": 0.0
  },
  "disabled_until": {
    "trend": 0.0,
    "breakout": 0.0,
    "reversion": 0.0,
    "vwap": 0.0
  },
  "_snapshot_time": "2025-09-25T02:57:00.355447"
}