{
  "arms": [
    "trend",
    "breakout",
    "reversion",
    "vwap"
  ],
  "d": 6,
  "alpha": 0.6,
  "alpha_base": 0.6,
  "alpha_boost_until": 0.0,
  "A": {
    "trend": [
      [
        1.013698211733626,
        0.0082320329272011,
        0.1498359322964874,
        0.03211343556448247,
        0.03211343556448247,
        0.0
      ],
      [
        0.0082320329272011,
        1.0049470958277125,
        0.09004491625098829,
        0.01929878615640398,
        0.01929878615640398,
        0.0
      ],
      [
        0.1498359322964874,
        0.09004491625098829,
        2.6389589417754147,
        0.3512682276063847,
        0.3512682276063847,
        0.0
      ],
      [
        0.03211343556448247,
        0.01929878615640398,
        0.3512682276063847,
        1.075285209763746,
        0.07528520976374668,
        0.0
      ],
      [
        0.03211343556448247,
        0.01929878615640398,
        0.3512682276063847,
        0.07528520976374668,
        1.075285209763746,
        0.0
      ],
      [
        0.0,
        0.0,
        0.0,
        0.0,
        0.0,
        1.0
      ]
    ],
    "breakout": [
      [
        1.0,
        0.0,
        0.0,
        0.0,
        0.0,
        0.0
      ],
      [
        0.0,
        1.0,
        0.0,
        0.0,
        0.0,
        0.0
      ],
      [
        0.0,
        0.0,
        1.0,
        0.0,
        0.0,
        0.0
      ],
      [
        0.0,
        0.0,
        0.0,
        1.0,
        0.0,
        0.0
      ],
      [
        0.0,
        0.0,
        0.0,
        0.0,
        1.0,
        0.0
      ],
      [
        0.0,
        0.0,
        0.0,
        0.0,
        0.0,
        1.0
      ]
    ],
    "reversion": [
      [
        1.1579750689669024,
        0.0102942327826295,
        0.26532510548467525,
        0.4963325061735723,
        0.4963325061735723,
        0.0
      ],
      [
        0.0102942327826295,
        1.0008231759399981,
        0.020957671035044236,
        0.03444136588696419,
        0.03444136588696419,
        0.0
      ],
      [
        0.26532510548467525,
        0.020957671035044236,
        1.5669947860104951,
        0.888633425386645,
        0.888633425386645,
        0.0
      ],
      [
        0.4963325061735723,
        0.03444136588696419,
        0.888633425386645,
        2.595369716623341,
        1.5953697166233576,
        0.0
      ],
      [
        0.4963325061735723,
        0.03444136588696419,
        0.888633425386645,
        1.5953697166233576,
        2.595369716623341,
        0.0
      ],
      [
        0.0,
        0.0,
        0.0,
        0.0,
        0.0,
        1.0
      ]
    ],
    "vwap": [
      [
        1.0,
        0.0,
        0.0,
        0.0,
        0.0,
        0.0
      ],
      [
        0.0,
        1.0,
        0.0,
        0.0,
        0.0,
        0.0
      ],
      [
        0.0,
        0.0,
        1.0,
        0.0,
        0.0,
        0.0
      ],
      [
        0.0,
        0.0,
        0.0,
        1.0,
        0.0,
        0.0
      ],
      [
        0.0,
        0.0,
        0.0,
        0.0,
        1.0,
        0.0
      ],
      [
        0.0,
        0.0,
        0.0,
        0.0,
        0.0,
        1.0
      ]
    ]
  },
  "b": {
    "trend": [
      [
        0.03274057778430973
      ],
      [
        0.01967567151224815
      ],
      [
        0.35812813319242853
      ],
      [
        0.07675545213244607
      ],
      [
        0.07675545213244607
      ],
      [
        0.0
      ]
    ],
    "breakout": [
      [
        0.0
      ],
      [
        0.0
      ],
      [
        0.0
      ],
      [
        0.0
      ],
      [
        0.0
      ],
      [
        0.0
      ]
    ],
    "reversion": [
      [
        -0.0045156257532248684
      ],
      [
        -0.032692198687587104
      ],
      [
        -0.9004398141910883
      ],
      [
        -0.5670391177590371
      ],
      [
        -0.5670391177590371
      ],
      [
        0.0
      ]
    ],
    "vwap": [
      [
        0.0
      ],
      [
        0.0
      ],
      [
        0.0
      ],
      [
        0.0
      ],
      [
        0.0
      ],
      [
        0.0
      ]
    ]
  },
  "counts": {
    "trend": 1,
    "breakout": 0,
    "reversion": 8,
    "vwap": 0
  },
  "reward_sum": {
    "trend": 0.07675545213244607,
    "breakout": 0.0,
    "reversion": -0.5670391177590371,
    "vwap": 0.0
  },
  "disabled_until": {
    "trend": 0.0,
    "breakout": 0.0,
    "reversion": 0.0,
    "vwap": 0.0
  },
  "_snapshot_time": "2025-09-23T23:32:00.038498"
}