{
  "arms": [
    "trend",
    "breakout",
    "reversion",
    "vwap"
  ],
  "d": 6,
  "alpha": 0.6,
  "alpha_base": 0.6,
  "alpha_boost_until": 0.0,
  "A": {
    "trend": [
      [
        1.052753970752669,
        0.031702855286620236,
        0.5770417733188594,
        0.12367389798611286,
        0.12367389798611286,
        0.0
      ],
      [
        0.031702855286620236,
        1.0190520451633205,
        0.3467771538872497,
        0.07432266490361653,
        0.07432266490361653,
        0.0
      ],
      [
        0.5770417733188594,
        0.3467771538872497,
        7.311889008622463,
        1.3527892666458412,
        1.3527892666458412,
        0.0
      ],
      [
        0.12367389798611286,
        0.07432266490361653,
        1.3527892666458412,
        1.28993519966087,
        0.28993519966087045,
        0.0
      ],
      [
        0.12367389798611286,
        0.07432266490361653,
        1.3527892666458412,
        0.28993519966087045,
        1.28993519966087,
        0.0
      ],
      [
        0.0,
        0.0,
        0.0,
        0.0,
        0.0,
        1.0
      ]
    ],
    "breakout": [
      [
        1.0,
        0.0,
        0.0,
        0.0,
        0.0,
        0.0
      ],
      [
        0.0,
        1.0,
        0.0,
        0.0,
        0.0,
        0.0
      ],
      [
        0.0,
        0.0,
        1.0,
        0.0,
        0.0,
        0.0
      ],
      [
        0.0,
        0.0,
        0.0,
        1.0,
        0.0,
        0.0
      ],
      [
        0.0,
        0.0,
        0.0,
        0.0,
        1.0,
        0.0
      ],
      [
        0.0,
        0.0,
        0.0,
        0.0,
        0.0,
        1.0
      ]
    ],
    "reversion": [
      [
        1.4521592907784715,
        0.031953493948371846,
        0.8084694608335169,
        1.469009401378234,
        1.469009401378234,
        0.0
      ],
      [
        0.031953493948371846,
        1.002791534940969,
        0.07020841473942416,
        0.11085716516879716,
        0.11085716516879716,
        0.0
      ],
      [
        0.8084694608335169,
        0.07020841473942416,
        2.892256991846223,
        2.8180784176324534,
        2.8180784176324534,
        0.0
      ],
      [
        1.469009401378234,
        0.11085716516879716,
        2.8180784176324534,
        5.8909903334305245,
        4.890990333430533,
        0.0
      ],
      [
        1.469009401378234,
        0.11085716516879716,
        2.8180784176324534,
        4.890990333430533,
        5.8909903334305245,
        0.0
      ],
      [
        0.0,
        0.0,
        0.0,
        0.0,
        0.0,
        1.0
      ]
    ],
    "vwap": [
      [
        1.0,
        0.0,
        0.0,
        0.0,
        0.0,
        0.0
      ],
      [
        0.0,
        1.0,
        0.0,
        0.0,
        0.0,
        0.0
      ],
      [
        0.0,
        0.0,
        1.0,
        0.0,
        0.0,
        0.0
      ],
      [
        0.0,
        0.0,
        0.0,
        1.0,
        0.0,
        0.0
      ],
      [
        0.0,
        0.0,
        0.0,
        0.0,
        1.0,
        0.0
      ],
      [
        0.0,
        0.0,
        0.0,
        0.0,
        0.0,
        1.0
      ]
    ]
  },
  "b": {
    "trend": [
      [
        0.1260891214449035
      ],
      [
        0.07577410976561332
      ],
      [
        1.3792078434418125
      ],
      [
        0.2955973345749711
      ],
      [
        0.2955973345749711
      ],
      [
        0.0
      ]
    ],
    "breakout": [
      [
        0.0
      ],
      [
        0.0
      ],
      [
        0.0
      ],
      [
        0.0
      ],
      [
        0.0
      ],
      [
        0.0
      ]
    ],
    "reversion": [
      [
        -0.4668764760530659
      ],
      [
        -0.14803139171295593
      ],
      [
        -4.081539138146258
      ],
      [
        -3.456726708306157
      ],
      [
        -3.456726708306157
      ],
      [
        0.0
      ]
    ],
    "vwap": [
      [
        0.0
      ],
      [
        0.0
      ],
      [
        0.0
      ],
      [
        0.0
      ],
      [
        0.0
      ],
      [
        0.0
      ]
    ]
  },
  "counts": {
    "trend": 1,
    "breakout": 0,
    "reversion": 7,
    "vwap": 0
  },
  "reward_sum": {
    "trend": 0.2955973345749711,
    "breakout": 0.0,
    "reversion": -3.456726708306157,
    "vwap": 0.0
  },
  "disabled_until": {
    "trend": 0.0,
    "breakout": 0.0,
    "reversion": 0.0,
    "vwap": 0.0
  },
  "_snapshot_time": "2025-09-19T12:29:00.762965"
}