{
  "arms": [
    "trend",
    "breakout",
    "reversion",
    "vwap"
  ],
  "d": 6,
  "alpha": 0.6,
  "alpha_base": 0.6,
  "alpha_boost_until": 0.0,
  "A": {
    "trend": [
      [
        1.0031066746636208,
        0.0018669771370409688,
        0.033981917028103104,
        0.007283140206183783,
        0.007283140206183783,
        0.0
      ],
      [
        0.0018669771370409688,
        1.0011219725293556,
        0.020421662720987405,
        0.004376852333473274,
        0.004376852333473274,
        0.0
      ],
      [
        0.033981917028103104,
        0.020421662720987405,
        1.3717063451887692,
        0.07966558876884851,
        0.07966558876884851,
        0.0
      ],
      [
        0.007283140206183783,
        0.004376852333473274,
        0.07966558876884851,
        1.0170742472277778,
        0.01707424722777892,
        0.0
      ],
      [
        0.007283140206183783,
        0.004376852333473274,
        0.07966558876884851,
        0.01707424722777892,
        1.0170742472277778,
        0.0
      ],
      [
        0.0,
        0.0,
        0.0,
        0.0,
        0.0,
        1.0
      ]
    ],
    "breakout": [
      [
        1.0,
        0.0,
        0.0,
        0.0,
        0.0,
        0.0
      ],
      [
        0.0,
        1.0,
        0.0,
        0.0,
        0.0,
        0.0
      ],
      [
        0.0,
        0.0,
        1.0,
        0.0,
        0.0,
        0.0
      ],
      [
        0.0,
        0.0,
        0.0,
        1.0,
        0.0,
        0.0
      ],
      [
        0.0,
        0.0,
        0.0,
        0.0,
        1.0,
        0.0
      ],
      [
        0.0,
        0.0,
        0.0,
        0.0,
        0.0,
        1.0
      ]
    ],
    "reversion": [
      [
        1.166504634349944,
        0.013552898554965118,
        0.4871461600690716,
        0.5456474651918383,
        0.5456474651918383,
        0.0
      ],
      [
        0.013552898554965118,
        1.0012079891785512,
        0.045733351252748966,
        0.04489429470263118,
        0.04489429470263118,
        0.0
      ],
      [
        0.4871461600690716,
        0.045733351252748966,
        2.8449700674765466,
        1.6094801225147548,
        1.6094801225147548,
        0.0
      ],
      [
        0.5456474651918383,
        0.04489429470263118,
        1.6094801225147548,
        2.797275512534916,
        1.797275512534931,
        0.0
      ],
      [
        0.5456474651918383,
        0.04489429470263118,
        1.6094801225147548,
        1.797275512534931,
        2.797275512534916,
        0.0
      ],
      [
        0.0,
        0.0,
        0.0,
        0.0,
        0.0,
        1.0
      ]
    ],
    "vwap": [
      [
        1.0,
        0.0,
        0.0,
        0.0,
        0.0,
        0.0
      ],
      [
        0.0,
        1.0,
        0.0,
        0.0,
        0.0,
        0.0
      ],
      [
        0.0,
        0.0,
        1.0,
        0.0,
        0.0,
        0.0
      ],
      [
        0.0,
        0.0,
        0.0,
        1.0,
        0.0,
        0.0
      ],
      [
        0.0,
        0.0,
        0.0,
        0.0,
        1.0,
        0.0
      ],
      [
        0.0,
        0.0,
        0.0,
        0.0,
        0.0,
        1.0
      ]
    ]
  },
  "b": {
    "trend": [
      [
        0.007425372410117475
      ],
      [
        0.00446232773777123
      ],
      [
        0.0812213754140992
      ],
      [
        0.017407689636542982
      ],
      [
        0.017407689636542982
      ],
      [
        0.0
      ]
    ],
    "breakout": [
      [
        0.0
      ],
      [
        0.0
      ],
      [
        0.0
      ],
      [
        0.0
      ],
      [
        0.0
      ],
      [
        0.0
      ]
    ],
    "reversion": [
      [
        -0.571767439208101
      ],
      [
        -0.05502559998536849
      ],
      [
        -1.9661544804797733
      ],
      [
        -2.0224037679207627
      ],
      [
        -2.0224037679207627
      ],
      [
        0.0
      ]
    ],
    "vwap": [
      [
        0.0
      ],
      [
        0.0
      ],
      [
        0.0
      ],
      [
        0.0
      ],
      [
        0.0
      ],
      [
        0.0
      ]
    ]
  },
  "counts": {
    "trend": 1,
    "breakout": 0,
    "reversion": 10,
    "vwap": 0
  },
  "reward_sum": {
    "trend": 0.017407689636542982,
    "breakout": 0.0,
    "reversion": -2.0224037679207627,
    "vwap": 0.0
  },
  "disabled_until": {
    "trend": 0.0,
    "breakout": 0.0,
    "reversion": 0.0,
    "vwap": 0.0
  },
  "_snapshot_time": "2025-09-26T10:48:00.562601"
}