{
  "arms": [
    "trend",
    "breakout",
    "reversion",
    "vwap"
  ],
  "d": 6,
  "alpha": 0.6,
  "alpha_base": 0.6,
  "alpha_boost_until": 0.0,
  "A": {
    "trend": [
      [
        1.0054737839432666,
        0.0032895074578779228,
        0.05987420374847418,
        0.012832478528892879,
        0.012832478528892879,
        0.0
      ],
      [
        0.0032895074578779228,
        1.001976851740511,
        0.03598180743092923,
        0.007711764706347763,
        0.007711764706347763,
        0.0
      ],
      [
        0.05987420374847418,
        0.03598180743092923,
        1.6549254248377943,
        0.14036623330412656,
        0.14036623330412656,
        0.0
      ],
      [
        0.012832478528892879,
        0.007711764706347763,
        0.14036623330412656,
        1.0300838518475093,
        0.030083851847510768,
        0.0
      ],
      [
        0.012832478528892879,
        0.007711764706347763,
        0.14036623330412656,
        0.030083851847510768,
        1.0300838518475093,
        0.0
      ],
      [
        0.0,
        0.0,
        0.0,
        0.0,
        0.0,
        1.0
      ]
    ],
    "breakout": [
      [
        1.0,
        0.0,
        0.0,
        0.0,
        0.0,
        0.0
      ],
      [
        0.0,
        1.0,
        0.0,
        0.0,
        0.0,
        0.0
      ],
      [
        0.0,
        0.0,
        1.0,
        0.0,
        0.0,
        0.0
      ],
      [
        0.0,
        0.0,
        0.0,
        1.0,
        0.0,
        0.0
      ],
      [
        0.0,
        0.0,
        0.0,
        0.0,
        1.0,
        0.0
      ],
      [
        0.0,
        0.0,
        0.0,
        0.0,
        0.0,
        1.0
      ]
    ],
    "reversion": [
      [
        1.1461492169835452,
        0.013574896558721496,
        0.5506464842142965,
        0.46964956602178776,
        0.46964956602178776,
        0.0
      ],
      [
        0.013574896558721496,
        1.0014071627797123,
        0.05904430967123847,
        0.04468213006512343,
        0.04468213006512343,
        0.0
      ],
      [
        0.5506464842142965,
        0.05904430967123847,
        3.6077235173070785,
        1.8081133593457752,
        1.8081133593457752,
        0.0
      ],
      [
        0.46964956602178776,
        0.04468213006512343,
        1.8081133593457752,
        2.5241607492738973,
        1.524160749273911,
        0.0
      ],
      [
        0.46964956602178776,
        0.04468213006512343,
        1.8081133593457752,
        1.524160749273911,
        2.5241607492738973,
        0.0
      ],
      [
        0.0,
        0.0,
        0.0,
        0.0,
        0.0,
        1.0
      ]
    ],
    "vwap": [
      [
        1.0,
        0.0,
        0.0,
        0.0,
        0.0,
        0.0
      ],
      [
        0.0,
        1.0,
        0.0,
        0.0,
        0.0,
        0.0
      ],
      [
        0.0,
        0.0,
        1.0,
        0.0,
        0.0,
        0.0
      ],
      [
        0.0,
        0.0,
        0.0,
        1.0,
        0.0,
        0.0
      ],
      [
        0.0,
        0.0,
        0.0,
        0.0,
        1.0,
        0.0
      ],
      [
        0.0,
        0.0,
        0.0,
        0.0,
        0.0,
        1.0
      ]
    ]
  },
  "b": {
    "trend": [
      [
        0.01308308357718599
      ],
      [
        0.007862367503952928
      ],
      [
        0.14310744082664095
      ],
      [
        0.030671358394131112
      ],
      [
        0.030671358394131112
      ],
      [
        0.0
      ]
    ],
    "breakout": [
      [
        0.0
      ],
      [
        0.0
      ],
      [
        0.0
      ],
      [
        0.0
      ],
      [
        0.0
      ],
      [
        0.0
      ]
    ],
    "reversion": [
      [
        -0.30889338619917006
      ],
      [
        -0.04805989911961774
      ],
      [
        -2.004411855203865
      ],
      [
        -1.2301469699693555
      ],
      [
        -1.2301469699693555
      ],
      [
        0.0
      ]
    ],
    "vwap": [
      [
        0.0
      ],
      [
        0.0
      ],
      [
        0.0
      ],
      [
        0.0
      ],
      [
        0.0
      ],
      [
        0.0
      ]
    ]
  },
  "counts": {
    "trend": 1,
    "breakout": 0,
    "reversion": 9,
    "vwap": 0
  },
  "reward_sum": {
    "trend": 0.030671358394131112,
    "breakout": 0.0,
    "reversion": -1.2301469699693555,
    "vwap": 0.0
  },
  "disabled_until": {
    "trend": 0.0,
    "breakout": 0.0,
    "reversion": 0.0,
    "vwap": 0.0
  },
  "_snapshot_time": "2025-09-25T12:47:00.967017"
}