{
  "arms": [
    "trend",
    "breakout",
    "reversion",
    "vwap"
  ],
  "d": 6,
  "alpha": 0.6,
  "alpha_base": 0.6,
  "alpha_boost_until": 0.0,
  "A": {
    "trend": [
      [
        1.0037585359382433,
        0.0022587175759396605,
        0.041112208463972975,
        0.008811332750337334,
        0.008811332750337334,
        0.0
      ],
      [
        0.0022587175759396605,
        1.0013573915938765,
        0.024706659552839412,
        0.0052952299718985055,
        0.0052952299718985055,
        0.0
      ],
      [
        0.041112208463972975,
        0.024706659552839412,
        1.449700019517563,
        0.09638150461498163,
        0.09638150461498163,
        0.0
      ],
      [
        0.008811332750337334,
        0.0052952299718985055,
        0.09638150461498163,
        1.020656869087559,
        0.020656869087560238,
        0.0
      ],
      [
        0.008811332750337334,
        0.0052952299718985055,
        0.09638150461498163,
        0.020656869087560238,
        1.020656869087559,
        0.0
      ],
      [
        0.0,
        0.0,
        0.0,
        0.0,
        0.0,
        1.0
      ]
    ],
    "breakout": [
      [
        1.0,
        0.0,
        0.0,
        0.0,
        0.0,
        0.0
      ],
      [
        0.0,
        1.0,
        0.0,
        0.0,
        0.0,
        0.0
      ],
      [
        0.0,
        0.0,
        1.0,
        0.0,
        0.0,
        0.0
      ],
      [
        0.0,
        0.0,
        0.0,
        1.0,
        0.0,
        0.0
      ],
      [
        0.0,
        0.0,
        0.0,
        0.0,
        1.0,
        0.0
      ],
      [
        0.0,
        0.0,
        0.0,
        0.0,
        0.0,
        1.0
      ]
    ],
    "reversion": [
      [
        1.1003523504164687,
        0.009321108962776803,
        0.37809760517356117,
        0.32248163072722624,
        0.32248163072722624,
        0.0
      ],
      [
        0.009321108962776803,
        1.0009662186036785,
        0.04054236742776209,
        0.030680675998109135,
        0.030680675998109135,
        0.0
      ],
      [
        0.37809760517356117,
        0.04054236742776209,
        2.79057534210073,
        1.2415285498942827,
        1.2415285498942827,
        0.0
      ],
      [
        0.32248163072722624,
        0.030680675998109135,
        1.2415285498942827,
        2.0465544513959424,
        1.0465544513959586,
        0.0
      ],
      [
        0.32248163072722624,
        0.030680675998109135,
        1.2415285498942827,
        1.0465544513959586,
        2.0465544513959424,
        0.0
      ],
      [
        0.0,
        0.0,
        0.0,
        0.0,
        0.0,
        1.0
      ]
    ],
    "vwap": [
      [
        1.0,
        0.0,
        0.0,
        0.0,
        0.0,
        0.0
      ],
      [
        0.0,
        1.0,
        0.0,
        0.0,
        0.0,
        0.0
      ],
      [
        0.0,
        0.0,
        1.0,
        0.0,
        0.0,
        0.0
      ],
      [
        0.0,
        0.0,
        0.0,
        1.0,
        0.0,
        0.0
      ],
      [
        0.0,
        0.0,
        0.0,
        0.0,
        1.0,
        0.0
      ],
      [
        0.0,
        0.0,
        0.0,
        0.0,
        0.0,
        1.0
      ]
    ]
  },
  "b": {
    "trend": [
      [
        0.008983408975865645
      ],
      [
        0.005398640342688763
      ],
      [
        0.09826373582730893
      ],
      [
        0.021060276399999387
      ],
      [
        0.021060276399999387
      ],
      [
        0.0
      ]
    ],
    "breakout": [
      [
        0.0
      ],
      [
        0.0
      ],
      [
        0.0
      ],
      [
        0.0
      ],
      [
        0.0
      ],
      [
        0.0
      ]
    ],
    "reversion": [
      [
        -0.21209951016486644
      ],
      [
        -0.03299999778975908
      ],
      [
        -1.376315556278275
      ],
      [
        -0.8446719205346193
      ],
      [
        -0.8446719205346193
      ],
      [
        0.0
      ]
    ],
    "vwap": [
      [
        0.0
      ],
      [
        0.0
      ],
      [
        0.0
      ],
      [
        0.0
      ],
      [
        0.0
      ],
      [
        0.0
      ]
    ]
  },
  "counts": {
    "trend": 1,
    "breakout": 0,
    "reversion": 9,
    "vwap": 0
  },
  "reward_sum": {
    "trend": 0.021060276399999387,
    "breakout": 0.0,
    "reversion": -0.8446719205346193,
    "vwap": 0.0
  },
  "disabled_until": {
    "trend": 0.0,
    "breakout": 0.0,
    "reversion": 0.0,
    "vwap": 0.0
  },
  "_snapshot_time": "2025-09-26T04:26:00.771533"
}