{
  "arms": [
    "trend",
    "breakout",
    "reversion",
    "vwap"
  ],
  "d": 6,
  "alpha": 0.6,
  "alpha_base": 0.6,
  "alpha_boost_until": 0.0,
  "A": {
    "trend": [
      [
        1.0078528235224242,
        0.004719207372842862,
        0.08589698834584042,
        0.018409785677903877,
        0.018409785677903877,
        0.0
      ],
      [
        0.004719207372842862,
        1.0028360395677178,
        0.05162037572208327,
        0.011063485134428995,
        0.011063485134428995,
        0.0
      ],
      [
        0.08589698834584042,
        0.05162037572208327,
        1.939571936873067,
        0.20137281085063846,
        0.20137281085063846,
        0.0
      ],
      [
        0.018409785677903877,
        0.011063485134428995,
        0.20137281085063846,
        1.0431590252523306,
        0.043159025252331236,
        0.0
      ],
      [
        0.018409785677903877,
        0.011063485134428995,
        0.20137281085063846,
        0.043159025252331236,
        1.0431590252523306,
        0.0
      ],
      [
        0.0,
        0.0,
        0.0,
        0.0,
        0.0,
        1.0
      ]
    ],
    "breakout": [
      [
        1.0,
        0.0,
        0.0,
        0.0,
        0.0,
        0.0
      ],
      [
        0.0,
        1.0,
        0.0,
        0.0,
        0.0,
        0.0
      ],
      [
        0.0,
        0.0,
        1.0,
        0.0,
        0.0,
        0.0
      ],
      [
        0.0,
        0.0,
        0.0,
        1.0,
        0.0,
        0.0
      ],
      [
        0.0,
        0.0,
        0.0,
        0.0,
        1.0,
        0.0
      ],
      [
        0.0,
        0.0,
        0.0,
        0.0,
        0.0,
        1.0
      ]
    ],
    "reversion": [
      [
        1.0905629407446331,
        0.005901412163333426,
        0.15210388552579723,
        0.28453433595682676,
        0.28453433595682676,
        0.0
      ],
      [
        0.005901412163333426,
        1.0004719050566908,
        0.01201448008539773,
        0.019744326737016905,
        0.019744326737016905,
        0.0
      ],
      [
        0.15210388552579723,
        0.01201448008539773,
        1.3250431574031558,
        0.5094301067458321,
        0.5094301067458321,
        0.0
      ],
      [
        0.28453433595682676,
        0.019744326737016905,
        0.5094301067458321,
        1.9145833836768755,
        0.9145833836768923,
        0.0
      ],
      [
        0.28453433595682676,
        0.019744326737016905,
        0.5094301067458321,
        0.9145833836768923,
        1.9145833836768755,
        0.0
      ],
      [
        0.0,
        0.0,
        0.0,
        0.0,
        0.0,
        1.0
      ]
    ],
    "vwap": [
      [
        1.0,
        0.0,
        0.0,
        0.0,
        0.0,
        0.0
      ],
      [
        0.0,
        1.0,
        0.0,
        0.0,
        0.0,
        0.0
      ],
      [
        0.0,
        0.0,
        1.0,
        0.0,
        0.0,
        0.0
      ],
      [
        0.0,
        0.0,
        0.0,
        1.0,
        0.0,
        0.0
      ],
      [
        0.0,
        0.0,
        0.0,
        0.0,
        1.0,
        0.0
      ],
      [
        0.0,
        0.0,
        0.0,
        0.0,
        0.0,
        1.0
      ]
    ]
  },
  "b": {
    "trend": [
      [
        0.018769309772839197
      ],
      [
        0.01127954356929498
      ],
      [
        0.20530541380606296
      ],
      [
        0.04400187642744081
      ],
      [
        0.04400187642744081
      ],
      [
        0.0
      ]
    ],
    "breakout": [
      [
        0.0
      ],
      [
        0.0
      ],
      [
        0.0
      ],
      [
        0.0
      ],
      [
        0.0
      ],
      [
        0.0
      ]
    ],
    "reversion": [
      [
        -0.002588689153222736
      ],
      [
        -0.018741575312595418
      ],
      [
        -0.516198398076212
      ],
      [
        -0.3250685716254292
      ],
      [
        -0.3250685716254292
      ],
      [
        0.0
      ]
    ],
    "vwap": [
      [
        0.0
      ],
      [
        0.0
      ],
      [
        0.0
      ],
      [
        0.0
      ],
      [
        0.0
      ],
      [
        0.0
      ]
    ]
  },
  "counts": {
    "trend": 1,
    "breakout": 0,
    "reversion": 8,
    "vwap": 0
  },
  "reward_sum": {
    "trend": 0.04400187642744081,
    "breakout": 0.0,
    "reversion": -0.3250685716254292,
    "vwap": 0.0
  },
  "disabled_until": {
    "trend": 0.0,
    "breakout": 0.0,
    "reversion": 0.0,
    "vwap": 0.0
  },
  "_snapshot_time": "2025-09-24T18:42:00.333770"
}