{
  "arms": [
    "trend",
    "breakout",
    "reversion",
    "vwap"
  ],
  "d": 6,
  "alpha": 0.6,
  "alpha_base": 0.6,
  "alpha_boost_until": 0.0,
  "A": {
    "trend": [
      [
        1.043169635730751,
        0.0259430843749114,
        0.47220489377742764,
        0.10120483916734176,
        0.10120483916734176,
        0.0
      ],
      [
        0.0259430843749114,
        1.0155906719037766,
        0.2837747225369127,
        0.060819732138655186,
        0.060819732138655186,
        0.0
      ],
      [
        0.47220489377742764,
        0.2837747225369127,
        6.165145777417617,
        1.1070146763997992,
        1.1070146763997992,
        0.0
      ],
      [
        0.10120483916734176,
        0.060819732138655186,
        1.1070146763997992,
        1.2372598076752164,
        0.23725980767521673,
        0.0
      ],
      [
        0.10120483916734176,
        0.060819732138655186,
        1.1070146763997992,
        0.23725980767521673,
        1.2372598076752164,
        0.0
      ],
      [
        0.0,
        0.0,
        0.0,
        0.0,
        0.0,
        1.0
      ]
    ],
    "breakout": [
      [
        1.0,
        0.0,
        0.0,
        0.0,
        0.0,
        0.0
      ],
      [
        0.0,
        1.0,
        0.0,
        0.0,
        0.0,
        0.0
      ],
      [
        0.0,
        0.0,
        1.0,
        0.0,
        0.0,
        0.0
      ],
      [
        0.0,
        0.0,
        0.0,
        1.0,
        0.0,
        0.0
      ],
      [
        0.0,
        0.0,
        0.0,
        0.0,
        1.0,
        0.0
      ],
      [
        0.0,
        0.0,
        0.0,
        0.0,
        0.0,
        1.0
      ]
    ],
    "reversion": [
      [
        1.3700110455513652,
        0.02614818703492894,
        0.6615868270324198,
        1.202119951119283,
        1.202119951119283,
        0.0
      ],
      [
        0.02614818703492894,
        1.002284369210732,
        0.05745295844637568,
        0.09071664881716068,
        0.09071664881716068,
        0.0
      ],
      [
        0.6615868270324198,
        0.05745295844637568,
        2.5484719705735985,
        2.306090271768375,
        2.306090271768375,
        0.0
      ],
      [
        1.202119951119283,
        0.09071664881716068,
        2.306090271768375,
        5.002395801573593,
        4.002395801573603,
        0.0
      ],
      [
        1.202119951119283,
        0.09071664881716068,
        2.306090271768375,
        4.002395801573603,
        5.002395801573593,
        0.0
      ],
      [
        0.0,
        0.0,
        0.0,
        0.0,
        0.0,
        1.0
      ]
    ],
    "vwap": [
      [
        1.0,
        0.0,
        0.0,
        0.0,
        0.0,
        0.0
      ],
      [
        0.0,
        1.0,
        0.0,
        0.0,
        0.0,
        0.0
      ],
      [
        0.0,
        0.0,
        1.0,
        0.0,
        0.0,
        0.0
      ],
      [
        0.0,
        0.0,
        0.0,
        1.0,
        0.0,
        0.0
      ],
      [
        0.0,
        0.0,
        0.0,
        0.0,
        1.0,
        0.0
      ],
      [
        0.0,
        0.0,
        0.0,
        0.0,
        0.0,
        1.0
      ]
    ]
  },
  "b": {
    "trend": [
      [
        0.10318126512043609
      ],
      [
        0.06200747867378207
      ],
      [
        1.1286335293607255
      ],
      [
        0.24189324660337036
      ],
      [
        0.24189324660337036
      ],
      [
        0.0
      ]
    ],
    "breakout": [
      [
        0.0
      ],
      [
        0.0
      ],
      [
        0.0
      ],
      [
        0.0
      ],
      [
        0.0
      ],
      [
        0.0
      ]
    ],
    "reversion": [
      [
        -0.3820544143863846
      ],
      [
        -0.12113706638170087
      ],
      [
        -3.3400056014866273
      ],
      [
        -2.828709018283405
      ],
      [
        -2.828709018283405
      ],
      [
        0.0
      ]
    ],
    "vwap": [
      [
        0.0
      ],
      [
        0.0
      ],
      [
        0.0
      ],
      [
        0.0
      ],
      [
        0.0
      ],
      [
        0.0
      ]
    ]
  },
  "counts": {
    "trend": 1,
    "breakout": 0,
    "reversion": 7,
    "vwap": 0
  },
  "reward_sum": {
    "trend": 0.24189324660337036,
    "breakout": 0.0,
    "reversion": -2.828709018283405,
    "vwap": 0.0
  },
  "disabled_until": {
    "trend": 0.0,
    "breakout": 0.0,
    "reversion": 0.0,
    "vwap": 0.0
  },
  "_snapshot_time": "2025-09-22T01:46:00.745134"
}