{
  "arms": [
    "trend",
    "breakout",
    "reversion",
    "vwap"
  ],
  "d": 6,
  "alpha": 0.6,
  "alpha_base": 0.6,
  "alpha_boost_until": 0.0,
  "A": {
    "trend": [
      [
        1.0934165768984512,
        0.05613932328748995,
        1.0218238821033152,
        0.21900137632702835,
        0.21900137632702835,
        0.0
      ],
      [
        0.05613932328748995,
        1.0337373057739363,
        0.6140719684327008,
        0.13161035732869236,
        0.13161035732869236,
        0.0
      ],
      [
        1.0218238821033152,
        0.6140719684327008,
        12.177074569663581,
        2.3955152712105625,
        2.3955152712105625,
        0.0
      ],
      [
        0.21900137632702835,
        0.13161035732869236,
        2.3955152712105625,
        1.513416402372247,
        0.5134164023722473,
        0.0
      ],
      [
        0.21900137632702835,
        0.13161035732869236,
        2.3955152712105625,
        0.5134164023722473,
        1.513416402372247,
        0.0
      ],
      [
        0.0,
        0.0,
        0.0,
        0.0,
        0.0,
        1.0
      ]
    ],
    "breakout": [
      [
        1.0,
        0.0,
        0.0,
        0.0,
        0.0,
        0.0
      ],
      [
        0.0,
        1.0,
        0.0,
        0.0,
        0.0,
        0.0
      ],
      [
        0.0,
        0.0,
        1.0,
        0.0,
        0.0,
        0.0
      ],
      [
        0.0,
        0.0,
        0.0,
        1.0,
        0.0,
        0.0
      ],
      [
        0.0,
        0.0,
        0.0,
        0.0,
        1.0,
        0.0
      ],
      [
        0.0,
        0.0,
        0.0,
        0.0,
        0.0,
        1.0
      ]
    ],
    "reversion": [
      [
        1.0759810217681154,
        0.0077029523376563385,
        0.21712465452353905,
        0.2611863133915311,
        0.2611863133915311,
        0.0
      ],
      [
        0.0077029523376563385,
        1.0008360252690303,
        0.022453657040912605,
        0.026213844153957604,
        0.026213844153957604,
        0.0
      ],
      [
        0.21712465452353905,
        0.022453657040912605,
        1.6239977991121686,
        0.7442450448161664,
        0.7442450448161664,
        0.0
      ],
      [
        0.2611863133915311,
        0.026213844153957604,
        0.7442450448161664,
        1.899109814979537,
        0.8991098149795472,
        0.0
      ],
      [
        0.2611863133915311,
        0.026213844153957604,
        0.7442450448161664,
        0.8991098149795472,
        1.899109814979537,
        0.0
      ],
      [
        0.0,
        0.0,
        0.0,
        0.0,
        0.0,
        1.0
      ]
    ],
    "vwap": [
      [
        1.0,
        0.0,
        0.0,
        0.0,
        0.0,
        0.0
      ],
      [
        0.0,
        1.0,
        0.0,
        0.0,
        0.0,
        0.0
      ],
      [
        0.0,
        0.0,
        1.0,
        0.0,
        0.0,
        0.0
      ],
      [
        0.0,
        0.0,
        0.0,
        1.0,
        0.0,
        0.0
      ],
      [
        0.0,
        0.0,
        0.0,
        0.0,
        1.0,
        0.0
      ],
      [
        0.0,
        0.0,
        0.0,
        0.0,
        0.0,
        1.0
      ]
    ]
  },
  "b": {
    "trend": [
      [
        0.22327824695393997
      ],
      [
        0.1341805716391993
      ],
      [
        2.4422972096238613
      ],
      [
        0.5234428942943877
      ],
      [
        0.5234428942943877
      ],
      [
        0.0
      ]
    ],
    "breakout": [
      [
        0.0
      ],
      [
        0.0
      ],
      [
        0.0
      ],
      [
        0.0
      ],
      [
        0.0
      ],
      [
        0.0
      ]
    ],
    "reversion": [
      [
        0.10412982247349768
      ],
      [
        0.01132983275137595
      ],
      [
        0.30375916214305154
      ],
      [
        0.35422699444142547
      ],
      [
        0.35422699444142547
      ],
      [
        0.0
      ]
    ],
    "vwap": [
      [
        0.0
      ],
      [
        0.0
      ],
      [
        0.0
      ],
      [
        0.0
      ],
      [
        0.0
      ],
      [
        0.0
      ]
    ]
  },
  "counts": {
    "trend": 1,
    "breakout": 0,
    "reversion": 2,
    "vwap": 0
  },
  "reward_sum": {
    "trend": 0.5234428942943877,
    "breakout": 0.0,
    "reversion": 0.35422699444142547,
    "vwap": 0.0
  },
  "disabled_until": {
    "trend": 0.0,
    "breakout": 0.0,
    "reversion": 0.0,
    "vwap": 0.0
  },
  "_snapshot_time": "2025-09-18T16:55:00.698269"
}