{
  "arms": [
    "trend",
    "breakout",
    "reversion",
    "vwap"
  ],
  "d": 6,
  "alpha": 0.6,
  "alpha_base": 0.6,
  "alpha_boost_until": 0.0,
  "A": {
    "trend": [
      [
        1.036042033907243,
        0.021659703883786737,
        0.3942406393892394,
        0.08449522872040424,
        0.08449522872040424,
        0.0
      ],
      [
        0.021659703883786737,
        1.0130165454463715,
        0.23692157690383583,
        0.050777978800718354,
        0.050777978800718354,
        0.0
      ],
      [
        0.3942406393892394,
        0.23692157690383583,
        5.312344917771134,
        0.9242389894477433,
        0.9242389894477433,
        0.0
      ],
      [
        0.08449522872040424,
        0.050777978800718354,
        0.9242389894477433,
        1.1980865923073947,
        0.19808659230739353,
        0.0
      ],
      [
        0.08449522872040424,
        0.050777978800718354,
        0.9242389894477433,
        0.19808659230739353,
        1.1980865923073947,
        0.0
      ],
      [
        0.0,
        0.0,
        0.0,
        0.0,
        0.0,
        1.0
      ]
    ],
    "breakout": [
      [
        1.0,
        0.0,
        0.0,
        0.0,
        0.0,
        0.0
      ],
      [
        0.0,
        1.0,
        0.0,
        0.0,
        0.0,
        0.0
      ],
      [
        0.0,
        0.0,
        1.0,
        0.0,
        0.0,
        0.0
      ],
      [
        0.0,
        0.0,
        0.0,
        1.0,
        0.0,
        0.0
      ],
      [
        0.0,
        0.0,
        0.0,
        0.0,
        1.0,
        0.0
      ],
      [
        0.0,
        0.0,
        0.0,
        0.0,
        0.0,
        1.0
      ]
    ],
    "reversion": [
      [
        1.4156559193947809,
        0.02708565864037849,
        0.6981098434073552,
        1.3059246976642591,
        1.3059246976642591,
        0.0
      ],
      [
        0.02708565864037849,
        1.0021658984192956,
        0.0551427518241489,
        0.09062035988702424,
        0.09062035988702424,
        0.0
      ],
      [
        0.6981098434073552,
        0.0551427518241489,
        2.4918476732592434,
        2.3381268060177693,
        2.3381268060177693,
        0.0
      ],
      [
        1.3059246976642591,
        0.09062035988702424,
        2.3381268060177693,
        5.197655178594068,
        4.197655178594082,
        0.0
      ],
      [
        1.3059246976642591,
        0.09062035988702424,
        2.3381268060177693,
        4.197655178594082,
        5.197655178594068,
        0.0
      ],
      [
        0.0,
        0.0,
        0.0,
        0.0,
        0.0,
        1.0
      ]
    ],
    "vwap": [
      [
        1.0,
        0.0,
        0.0,
        0.0,
        0.0,
        0.0
      ],
      [
        0.0,
        1.0,
        0.0,
        0.0,
        0.0,
        0.0
      ],
      [
        0.0,
        0.0,
        1.0,
        0.0,
        0.0,
        0.0
      ],
      [
        0.0,
        0.0,
        0.0,
        1.0,
        0.0,
        0.0
      ],
      [
        0.0,
        0.0,
        0.0,
        0.0,
        1.0,
        0.0
      ],
      [
        0.0,
        0.0,
        0.0,
        0.0,
        0.0,
        1.0
      ]
    ]
  },
  "b": {
    "trend": [
      [
        0.08614533324435408
      ],
      [
        0.0517696202674023
      ],
      [
        0.9422884220700887
      ],
      [
        0.20195501880969763
      ],
      [
        0.20195501880969763
      ],
      [
        0.0
      ]
    ],
    "breakout": [
      [
        0.0
      ],
      [
        0.0
      ],
      [
        0.0
      ],
      [
        0.0
      ],
      [
        0.0
      ],
      [
        0.0
      ]
    ],
    "reversion": [
      [
        -0.011881283460573632
      ],
      [
        -0.08601804064015252
      ],
      [
        -2.3691911722202086
      ],
      [
        -1.4919643166879666
      ],
      [
        -1.4919643166879666
      ],
      [
        0.0
      ]
    ],
    "vwap": [
      [
        0.0
      ],
      [
        0.0
      ],
      [
        0.0
      ],
      [
        0.0
      ],
      [
        0.0
      ],
      [
        0.0
      ]
    ]
  },
  "counts": {
    "trend": 1,
    "breakout": 0,
    "reversion": 8,
    "vwap": 0
  },
  "reward_sum": {
    "trend": 0.20195501880969763,
    "breakout": 0.0,
    "reversion": -1.4919643166879666,
    "vwap": 0.0
  },
  "disabled_until": {
    "trend": 0.0,
    "breakout": 0.0,
    "reversion": 0.0,
    "vwap": 0.0
  },
  "_snapshot_time": "2025-09-22T07:47:00.927039"
}