{
  "arms": [
    "trend",
    "breakout",
    "reversion",
    "vwap"
  ],
  "d": 6,
  "alpha": 0.6,
  "alpha_base": 0.6,
  "alpha_boost_until": 0.0,
  "A": {
    "trend": [
      [
        1.0273576463975016,
        0.016440762512244182,
        0.29924770715473925,
        0.06413596401240614,
        0.06413596401240614,
        0.0
      ],
      [
        0.016440762512244182,
        1.0098801873544452,
        0.17983493222259936,
        0.03854294106667297,
        0.03854294106667297,
        0.0
      ],
      [
        0.29924770715473925,
        0.17983493222259936,
        4.273278298002438,
        0.7015420807041217,
        0.7015420807041217,
        0.0
      ],
      [
        0.06413596401240614,
        0.03854294106667297,
        0.7015420807041217,
        1.1503573012105401,
        0.15035730121053842,
        0.0
      ],
      [
        0.06413596401240614,
        0.03854294106667297,
        0.7015420807041217,
        0.15035730121053842,
        1.1503573012105401,
        0.0
      ],
      [
        0.0,
        0.0,
        0.0,
        0.0,
        0.0,
        1.0
      ]
    ],
    "breakout": [
      [
        1.0,
        0.0,
        0.0,
        0.0,
        0.0,
        0.0
      ],
      [
        0.0,
        1.0,
        0.0,
        0.0,
        0.0,
        0.0
      ],
      [
        0.0,
        0.0,
        1.0,
        0.0,
        0.0,
        0.0
      ],
      [
        0.0,
        0.0,
        0.0,
        1.0,
        0.0,
        0.0
      ],
      [
        0.0,
        0.0,
        0.0,
        0.0,
        1.0,
        0.0
      ],
      [
        0.0,
        0.0,
        0.0,
        0.0,
        0.0,
        1.0
      ]
    ],
    "reversion": [
      [
        1.3155029401252998,
        0.020559324521860652,
        0.5298991253297646,
        0.9912599880575436,
        0.9912599880575436,
        0.0
      ],
      [
        0.020559324521860652,
        1.0016440216232105,
        0.04185601483181282,
        0.06878523472298705,
        0.06878523472298705,
        0.0
      ],
      [
        0.5298991253297646,
        0.04185601483181282,
        2.132384516062512,
        1.7747512961165017,
        1.7747512961165017,
        0.0
      ],
      [
        0.9912599880575436,
        0.06878523472298705,
        1.7747512961165017,
        4.186223240624076,
        3.186223240624092,
        0.0
      ],
      [
        0.9912599880575436,
        0.06878523472298705,
        1.7747512961165017,
        3.186223240624092,
        4.186223240624076,
        0.0
      ],
      [
        0.0,
        0.0,
        0.0,
        0.0,
        0.0,
        1.0
      ]
    ],
    "vwap": [
      [
        1.0,
        0.0,
        0.0,
        0.0,
        0.0,
        0.0
      ],
      [
        0.0,
        1.0,
        0.0,
        0.0,
        0.0,
        0.0
      ],
      [
        0.0,
        0.0,
        1.0,
        0.0,
        0.0,
        0.0
      ],
      [
        0.0,
        0.0,
        0.0,
        1.0,
        0.0,
        0.0
      ],
      [
        0.0,
        0.0,
        0.0,
        0.0,
        1.0,
        0.0
      ],
      [
        0.0,
        0.0,
        0.0,
        0.0,
        0.0,
        1.0
      ]
    ]
  },
  "b": {
    "trend": [
      [
        0.06538847312999142
      ],
      [
        0.03929564488656444
      ],
      [
        0.7152424727693548
      ],
      [
        0.1532936239673818
      ],
      [
        0.1532936239673818
      ],
      [
        0.0
      ]
    ],
    "breakout": [
      [
        0.0
      ],
      [
        0.0
      ],
      [
        0.0
      ],
      [
        0.0
      ],
      [
        0.0
      ],
      [
        0.0
      ]
    ],
    "reversion": [
      [
        -0.00901846861637682
      ],
      [
        -0.06529185188870058
      ],
      [
        -1.7983306520517397
      ],
      [
        -1.1324730540647228
      ],
      [
        -1.1324730540647228
      ],
      [
        0.0
      ]
    ],
    "vwap": [
      [
        0.0
      ],
      [
        0.0
      ],
      [
        0.0
      ],
      [
        0.0
      ],
      [
        0.0
      ],
      [
        0.0
      ]
    ]
  },
  "counts": {
    "trend": 1,
    "breakout": 0,
    "reversion": 8,
    "vwap": 0
  },
  "reward_sum": {
    "trend": 0.1532936239673818,
    "breakout": 0.0,
    "reversion": -1.1324730540647228,
    "vwap": 0.0
  },
  "disabled_until": {
    "trend": 0.0,
    "breakout": 0.0,
    "reversion": 0.0,
    "vwap": 0.0
  },
  "_snapshot_time": "2025-09-22T17:53:00.393033"
}