{
  "arms": [
    "trend",
    "breakout",
    "reversion",
    "vwap"
  ],
  "d": 6,
  "alpha": 0.6,
  "alpha_base": 0.6,
  "alpha_boost_until": 0.0,
  "A": {
    "trend": [
      [
        1.0140458643907788,
        0.008440957141292916,
        0.15363868122553,
        0.03292845590592549,
        0.03292845590592549,
        0.0
      ],
      [
        0.008440957141292916,
        1.0050726502462841,
        0.09233020392258379,
        0.01978857813929678,
        0.01978857813929678,
        0.0
      ],
      [
        0.15363868122553,
        0.09233020392258379,
        2.680554767723551,
        0.360183211187851,
        0.360183211187851,
        0.0
      ],
      [
        0.03292845590592549,
        0.01978857813929678,
        0.360183211187851,
        1.0771959046579145,
        0.07719590465791494,
        0.0
      ],
      [
        0.03292845590592549,
        0.01978857813929678,
        0.360183211187851,
        0.07719590465791494,
        1.0771959046579145,
        0.0
      ],
      [
        0.0,
        0.0,
        0.0,
        0.0,
        0.0,
        1.0
      ]
    ],
    "breakout": [
      [
        1.0,
        0.0,
        0.0,
        0.0,
        0.0,
        0.0
      ],
      [
        0.0,
        1.0,
        0.0,
        0.0,
        0.0,
        0.0
      ],
      [
        0.0,
        0.0,
        1.0,
        0.0,
        0.0,
        0.0
      ],
      [
        0.0,
        0.0,
        0.0,
        1.0,
        0.0,
        0.0
      ],
      [
        0.0,
        0.0,
        0.0,
        0.0,
        1.0,
        0.0
      ],
      [
        0.0,
        0.0,
        0.0,
        0.0,
        0.0,
        1.0
      ]
    ],
    "reversion": [
      [
        1.1619843844569986,
        0.01055549443121723,
        0.272058902547008,
        0.5089291368840606,
        0.5089291368840606,
        0.0
      ],
      [
        0.01055549443121723,
        1.000844067667211,
        0.02148956455258877,
        0.03531546774780661,
        0.03531546774780661,
        0.0
      ],
      [
        0.272058902547008,
        0.02148956455258877,
        1.5813847843388515,
        0.9111864255576178,
        0.9111864255576178,
        0.0
      ],
      [
        0.5089291368840606,
        0.03531546774780661,
        0.9111864255576178,
        2.6358592733560466,
        1.635859273356064,
        0.0
      ],
      [
        0.5089291368840606,
        0.03531546774780661,
        0.9111864255576178,
        1.635859273356064,
        2.6358592733560466,
        0.0
      ],
      [
        0.0,
        0.0,
        0.0,
        0.0,
        0.0,
        1.0
      ]
    ],
    "vwap": [
      [
        1.0,
        0.0,
        0.0,
        0.0,
        0.0,
        0.0
      ],
      [
        0.0,
        1.0,
        0.0,
        0.0,
        0.0,
        0.0
      ],
      [
        0.0,
        0.0,
        1.0,
        0.0,
        0.0,
        0.0
      ],
      [
        0.0,
        0.0,
        0.0,
        1.0,
        0.0,
        0.0
      ],
      [
        0.0,
        0.0,
        0.0,
        0.0,
        1.0,
        0.0
      ],
      [
        0.0,
        0.0,
        0.0,
        0.0,
        0.0,
        1.0
      ]
    ]
  },
  "b": {
    "trend": [
      [
        0.03357151463101455
      ],
      [
        0.02017502862655731
      ],
      [
        0.3672172171930723
      ],
      [
        0.0787034609239373
      ],
      [
        0.0787034609239373
      ],
      [
        0.0
      ]
    ],
    "breakout": [
      [
        0.0
      ],
      [
        0.0
      ],
      [
        0.0
      ],
      [
        0.0
      ],
      [
        0.0
      ],
      [
        0.0
      ]
    ],
    "reversion": [
      [
        -0.004630229711927207
      ],
      [
        -0.03352190770091825
      ],
      [
        -0.9232924536521423
      ],
      [
        -0.5814302412014213
      ],
      [
        -0.5814302412014213
      ],
      [
        0.0
      ]
    ],
    "vwap": [
      [
        0.0
      ],
      [
        0.0
      ],
      [
        0.0
      ],
      [
        0.0
      ],
      [
        0.0
      ],
      [
        0.0
      ]
    ]
  },
  "counts": {
    "trend": 1,
    "breakout": 0,
    "reversion": 8,
    "vwap": 0
  },
  "reward_sum": {
    "trend": 0.0787034609239373,
    "breakout": 0.0,
    "reversion": -0.5814302412014213,
    "vwap": 0.0
  },
  "disabled_until": {
    "trend": 0.0,
    "breakout": 0.0,
    "reversion": 0.0,
    "vwap": 0.0
  },
  "_snapshot_time": "2025-09-23T22:50:00.995574"
}