{
  "arms": [
    "trend",
    "breakout",
    "reversion",
    "vwap"
  ],
  "d": 6,
  "alpha": 0.6,
  "alpha_base": 0.6,
  "alpha_boost_until": 0.0,
  "A": {
    "trend": [
      [
        1.0373291177421655,
        0.02243318561375168,
        0.4083192220611629,
        0.08751260679884433,
        0.08751260679884433,
        0.0
      ],
      [
        0.02243318561375168,
        1.0134813745199378,
        0.24538219631732536,
        0.05259129255134181,
        0.05259129255134181,
        0.0
      ],
      [
        0.4083192220611629,
        0.24538219631732536,
        5.466341483241263,
        0.9572441485346231,
        0.9572441485346231,
        0.0
      ],
      [
        0.08751260679884433,
        0.05259129255134181,
        0.9572441485346231,
        1.205160389849727,
        0.20516038984972615,
        0.0
      ],
      [
        0.08751260679884433,
        0.05259129255134181,
        0.9572441485346231,
        0.20516038984972615,
        1.205160389849727,
        0.0
      ],
      [
        0.0,
        0.0,
        0.0,
        0.0,
        0.0,
        1.0
      ]
    ],
    "breakout": [
      [
        1.0,
        0.0,
        0.0,
        0.0,
        0.0,
        0.0
      ],
      [
        0.0,
        1.0,
        0.0,
        0.0,
        0.0,
        0.0
      ],
      [
        0.0,
        0.0,
        1.0,
        0.0,
        0.0,
        0.0
      ],
      [
        0.0,
        0.0,
        0.0,
        1.0,
        0.0,
        0.0
      ],
      [
        0.0,
        0.0,
        0.0,
        0.0,
        1.0,
        0.0
      ],
      [
        0.0,
        0.0,
        0.0,
        0.0,
        0.0,
        1.0
      ]
    ],
    "reversion": [
      [
        1.4304992552653282,
        0.028052904647748057,
        0.72303978761534,
        1.352560094887275,
        1.352560094887275,
        0.0
      ],
      [
        0.028052904647748057,
        1.00224324402223,
        0.05711193438106728,
        0.09385647027484578,
        0.09385647027484578,
        0.0
      ],
      [
        0.72303978761534,
        0.05711193438106728,
        2.545122497575771,
        2.421622793612954,
        2.421622793612954,
        0.0
      ],
      [
        1.352560094887275,
        0.09385647027484578,
        2.421622793612954,
        5.34755610091303,
        4.347556100913044,
        0.0
      ],
      [
        1.352560094887275,
        0.09385647027484578,
        2.421622793612954,
        4.347556100913044,
        5.34755610091303,
        0.0
      ],
      [
        0.0,
        0.0,
        0.0,
        0.0,
        0.0,
        1.0
      ]
    ],
    "vwap": [
      [
        1.0,
        0.0,
        0.0,
        0.0,
        0.0,
        0.0
      ],
      [
        0.0,
        1.0,
        0.0,
        0.0,
        0.0,
        0.0
      ],
      [
        0.0,
        0.0,
        1.0,
        0.0,
        0.0,
        0.0
      ],
      [
        0.0,
        0.0,
        0.0,
        1.0,
        0.0,
        0.0
      ],
      [
        0.0,
        0.0,
        0.0,
        0.0,
        1.0,
        0.0
      ],
      [
        0.0,
        0.0,
        0.0,
        0.0,
        0.0,
        1.0
      ]
    ]
  },
  "b": {
    "trend": [
      [
        0.08922163759937929
      ],
      [
        0.053618346162220845
      ],
      [
        0.9759381378159386
      ],
      [
        0.20916696031001317
      ],
      [
        0.20916696031001317
      ],
      [
        0.0
      ]
    ],
    "breakout": [
      [
        0.0
      ],
      [
        0.0
      ],
      [
        0.0
      ],
      [
        0.0
      ],
      [
        0.0
      ],
      [
        0.0
      ]
    ],
    "reversion": [
      [
        -0.012305571610337648
      ],
      [
        -0.0890897992957426
      ],
      [
        -2.453796487987165
      ],
      [
        -1.5452433064151345
      ],
      [
        -1.5452433064151345
      ],
      [
        0.0
      ]
    ],
    "vwap": [
      [
        0.0
      ],
      [
        0.0
      ],
      [
        0.0
      ],
      [
        0.0
      ],
      [
        0.0
      ],
      [
        0.0
      ]
    ]
  },
  "counts": {
    "trend": 1,
    "breakout": 0,
    "reversion": 8,
    "vwap": 0
  },
  "reward_sum": {
    "trend": 0.20916696031001317,
    "breakout": 0.0,
    "reversion": -1.5452433064151345,
    "vwap": 0.0
  },
  "disabled_until": {
    "trend": 0.0,
    "breakout": 0.0,
    "reversion": 0.0,
    "vwap": 0.0
  },
  "_snapshot_time": "2025-09-22T06:33:00.555468"
}