{
  "arms": [
    "trend",
    "breakout",
    "reversion",
    "vwap"
  ],
  "d": 6,
  "alpha": 0.6,
  "alpha_base": 0.6,
  "alpha_boost_until": 0.0,
  "A": {
    "trend": [
      [
        1.0043465968967071,
        0.00261211678361797,
        0.04754462925523955,
        0.010189954870131888,
        0.010189954870131888,
        0.0
      ],
      [
        0.00261211678361797,
        1.0015697692363474,
        0.028572266303926407,
        0.006123722252862349,
        0.006123722252862349,
        0.0
      ],
      [
        0.04754462925523955,
        0.028572266303926407,
        1.5200601354892624,
        0.11146136573998656,
        0.11146136573998656,
        0.0
      ],
      [
        0.010189954870131888,
        0.006123722252862349,
        0.11146136573998656,
        1.0238888451639037,
        0.023888845163905856,
        0.0
      ],
      [
        0.010189954870131888,
        0.006123722252862349,
        0.11146136573998656,
        0.023888845163905856,
        1.0238888451639037,
        0.0
      ],
      [
        0.0,
        0.0,
        0.0,
        0.0,
        0.0,
        1.0
      ]
    ],
    "breakout": [
      [
        1.0,
        0.0,
        0.0,
        0.0,
        0.0,
        0.0
      ],
      [
        0.0,
        1.0,
        0.0,
        0.0,
        0.0,
        0.0
      ],
      [
        0.0,
        0.0,
        1.0,
        0.0,
        0.0,
        0.0
      ],
      [
        0.0,
        0.0,
        0.0,
        1.0,
        0.0,
        0.0
      ],
      [
        0.0,
        0.0,
        0.0,
        0.0,
        1.0,
        0.0
      ],
      [
        0.0,
        0.0,
        0.0,
        0.0,
        0.0,
        1.0
      ]
    ],
    "reversion": [
      [
        1.11605349052518,
        0.01077949072648984,
        0.4372547992897027,
        0.3729371431842895,
        0.3729371431842895,
        0.0
      ],
      [
        0.01077949072648984,
        1.0011173932758122,
        0.046885630825981996,
        0.035480978038640275,
        0.035480978038640275,
        0.0
      ],
      [
        0.4372547992897027,
        0.046885630825981996,
        3.0707289628664767,
        1.4357782473847325,
        1.4357782473847325,
        0.0
      ],
      [
        0.3729371431842895,
        0.035480978038640275,
        1.4357782473847325,
        2.2102984793591016,
        1.2102984793591167,
        0.0
      ],
      [
        0.3729371431842895,
        0.035480978038640275,
        1.4357782473847325,
        1.2102984793591167,
        2.2102984793591016,
        0.0
      ],
      [
        0.0,
        0.0,
        0.0,
        0.0,
        0.0,
        1.0
      ]
    ],
    "vwap": [
      [
        1.0,
        0.0,
        0.0,
        0.0,
        0.0,
        0.0
      ],
      [
        0.0,
        1.0,
        0.0,
        0.0,
        0.0,
        0.0
      ],
      [
        0.0,
        0.0,
        1.0,
        0.0,
        0.0,
        0.0
      ],
      [
        0.0,
        0.0,
        0.0,
        1.0,
        0.0,
        0.0
      ],
      [
        0.0,
        0.0,
        0.0,
        0.0,
        1.0,
        0.0
      ],
      [
        0.0,
        0.0,
        0.0,
        0.0,
        0.0,
        1.0
      ]
    ]
  },
  "b": {
    "trend": [
      [
        0.010388954161389963
      ],
      [
        0.006243312221975251
      ],
      [
        0.11363809106091313
      ],
      [
        0.024355369630125648
      ],
      [
        0.024355369630125648
      ],
      [
        0.0
      ]
    ],
    "breakout": [
      [
        0.0
      ],
      [
        0.0
      ],
      [
        0.0
      ],
      [
        0.0
      ],
      [
        0.0
      ],
      [
        0.0
      ]
    ],
    "reversion": [
      [
        -0.24528462354055647
      ],
      [
        -0.03816318118042059
      ],
      [
        -1.5916540440490317
      ],
      [
        -0.9768293848607502
      ],
      [
        -0.9768293848607502
      ],
      [
        0.0
      ]
    ],
    "vwap": [
      [
        0.0
      ],
      [
        0.0
      ],
      [
        0.0
      ],
      [
        0.0
      ],
      [
        0.0
      ],
      [
        0.0
      ]
    ]
  },
  "counts": {
    "trend": 1,
    "breakout": 0,
    "reversion": 9,
    "vwap": 0
  },
  "reward_sum": {
    "trend": 0.024355369630125648,
    "breakout": 0.0,
    "reversion": -0.9768293848607502,
    "vwap": 0.0
  },
  "disabled_until": {
    "trend": 0.0,
    "breakout": 0.0,
    "reversion": 0.0,
    "vwap": 0.0
  },
  "_snapshot_time": "2025-09-25T23:35:00.339410"
}