{
  "arms": [
    "trend",
    "breakout",
    "reversion",
    "vwap"
  ],
  "d": 6,
  "alpha": 0.6,
  "alpha_base": 0.6,
  "alpha_boost_until": 0.0,
  "A": {
    "trend": [
      [
        1.0154493402116924,
        0.009284385421929664,
        0.1689904010099404,
        0.03621869781615792,
        0.03621869781615792,
        0.0
      ],
      [
        0.009284385421929664,
        1.005579514172244,
        0.10155592368892506,
        0.021765871253915832,
        0.021765871253915832,
        0.0
      ],
      [
        0.1689904010099404,
        0.10155592368892506,
        2.848477361634492,
        0.3961730523209455,
        0.3961730523209455,
        0.0
      ],
      [
        0.03621869781615792,
        0.021765871253915832,
        0.3961730523209455,
        1.0849093911794032,
        0.08490939117940327,
        0.0
      ],
      [
        0.03621869781615792,
        0.021765871253915832,
        0.3961730523209455,
        0.08490939117940327,
        1.0849093911794032,
        0.0
      ],
      [
        0.0,
        0.0,
        0.0,
        0.0,
        0.0,
        1.0
      ]
    ],
    "breakout": [
      [
        1.0,
        0.0,
        0.0,
        0.0,
        0.0,
        0.0
      ],
      [
        0.0,
        1.0,
        0.0,
        0.0,
        0.0,
        0.0
      ],
      [
        0.0,
        0.0,
        1.0,
        0.0,
        0.0,
        0.0
      ],
      [
        0.0,
        0.0,
        0.0,
        1.0,
        0.0,
        0.0
      ],
      [
        0.0,
        0.0,
        0.0,
        0.0,
        1.0,
        0.0
      ],
      [
        0.0,
        0.0,
        0.0,
        0.0,
        0.0,
        1.0
      ]
    ],
    "reversion": [
      [
        1.1781700146628684,
        0.011610209242626478,
        0.29924328087830204,
        0.5597818091228773,
        0.5597818091228773,
        0.0
      ],
      [
        0.011610209242626478,
        1.0009284076928004,
        0.023636821810128415,
        0.03884422209921809,
        0.03884422209921809,
        0.0
      ],
      [
        0.29924328087830204,
        0.023636821810128415,
        1.6394772921949188,
        1.0022330198458445,
        1.0022330198458445,
        0.0
      ],
      [
        0.5597818091228773,
        0.03884422209921809,
        1.0022330198458445,
        2.7993158519401016,
        1.7993158519401191,
        0.0
      ],
      [
        0.5597818091228773,
        0.03884422209921809,
        1.0022330198458445,
        1.7993158519401191,
        2.7993158519401016,
        0.0
      ],
      [
        0.0,
        0.0,
        0.0,
        0.0,
        0.0,
        1.0
      ]
    ],
    "vwap": [
      [
        1.0,
        0.0,
        0.0,
        0.0,
        0.0,
        0.0
      ],
      [
        0.0,
        1.0,
        0.0,
        0.0,
        0.0,
        0.0
      ],
      [
        0.0,
        0.0,
        1.0,
        0.0,
        0.0,
        0.0
      ],
      [
        0.0,
        0.0,
        0.0,
        1.0,
        0.0,
        0.0
      ],
      [
        0.0,
        0.0,
        0.0,
        0.0,
        1.0,
        0.0
      ],
      [
        0.0,
        0.0,
        0.0,
        0.0,
        0.0,
        1.0
      ]
    ]
  },
  "b": {
    "trend": [
      [
        0.03692601156656835
      ],
      [
        0.022190936232941386
      ],
      [
        0.40390990274199146
      ],
      [
        0.08656758386830167
      ],
      [
        0.08656758386830167
      ],
      [
        0.0
      ]
    ],
    "breakout": [
      [
        0.0
      ],
      [
        0.0
      ],
      [
        0.0
      ],
      [
        0.0
      ],
      [
        0.0
      ],
      [
        0.0
      ]
    ],
    "reversion": [
      [
        -0.005092886567010559
      ],
      [
        -0.03687144786592359
      ],
      [
        -1.0155486935161242
      ],
      [
        -0.6395272911494335
      ],
      [
        -0.6395272911494335
      ],
      [
        0.0
      ]
    ],
    "vwap": [
      [
        0.0
      ],
      [
        0.0
      ],
      [
        0.0
      ],
      [
        0.0
      ],
      [
        0.0
      ],
      [
        0.0
      ]
    ]
  },
  "counts": {
    "trend": 1,
    "breakout": 0,
    "reversion": 8,
    "vwap": 0
  },
  "reward_sum": {
    "trend": 0.08656758386830167,
    "breakout": 0.0,
    "reversion": -0.6395272911494335,
    "vwap": 0.0
  },
  "disabled_until": {
    "trend": 0.0,
    "breakout": 0.0,
    "reversion": 0.0,
    "vwap": 0.0
  },
  "_snapshot_time": "2025-09-23T17:24:00.128908"
}