{
  "arms": [
    "trend",
    "breakout",
    "reversion",
    "vwap"
  ],
  "d": 6,
  "alpha": 0.6,
  "alpha_base": 0.6,
  "alpha_boost_until": 0.0,
  "A": {
    "trend": [
      [
        1.0027822974131808,
        0.0016720404359314728,
        0.030433762810567193,
        0.006522685620349053,
        0.006522685620349053,
        0.0
      ],
      [
        0.0016720404359314728,
        1.0010048240012512,
        0.01828937546207134,
        0.003919852010221882,
        0.003919852010221882,
        0.0
      ],
      [
        0.030433762810567193,
        0.01828937546207134,
        1.3328953671242991,
        0.07134746491053566,
        0.07134746491053566,
        0.0
      ],
      [
        0.006522685620349053,
        0.003919852010221882,
        0.07134746491053566,
        1.0152914736937717,
        0.01529147369377279,
        0.0
      ],
      [
        0.006522685620349053,
        0.003919852010221882,
        0.07134746491053566,
        0.01529147369377279,
        1.0152914736937717,
        0.0
      ],
      [
        0.0,
        0.0,
        0.0,
        0.0,
        0.0,
        1.0
      ]
    ],
    "breakout": [
      [
        1.0,
        0.0,
        0.0,
        0.0,
        0.0,
        0.0
      ],
      [
        0.0,
        1.0,
        0.0,
        0.0,
        0.0,
        0.0
      ],
      [
        0.0,
        0.0,
        1.0,
        0.0,
        0.0,
        0.0
      ],
      [
        0.0,
        0.0,
        0.0,
        1.0,
        0.0,
        0.0
      ],
      [
        0.0,
        0.0,
        0.0,
        0.0,
        1.0,
        0.0
      ],
      [
        0.0,
        0.0,
        0.0,
        0.0,
        0.0,
        1.0
      ]
    ],
    "reversion": [
      [
        1.149119384420712,
        0.01213779963256274,
        0.43628176354382403,
        0.4886747713527269,
        0.4886747713527269,
        0.0
      ],
      [
        0.01213779963256274,
        1.0010818593932582,
        0.040958194424624866,
        0.040206746293849335,
        0.040206746293849335,
        0.0
      ],
      [
        0.43628176354382403,
        0.040958194424624866,
        2.6523311907253984,
        1.4414294595689827,
        1.4414294595689827,
        0.0
      ],
      [
        0.4886747713527269,
        0.040206746293849335,
        1.4414294595689827,
        2.6096165677908316,
        1.6096165677908476,
        0.0
      ],
      [
        0.4886747713527269,
        0.040206746293849335,
        1.4414294595689827,
        1.6096165677908476,
        2.6096165677908316,
        0.0
      ],
      [
        0.0,
        0.0,
        0.0,
        0.0,
        0.0,
        1.0
      ]
    ],
    "vwap": [
      [
        1.0,
        0.0,
        0.0,
        0.0,
        0.0,
        0.0
      ],
      [
        0.0,
        1.0,
        0.0,
        0.0,
        0.0,
        0.0
      ],
      [
        0.0,
        0.0,
        1.0,
        0.0,
        0.0,
        0.0
      ],
      [
        0.0,
        0.0,
        0.0,
        1.0,
        0.0,
        0.0
      ],
      [
        0.0,
        0.0,
        0.0,
        0.0,
        1.0,
        0.0
      ],
      [
        0.0,
        0.0,
        0.0,
        0.0,
        0.0,
        1.0
      ]
    ]
  },
  "b": {
    "trend": [
      [
        0.006650066931855473
      ],
      [
        0.00399640267033885
      ],
      [
        0.07274080719037969
      ],
      [
        0.01559010037722085
      ],
      [
        0.01559010037722085
      ],
      [
        0.0
      ]
    ],
    "breakout": [
      [
        0.0
      ],
      [
        0.0
      ],
      [
        0.0
      ],
      [
        0.0
      ],
      [
        0.0
      ],
      [
        0.0
      ]
    ],
    "reversion": [
      [
        -0.5120674802799988
      ],
      [
        -0.04928021150422231
      ],
      [
        -1.7608623744908116
      ],
      [
        -1.8112385045610122
      ],
      [
        -1.8112385045610122
      ],
      [
        0.0
      ]
    ],
    "vwap": [
      [
        0.0
      ],
      [
        0.0
      ],
      [
        0.0
      ],
      [
        0.0
      ],
      [
        0.0
      ],
      [
        0.0
      ]
    ]
  },
  "counts": {
    "trend": 1,
    "breakout": 0,
    "reversion": 10,
    "vwap": 0
  },
  "reward_sum": {
    "trend": 0.01559010037722085,
    "breakout": 0.0,
    "reversion": -1.8112385045610122,
    "vwap": 0.0
  },
  "disabled_until": {
    "trend": 0.0,
    "breakout": 0.0,
    "reversion": 0.0,
    "vwap": 0.0
  },
  "_snapshot_time": "2025-09-26T15:10:00.774178"
}