{
  "arms": [
    "trend",
    "breakout",
    "reversion",
    "vwap"
  ],
  "d": 6,
  "alpha": 0.6,
  "alpha_base": 0.6,
  "alpha_boost_until": 0.0,
  "A": {
    "trend": [
      [
        1.0164895911325766,
        0.009909531243866138,
        0.18036903711106603,
        0.03865741255997613,
        0.03865741255997613,
        0.0
      ],
      [
        0.009909531243866138,
        1.0059551997792813,
        0.10839399196182058,
        0.02323143336242691,
        0.02323143336242691,
        0.0
      ],
      [
        0.18036903711106603,
        0.10839399196182058,
        2.97294094721987,
        0.4228485851825256,
        0.4228485851825256,
        0.0
      ],
      [
        0.03865741255997613,
        0.02323143336242691,
        0.4228485851825256,
        1.0906265979439564,
        0.0906265979439563,
        0.0
      ],
      [
        0.03865741255997613,
        0.02323143336242691,
        0.4228485851825256,
        0.0906265979439563,
        1.0906265979439564,
        0.0
      ],
      [
        0.0,
        0.0,
        0.0,
        0.0,
        0.0,
        1.0
      ]
    ],
    "breakout": [
      [
        1.0,
        0.0,
        0.0,
        0.0,
        0.0,
        0.0
      ],
      [
        0.0,
        1.0,
        0.0,
        0.0,
        0.0,
        0.0
      ],
      [
        0.0,
        0.0,
        1.0,
        0.0,
        0.0,
        0.0
      ],
      [
        0.0,
        0.0,
        0.0,
        1.0,
        0.0,
        0.0
      ],
      [
        0.0,
        0.0,
        0.0,
        0.0,
        1.0,
        0.0
      ],
      [
        0.0,
        0.0,
        0.0,
        0.0,
        0.0,
        1.0
      ]
    ],
    "reversion": [
      [
        1.190166741985042,
        0.012391959834614252,
        0.31939223832483093,
        0.5974736156632047,
        0.5974736156632047,
        0.0
      ],
      [
        0.012391959834614252,
        1.000990920197811,
        0.025228360692557496,
        0.04145972135394976,
        0.04145972135394976,
        0.0
      ],
      [
        0.31939223832483093,
        0.025228360692557496,
        1.6825352372576758,
        1.0697164079744241,
        1.0697164079744241,
        0.0
      ],
      [
        0.5974736156632047,
        0.04145972135394976,
        1.0697164079744241,
        2.9204692440135918,
        1.9204692440136084,
        0.0
      ],
      [
        0.5974736156632047,
        0.04145972135394976,
        1.0697164079744241,
        1.9204692440136084,
        2.9204692440135918,
        0.0
      ],
      [
        0.0,
        0.0,
        0.0,
        0.0,
        0.0,
        1.0
      ]
    ],
    "vwap": [
      [
        1.0,
        0.0,
        0.0,
        0.0,
        0.0,
        0.0
      ],
      [
        0.0,
        1.0,
        0.0,
        0.0,
        0.0,
        0.0
      ],
      [
        0.0,
        0.0,
        1.0,
        0.0,
        0.0,
        0.0
      ],
      [
        0.0,
        0.0,
        0.0,
        1.0,
        0.0,
        0.0
      ],
      [
        0.0,
        0.0,
        0.0,
        0.0,
        1.0,
        0.0
      ],
      [
        0.0,
        0.0,
        0.0,
        0.0,
        0.0,
        1.0
      ]
    ]
  },
  "b": {
    "trend": [
      [
        0.03941235188987003
      ],
      [
        0.023685119255343178
      ],
      [
        0.4311063812015688
      ],
      [
        0.09239644177445658
      ],
      [
        0.09239644177445658
      ],
      [
        0.0
      ]
    ],
    "breakout": [
      [
        0.0
      ],
      [
        0.0
      ],
      [
        0.0
      ],
      [
        0.0
      ],
      [
        0.0
      ],
      [
        0.0
      ]
    ],
    "reversion": [
      [
        -0.005435806061869415
      ],
      [
        -0.03935411424981656
      ],
      [
        -1.0839286663277976
      ],
      [
        -0.6825886027934011
      ],
      [
        -0.6825886027934011
      ],
      [
        0.0
      ]
    ],
    "vwap": [
      [
        0.0
      ],
      [
        0.0
      ],
      [
        0.0
      ],
      [
        0.0
      ],
      [
        0.0
      ],
      [
        0.0
      ]
    ]
  },
  "counts": {
    "trend": 1,
    "breakout": 0,
    "reversion": 8,
    "vwap": 0
  },
  "reward_sum": {
    "trend": 0.09239644177445658,
    "breakout": 0.0,
    "reversion": -0.6825886027934011,
    "vwap": 0.0
  },
  "disabled_until": {
    "trend": 0.0,
    "breakout": 0.0,
    "reversion": 0.0,
    "vwap": 0.0
  },
  "_snapshot_time": "2025-09-23T14:47:00.706984"
}