{
  "arms": [
    "trend",
    "breakout",
    "reversion",
    "vwap"
  ],
  "d": 6,
  "alpha": 0.6,
  "alpha_base": 0.6,
  "alpha_boost_until": 0.0,
  "A": {
    "trend": [
      [
        1.0977273725056849,
        0.05872992504421938,
        1.0689769040677755,
        0.2291074003582334,
        0.2291074003582334,
        0.0
      ],
      [
        0.05872992504421938,
        1.0352941454094573,
        0.6424088956883692,
        0.13768364077661516,
        0.13768364077661516,
        0.0
      ],
      [
        1.0689769040677755,
        0.6424088956883692,
        12.692851164742676,
        2.506058571458237,
        2.506058571458237,
        0.0
      ],
      [
        0.2291074003582334,
        0.13768364077661516,
        2.506058571458237,
        1.5371084840724127,
        0.5371084840724134,
        0.0
      ],
      [
        0.2291074003582334,
        0.13768364077661516,
        2.506058571458237,
        0.5371084840724134,
        1.5371084840724127,
        0.0
      ],
      [
        0.0,
        0.0,
        0.0,
        0.0,
        0.0,
        1.0
      ]
    ],
    "breakout": [
      [
        1.0,
        0.0,
        0.0,
        0.0,
        0.0,
        0.0
      ],
      [
        0.0,
        1.0,
        0.0,
        0.0,
        0.0,
        0.0
      ],
      [
        0.0,
        0.0,
        1.0,
        0.0,
        0.0,
        0.0
      ],
      [
        0.0,
        0.0,
        0.0,
        1.0,
        0.0,
        0.0
      ],
      [
        0.0,
        0.0,
        0.0,
        0.0,
        1.0,
        0.0
      ],
      [
        0.0,
        0.0,
        0.0,
        0.0,
        0.0,
        1.0
      ]
    ],
    "reversion": [
      [
        1.0794872373215618,
        0.00805841230206924,
        0.22714407546592316,
        0.27323900093179165,
        0.27323900093179165,
        0.0
      ],
      [
        0.00805841230206924,
        1.0008746044396326,
        0.02348980211657209,
        0.02742350659267473,
        0.02742350659267473,
        0.0
      ],
      [
        0.22714407546592316,
        0.02348980211657209,
        1.6527927631393804,
        0.7785889308417321,
        0.7785889308417321,
        0.0
      ],
      [
        0.27323900093179165,
        0.02742350659267473,
        0.7785889308417321,
        1.9406000811562527,
        0.9406000811562636,
        0.0
      ],
      [
        0.27323900093179165,
        0.02742350659267473,
        0.7785889308417321,
        0.9406000811562636,
        1.9406000811562527,
        0.0
      ],
      [
        0.0,
        0.0,
        0.0,
        0.0,
        0.0,
        1.0
      ]
    ],
    "vwap": [
      [
        1.0,
        0.0,
        0.0,
        0.0,
        0.0,
        0.0
      ],
      [
        0.0,
        1.0,
        0.0,
        0.0,
        0.0,
        0.0
      ],
      [
        0.0,
        0.0,
        1.0,
        0.0,
        0.0,
        0.0
      ],
      [
        0.0,
        0.0,
        0.0,
        1.0,
        0.0,
        0.0
      ],
      [
        0.0,
        0.0,
        0.0,
        0.0,
        1.0,
        0.0
      ],
      [
        0.0,
        0.0,
        0.0,
        0.0,
        0.0,
        1.0
      ]
    ]
  },
  "b": {
    "trend": [
      [
        0.2335816311938288
      ],
      [
        0.14037246003848344
      ],
      [
        2.5549993063218617
      ],
      [
        0.5475976578736051
      ],
      [
        0.5475976578736051
      ],
      [
        0.0
      ]
    ],
    "breakout": [
      [
        0.0
      ],
      [
        0.0
      ],
      [
        0.0
      ],
      [
        0.0
      ],
      [
        0.0
      ],
      [
        0.0
      ]
    ],
    "reversion": [
      [
        0.1089349908515761
      ],
      [
        0.011852658516105213
      ],
      [
        0.3177764137411984
      ],
      [
        0.3705731315222306
      ],
      [
        0.3705731315222306
      ],
      [
        0.0
      ]
    ],
    "vwap": [
      [
        0.0
      ],
      [
        0.0
      ],
      [
        0.0
      ],
      [
        0.0
      ],
      [
        0.0
      ],
      [
        0.0
      ]
    ]
  },
  "counts": {
    "trend": 1,
    "breakout": 0,
    "reversion": 2,
    "vwap": 0
  },
  "reward_sum": {
    "trend": 0.5475976578736051,
    "breakout": 0.0,
    "reversion": 0.3705731315222306,
    "vwap": 0.0
  },
  "disabled_until": {
    "trend": 0.0,
    "breakout": 0.0,
    "reversion": 0.0,
    "vwap": 0.0
  },
  "_snapshot_time": "2025-09-18T14:54:00.724793"
}