{
  "arms": [
    "trend",
    "breakout",
    "reversion",
    "vwap"
  ],
  "d": 6,
  "alpha": 0.6,
  "alpha_base": 0.6,
  "alpha_boost_until": 0.0,
  "A": {
    "trend": [
      [
        1.0256317808724291,
        0.015403591959869048,
        0.28036957364386794,
        0.060089927025233636,
        0.060089927025233636,
        0.0
      ],
      [
        0.015403591959869048,
        1.009256892700785,
        0.16848999029239697,
        0.03611144779216628,
        0.03611144779216628,
        0.0
      ],
      [
        0.28036957364386794,
        0.16848999029239697,
        4.066782531283079,
        0.6572850830851606,
        0.6572850830851606,
        0.0
      ],
      [
        0.060089927025233636,
        0.03611144779216628,
        0.6572850830851606,
        1.1408719646859087,
        0.14087196468590776,
        0.0
      ],
      [
        0.060089927025233636,
        0.03611144779216628,
        0.6572850830851606,
        0.14087196468590776,
        1.1408719646859087,
        0.0
      ],
      [
        0.0,
        0.0,
        0.0,
        0.0,
        0.0,
        1.0
      ]
    ],
    "breakout": [
      [
        1.0,
        0.0,
        0.0,
        0.0,
        0.0,
        0.0
      ],
      [
        0.0,
        1.0,
        0.0,
        0.0,
        0.0,
        0.0
      ],
      [
        0.0,
        0.0,
        1.0,
        0.0,
        0.0,
        0.0
      ],
      [
        0.0,
        0.0,
        0.0,
        1.0,
        0.0,
        0.0
      ],
      [
        0.0,
        0.0,
        0.0,
        0.0,
        1.0,
        0.0
      ],
      [
        0.0,
        0.0,
        0.0,
        0.0,
        0.0,
        1.0
      ]
    ],
    "reversion": [
      [
        1.2955993402501709,
        0.019262333220215297,
        0.4964702762656129,
        0.9287260472749715,
        0.9287260472749715,
        0.0
      ],
      [
        0.019262333220215297,
        1.001540308014198,
        0.039215515281320425,
        0.06444589706515264,
        0.06444589706515264,
        0.0
      ],
      [
        0.4964702762656129,
        0.039215515281320425,
        2.0609476910885527,
        1.6627905655390258,
        1.6627905655390258,
        0.0
      ],
      [
        0.9287260472749715,
        0.06444589706515264,
        1.6627905655390258,
        3.9852193689357995,
        2.985219368935814,
        0.0
      ],
      [
        0.9287260472749715,
        0.06444589706515264,
        1.6627905655390258,
        2.985219368935814,
        3.9852193689357995,
        0.0
      ],
      [
        0.0,
        0.0,
        0.0,
        0.0,
        0.0,
        1.0
      ]
    ],
    "vwap": [
      [
        1.0,
        0.0,
        0.0,
        0.0,
        0.0,
        0.0
      ],
      [
        0.0,
        1.0,
        0.0,
        0.0,
        0.0,
        0.0
      ],
      [
        0.0,
        0.0,
        1.0,
        0.0,
        0.0,
        0.0
      ],
      [
        0.0,
        0.0,
        0.0,
        1.0,
        0.0,
        0.0
      ],
      [
        0.0,
        0.0,
        0.0,
        0.0,
        1.0,
        0.0
      ],
      [
        0.0,
        0.0,
        0.0,
        0.0,
        0.0,
        1.0
      ]
    ]
  },
  "b": {
    "trend": [
      [
        0.061263421220465214
      ],
      [
        0.03681666706040935
      ],
      [
        0.6701211817092917
      ],
      [
        0.14362304861983166
      ],
      [
        0.14362304861983166
      ],
      [
        0.0
      ]
    ],
    "breakout": [
      [
        0.0
      ],
      [
        0.0
      ],
      [
        0.0
      ],
      [
        0.0
      ],
      [
        0.0
      ],
      [
        0.0
      ]
    ],
    "reversion": [
      [
        -0.00844953575395884
      ],
      [
        -0.06117289535985555
      ],
      [
        -1.684882410563393
      ],
      [
        -1.0610306436437031
      ],
      [
        -1.0610306436437031
      ],
      [
        0.0
      ]
    ],
    "vwap": [
      [
        0.0
      ],
      [
        0.0
      ],
      [
        0.0
      ],
      [
        0.0
      ],
      [
        0.0
      ],
      [
        0.0
      ]
    ]
  },
  "counts": {
    "trend": 1,
    "breakout": 0,
    "reversion": 8,
    "vwap": 0
  },
  "reward_sum": {
    "trend": 0.14362304861983166,
    "breakout": 0.0,
    "reversion": -1.0610306436437031,
    "vwap": 0.0
  },
  "disabled_until": {
    "trend": 0.0,
    "breakout": 0.0,
    "reversion": 0.0,
    "vwap": 0.0
  },
  "_snapshot_time": "2025-09-22T20:03:00.159169"
}