{
  "arms": [
    "trend",
    "breakout",
    "reversion",
    "vwap"
  ],
  "d": 6,
  "alpha": 0.6,
  "alpha_base": 0.6,
  "alpha_boost_until": 0.0,
  "A": {
    "trend": [
      [
        1.038856446387117,
        0.023351044086112556,
        0.42502568826928355,
        0.09109320337445802,
        0.09109320337445802,
        0.0
      ],
      [
        0.023351044086112556,
        1.0140329677726858,
        0.25542206010369334,
        0.05474307626462184,
        0.05474307626462184,
        0.0
      ],
      [
        0.42502568826928355,
        0.25542206010369334,
        5.64908277738617,
        0.9964099926986274,
        0.9964099926986274,
        0.0
      ],
      [
        0.09109320337445802,
        0.05474307626462184,
        0.9964099926986274,
        1.2135545700280868,
        0.21355457002808648,
        0.0
      ],
      [
        0.09109320337445802,
        0.05474307626462184,
        0.9964099926986274,
        0.21355457002808648,
        1.2135545700280868,
        0.0
      ],
      [
        0.0,
        0.0,
        0.0,
        0.0,
        0.0,
        1.0
      ]
    ],
    "breakout": [
      [
        1.0,
        0.0,
        0.0,
        0.0,
        0.0,
        0.0
      ],
      [
        0.0,
        1.0,
        0.0,
        0.0,
        0.0,
        0.0
      ],
      [
        0.0,
        0.0,
        1.0,
        0.0,
        0.0,
        0.0
      ],
      [
        0.0,
        0.0,
        0.0,
        1.0,
        0.0,
        0.0
      ],
      [
        0.0,
        0.0,
        0.0,
        0.0,
        1.0,
        0.0
      ],
      [
        0.0,
        0.0,
        0.0,
        0.0,
        0.0,
        1.0
      ]
    ],
    "reversion": [
      [
        1.4481132221621258,
        0.02920069509751295,
        0.7526231114616837,
        1.4079003735193252,
        1.4079003735193252,
        0.0
      ],
      [
        0.02920069509751295,
        1.0023350268196811,
        0.059448681098503924,
        0.09769662734887478,
        0.09769662734887478,
        0.0
      ],
      [
        0.7526231114616837,
        0.059448681098503924,
        2.608341507111624,
        2.5207039957324313,
        2.5207039957324313,
        0.0
      ],
      [
        1.4079003735193252,
        0.09769662734887478,
        2.5207039957324313,
        5.52543726634328,
        4.525437266343293,
        0.0
      ],
      [
        1.4079003735193252,
        0.09769662734887478,
        2.5207039957324313,
        4.525437266343293,
        5.52543726634328,
        0.0
      ],
      [
        0.0,
        0.0,
        0.0,
        0.0,
        0.0,
        1.0
      ]
    ],
    "vwap": [
      [
        1.0,
        0.0,
        0.0,
        0.0,
        0.0,
        0.0
      ],
      [
        0.0,
        1.0,
        0.0,
        0.0,
        0.0,
        0.0
      ],
      [
        0.0,
        0.0,
        1.0,
        0.0,
        0.0,
        0.0
      ],
      [
        0.0,
        0.0,
        0.0,
        1.0,
        0.0,
        0.0
      ],
      [
        0.0,
        0.0,
        0.0,
        0.0,
        1.0,
        0.0
      ],
      [
        0.0,
        0.0,
        0.0,
        0.0,
        0.0,
        1.0
      ]
    ]
  },
  "b": {
    "trend": [
      [
        0.09287215952696061
      ],
      [
        0.05581215198838957
      ],
      [
        1.015868850453797
      ],
      [
        0.217725070155136
      ],
      [
        0.217725070155136
      ],
      [
        0.0
      ]
    ],
    "breakout": [
      [
        0.0
      ],
      [
        0.0
      ],
      [
        0.0
      ],
      [
        0.0
      ],
      [
        0.0
      ],
      [
        0.0
      ]
    ],
    "reversion": [
      [
        -0.012809056641588322
      ],
      [
        -0.09273492703160909
      ],
      [
        -2.554194083528289
      ],
      [
        -1.6084672588698687
      ],
      [
        -1.6084672588698687
      ],
      [
        0.0
      ]
    ],
    "vwap": [
      [
        0.0
      ],
      [
        0.0
      ],
      [
        0.0
      ],
      [
        0.0
      ],
      [
        0.0
      ],
      [
        0.0
      ]
    ]
  },
  "counts": {
    "trend": 1,
    "breakout": 0,
    "reversion": 8,
    "vwap": 0
  },
  "reward_sum": {
    "trend": 0.217725070155136,
    "breakout": 0.0,
    "reversion": -1.6084672588698687,
    "vwap": 0.0
  },
  "disabled_until": {
    "trend": 0.0,
    "breakout": 0.0,
    "reversion": 0.0,
    "vwap": 0.0
  },
  "_snapshot_time": "2025-09-22T05:15:00.673253"
}