{
  "arms": [
    "trend",
    "breakout",
    "reversion",
    "vwap"
  ],
  "d": 6,
  "alpha": 0.6,
  "alpha_base": 0.6,
  "alpha_boost_until": 0.0,
  "A": {
    "trend": [
      [
        1.0128985485823239,
        0.007751469951522665,
        0.14108893114565083,
        0.03023874333589193,
        0.03023874333589193,
        0.0
      ],
      [
        0.007751469951522665,
        1.0046582982593653,
        0.08478834678862548,
        0.018172177190633413,
        0.018172177190633413,
        0.0
      ],
      [
        0.14108893114565083,
        0.08478834678862548,
        2.5432811191719797,
        0.3307621744585618,
        0.3307621744585618,
        0.0
      ],
      [
        0.03023874333589193,
        0.018172177190633413,
        0.3307621744585618,
        1.0708902705368764,
        0.0708902705368767,
        0.0
      ],
      [
        0.03023874333589193,
        0.018172177190633413,
        0.3307621744585618,
        0.0708902705368767,
        1.0708902705368764,
        0.0
      ],
      [
        0.0,
        0.0,
        0.0,
        0.0,
        0.0,
        1.0
      ]
    ],
    "breakout": [
      [
        1.0,
        0.0,
        0.0,
        0.0,
        0.0,
        0.0
      ],
      [
        0.0,
        1.0,
        0.0,
        0.0,
        0.0,
        0.0
      ],
      [
        0.0,
        0.0,
        1.0,
        0.0,
        0.0,
        0.0
      ],
      [
        0.0,
        0.0,
        0.0,
        1.0,
        0.0,
        0.0
      ],
      [
        0.0,
        0.0,
        0.0,
        0.0,
        1.0,
        0.0
      ],
      [
        0.0,
        0.0,
        0.0,
        0.0,
        0.0,
        1.0
      ]
    ],
    "reversion": [
      [
        1.1487529278631072,
        0.009693284367809576,
        0.24983617057133278,
        0.46735800762600593,
        0.46735800762600593,
        0.0
      ],
      [
        0.009693284367809576,
        1.0007751212392053,
        0.019734221026406467,
        0.032430775620448264,
        0.032430775620448264,
        0.0
      ],
      [
        0.24983617057133278,
        0.019734221026406467,
        1.5338952219090185,
        0.836757500330509,
        0.836757500330509,
        0.0
      ],
      [
        0.46735800762600593,
        0.032430775620448264,
        0.836757500330509,
        2.502236510633061,
        1.5022365106330782,
        0.0
      ],
      [
        0.46735800762600593,
        0.032430775620448264,
        0.836757500330509,
        1.5022365106330782,
        2.502236510633061,
        0.0
      ],
      [
        0.0,
        0.0,
        0.0,
        0.0,
        0.0,
        1.0
      ]
    ],
    "vwap": [
      [
        1.0,
        0.0,
        0.0,
        0.0,
        0.0,
        0.0
      ],
      [
        0.0,
        1.0,
        0.0,
        0.0,
        0.0,
        0.0
      ],
      [
        0.0,
        0.0,
        1.0,
        0.0,
        0.0,
        0.0
      ],
      [
        0.0,
        0.0,
        0.0,
        1.0,
        0.0,
        0.0
      ],
      [
        0.0,
        0.0,
        0.0,
        0.0,
        1.0,
        0.0
      ],
      [
        0.0,
        0.0,
        0.0,
        0.0,
        0.0,
        1.0
      ]
    ]
  },
  "b": {
    "trend": [
      [
        0.03082927475326018
      ],
      [
        0.018527061037288323
      ],
      [
        0.33722161801165995
      ],
      [
        0.07227468428293587
      ],
      [
        0.07227468428293587
      ],
      [
        0.0
      ]
    ],
    "breakout": [
      [
        0.0
      ],
      [
        0.0
      ],
      [
        0.0
      ],
      [
        0.0
      ],
      [
        0.0
      ],
      [
        0.0
      ]
    ],
    "reversion": [
      [
        -0.004252016196726444
      ],
      [
        -0.030783719892408246
      ],
      [
        -0.8478746652960717
      ],
      [
        -0.5339369656945159
      ],
      [
        -0.5339369656945159
      ],
      [
        0.0
      ]
    ],
    "vwap": [
      [
        0.0
      ],
      [
        0.0
      ],
      [
        0.0
      ],
      [
        0.0
      ],
      [
        0.0
      ],
      [
        0.0
      ]
    ]
  },
  "counts": {
    "trend": 1,
    "breakout": 0,
    "reversion": 8,
    "vwap": 0
  },
  "reward_sum": {
    "trend": 0.07227468428293587,
    "breakout": 0.0,
    "reversion": -0.5339369656945159,
    "vwap": 0.0
  },
  "disabled_until": {
    "trend": 0.0,
    "breakout": 0.0,
    "reversion": 0.0,
    "vwap": 0.0
  },
  "_snapshot_time": "2025-09-24T01:35:00.105418"
}