{
  "arms": [
    "trend",
    "breakout",
    "reversion",
    "vwap"
  ],
  "d": 6,
  "alpha": 0.6,
  "alpha_base": 0.6,
  "alpha_boost_until": 0.0,
  "A": {
    "trend": [
      [
        1.1367318886108992,
        0.0821699526282225,
        1.4956222317971222,
        0.3205477313318011,
        0.3205477313318011,
        0.0
      ],
      [
        0.0821699526282225,
        1.0493805884166383,
        0.898804289072691,
        0.19263532571814884,
        0.19263532571814884,
        0.0
      ],
      [
        1.4956222317971222,
        0.898804289072691,
        17.359650137001655,
        3.5062655698135057,
        3.5062655698135057,
        0.0
      ],
      [
        0.3205477313318011,
        0.19263532571814884,
        3.5062655698135057,
        1.7514768435208583,
        0.7514768435208588,
        0.0
      ],
      [
        0.3205477313318011,
        0.19263532571814884,
        3.5062655698135057,
        0.7514768435208588,
        1.7514768435208583,
        0.0
      ],
      [
        0.0,
        0.0,
        0.0,
        0.0,
        0.0,
        1.0
      ]
    ],
    "breakout": [
      [
        1.0,
        0.0,
        0.0,
        0.0,
        0.0,
        0.0
      ],
      [
        0.0,
        1.0,
        0.0,
        0.0,
        0.0,
        0.0
      ],
      [
        0.0,
        0.0,
        1.0,
        0.0,
        0.0,
        0.0
      ],
      [
        0.0,
        0.0,
        0.0,
        1.0,
        0.0,
        0.0
      ],
      [
        0.0,
        0.0,
        0.0,
        0.0,
        1.0,
        0.0
      ],
      [
        0.0,
        0.0,
        0.0,
        0.0,
        0.0,
        1.0
      ]
    ],
    "reversion": [
      [
        1.1112118314529305,
        0.011274650131447581,
        0.31780081290353007,
        0.38229294087883475,
        0.38229294087883475,
        0.0
      ],
      [
        0.011274650131447581,
        1.0012236726901826,
        0.03286494790708112,
        0.0383686550923263,
        0.0383686550923263,
        0.0
      ],
      [
        0.31780081290353007,
        0.03286494790708112,
        1.913332519713287,
        1.0893358967503155,
        1.0893358967503155,
        0.0
      ],
      [
        0.38229294087883475,
        0.0383686550923263,
        1.0893358967503155,
        2.3160082198728977,
        1.3160082198729064,
        0.0
      ],
      [
        0.38229294087883475,
        0.0383686550923263,
        1.0893358967503155,
        1.3160082198729064,
        2.3160082198728977,
        0.0
      ],
      [
        0.0,
        0.0,
        0.0,
        0.0,
        0.0,
        1.0
      ]
    ],
    "vwap": [
      [
        1.0,
        0.0,
        0.0,
        0.0,
        0.0,
        0.0
      ],
      [
        0.0,
        1.0,
        0.0,
        0.0,
        0.0,
        0.0
      ],
      [
        0.0,
        0.0,
        1.0,
        0.0,
        0.0,
        0.0
      ],
      [
        0.0,
        0.0,
        0.0,
        1.0,
        0.0,
        0.0
      ],
      [
        0.0,
        0.0,
        0.0,
        0.0,
        1.0,
        0.0
      ],
      [
        0.0,
        0.0,
        0.0,
        0.0,
        0.0,
        1.0
      ]
    ]
  },
  "b": {
    "trend": [
      [
        0.32680769736328824
      ],
      [
        0.196397294615729
      ],
      [
        3.5747393140300447
      ],
      [
        0.7661524099157442
      ],
      [
        0.7661524099157442
      ],
      [
        0.0
      ]
    ],
    "breakout": [
      [
        0.0
      ],
      [
        0.0
      ],
      [
        0.0
      ],
      [
        0.0
      ],
      [
        0.0
      ],
      [
        0.0
      ]
    ],
    "reversion": [
      [
        0.15241264195536194
      ],
      [
        0.0165832390906946
      ],
      [
        0.44460592864405174
      ],
      [
        0.5184746386028436
      ],
      [
        0.5184746386028436
      ],
      [
        0.0
      ]
    ],
    "vwap": [
      [
        0.0
      ],
      [
        0.0
      ],
      [
        0.0
      ],
      [
        0.0
      ],
      [
        0.0
      ],
      [
        0.0
      ]
    ]
  },
  "counts": {
    "trend": 1,
    "breakout": 0,
    "reversion": 2,
    "vwap": 0
  },
  "reward_sum": {
    "trend": 0.7661524099157442,
    "breakout": 0.0,
    "reversion": 0.5184746386028436,
    "vwap": 0.0
  },
  "disabled_until": {
    "trend": 0.0,
    "breakout": 0.0,
    "reversion": 0.0,
    "vwap": 0.0
  },
  "_snapshot_time": "2025-09-18T02:41:00.773153"
}