{
  "arms": [
    "trend",
    "breakout",
    "reversion",
    "vwap"
  ],
  "d": 6,
  "alpha": 0.6,
  "alpha_base": 0.6,
  "alpha_boost_until": 0.0,
  "A": {
    "trend": [
      [
        1.0117857248331124,
        0.0070827109978850895,
        0.12891646752869845,
        0.027629892307751917,
        0.027629892307751917,
        0.0
      ],
      [
        0.0070827109978850895,
        1.0042564030460506,
        0.07747322250463302,
        0.01660437053211216,
        0.01660437053211216,
        0.0
      ],
      [
        0.12891646752869845,
        0.07747322250463302,
        2.4101343647008022,
        0.3022256301544267,
        0.3022256301544267,
        0.0
      ],
      [
        0.027629892307751917,
        0.01660437053211216,
        0.3022256301544267,
        1.0647742043657091,
        0.06477420436570952,
        0.0
      ],
      [
        0.027629892307751917,
        0.01660437053211216,
        0.3022256301544267,
        0.06477420436570952,
        1.0647742043657091,
        0.0
      ],
      [
        0.0,
        0.0,
        0.0,
        0.0,
        0.0,
        1.0
      ]
    ],
    "breakout": [
      [
        1.0,
        0.0,
        0.0,
        0.0,
        0.0,
        0.0
      ],
      [
        0.0,
        1.0,
        0.0,
        0.0,
        0.0,
        0.0
      ],
      [
        0.0,
        0.0,
        1.0,
        0.0,
        0.0,
        0.0
      ],
      [
        0.0,
        0.0,
        0.0,
        1.0,
        0.0,
        0.0
      ],
      [
        0.0,
        0.0,
        0.0,
        0.0,
        1.0,
        0.0
      ],
      [
        0.0,
        0.0,
        0.0,
        0.0,
        0.0,
        1.0
      ]
    ],
    "reversion": [
      [
        1.1359192520557588,
        0.008856995154064455,
        0.22828152647711386,
        0.427036642245145,
        0.427036642245145,
        0.0
      ],
      [
        0.008856995154064455,
        1.0007082475659392,
        0.018031648857900567,
        0.02963280675709409,
        0.02963280675709409,
        0.0
      ],
      [
        0.22828152647711386,
        0.018031648857900567,
        1.4878333507814858,
        0.764566151609677,
        0.764566151609677,
        0.0
      ],
      [
        0.427036642245145,
        0.02963280675709409,
        0.764566151609677,
        2.3726308844421475,
        1.372630884442165,
        0.0
      ],
      [
        0.427036642245145,
        0.02963280675709409,
        0.764566151609677,
        1.372630884442165,
        2.3726308844421475,
        0.0
      ],
      [
        0.0,
        0.0,
        0.0,
        0.0,
        0.0,
        1.0
      ]
    ],
    "vwap": [
      [
        1.0,
        0.0,
        0.0,
        0.0,
        0.0,
        0.0
      ],
      [
        0.0,
        1.0,
        0.0,
        0.0,
        0.0,
        0.0
      ],
      [
        0.0,
        0.0,
        1.0,
        0.0,
        0.0,
        0.0
      ],
      [
        0.0,
        0.0,
        0.0,
        1.0,
        0.0,
        0.0
      ],
      [
        0.0,
        0.0,
        0.0,
        0.0,
        1.0,
        0.0
      ],
      [
        0.0,
        0.0,
        0.0,
        0.0,
        0.0,
        1.0
      ]
    ]
  },
  "b": {
    "trend": [
      [
        0.028169475559773574
      ],
      [
        0.016928636734444627
      ],
      [
        0.3081277844786862
      ],
      [
        0.06603917765802174
      ],
      [
        0.06603917765802174
      ],
      [
        0.0
      ]
    ],
    "breakout": [
      [
        0.0
      ],
      [
        0.0
      ],
      [
        0.0
      ],
      [
        0.0
      ],
      [
        0.0
      ],
      [
        0.0
      ]
    ],
    "reversion": [
      [
        -0.0038851730146775695
      ],
      [
        -0.02812785094973432
      ],
      [
        -0.7747241819006185
      ],
      [
        -0.48787149311713146
      ],
      [
        -0.48787149311713146
      ],
      [
        0.0
      ]
    ],
    "vwap": [
      [
        0.0
      ],
      [
        0.0
      ],
      [
        0.0
      ],
      [
        0.0
      ],
      [
        0.0
      ],
      [
        0.0
      ]
    ]
  },
  "counts": {
    "trend": 1,
    "breakout": 0,
    "reversion": 8,
    "vwap": 0
  },
  "reward_sum": {
    "trend": 0.06603917765802174,
    "breakout": 0.0,
    "reversion": -0.48787149311713146,
    "vwap": 0.0
  },
  "disabled_until": {
    "trend": 0.0,
    "breakout": 0.0,
    "reversion": 0.0,
    "vwap": 0.0
  },
  "_snapshot_time": "2025-09-24T04:39:00.658941"
}