{
  "arms": [
    "trend",
    "breakout",
    "reversion",
    "vwap"
  ],
  "d": 6,
  "alpha": 0.6,
  "alpha_base": 0.6,
  "alpha_boost_until": 0.0,
  "A": {
    "trend": [
      [
        1.039643387424408,
        0.023823961621387942,
        0.4336335303933355,
        0.09293807048452478,
        0.09293807048452478,
        0.0
      ],
      [
        0.023823961621387942,
        1.0143171707619474,
        0.2605950010083375,
        0.055851761623828294,
        0.055851761623828294,
        0.0
      ],
      [
        0.4336335303933355,
        0.2605950010083375,
        5.743238428853605,
        1.0165898080479139,
        1.0165898080479139,
        0.0
      ],
      [
        0.09293807048452478,
        0.055851761623828294,
        1.0165898080479139,
        1.2178795886667415,
        0.2178795886667409,
        0.0
      ],
      [
        0.09293807048452478,
        0.055851761623828294,
        1.0165898080479139,
        0.2178795886667409,
        1.2178795886667415,
        0.0
      ],
      [
        0.0,
        0.0,
        0.0,
        0.0,
        0.0,
        1.0
      ]
    ],
    "breakout": [
      [
        1.0,
        0.0,
        0.0,
        0.0,
        0.0,
        0.0
      ],
      [
        0.0,
        1.0,
        0.0,
        0.0,
        0.0,
        0.0
      ],
      [
        0.0,
        0.0,
        1.0,
        0.0,
        0.0,
        0.0
      ],
      [
        0.0,
        0.0,
        0.0,
        1.0,
        0.0,
        0.0
      ],
      [
        0.0,
        0.0,
        0.0,
        0.0,
        1.0,
        0.0
      ],
      [
        0.0,
        0.0,
        0.0,
        0.0,
        0.0,
        1.0
      ]
    ],
    "reversion": [
      [
        1.4571886450754534,
        0.02979208281888926,
        0.767865627622896,
        1.4364139068800899,
        1.4364139068800899,
        0.0
      ],
      [
        0.02979208281888926,
        1.002382317001837,
        0.060652666823373384,
        0.09967523044859765,
        0.09967523044859765,
        0.0
      ],
      [
        0.767865627622896,
        0.060652666823373384,
        2.6409144789504593,
        2.5717546089908576,
        2.5717546089908576,
        0.0
      ],
      [
        1.4364139068800899,
        0.09967523044859765,
        2.5717546089908576,
        5.617088784371772,
        4.617088784371785,
        0.0
      ],
      [
        1.4364139068800899,
        0.09967523044859765,
        2.5717546089908576,
        4.617088784371785,
        5.617088784371772,
        0.0
      ],
      [
        0.0,
        0.0,
        0.0,
        0.0,
        0.0,
        1.0
      ]
    ],
    "vwap": [
      [
        1.0,
        0.0,
        0.0,
        0.0,
        0.0,
        0.0
      ],
      [
        0.0,
        1.0,
        0.0,
        0.0,
        0.0,
        0.0
      ],
      [
        0.0,
        0.0,
        1.0,
        0.0,
        0.0,
        0.0
      ],
      [
        0.0,
        0.0,
        0.0,
        1.0,
        0.0,
        0.0
      ],
      [
        0.0,
        0.0,
        0.0,
        0.0,
        1.0,
        0.0
      ],
      [
        0.0,
        0.0,
        0.0,
        0.0,
        0.0,
        1.0
      ]
    ]
  },
  "b": {
    "trend": [
      [
        0.09475305498573428
      ],
      [
        0.05694248882726616
      ],
      [
        1.0364427567488637
      ],
      [
        0.22213455193957854
      ],
      [
        0.22213455193957854
      ],
      [
        0.0
      ]
    ],
    "breakout": [
      [
        0.0
      ],
      [
        0.0
      ],
      [
        0.0
      ],
      [
        0.0
      ],
      [
        0.0
      ],
      [
        0.0
      ]
    ],
    "reversion": [
      [
        -0.013068472343678722
      ],
      [
        -0.09461304318624449
      ],
      [
        -2.605922955528302
      ],
      [
        -1.6410427774989602
      ],
      [
        -1.6410427774989602
      ],
      [
        0.0
      ]
    ],
    "vwap": [
      [
        0.0
      ],
      [
        0.0
      ],
      [
        0.0
      ],
      [
        0.0
      ],
      [
        0.0
      ],
      [
        0.0
      ]
    ]
  },
  "counts": {
    "trend": 1,
    "breakout": 0,
    "reversion": 8,
    "vwap": 0
  },
  "reward_sum": {
    "trend": 0.22213455193957854,
    "breakout": 0.0,
    "reversion": -1.6410427774989602,
    "vwap": 0.0
  },
  "disabled_until": {
    "trend": 0.0,
    "breakout": 0.0,
    "reversion": 0.0,
    "vwap": 0.0
  },
  "_snapshot_time": "2025-09-22T04:37:00.665525"
}