{
  "arms": [
    "trend",
    "breakout",
    "reversion",
    "vwap"
  ],
  "d": 6,
  "alpha": 0.6,
  "alpha_base": 0.6,
  "alpha_boost_until": 0.0,
  "A": {
    "trend": [
      [
        1.1022370938216555,
        0.061440072550148564,
        1.1183058464812705,
        0.23967977635229912,
        0.23967977635229912,
        0.0
      ],
      [
        0.061440072550148564,
        1.0369228268709665,
        0.6720534570448786,
        0.14403718158868056,
        0.14403718158868056,
        0.0
      ],
      [
        1.1183058464812705,
        0.6720534570448786,
        13.232428754829304,
        2.6217029960345712,
        2.6217029960345712,
        0.0
      ],
      [
        0.23967977635229912,
        0.14403718158868056,
        2.6217029960345712,
        1.5618938591163323,
        0.5618938591163328,
        0.0
      ],
      [
        0.23967977635229912,
        0.14403718158868056,
        2.6217029960345712,
        0.5618938591163328,
        1.5618938591163323,
        0.0
      ],
      [
        0.0,
        0.0,
        0.0,
        0.0,
        0.0,
        1.0
      ]
    ],
    "breakout": [
      [
        1.0,
        0.0,
        0.0,
        0.0,
        0.0,
        0.0
      ],
      [
        0.0,
        1.0,
        0.0,
        0.0,
        0.0,
        0.0
      ],
      [
        0.0,
        0.0,
        1.0,
        0.0,
        0.0,
        0.0
      ],
      [
        0.0,
        0.0,
        0.0,
        1.0,
        0.0,
        0.0
      ],
      [
        0.0,
        0.0,
        0.0,
        0.0,
        1.0,
        0.0
      ],
      [
        0.0,
        0.0,
        0.0,
        0.0,
        0.0,
        1.0
      ]
    ],
    "reversion": [
      [
        1.0831552504821107,
        0.008430275300119356,
        0.23762585199036218,
        0.2858478710493734,
        0.2858478710493734,
        0.0
      ],
      [
        0.008430275300119356,
        1.0009149638822668,
        0.024573761079112324,
        0.02868899003982728,
        0.02868899003982728,
        0.0
      ],
      [
        0.23762585199036218,
        0.024573761079112324,
        1.682916497804098,
        0.8145176477177718,
        0.8145176477177718,
        0.0
      ],
      [
        0.2858478710493734,
        0.02868899003982728,
        0.8145176477177718,
        1.984004954601997,
        0.9840049546020084,
        0.0
      ],
      [
        0.2858478710493734,
        0.02868899003982728,
        0.8145176477177718,
        0.9840049546020084,
        1.984004954601997,
        0.0
      ],
      [
        0.0,
        0.0,
        0.0,
        0.0,
        0.0,
        1.0
      ]
    ],
    "vwap": [
      [
        1.0,
        0.0,
        0.0,
        0.0,
        0.0,
        0.0
      ],
      [
        0.0,
        1.0,
        0.0,
        0.0,
        0.0,
        0.0
      ],
      [
        0.0,
        0.0,
        1.0,
        0.0,
        0.0,
        0.0
      ],
      [
        0.0,
        0.0,
        0.0,
        1.0,
        0.0,
        0.0
      ],
      [
        0.0,
        0.0,
        0.0,
        0.0,
        1.0,
        0.0
      ],
      [
        0.0,
        0.0,
        0.0,
        0.0,
        0.0,
        1.0
      ]
    ]
  },
  "b": {
    "trend": [
      [
        0.24436047476861952
      ],
      [
        0.14685007893869492
      ],
      [
        2.672902147036632
      ],
      [
        0.5728670656860859
      ],
      [
        0.5728670656860859
      ],
      [
        0.0
      ]
    ],
    "breakout": [
      [
        0.0
      ],
      [
        0.0
      ],
      [
        0.0
      ],
      [
        0.0
      ],
      [
        0.0
      ],
      [
        0.0
      ]
    ],
    "reversion": [
      [
        0.11396189823384383
      ],
      [
        0.012399610566390766
      ],
      [
        0.3324405045687517
      ],
      [
        0.38767357643856876
      ],
      [
        0.38767357643856876
      ],
      [
        0.0
      ]
    ],
    "vwap": [
      [
        0.0
      ],
      [
        0.0
      ],
      [
        0.0
      ],
      [
        0.0
      ],
      [
        0.0
      ],
      [
        0.0
      ]
    ]
  },
  "counts": {
    "trend": 1,
    "breakout": 0,
    "reversion": 2,
    "vwap": 0
  },
  "reward_sum": {
    "trend": 0.5728670656860859,
    "breakout": 0.0,
    "reversion": 0.38767357643856876,
    "vwap": 0.0
  },
  "disabled_until": {
    "trend": 0.0,
    "breakout": 0.0,
    "reversion": 0.0,
    "vwap": 0.0
  },
  "_snapshot_time": "2025-09-18T12:27:00.395818"
}