{
  "arms": [
    "trend",
    "breakout",
    "reversion",
    "vwap"
  ],
  "d": 6,
  "alpha": 0.6,
  "alpha_base": 0.6,
  "alpha_boost_until": 0.0,
  "A": {
    "trend": [
      [
        1.076828808555844,
        0.04617079178567821,
        0.8403809476046673,
        0.1801138017890111,
        0.1801138017890111,
        0.0
      ],
      [
        0.04617079178567821,
        1.0277466493908598,
        0.5050326105773666,
        0.10824060656990242,
        0.10824060656990242,
        0.0
      ],
      [
        0.8403809476046673,
        0.5050326105773666,
        10.192386949272947,
        1.9701490921092386,
        1.9701490921092386,
        0.0
      ],
      [
        0.1801138017890111,
        0.10824060656990242,
        1.9701490921092386,
        1.4222502236424948,
        0.4222502236424958,
        0.0
      ],
      [
        0.1801138017890111,
        0.10824060656990242,
        1.9701490921092386,
        0.4222502236424958,
        1.4222502236424948,
        0.0
      ],
      [
        0.0,
        0.0,
        0.0,
        0.0,
        0.0,
        1.0
      ]
    ],
    "breakout": [
      [
        1.0,
        0.0,
        0.0,
        0.0,
        0.0,
        0.0
      ],
      [
        0.0,
        1.0,
        0.0,
        0.0,
        0.0,
        0.0
      ],
      [
        0.0,
        0.0,
        1.0,
        0.0,
        0.0,
        0.0
      ],
      [
        0.0,
        0.0,
        0.0,
        1.0,
        0.0,
        0.0
      ],
      [
        0.0,
        0.0,
        0.0,
        0.0,
        1.0,
        0.0
      ],
      [
        0.0,
        0.0,
        0.0,
        0.0,
        0.0,
        1.0
      ]
    ],
    "reversion": [
      [
        1.0624892451544827,
        0.006335156672545554,
        0.1785703251926722,
        0.21480805586334062,
        0.21480805586334062,
        0.0
      ],
      [
        0.006335156672545554,
        1.0006875741701822,
        0.01846661240916706,
        0.021559111678930758,
        0.021559111678930758,
        0.0
      ],
      [
        0.1785703251926722,
        0.01846661240916706,
        1.5131959341581438,
        0.6120911508989858,
        0.6120911508989858,
        0.0
      ],
      [
        0.21480805586334062,
        0.021559111678930758,
        0.6120911508989858,
        1.7394569372931938,
        0.7394569372932035,
        0.0
      ],
      [
        0.21480805586334062,
        0.021559111678930758,
        0.6120911508989858,
        0.7394569372932035,
        1.7394569372931938,
        0.0
      ],
      [
        0.0,
        0.0,
        0.0,
        0.0,
        0.0,
        1.0
      ]
    ],
    "vwap": [
      [
        1.0,
        0.0,
        0.0,
        0.0,
        0.0,
        0.0
      ],
      [
        0.0,
        1.0,
        0.0,
        0.0,
        0.0,
        0.0
      ],
      [
        0.0,
        0.0,
        1.0,
        0.0,
        0.0,
        0.0
      ],
      [
        0.0,
        0.0,
        0.0,
        1.0,
        0.0,
        0.0
      ],
      [
        0.0,
        0.0,
        0.0,
        0.0,
        1.0,
        0.0
      ],
      [
        0.0,
        0.0,
        0.0,
        0.0,
        0.0,
        1.0
      ]
    ]
  },
  "b": {
    "trend": [
      [
        0.18363123826038055
      ],
      [
        0.11035443379163935
      ],
      [
        2.0086240684952137
      ],
      [
        0.4304963342788364
      ],
      [
        0.4304963342788364
      ],
      [
        0.0
      ]
    ],
    "breakout": [
      [
        0.0
      ],
      [
        0.0
      ],
      [
        0.0
      ],
      [
        0.0
      ],
      [
        0.0
      ],
      [
        0.0
      ]
    ],
    "reversion": [
      [
        0.08563972756641428
      ],
      [
        0.009318020209319225
      ],
      [
        0.24982134103180723
      ],
      [
        0.29132771553849784
      ],
      [
        0.29132771553849784
      ],
      [
        0.0
      ]
    ],
    "vwap": [
      [
        0.0
      ],
      [
        0.0
      ],
      [
        0.0
      ],
      [
        0.0
      ],
      [
        0.0
      ],
      [
        0.0
      ]
    ]
  },
  "counts": {
    "trend": 1,
    "breakout": 0,
    "reversion": 2,
    "vwap": 0
  },
  "reward_sum": {
    "trend": 0.4304963342788364,
    "breakout": 0.0,
    "reversion": 0.29132771553849784,
    "vwap": 0.0
  },
  "disabled_until": {
    "trend": 0.0,
    "breakout": 0.0,
    "reversion": 0.0,
    "vwap": 0.0
  },
  "_snapshot_time": "2025-09-19T00:04:00.363358"
}