{
  "arms": [
    "trend",
    "breakout",
    "reversion",
    "vwap"
  ],
  "d": 6,
  "alpha": 0.6,
  "alpha_base": 0.6,
  "alpha_boost_until": 0.0,
  "A": {
    "trend": [
      [
        1.0316380268504663,
        0.019013086076440658,
        0.34606803729895413,
        0.0741706842036809,
        0.0741706842036809,
        0.0
      ],
      [
        0.019013086076440658,
        1.011426042586622,
        0.20797192608023554,
        0.04457337399004873,
        0.04457337399004873,
        0.0
      ],
      [
        0.34606803729895413,
        0.20797192608023554,
        4.785415791129899,
        0.8113054340842759,
        0.8113054340842759,
        0.0
      ],
      [
        0.0741706842036809,
        0.04457337399004873,
        0.8113054340842759,
        1.1738822215823785,
        0.17388222158237718,
        0.0
      ],
      [
        0.0741706842036809,
        0.04457337399004873,
        0.8113054340842759,
        0.17388222158237718,
        1.1738822215823785,
        0.0
      ],
      [
        0.0,
        0.0,
        0.0,
        0.0,
        0.0,
        1.0
      ]
    ],
    "breakout": [
      [
        1.0,
        0.0,
        0.0,
        0.0,
        0.0,
        0.0
      ],
      [
        0.0,
        1.0,
        0.0,
        0.0,
        0.0,
        0.0
      ],
      [
        0.0,
        0.0,
        1.0,
        0.0,
        0.0,
        0.0
      ],
      [
        0.0,
        0.0,
        0.0,
        1.0,
        0.0,
        0.0
      ],
      [
        0.0,
        0.0,
        0.0,
        0.0,
        1.0,
        0.0
      ],
      [
        0.0,
        0.0,
        0.0,
        0.0,
        0.0,
        1.0
      ]
    ],
    "reversion": [
      [
        1.3648665658606123,
        0.023776038764412286,
        0.6128072024775076,
        1.146352638025972,
        1.146352638025972,
        0.0
      ],
      [
        0.023776038764412286,
        1.0019012454325247,
        0.04840481165161026,
        0.07954738033606013,
        0.07954738033606013,
        0.0
      ],
      [
        0.6128072024775076,
        0.04840481165161026,
        2.309557525661645,
        2.0524290848558495,
        2.0524290848558495,
        0.0
      ],
      [
        1.146352638025972,
        0.07954738033606013,
        2.0524290848558495,
        4.684740089617176,
        3.684740089617191,
        0.0
      ],
      [
        1.146352638025972,
        0.07954738033606013,
        2.0524290848558495,
        3.684740089617191,
        4.684740089617176,
        0.0
      ],
      [
        0.0,
        0.0,
        0.0,
        0.0,
        0.0,
        1.0
      ]
    ],
    "vwap": [
      [
        1.0,
        0.0,
        0.0,
        0.0,
        0.0,
        0.0
      ],
      [
        0.0,
        1.0,
        0.0,
        0.0,
        0.0,
        0.0
      ],
      [
        0.0,
        0.0,
        1.0,
        0.0,
        0.0,
        0.0
      ],
      [
        0.0,
        0.0,
        0.0,
        1.0,
        0.0,
        0.0
      ],
      [
        0.0,
        0.0,
        0.0,
        0.0,
        1.0,
        0.0
      ],
      [
        0.0,
        0.0,
        0.0,
        0.0,
        0.0,
        1.0
      ]
    ]
  },
  "b": {
    "trend": [
      [
        0.07561916103962084
      ],
      [
        0.045443845934826456
      ],
      [
        0.8271493910432837
      ],
      [
        0.17727796173022603
      ],
      [
        0.17727796173022603
      ],
      [
        0.0
      ]
    ],
    "breakout": [
      [
        0.0
      ],
      [
        0.0
      ],
      [
        0.0
      ],
      [
        0.0
      ],
      [
        0.0
      ],
      [
        0.0
      ]
    ],
    "reversion": [
      [
        -0.010429499237225187
      ],
      [
        -0.07550742242797755
      ],
      [
        -2.0796976694905247
      ],
      [
        -1.309659916329703
      ],
      [
        -1.309659916329703
      ],
      [
        0.0
      ]
    ],
    "vwap": [
      [
        0.0
      ],
      [
        0.0
      ],
      [
        0.0
      ],
      [
        0.0
      ],
      [
        0.0
      ],
      [
        0.0
      ]
    ]
  },
  "counts": {
    "trend": 1,
    "breakout": 0,
    "reversion": 8,
    "vwap": 0
  },
  "reward_sum": {
    "trend": 0.17727796173022603,
    "breakout": 0.0,
    "reversion": -1.309659916329703,
    "vwap": 0.0
  },
  "disabled_until": {
    "trend": 0.0,
    "breakout": 0.0,
    "reversion": 0.0,
    "vwap": 0.0
  },
  "_snapshot_time": "2025-09-22T12:09:00.917616"
}