{
  "arms": [
    "trend",
    "breakout",
    "reversion",
    "vwap"
  ],
  "d": 6,
  "alpha": 0.6,
  "alpha_base": 0.6,
  "alpha_boost_until": 0.0,
  "A": {
    "trend": [
      [
        1.0062045549136016,
        0.0037286692117637407,
        0.06786763761886262,
        0.014545663207636917,
        0.014545663207636917,
        0.0
      ],
      [
        0.0037286692117637407,
        1.0022407689647934,
        0.04078551554276385,
        0.00874131461841248,
        0.00874131461841248,
        0.0
      ],
      [
        0.06786763761886262,
        0.04078551554276385,
        1.7423604593890527,
        0.15910565918886152,
        0.15910565918886152,
        0.0
      ],
      [
        0.014545663207636917,
        0.00874131461841248,
        0.15910565918886152,
        1.034100160462148,
        0.034100160462149656,
        0.0
      ],
      [
        0.014545663207636917,
        0.00874131461841248,
        0.15910565918886152,
        0.034100160462149656,
        1.034100160462148,
        0.0
      ],
      [
        0.0,
        0.0,
        0.0,
        0.0,
        0.0,
        1.0
      ]
    ],
    "breakout": [
      [
        1.0,
        0.0,
        0.0,
        0.0,
        0.0,
        0.0
      ],
      [
        0.0,
        1.0,
        0.0,
        0.0,
        0.0,
        0.0
      ],
      [
        0.0,
        0.0,
        1.0,
        0.0,
        0.0,
        0.0
      ],
      [
        0.0,
        0.0,
        0.0,
        1.0,
        0.0,
        0.0
      ],
      [
        0.0,
        0.0,
        0.0,
        0.0,
        1.0,
        0.0
      ],
      [
        0.0,
        0.0,
        0.0,
        0.0,
        0.0,
        1.0
      ]
    ],
    "reversion": [
      [
        1.0715542298108147,
        0.004662735095299254,
        0.1201780362976563,
        0.22481199369985536,
        0.22481199369985536,
        0.0
      ],
      [
        0.004662735095299254,
        1.0003728545318613,
        0.009492700458039991,
        0.01560009073451029,
        0.01560009073451029,
        0.0
      ],
      [
        0.1201780362976563,
        0.009492700458039991,
        1.25681821495662,
        0.4025032605050452,
        0.4025032605050452,
        0.0
      ],
      [
        0.22481199369985536,
        0.01560009073451029,
        0.4025032605050452,
        1.7226168792519863,
        0.7226168792519987,
        0.0
      ],
      [
        0.22481199369985536,
        0.01560009073451029,
        0.4025032605050452,
        0.7226168792519987,
        1.7226168792519863,
        0.0
      ],
      [
        0.0,
        0.0,
        0.0,
        0.0,
        0.0,
        1.0
      ]
    ],
    "vwap": [
      [
        1.0,
        0.0,
        0.0,
        0.0,
        0.0,
        0.0
      ],
      [
        0.0,
        1.0,
        0.0,
        0.0,
        0.0,
        0.0
      ],
      [
        0.0,
        0.0,
        1.0,
        0.0,
        0.0,
        0.0
      ],
      [
        0.0,
        0.0,
        0.0,
        1.0,
        0.0,
        0.0
      ],
      [
        0.0,
        0.0,
        0.0,
        0.0,
        1.0,
        0.0
      ],
      [
        0.0,
        0.0,
        0.0,
        0.0,
        0.0,
        1.0
      ]
    ]
  },
  "b": {
    "trend": [
      [
        0.014829724982795769
      ],
      [
        0.008912023462160815
      ],
      [
        0.16221282833899567
      ],
      [
        0.034766101366720835
      ],
      [
        0.034766101366720835
      ],
      [
        0.0
      ]
    ],
    "breakout": [
      [
        0.0
      ],
      [
        0.0
      ],
      [
        0.0
      ],
      [
        0.0
      ],
      [
        0.0
      ],
      [
        0.0
      ]
    ],
    "reversion": [
      [
        -0.002045336172339839
      ],
      [
        -0.01480781184784626
      ],
      [
        -0.40785092114082516
      ],
      [
        -0.25683829486001136
      ],
      [
        -0.25683829486001136
      ],
      [
        0.0
      ]
    ],
    "vwap": [
      [
        0.0
      ],
      [
        0.0
      ],
      [
        0.0
      ],
      [
        0.0
      ],
      [
        0.0
      ],
      [
        0.0
      ]
    ]
  },
  "counts": {
    "trend": 1,
    "breakout": 0,
    "reversion": 8,
    "vwap": 0
  },
  "reward_sum": {
    "trend": 0.034766101366720835,
    "breakout": 0.0,
    "reversion": -0.25683829486001136,
    "vwap": 0.0
  },
  "disabled_until": {
    "trend": 0.0,
    "breakout": 0.0,
    "reversion": 0.0,
    "vwap": 0.0
  },
  "_snapshot_time": "2025-09-25T08:35:00.488312"
}