{
  "arms": [
    "trend",
    "breakout",
    "reversion",
    "vwap"
  ],
  "d": 6,
  "alpha": 0.6,
  "alpha_base": 0.6,
  "alpha_boost_until": 0.0,
  "A": {
    "trend": [
      [
        1.041890627752045,
        0.025174455885324097,
        0.4582146477051114,
        0.09820639374181069,
        0.09820639374181069,
        0.0
      ],
      [
        0.025174455885324097,
        1.0151287594178178,
        0.275367189600022,
        0.05901779609376275,
        0.05901779609376275,
        0.0
      ],
      [
        0.4582146477051114,
        0.275367189600022,
        6.012115469223652,
        1.0742166094322874,
        1.0742166094322874,
        0.0
      ],
      [
        0.09820639374181069,
        0.05901779609376275,
        1.0742166094322874,
        1.2302303949431854,
        0.23023039494318503,
        0.0
      ],
      [
        0.09820639374181069,
        0.05901779609376275,
        1.0742166094322874,
        0.23023039494318503,
        1.2302303949431854,
        0.0
      ],
      [
        0.0,
        0.0,
        0.0,
        0.0,
        0.0,
        1.0
      ]
    ],
    "breakout": [
      [
        1.0,
        0.0,
        0.0,
        0.0,
        0.0,
        0.0
      ],
      [
        0.0,
        1.0,
        0.0,
        0.0,
        0.0,
        0.0
      ],
      [
        0.0,
        0.0,
        1.0,
        0.0,
        0.0,
        0.0
      ],
      [
        0.0,
        0.0,
        0.0,
        1.0,
        0.0,
        0.0
      ],
      [
        0.0,
        0.0,
        0.0,
        0.0,
        1.0,
        0.0
      ],
      [
        0.0,
        0.0,
        0.0,
        0.0,
        0.0,
        1.0
      ]
    ],
    "reversion": [
      [
        1.4831050166900241,
        0.03148088829956552,
        0.8113931543230521,
        1.5178390188202535,
        1.5178390188202535,
        0.0
      ],
      [
        0.03148088829956552,
        1.002517361940919,
        0.06409084725445084,
        0.10532545895033008,
        0.10532545895033008,
        0.0
      ],
      [
        0.8113931543230521,
        0.06409084725445084,
        2.7339319890795455,
        2.717538081231491,
        2.717538081231491,
        0.0
      ],
      [
        1.5178390188202535,
        0.10532545895033008,
        2.717538081231491,
        5.878814857409949,
        4.87881485740996,
        0.0
      ],
      [
        1.5178390188202535,
        0.10532545895033008,
        2.717538081231491,
        4.87881485740996,
        5.878814857409949,
        0.0
      ],
      [
        0.0,
        0.0,
        0.0,
        0.0,
        0.0,
        1.0
      ]
    ],
    "vwap": [
      [
        1.0,
        0.0,
        0.0,
        0.0,
        0.0,
        0.0
      ],
      [
        0.0,
        1.0,
        0.0,
        0.0,
        0.0,
        0.0
      ],
      [
        0.0,
        0.0,
        1.0,
        0.0,
        0.0,
        0.0
      ],
      [
        0.0,
        0.0,
        0.0,
        1.0,
        0.0,
        0.0
      ],
      [
        0.0,
        0.0,
        0.0,
        0.0,
        1.0,
        0.0
      ],
      [
        0.0,
        0.0,
        0.0,
        0.0,
        0.0,
        1.0
      ]
    ]
  },
  "b": {
    "trend": [
      [
        0.10012426315347168
      ],
      [
        0.06017035267953303
      ],
      [
        1.0951949500293858
      ],
      [
        0.23472655670284648
      ],
      [
        0.23472655670284648
      ],
      [
        0.0
      ]
    ],
    "breakout": [
      [
        0.0
      ],
      [
        0.0
      ],
      [
        0.0
      ],
      [
        0.0
      ],
      [
        0.0
      ],
      [
        0.0
      ]
    ],
    "reversion": [
      [
        -0.01380927680009214
      ],
      [
        -0.09997631459119243
      ],
      [
        -2.7536433078202185
      ],
      [
        -1.7340675604089777
      ],
      [
        -1.7340675604089777
      ],
      [
        0.0
      ]
    ],
    "vwap": [
      [
        0.0
      ],
      [
        0.0
      ],
      [
        0.0
      ],
      [
        0.0
      ],
      [
        0.0
      ],
      [
        0.0
      ]
    ]
  },
  "counts": {
    "trend": 1,
    "breakout": 0,
    "reversion": 8,
    "vwap": 0
  },
  "reward_sum": {
    "trend": 0.23472655670284648,
    "breakout": 0.0,
    "reversion": -1.7340675604089777,
    "vwap": 0.0
  },
  "disabled_until": {
    "trend": 0.0,
    "breakout": 0.0,
    "reversion": 0.0,
    "vwap": 0.0
  },
  "_snapshot_time": "2025-09-22T02:45:00.159080"
}