{
  "arms": [
    "trend",
    "breakout",
    "reversion",
    "vwap"
  ],
  "d": 6,
  "alpha": 0.6,
  "alpha_base": 0.6,
  "alpha_boost_until": 0.0,
  "A": {
    "trend": [
      [
        1.036771975993724,
        0.022098367514318235,
        0.4022250066319973,
        0.08620647020329572,
        0.08620647020329572,
        0.0
      ],
      [
        0.022098367514318235,
        1.013280163320056,
        0.24171983636451475,
        0.05180636093610146,
        0.05180636093610146,
        0.0
      ],
      [
        0.4022250066319973,
        0.24171983636451475,
        5.3996807783112,
        0.9429571599622253,
        0.9429571599622253,
        0.0
      ],
      [
        0.08620647020329572,
        0.05180636093610146,
        0.9429571599622253,
        1.202098345386171,
        0.20209834538617025,
        0.0
      ],
      [
        0.08620647020329572,
        0.05180636093610146,
        0.9429571599622253,
        0.20209834538617025,
        1.202098345386171,
        0.0
      ],
      [
        0.0,
        0.0,
        0.0,
        0.0,
        0.0,
        1.0
      ]
    ],
    "breakout": [
      [
        1.0,
        0.0,
        0.0,
        0.0,
        0.0,
        0.0
      ],
      [
        0.0,
        1.0,
        0.0,
        0.0,
        0.0,
        0.0
      ],
      [
        0.0,
        0.0,
        1.0,
        0.0,
        0.0,
        0.0
      ],
      [
        0.0,
        0.0,
        0.0,
        1.0,
        0.0,
        0.0
      ],
      [
        0.0,
        0.0,
        0.0,
        0.0,
        1.0,
        0.0
      ],
      [
        0.0,
        0.0,
        0.0,
        0.0,
        0.0,
        1.0
      ]
    ],
    "reversion": [
      [
        1.424074000068086,
        0.027634211539267334,
        0.7122483284052076,
        1.3323729664010704,
        1.3323729664010704,
        0.0
      ],
      [
        0.027634211539267334,
        1.0022097633247928,
        0.05625953162143805,
        0.09245565072393493,
        0.09245565072393493,
        0.0
      ],
      [
        0.7122483284052076,
        0.05625953162143805,
        2.5220613511591403,
        2.3854797707154316,
        2.3854797707154316,
        0.0
      ],
      [
        1.3323729664010704,
        0.09245565072393493,
        2.3854797707154316,
        5.2826682826623905,
        4.282668282662405,
        0.0
      ],
      [
        1.3323729664010704,
        0.09245565072393493,
        2.3854797707154316,
        4.282668282662405,
        5.2826682826623905,
        0.0
      ],
      [
        0.0,
        0.0,
        0.0,
        0.0,
        0.0,
        1.0
      ]
    ],
    "vwap": [
      [
        1.0,
        0.0,
        0.0,
        0.0,
        0.0,
        0.0
      ],
      [
        0.0,
        1.0,
        0.0,
        0.0,
        0.0,
        0.0
      ],
      [
        0.0,
        0.0,
        1.0,
        0.0,
        0.0,
        0.0
      ],
      [
        0.0,
        0.0,
        0.0,
        1.0,
        0.0,
        0.0
      ],
      [
        0.0,
        0.0,
        0.0,
        0.0,
        1.0,
        0.0
      ],
      [
        0.0,
        0.0,
        0.0,
        0.0,
        0.0,
        1.0
      ]
    ]
  },
  "b": {
    "trend": [
      [
        0.08788999350550385
      ],
      [
        0.05281808564345643
      ],
      [
        0.9613721391167686
      ],
      [
        0.20604511728151617
      ],
      [
        0.20604511728151617
      ],
      [
        0.0
      ]
    ],
    "breakout": [
      [
        0.0
      ],
      [
        0.0
      ],
      [
        0.0
      ],
      [
        0.0
      ],
      [
        0.0
      ],
      [
        0.0
      ]
    ],
    "reversion": [
      [
        -0.012121909415856908
      ],
      [
        -0.08776012290502871
      ],
      [
        -2.4171732686793956
      ],
      [
        -1.5221803569114751
      ],
      [
        -1.5221803569114751
      ],
      [
        0.0
      ]
    ],
    "vwap": [
      [
        0.0
      ],
      [
        0.0
      ],
      [
        0.0
      ],
      [
        0.0
      ],
      [
        0.0
      ],
      [
        0.0
      ]
    ]
  },
  "counts": {
    "trend": 1,
    "breakout": 0,
    "reversion": 8,
    "vwap": 0
  },
  "reward_sum": {
    "trend": 0.20604511728151617,
    "breakout": 0.0,
    "reversion": -1.5221803569114751,
    "vwap": 0.0
  },
  "disabled_until": {
    "trend": 0.0,
    "breakout": 0.0,
    "reversion": 0.0,
    "vwap": 0.0
  },
  "_snapshot_time": "2025-09-22T07:09:00.501195"
}