{
  "arms": [
    "trend",
    "breakout",
    "reversion",
    "vwap"
  ],
  "d": 6,
  "alpha": 0.6,
  "alpha_base": 0.6,
  "alpha_boost_until": 0.0,
  "A": {
    "trend": [
      [
        1.0030297805920512,
        0.0018207671250062528,
        0.033140822210348565,
        0.00710287340489253,
        0.00710287340489253,
        0.0
      ],
      [
        0.0018207671250062528,
        1.001094202310291,
        0.019916201105318443,
        0.004268519780818379,
        0.004268519780818379,
        0.0
      ],
      [
        0.033140822210348565,
        0.019916201105318443,
        1.362506149672837,
        0.07769376611353955,
        0.07769376611353955,
        0.0
      ],
      [
        0.00710287340489253,
        0.004268519780818379,
        0.07769376611353955,
        1.0166516383193849,
        0.016651638319386028,
        0.0
      ],
      [
        0.00710287340489253,
        0.004268519780818379,
        0.07769376611353955,
        0.016651638319386028,
        1.0166516383193849,
        0.0
      ],
      [
        0.0,
        0.0,
        0.0,
        0.0,
        0.0,
        1.0
      ]
    ],
    "breakout": [
      [
        1.0,
        0.0,
        0.0,
        0.0,
        0.0,
        0.0
      ],
      [
        0.0,
        1.0,
        0.0,
        0.0,
        0.0,
        0.0
      ],
      [
        0.0,
        0.0,
        1.0,
        0.0,
        0.0,
        0.0
      ],
      [
        0.0,
        0.0,
        0.0,
        1.0,
        0.0,
        0.0
      ],
      [
        0.0,
        0.0,
        0.0,
        0.0,
        1.0,
        0.0
      ],
      [
        0.0,
        0.0,
        0.0,
        0.0,
        0.0,
        1.0
      ]
    ],
    "reversion": [
      [
        1.1623834370387969,
        0.013217447416916992,
        0.47508868519547137,
        0.5321420100724519,
        0.5321420100724519,
        0.0
      ],
      [
        0.013217447416916992,
        1.0011780899401672,
        0.04460139378532816,
        0.04378310493102706,
        0.04378310493102706,
        0.0
      ],
      [
        0.47508868519547137,
        0.04460139378532816,
        2.799304757853683,
        1.5696434826569572,
        1.5696434826569572,
        0.0
      ],
      [
        0.5321420100724519,
        0.04378310493102706,
        1.5696434826569572,
        2.752790702616155,
        1.7527907026161702,
        0.0
      ],
      [
        0.5321420100724519,
        0.04378310493102706,
        1.5696434826569572,
        1.7527907026161702,
        2.752790702616155,
        0.0
      ],
      [
        0.0,
        0.0,
        0.0,
        0.0,
        0.0,
        1.0
      ]
    ],
    "vwap": [
      [
        1.0,
        0.0,
        0.0,
        0.0,
        0.0,
        0.0
      ],
      [
        0.0,
        1.0,
        0.0,
        0.0,
        0.0,
        0.0
      ],
      [
        0.0,
        0.0,
        1.0,
        0.0,
        0.0,
        0.0
      ],
      [
        0.0,
        0.0,
        0.0,
        1.0,
        0.0,
        0.0
      ],
      [
        0.0,
        0.0,
        0.0,
        0.0,
        1.0,
        0.0
      ],
      [
        0.0,
        0.0,
        0.0,
        0.0,
        0.0,
        1.0
      ]
    ]
  },
  "b": {
    "trend": [
      [
        0.0072415851844326385
      ],
      [
        0.004351879562282549
      ],
      [
        0.07921104509944395
      ],
      [
        0.01697682761277113
      ],
      [
        0.01697682761277113
      ],
      [
        0.0
      ]
    ],
    "breakout": [
      [
        0.0
      ],
      [
        0.0
      ],
      [
        0.0
      ],
      [
        0.0
      ],
      [
        0.0
      ],
      [
        0.0
      ]
    ],
    "reversion": [
      [
        -0.557615482163388
      ],
      [
        -0.05366364777551368
      ],
      [
        -1.9174897055328866
      ],
      [
        -1.9723467529737053
      ],
      [
        -1.9723467529737053
      ],
      [
        0.0
      ]
    ],
    "vwap": [
      [
        0.0
      ],
      [
        0.0
      ],
      [
        0.0
      ],
      [
        0.0
      ],
      [
        0.0
      ],
      [
        0.0
      ]
    ]
  },
  "counts": {
    "trend": 1,
    "breakout": 0,
    "reversion": 10,
    "vwap": 0
  },
  "reward_sum": {
    "trend": 0.01697682761277113,
    "breakout": 0.0,
    "reversion": -1.9723467529737053,
    "vwap": 0.0
  },
  "disabled_until": {
    "trend": 0.0,
    "breakout": 0.0,
    "reversion": 0.0,
    "vwap": 0.0
  },
  "_snapshot_time": "2025-09-26T11:34:00.718406"
}