{
  "arms": [
    "trend",
    "breakout",
    "reversion",
    "vwap"
  ],
  "d": 6,
  "alpha": 0.6,
  "alpha_base": 0.6,
  "alpha_boost_until": 0.0,
  "A": {
    "trend": [
      [
        1.006689049679514,
        0.004019829616027217,
        0.07316721440705619,
        0.015681489675282365,
        0.015681489675282365,
        0.0
      ],
      [
        0.004019829616027217,
        1.002415743777682,
        0.043970332033339124,
        0.00942389721116742,
        0.00942389721116742,
        0.0
      ],
      [
        0.07316721440705619,
        0.043970332033339124,
        1.8003291230567782,
        0.17152973475552277,
        0.17152973475552277,
        0.0
      ],
      [
        0.015681489675282365,
        0.00942389721116742,
        0.17152973475552277,
        1.0367629379684726,
        0.036762937968474095,
        0.0
      ],
      [
        0.015681489675282365,
        0.00942389721116742,
        0.17152973475552277,
        0.036762937968474095,
        1.0367629379684726,
        0.0
      ],
      [
        0.0,
        0.0,
        0.0,
        0.0,
        0.0,
        1.0
      ]
    ],
    "breakout": [
      [
        1.0,
        0.0,
        0.0,
        0.0,
        0.0,
        0.0
      ],
      [
        0.0,
        1.0,
        0.0,
        0.0,
        0.0,
        0.0
      ],
      [
        0.0,
        0.0,
        1.0,
        0.0,
        0.0,
        0.0
      ],
      [
        0.0,
        0.0,
        0.0,
        1.0,
        0.0,
        0.0
      ],
      [
        0.0,
        0.0,
        0.0,
        0.0,
        1.0,
        0.0
      ],
      [
        0.0,
        0.0,
        0.0,
        0.0,
        0.0,
        1.0
      ]
    ],
    "reversion": [
      [
        1.077141681337153,
        0.005026833854995519,
        0.1295623725433124,
        0.2423668764881748,
        0.2423668764881748,
        0.0
      ],
      [
        0.005026833854995519,
        1.0004019696048438,
        0.010233956478873126,
        0.01681825423114785,
        0.01681825423114785,
        0.0
      ],
      [
        0.1295623725433124,
        0.010233956478873126,
        1.2768723659263768,
        0.43393351226250315,
        0.43393351226250315,
        0.0
      ],
      [
        0.2423668764881748,
        0.01681825423114785,
        0.43393351226250315,
        1.779043826975541,
        0.7790438269755542,
        0.0
      ],
      [
        0.2423668764881748,
        0.01681825423114785,
        0.43393351226250315,
        0.7790438269755542,
        1.779043826975541,
        0.0
      ],
      [
        0.0,
        0.0,
        0.0,
        0.0,
        0.0,
        1.0
      ]
    ],
    "vwap": [
      [
        1.0,
        0.0,
        0.0,
        0.0,
        0.0,
        0.0
      ],
      [
        0.0,
        1.0,
        0.0,
        0.0,
        0.0,
        0.0
      ],
      [
        0.0,
        0.0,
        1.0,
        0.0,
        0.0,
        0.0
      ],
      [
        0.0,
        0.0,
        0.0,
        1.0,
        0.0,
        0.0
      ],
      [
        0.0,
        0.0,
        0.0,
        0.0,
        1.0,
        0.0
      ],
      [
        0.0,
        0.0,
        0.0,
        0.0,
        0.0,
        1.0
      ]
    ]
  },
  "b": {
    "trend": [
      [
        0.015987732967919388
      ],
      [
        0.009607936187768598
      ],
      [
        0.17487953326602326
      ],
      [
        0.03748088016679875
      ],
      [
        0.03748088016679875
      ],
      [
        0.0
      ]
    ],
    "breakout": [
      [
        0.0
      ],
      [
        0.0
      ],
      [
        0.0
      ],
      [
        0.0
      ],
      [
        0.0
      ],
      [
        0.0
      ]
    ],
    "reversion": [
      [
        -0.0022050502346423746
      ],
      [
        -0.01596410870310873
      ],
      [
        -0.4396987554040375
      ],
      [
        -0.27689401380816925
      ],
      [
        -0.27689401380816925
      ],
      [
        0.0
      ]
    ],
    "vwap": [
      [
        0.0
      ],
      [
        0.0
      ],
      [
        0.0
      ],
      [
        0.0
      ],
      [
        0.0
      ],
      [
        0.0
      ]
    ]
  },
  "counts": {
    "trend": 1,
    "breakout": 0,
    "reversion": 8,
    "vwap": 0
  },
  "reward_sum": {
    "trend": 0.03748088016679875,
    "breakout": 0.0,
    "reversion": -0.27689401380816925,
    "vwap": 0.0
  },
  "disabled_until": {
    "trend": 0.0,
    "breakout": 0.0,
    "reversion": 0.0,
    "vwap": 0.0
  },
  "_snapshot_time": "2025-09-25T06:05:00.879899"
}