{
  "arms": [
    "trend",
    "breakout",
    "reversion",
    "vwap"
  ],
  "d": 6,
  "alpha": 0.6,
  "alpha_base": 0.6,
  "alpha_boost_until": 0.0,
  "A": {
    "trend": [
      [
        1.1459384612601449,
        0.08770270468878649,
        1.5963270115873764,
        0.3421311820252603,
        0.3421311820252603,
        0.0
      ],
      [
        0.08770270468878649,
        1.052705533163171,
        0.9593235071487968,
        0.20560604629440035,
        0.20560604629440035,
        0.0
      ],
      [
        1.5963270115873764,
        0.9593235071487968,
        18.461194985337304,
        3.7423530620875027,
        3.7423530620875027,
        0.0
      ],
      [
        0.3421311820252603,
        0.20560604629440035,
        3.7423530620875027,
        1.8020760579717634,
        0.8020760579717637,
        0.0
      ],
      [
        0.3421311820252603,
        0.20560604629440035,
        3.7423530620875027,
        0.8020760579717637,
        1.8020760579717634,
        0.0
      ],
      [
        0.0,
        0.0,
        0.0,
        0.0,
        0.0,
        1.0
      ]
    ],
    "breakout": [
      [
        1.0,
        0.0,
        0.0,
        0.0,
        0.0,
        0.0
      ],
      [
        0.0,
        1.0,
        0.0,
        0.0,
        0.0,
        0.0
      ],
      [
        0.0,
        0.0,
        1.0,
        0.0,
        0.0,
        0.0
      ],
      [
        0.0,
        0.0,
        0.0,
        1.0,
        0.0,
        0.0
      ],
      [
        0.0,
        0.0,
        0.0,
        0.0,
        1.0,
        0.0
      ],
      [
        0.0,
        0.0,
        0.0,
        0.0,
        0.0,
        1.0
      ]
    ],
    "reversion": [
      [
        1.1187000612735587,
        0.012033806511020316,
        0.33919930525019576,
        0.4080338837506937,
        0.4080338837506937,
        0.0
      ],
      [
        0.012033806511020316,
        1.0013060662827493,
        0.03507784450051029,
        0.04095213297850223,
        0.04095213297850223,
        0.0
      ],
      [
        0.33919930525019576,
        0.03507784450051029,
        1.9748299676099306,
        1.1626841856882542,
        1.1626841856882542,
        0.0
      ],
      [
        0.4080338837506937,
        0.04095213297850223,
        1.1626841856882542,
        2.4046190436269836,
        1.4046190436269914,
        0.0
      ],
      [
        0.4080338837506937,
        0.04095213297850223,
        1.1626841856882542,
        1.4046190436269914,
        2.4046190436269836,
        0.0
      ],
      [
        0.0,
        0.0,
        0.0,
        0.0,
        0.0,
        1.0
      ]
    ],
    "vwap": [
      [
        1.0,
        0.0,
        0.0,
        0.0,
        0.0,
        0.0
      ],
      [
        0.0,
        1.0,
        0.0,
        0.0,
        0.0,
        0.0
      ],
      [
        0.0,
        0.0,
        1.0,
        0.0,
        0.0,
        0.0
      ],
      [
        0.0,
        0.0,
        0.0,
        1.0,
        0.0,
        0.0
      ],
      [
        0.0,
        0.0,
        0.0,
        0.0,
        1.0,
        0.0
      ],
      [
        0.0,
        0.0,
        0.0,
        0.0,
        0.0,
        1.0
      ]
    ]
  },
  "b": {
    "trend": [
      [
        0.34881265055068805
      ],
      [
        0.2096213199646391
      ],
      [
        3.815437351123541
      ],
      [
        0.8177397747502646
      ],
      [
        0.8177397747502646
      ],
      [
        0.0
      ]
    ],
    "breakout": [
      [
        0.0
      ],
      [
        0.0
      ],
      [
        0.0
      ],
      [
        0.0
      ],
      [
        0.0
      ],
      [
        0.0
      ]
    ],
    "reversion": [
      [
        0.1626750472733966
      ],
      [
        0.017699838861233497
      ],
      [
        0.4745425939233187
      ],
      [
        0.5533851081032819
      ],
      [
        0.5533851081032819
      ],
      [
        0.0
      ]
    ],
    "vwap": [
      [
        0.0
      ],
      [
        0.0
      ],
      [
        0.0
      ],
      [
        0.0
      ],
      [
        0.0
      ],
      [
        0.0
      ]
    ]
  },
  "counts": {
    "trend": 1,
    "breakout": 0,
    "reversion": 2,
    "vwap": 0
  },
  "reward_sum": {
    "trend": 0.8177397747502646,
    "breakout": 0.0,
    "reversion": 0.5533851081032819,
    "vwap": 0.0
  },
  "disabled_until": {
    "trend": 0.0,
    "breakout": 0.0,
    "reversion": 0.0,
    "vwap": 0.0
  },
  "_snapshot_time": "2025-09-18T00:29:00.835319"
}