{
  "arms": [
    "trend",
    "breakout",
    "reversion",
    "vwap"
  ],
  "d": 6,
  "alpha": 0.6,
  "alpha_base": 0.6,
  "alpha_boost_until": 0.0,
  "A": {
    "trend": [
      [
        1.0347993278904504,
        0.020912891303575668,
        0.38064747714168307,
        0.08158188788644,
        0.08158188788644,
        0.0
      ],
      [
        0.020912891303575668,
        1.0125677433786051,
        0.22875267417531453,
        0.04902718693534786,
        0.04902718693534786,
        0.0
      ],
      [
        0.38064747714168307,
        0.22875267417531453,
        5.163658054271976,
        0.8923718268981292,
        0.8923718268981292,
        0.0
      ],
      [
        0.08158188788644,
        0.04902718693534786,
        0.8923718268981292,
        1.1912566947289225,
        0.1912566947289212,
        0.0
      ],
      [
        0.08158188788644,
        0.04902718693534786,
        0.8923718268981292,
        0.1912566947289212,
        1.1912566947289225,
        0.0
      ],
      [
        0.0,
        0.0,
        0.0,
        0.0,
        0.0,
        1.0
      ]
    ],
    "breakout": [
      [
        1.0,
        0.0,
        0.0,
        0.0,
        0.0,
        0.0
      ],
      [
        0.0,
        1.0,
        0.0,
        0.0,
        0.0,
        0.0
      ],
      [
        0.0,
        0.0,
        1.0,
        0.0,
        0.0,
        0.0
      ],
      [
        0.0,
        0.0,
        0.0,
        1.0,
        0.0,
        0.0
      ],
      [
        0.0,
        0.0,
        0.0,
        0.0,
        1.0,
        0.0
      ],
      [
        0.0,
        0.0,
        0.0,
        0.0,
        0.0,
        1.0
      ]
    ],
    "reversion": [
      [
        1.4013243721442397,
        0.02615176264971913,
        0.6740394675507374,
        1.2608972587732759,
        1.2608972587732759,
        0.0
      ],
      [
        0.02615176264971913,
        1.0020912196427219,
        0.05324146540810712,
        0.08749582849222788,
        0.08749582849222788,
        0.0
      ],
      [
        0.6740394675507374,
        0.05324146540810712,
        2.4404097304264885,
        2.25750970606887,
        2.25750970606887,
        0.0
      ],
      [
        1.2608972587732759,
        0.08749582849222788,
        2.25750970606887,
        5.052922743119324,
        4.052922743119338,
        0.0
      ],
      [
        1.2608972587732759,
        0.08749582849222788,
        2.25750970606887,
        4.052922743119338,
        5.052922743119324,
        0.0
      ],
      [
        0.0,
        0.0,
        0.0,
        0.0,
        0.0,
        1.0
      ]
    ],
    "vwap": [
      [
        1.0,
        0.0,
        0.0,
        0.0,
        0.0,
        0.0
      ],
      [
        0.0,
        1.0,
        0.0,
        0.0,
        0.0,
        0.0
      ],
      [
        0.0,
        0.0,
        1.0,
        0.0,
        0.0,
        0.0
      ],
      [
        0.0,
        0.0,
        0.0,
        1.0,
        0.0,
        0.0
      ],
      [
        0.0,
        0.0,
        0.0,
        0.0,
        1.0,
        0.0
      ],
      [
        0.0,
        0.0,
        0.0,
        0.0,
        0.0,
        1.0
      ]
    ]
  },
  "b": {
    "trend": [
      [
        0.08317509787370733
      ],
      [
        0.049984637245663655
      ],
      [
        0.9097989267582004
      ],
      [
        0.1949917403875608
      ],
      [
        0.1949917403875608
      ],
      [
        0.0
      ]
    ],
    "breakout": [
      [
        0.0
      ],
      [
        0.0
      ],
      [
        0.0
      ],
      [
        0.0
      ],
      [
        0.0
      ],
      [
        0.0
      ]
    ],
    "reversion": [
      [
        -0.01147162449177988
      ],
      [
        -0.08305219423616456
      ],
      [
        -2.287502993017376
      ],
      [
        -1.4405223520652357
      ],
      [
        -1.4405223520652357
      ],
      [
        0.0
      ]
    ],
    "vwap": [
      [
        0.0
      ],
      [
        0.0
      ],
      [
        0.0
      ],
      [
        0.0
      ],
      [
        0.0
      ],
      [
        0.0
      ]
    ]
  },
  "counts": {
    "trend": 1,
    "breakout": 0,
    "reversion": 8,
    "vwap": 0
  },
  "reward_sum": {
    "trend": 0.1949917403875608,
    "breakout": 0.0,
    "reversion": -1.4405223520652357,
    "vwap": 0.0
  },
  "disabled_until": {
    "trend": 0.0,
    "breakout": 0.0,
    "reversion": 0.0,
    "vwap": 0.0
  },
  "_snapshot_time": "2025-09-22T08:54:00.772907"
}