{
  "arms": [
    "trend",
    "breakout",
    "reversion",
    "vwap"
  ],
  "d": 6,
  "alpha": 0.6,
  "alpha_base": 0.6,
  "alpha_boost_until": 0.0,
  "A": {
    "trend": [
      [
        1.0124538149701094,
        0.007484204281318445,
        0.13622427605740758,
        0.02919613102437636,
        0.02919613102437636,
        0.0
      ],
      [
        0.007484204281318445,
        1.0044976831484134,
        0.08186489943326054,
        0.01754561227503693,
        0.01754561227503693,
        0.0
      ],
      [
        0.13622427605740758,
        0.08186489943326054,
        2.4900697843917943,
        0.319357708623342,
        0.319357708623342,
        0.0
      ],
      [
        0.02919613102437636,
        0.01754561227503693,
        0.319357708623342,
        1.068446019861264,
        0.06844601986126451,
        0.0
      ],
      [
        0.02919613102437636,
        0.01754561227503693,
        0.319357708623342,
        0.06844601986126451,
        1.068446019861264,
        0.0
      ],
      [
        0.0,
        0.0,
        0.0,
        0.0,
        0.0,
        1.0
      ]
    ],
    "breakout": [
      [
        1.0,
        0.0,
        0.0,
        0.0,
        0.0,
        0.0
      ],
      [
        0.0,
        1.0,
        0.0,
        0.0,
        0.0,
        0.0
      ],
      [
        0.0,
        0.0,
        1.0,
        0.0,
        0.0,
        0.0
      ],
      [
        0.0,
        0.0,
        0.0,
        1.0,
        0.0,
        0.0
      ],
      [
        0.0,
        0.0,
        0.0,
        0.0,
        1.0,
        0.0
      ],
      [
        0.0,
        0.0,
        0.0,
        0.0,
        0.0,
        1.0
      ]
    ],
    "reversion": [
      [
        1.1436240231251924,
        0.009359066192515761,
        0.24122198100643788,
        0.4512438058146531,
        0.4512438058146531,
        0.0
      ],
      [
        0.009359066192515761,
        1.0007483955602337,
        0.019053797849697296,
        0.03131258345358847,
        0.03131258345358847,
        0.0
      ],
      [
        0.24122198100643788,
        0.019053797849697296,
        1.5154868599860887,
        0.8079066429418004,
        0.8079066429418004,
        0.0
      ],
      [
        0.4512438058146531,
        0.03131258345358847,
        0.8079066429418004,
        2.450440367407255,
        1.4504403674072723,
        0.0
      ],
      [
        0.4512438058146531,
        0.03131258345358847,
        0.8079066429418004,
        1.4504403674072723,
        2.450440367407255,
        0.0
      ],
      [
        0.0,
        0.0,
        0.0,
        0.0,
        0.0,
        1.0
      ]
    ],
    "vwap": [
      [
        1.0,
        0.0,
        0.0,
        0.0,
        0.0,
        0.0
      ],
      [
        0.0,
        1.0,
        0.0,
        0.0,
        0.0,
        0.0
      ],
      [
        0.0,
        0.0,
        1.0,
        0.0,
        0.0,
        0.0
      ],
      [
        0.0,
        0.0,
        0.0,
        1.0,
        0.0,
        0.0
      ],
      [
        0.0,
        0.0,
        0.0,
        0.0,
        1.0,
        0.0
      ],
      [
        0.0,
        0.0,
        0.0,
        0.0,
        0.0,
        1.0
      ]
    ]
  },
  "b": {
    "trend": [
      [
        0.029766301300435075
      ],
      [
        0.017888259956201417
      ],
      [
        0.3255944347407588
      ],
      [
        0.06978269991681152
      ],
      [
        0.06978269991681152
      ],
      [
        0.0
      ]
    ],
    "breakout": [
      [
        0.0
      ],
      [
        0.0
      ],
      [
        0.0
      ],
      [
        0.0
      ],
      [
        0.0
      ],
      [
        0.0
      ]
    ],
    "reversion": [
      [
        -0.00410540942850772
      ],
      [
        -0.029722317141719995
      ],
      [
        -0.8186404952500381
      ],
      [
        -0.5155271644728624
      ],
      [
        -0.5155271644728624
      ],
      [
        0.0
      ]
    ],
    "vwap": [
      [
        0.0
      ],
      [
        0.0
      ],
      [
        0.0
      ],
      [
        0.0
      ],
      [
        0.0
      ],
      [
        0.0
      ]
    ]
  },
  "counts": {
    "trend": 1,
    "breakout": 0,
    "reversion": 8,
    "vwap": 0
  },
  "reward_sum": {
    "trend": 0.06978269991681152,
    "breakout": 0.0,
    "reversion": -0.5155271644728624,
    "vwap": 0.0
  },
  "disabled_until": {
    "trend": 0.0,
    "breakout": 0.0,
    "reversion": 0.0,
    "vwap": 0.0
  },
  "_snapshot_time": "2025-09-24T02:47:00.133530"
}