{
  "arms": [
    "trend",
    "breakout",
    "reversion",
    "vwap"
  ],
  "d": 6,
  "alpha": 0.6,
  "alpha_base": 0.6,
  "alpha_boost_until": 0.0,
  "A": {
    "trend": [
      [
        1.0077744916077882,
        0.0046721332792987545,
        0.08504016588709067,
        0.018226148065766785,
        0.018226148065766785,
        0.0
      ],
      [
        0.0046721332792987545,
        1.0028077500730297,
        0.051105462474255486,
        0.010953126870213067,
        0.010953126870213067,
        0.0
      ],
      [
        0.08504016588709067,
        0.051105462474255486,
        1.9301997068027585,
        0.19936411706240334,
        0.19936411706240334,
        0.0
      ],
      [
        0.018226148065766785,
        0.010953126870213067,
        0.19936411706240334,
        1.0427285139754385,
        0.04272851397543923,
        0.0
      ],
      [
        0.018226148065766785,
        0.010953126870213067,
        0.19936411706240334,
        0.04272851397543923,
        1.0427285139754385,
        0.0
      ],
      [
        0.0,
        0.0,
        0.0,
        0.0,
        0.0,
        1.0
      ]
    ],
    "breakout": [
      [
        1.0,
        0.0,
        0.0,
        0.0,
        0.0,
        0.0
      ],
      [
        0.0,
        1.0,
        0.0,
        0.0,
        0.0,
        0.0
      ],
      [
        0.0,
        0.0,
        1.0,
        0.0,
        0.0,
        0.0
      ],
      [
        0.0,
        0.0,
        0.0,
        1.0,
        0.0,
        0.0
      ],
      [
        0.0,
        0.0,
        0.0,
        0.0,
        1.0,
        0.0
      ],
      [
        0.0,
        0.0,
        0.0,
        0.0,
        0.0,
        1.0
      ]
    ],
    "reversion": [
      [
        1.0896595754107055,
        0.005842545577004175,
        0.15058664926767742,
        0.28169610595565736,
        0.28169610595565736,
        0.0
      ],
      [
        0.005842545577004175,
        1.0004671978037503,
        0.011894635646545889,
        0.019547377077815162,
        0.019547377077815162,
        0.0
      ],
      [
        0.15058664926767742,
        0.011894635646545889,
        1.3218008519080597,
        0.5043485414310425,
        0.5043485414310425,
        0.0
      ],
      [
        0.28169610595565736,
        0.019547377077815162,
        0.5043485414310425,
        1.9054604144246987,
        0.9054604144247153,
        0.0
      ],
      [
        0.28169610595565736,
        0.019547377077815162,
        0.5043485414310425,
        0.9054604144247153,
        1.9054604144246987,
        0.0
      ],
      [
        0.0,
        0.0,
        0.0,
        0.0,
        0.0,
        1.0
      ]
    ],
    "vwap": [
      [
        1.0,
        0.0,
        0.0,
        0.0,
        0.0,
        0.0
      ],
      [
        0.0,
        1.0,
        0.0,
        0.0,
        0.0,
        0.0
      ],
      [
        0.0,
        0.0,
        1.0,
        0.0,
        0.0,
        0.0
      ],
      [
        0.0,
        0.0,
        0.0,
        1.0,
        0.0,
        0.0
      ],
      [
        0.0,
        0.0,
        0.0,
        0.0,
        1.0,
        0.0
      ],
      [
        0.0,
        0.0,
        0.0,
        0.0,
        0.0,
        1.0
      ]
    ]
  },
  "b": {
    "trend": [
      [
        0.018582085907855126
      ],
      [
        0.011167030122191264
      ],
      [
        0.2032574923033475
      ],
      [
        0.04356295771007709
      ],
      [
        0.04356295771007709
      ],
      [
        0.0
      ]
    ],
    "breakout": [
      [
        0.0
      ],
      [
        0.0
      ],
      [
        0.0
      ],
      [
        0.0
      ],
      [
        0.0
      ],
      [
        0.0
      ]
    ],
    "reversion": [
      [
        -0.0025628669789193393
      ],
      [
        -0.01855462809885228
      ],
      [
        -0.5110493190554017
      ],
      [
        -0.3218260126234655
      ],
      [
        -0.3218260126234655
      ],
      [
        0.0
      ]
    ],
    "vwap": [
      [
        0.0
      ],
      [
        0.0
      ],
      [
        0.0
      ],
      [
        0.0
      ],
      [
        0.0
      ],
      [
        0.0
      ]
    ]
  },
  "counts": {
    "trend": 1,
    "breakout": 0,
    "reversion": 8,
    "vwap": 0
  },
  "reward_sum": {
    "trend": 0.04356295771007709,
    "breakout": 0.0,
    "reversion": -0.3218260126234655,
    "vwap": 0.0
  },
  "disabled_until": {
    "trend": 0.0,
    "breakout": 0.0,
    "reversion": 0.0,
    "vwap": 0.0
  },
  "_snapshot_time": "2025-09-24T19:05:00.930861"
}