{
  "arms": [
    "trend",
    "breakout",
    "reversion",
    "vwap"
  ],
  "d": 6,
  "alpha": 0.6,
  "alpha_base": 0.6,
  "alpha_boost_until": 0.0,
  "A": {
    "trend": [
      [
        1.0044793075389065,
        0.0026918701410356518,
        0.048996265657587655,
        0.010501075382784485,
        0.010501075382784485,
        0.0
      ],
      [
        0.0026918701410356518,
        1.0016176975555386,
        0.02944463701149256,
        0.0063106922277968895,
        0.0063106922277968895,
        0.0
      ],
      [
        0.048996265657587655,
        0.02944463701149256,
        1.5359386529140902,
        0.11486451302492978,
        0.11486451302492978,
        0.0
      ],
      [
        0.010501075382784485,
        0.0063106922277968895,
        0.11486451302492978,
        1.0246182212846815,
        0.024618221284683196,
        0.0
      ],
      [
        0.010501075382784485,
        0.0063106922277968895,
        0.11486451302492978,
        0.024618221284683196,
        1.0246182212846815,
        0.0
      ],
      [
        0.0,
        0.0,
        0.0,
        0.0,
        0.0,
        1.0
      ]
    ],
    "breakout": [
      [
        1.0,
        0.0,
        0.0,
        0.0,
        0.0,
        0.0
      ],
      [
        0.0,
        1.0,
        0.0,
        0.0,
        0.0,
        0.0
      ],
      [
        0.0,
        0.0,
        1.0,
        0.0,
        0.0,
        0.0
      ],
      [
        0.0,
        0.0,
        0.0,
        1.0,
        0.0,
        0.0
      ],
      [
        0.0,
        0.0,
        0.0,
        0.0,
        1.0,
        0.0
      ],
      [
        0.0,
        0.0,
        0.0,
        0.0,
        0.0,
        1.0
      ]
    ],
    "reversion": [
      [
        1.1195968449293439,
        0.011108610994803259,
        0.4506050976029532,
        0.3843236897051957,
        0.3843236897051957,
        0.0
      ],
      [
        0.011108610994803259,
        1.001151509616192,
        0.04831714663586812,
        0.036564286082442665,
        0.036564286082442665,
        0.0
      ],
      [
        0.4506050976029532,
        0.04831714663586812,
        3.1339526242763984,
        1.4796155430425495,
        1.4796155430425495,
        0.0
      ],
      [
        0.3843236897051957,
        0.036564286082442665,
        1.4796155430425495,
        2.2472514088038222,
        1.247251408803837,
        0.0
      ],
      [
        0.3843236897051957,
        0.036564286082442665,
        1.4796155430425495,
        1.247251408803837,
        2.2472514088038222,
        0.0
      ],
      [
        0.0,
        0.0,
        0.0,
        0.0,
        0.0,
        1.0
      ]
    ],
    "vwap": [
      [
        1.0,
        0.0,
        0.0,
        0.0,
        0.0,
        0.0
      ],
      [
        0.0,
        1.0,
        0.0,
        0.0,
        0.0,
        0.0
      ],
      [
        0.0,
        0.0,
        1.0,
        0.0,
        0.0,
        0.0
      ],
      [
        0.0,
        0.0,
        0.0,
        1.0,
        0.0,
        0.0
      ],
      [
        0.0,
        0.0,
        0.0,
        0.0,
        1.0,
        0.0
      ],
      [
        0.0,
        0.0,
        0.0,
        0.0,
        0.0,
        1.0
      ]
    ]
  },
  "b": {
    "trend": [
      [
        0.010706150536232606
      ],
      [
        0.0064339335273595035
      ],
      [
        0.11710769829650201
      ],
      [
        0.02509898971301519
      ],
      [
        0.02509898971301519
      ],
      [
        0.0
      ]
    ],
    "breakout": [
      [
        0.0
      ],
      [
        0.0
      ],
      [
        0.0
      ],
      [
        0.0
      ],
      [
        0.0
      ],
      [
        0.0
      ]
    ],
    "reversion": [
      [
        -0.25277367317760846
      ],
      [
        -0.03932838246390309
      ],
      [
        -1.6402505519297093
      ],
      [
        -1.0066540173409984
      ],
      [
        -1.0066540173409984
      ],
      [
        0.0
      ]
    ],
    "vwap": [
      [
        0.0
      ],
      [
        0.0
      ],
      [
        0.0
      ],
      [
        0.0
      ],
      [
        0.0
      ],
      [
        0.0
      ]
    ]
  },
  "counts": {
    "trend": 1,
    "breakout": 0,
    "reversion": 9,
    "vwap": 0
  },
  "reward_sum": {
    "trend": 0.02509898971301519,
    "breakout": 0.0,
    "reversion": -1.0066540173409984,
    "vwap": 0.0
  },
  "disabled_until": {
    "trend": 0.0,
    "breakout": 0.0,
    "reversion": 0.0,
    "vwap": 0.0
  },
  "_snapshot_time": "2025-09-25T22:33:00.639050"
}