{
  "arms": [
    "trend",
    "breakout",
    "reversion",
    "vwap"
  ],
  "d": 6,
  "alpha": 0.6,
  "alpha_base": 0.6,
  "alpha_boost_until": 0.0,
  "A": {
    "trend": [
      [
        1.0110977072988763,
        0.006669242210391876,
        0.121390686011859,
        0.026016936749567277,
        0.026016936749567277,
        0.0
      ],
      [
        0.006669242210391876,
        1.004007926183581,
        0.07295055323551455,
        0.0156350539874938,
        0.0156350539874938,
        0.0
      ],
      [
        0.121390686011859,
        0.07295055323551455,
        2.3278146786159883,
        0.28458254618747736,
        0.28458254618747736,
        0.0
      ],
      [
        0.026016936749567277,
        0.0156350539874938,
        0.28458254618747736,
        1.060992868130484,
        0.0609928681304848,
        0.0
      ],
      [
        0.026016936749567277,
        0.0156350539874938,
        0.28458254618747736,
        0.0609928681304848,
        1.060992868130484,
        0.0
      ],
      [
        0.0,
        0.0,
        0.0,
        0.0,
        0.0,
        1.0
      ]
    ],
    "breakout": [
      [
        1.0,
        0.0,
        0.0,
        0.0,
        0.0,
        0.0
      ],
      [
        0.0,
        1.0,
        0.0,
        0.0,
        0.0,
        0.0
      ],
      [
        0.0,
        0.0,
        1.0,
        0.0,
        0.0,
        0.0
      ],
      [
        0.0,
        0.0,
        0.0,
        1.0,
        0.0,
        0.0
      ],
      [
        0.0,
        0.0,
        0.0,
        0.0,
        1.0,
        0.0
      ],
      [
        0.0,
        0.0,
        0.0,
        0.0,
        0.0,
        1.0
      ]
    ],
    "reversion": [
      [
        1.127984667634446,
        0.008339948637797199,
        0.21495509172807833,
        0.40210744172616353,
        0.40210744172616353,
        0.0
      ],
      [
        0.008339948637797199,
        1.0006669020610302,
        0.016979011810870727,
        0.027902926675366223,
        0.027902926675366223,
        0.0
      ],
      [
        0.21495509172807833,
        0.016979011810870727,
        1.459355009069308,
        0.7199329257504263,
        0.7199329257504263,
        0.0
      ],
      [
        0.40210744172616353,
        0.027902926675366223,
        0.7199329257504263,
        2.2925005462657766,
        1.2925005462657932,
        0.0
      ],
      [
        0.40210744172616353,
        0.027902926675366223,
        0.7199329257504263,
        1.2925005462657932,
        2.2925005462657766,
        0.0
      ],
      [
        0.0,
        0.0,
        0.0,
        0.0,
        0.0,
        1.0
      ]
    ],
    "vwap": [
      [
        1.0,
        0.0,
        0.0,
        0.0,
        0.0,
        0.0
      ],
      [
        0.0,
        1.0,
        0.0,
        0.0,
        0.0,
        0.0
      ],
      [
        0.0,
        0.0,
        1.0,
        0.0,
        0.0,
        0.0
      ],
      [
        0.0,
        0.0,
        0.0,
        1.0,
        0.0,
        0.0
      ],
      [
        0.0,
        0.0,
        0.0,
        0.0,
        1.0,
        0.0
      ],
      [
        0.0,
        0.0,
        0.0,
        0.0,
        0.0,
        1.0
      ]
    ]
  },
  "b": {
    "trend": [
      [
        0.026525020645899903
      ],
      [
        0.01594039043912156
      ],
      [
        0.29014014930912835
      ],
      [
        0.062183995832663576
      ],
      [
        0.062183995832663576
      ],
      [
        0.0
      ]
    ],
    "breakout": [
      [
        0.0
      ],
      [
        0.0
      ],
      [
        0.0
      ],
      [
        0.0
      ],
      [
        0.0
      ],
      [
        0.0
      ]
    ],
    "reversion": [
      [
        -0.0036583675194286802
      ],
      [
        -0.026485825963758022
      ],
      [
        -0.7294979587457039
      ],
      [
        -0.45939092476246096
      ],
      [
        -0.45939092476246096
      ],
      [
        0.0
      ]
    ],
    "vwap": [
      [
        0.0
      ],
      [
        0.0
      ],
      [
        0.0
      ],
      [
        0.0
      ],
      [
        0.0
      ],
      [
        0.0
      ]
    ]
  },
  "counts": {
    "trend": 1,
    "breakout": 0,
    "reversion": 8,
    "vwap": 0
  },
  "reward_sum": {
    "trend": 0.062183995832663576,
    "breakout": 0.0,
    "reversion": -0.45939092476246096,
    "vwap": 0.0
  },
  "disabled_until": {
    "trend": 0.0,
    "breakout": 0.0,
    "reversion": 0.0,
    "vwap": 0.0
  },
  "_snapshot_time": "2025-09-24T06:33:00.577071"
}