{
  "arms": [
    "trend",
    "breakout",
    "reversion",
    "vwap"
  ],
  "d": 6,
  "alpha": 0.6,
  "alpha_base": 0.6,
  "alpha_boost_until": 0.0,
  "A": {
    "trend": [
      [
        1.0132923680936523,
        0.007988138448671538,
        0.145396669614278,
        0.031161995052757605,
        0.031161995052757605,
        0.0
      ],
      [
        0.007988138448671538,
        1.0048005257923633,
        0.08737711133724628,
        0.01872701155011969,
        0.01872701155011969,
        0.0
      ],
      [
        0.145396669614278,
        0.08737711133724628,
        2.590400701062498,
        0.3408610314795354,
        0.3408610314795354,
        0.0
      ],
      [
        0.031161995052757605,
        0.01872701155011969,
        0.3408610314795354,
        1.0730546979158593,
        0.07305469791585968,
        0.0
      ],
      [
        0.031161995052757605,
        0.01872701155011969,
        0.3408610314795354,
        0.07305469791585968,
        1.0730546979158593,
        0.0
      ],
      [
        0.0,
        0.0,
        0.0,
        0.0,
        0.0,
        1.0
      ]
    ],
    "breakout": [
      [
        1.0,
        0.0,
        0.0,
        0.0,
        0.0,
        0.0
      ],
      [
        0.0,
        1.0,
        0.0,
        0.0,
        0.0,
        0.0
      ],
      [
        0.0,
        0.0,
        1.0,
        0.0,
        0.0,
        0.0
      ],
      [
        0.0,
        0.0,
        0.0,
        1.0,
        0.0,
        0.0
      ],
      [
        0.0,
        0.0,
        0.0,
        0.0,
        1.0,
        0.0
      ],
      [
        0.0,
        0.0,
        0.0,
        0.0,
        0.0,
        1.0
      ]
    ],
    "reversion": [
      [
        1.153294664089143,
        0.00998924049717772,
        0.2574641884043802,
        0.48162741949073357,
        0.48162741949073357,
        0.0
      ],
      [
        0.00998924049717772,
        1.000798787302538,
        0.020336747832539002,
        0.033420954641390735,
        0.033420954641390735,
        0.0
      ],
      [
        0.2574641884043802,
        0.020336747832539002,
        1.550196153292923,
        0.8623054468902924,
        0.8623054468902924,
        0.0
      ],
      [
        0.48162741949073357,
        0.033420954641390735,
        0.8623054468902924,
        2.548102915270785,
        1.548102915270802,
        0.0
      ],
      [
        0.48162741949073357,
        0.033420954641390735,
        0.8623054468902924,
        1.548102915270802,
        2.548102915270785,
        0.0
      ],
      [
        0.0,
        0.0,
        0.0,
        0.0,
        0.0,
        1.0
      ]
    ],
    "vwap": [
      [
        1.0,
        0.0,
        0.0,
        0.0,
        0.0,
        0.0
      ],
      [
        0.0,
        1.0,
        0.0,
        0.0,
        0.0,
        0.0
      ],
      [
        0.0,
        0.0,
        1.0,
        0.0,
        0.0,
        0.0
      ],
      [
        0.0,
        0.0,
        0.0,
        1.0,
        0.0,
        0.0
      ],
      [
        0.0,
        0.0,
        0.0,
        0.0,
        1.0,
        0.0
      ],
      [
        0.0,
        0.0,
        0.0,
        0.0,
        0.0,
        1.0
      ]
    ]
  },
  "b": {
    "trend": [
      [
        0.031770556622334634
      ],
      [
        0.01909273073860982
      ],
      [
        0.34751769527701176
      ],
      [
        0.07448138069253642
      ],
      [
        0.07448138069253642
      ],
      [
        0.0
      ]
    ],
    "breakout": [
      [
        0.0
      ],
      [
        0.0
      ],
      [
        0.0
      ],
      [
        0.0
      ],
      [
        0.0
      ],
      [
        0.0
      ]
    ],
    "reversion": [
      [
        -0.0043818390934705935
      ],
      [
        -0.03172361087684752
      ],
      [
        -0.873762042020896
      ],
      [
        -0.550239171603
      ],
      [
        -0.550239171603
      ],
      [
        0.0
      ]
    ],
    "vwap": [
      [
        0.0
      ],
      [
        0.0
      ],
      [
        0.0
      ],
      [
        0.0
      ],
      [
        0.0
      ],
      [
        0.0
      ]
    ]
  },
  "counts": {
    "trend": 1,
    "breakout": 0,
    "reversion": 8,
    "vwap": 0
  },
  "reward_sum": {
    "trend": 0.07448138069253642,
    "breakout": 0.0,
    "reversion": -0.550239171603,
    "vwap": 0.0
  },
  "disabled_until": {
    "trend": 0.0,
    "breakout": 0.0,
    "reversion": 0.0,
    "vwap": 0.0
  },
  "_snapshot_time": "2025-09-24T00:38:00.605389"
}