{
  "arms": [
    "trend",
    "breakout",
    "reversion",
    "vwap"
  ],
  "d": 6,
  "alpha": 0.6,
  "alpha_base": 0.6,
  "alpha_boost_until": 0.0,
  "A": {
    "trend": [
      [
        1.1224553006583968,
        0.07359034060305511,
        1.3394598138498715,
        0.2870783780900194,
        0.2870783780900194,
        0.0
      ],
      [
        0.07359034060305511,
        1.0442246125807269,
        0.8049574285093144,
        0.1725216916689574,
        0.1725216916689574,
        0.0
      ],
      [
        1.3394598138498715,
        0.8049574285093144,
        15.651489835656376,
        3.140165830383084,
        3.140165830383084,
        0.0
      ],
      [
        0.2870783780900194,
        0.1725216916689574,
        3.140165830383084,
        1.673012884895039,
        0.6730128848950395,
        0.0
      ],
      [
        0.2870783780900194,
        0.1725216916689574,
        3.140165830383084,
        0.6730128848950395,
        1.673012884895039,
        0.0
      ],
      [
        0.0,
        0.0,
        0.0,
        0.0,
        0.0,
        1.0
      ]
    ],
    "breakout": [
      [
        1.0,
        0.0,
        0.0,
        0.0,
        0.0,
        0.0
      ],
      [
        0.0,
        1.0,
        0.0,
        0.0,
        0.0,
        0.0
      ],
      [
        0.0,
        0.0,
        1.0,
        0.0,
        0.0,
        0.0
      ],
      [
        0.0,
        0.0,
        0.0,
        1.0,
        0.0,
        0.0
      ],
      [
        0.0,
        0.0,
        0.0,
        0.0,
        1.0,
        0.0
      ],
      [
        0.0,
        0.0,
        0.0,
        0.0,
        0.0,
        1.0
      ]
    ],
    "reversion": [
      [
        1.0995998694649334,
        0.010097429982800466,
        0.2846182736810527,
        0.3423765845004801,
        0.3423765845004801,
        0.0
      ],
      [
        0.010097429982800466,
        1.001095905342244,
        0.02943341979672845,
        0.0343624683526426,
        0.0343624683526426,
        0.0
      ],
      [
        0.2846182736810527,
        0.02943341979672845,
        1.8179687228694132,
        0.9755950576690058,
        0.9755950576690058,
        0.0
      ],
      [
        0.3423765845004801,
        0.0343624683526426,
        0.9755950576690058,
        2.1785998414170136,
        1.1785998414170247,
        0.0
      ],
      [
        0.3423765845004801,
        0.0343624683526426,
        0.9755950576690058,
        1.1785998414170247,
        2.1785998414170136,
        0.0
      ],
      [
        0.0,
        0.0,
        0.0,
        0.0,
        0.0,
        1.0
      ]
    ],
    "vwap": [
      [
        1.0,
        0.0,
        0.0,
        0.0,
        0.0,
        0.0
      ],
      [
        0.0,
        1.0,
        0.0,
        0.0,
        0.0,
        0.0
      ],
      [
        0.0,
        0.0,
        1.0,
        0.0,
        0.0,
        0.0
      ],
      [
        0.0,
        0.0,
        0.0,
        1.0,
        0.0,
        0.0
      ],
      [
        0.0,
        0.0,
        0.0,
        0.0,
        1.0,
        0.0
      ],
      [
        0.0,
        0.0,
        0.0,
        0.0,
        0.0,
        1.0
      ]
    ]
  },
  "b": {
    "trend": [
      [
        0.29268472223025527
      ],
      [
        0.1758908620731756
      ],
      [
        3.2014900249102562
      ],
      [
        0.6861561312399502
      ],
      [
        0.6861561312399502
      ],
      [
        0.0
      ]
    ],
    "breakout": [
      [
        0.0
      ],
      [
        0.0
      ],
      [
        0.0
      ],
      [
        0.0
      ],
      [
        0.0
      ],
      [
        0.0
      ]
    ],
    "reversion": [
      [
        0.1364987793586027
      ],
      [
        0.014851733193855597
      ],
      [
        0.39818328569676764
      ],
      [
        0.46433914135815585
      ],
      [
        0.46433914135815585
      ],
      [
        0.0
      ]
    ],
    "vwap": [
      [
        0.0
      ],
      [
        0.0
      ],
      [
        0.0
      ],
      [
        0.0
      ],
      [
        0.0
      ],
      [
        0.0
      ]
    ]
  },
  "counts": {
    "trend": 1,
    "breakout": 0,
    "reversion": 2,
    "vwap": 0
  },
  "reward_sum": {
    "trend": 0.6861561312399502,
    "breakout": 0.0,
    "reversion": 0.46433914135815585,
    "vwap": 0.0
  },
  "disabled_until": {
    "trend": 0.0,
    "breakout": 0.0,
    "reversion": 0.0,
    "vwap": 0.0
  },
  "_snapshot_time": "2025-09-18T06:22:00.936026"
}