{
  "arms": [
    "trend",
    "breakout",
    "reversion",
    "vwap"
  ],
  "d": 6,
  "alpha": 0.6,
  "alpha_base": 0.6,
  "alpha_boost_until": 0.0,
  "A": {
    "trend": [
      [
        1.055465680642929,
        0.03333247567355308,
        0.6067034245931899,
        0.13003110157763545,
        0.13003110157763545,
        0.0
      ],
      [
        0.03333247567355308,
        1.0200313765494124,
        0.3646025237029366,
        0.07814306937012613,
        0.07814306937012613,
        0.0
      ],
      [
        0.6067034245931899,
        0.3646025237029366,
        7.636338744001648,
        1.42232663002271,
        1.42232663002271,
        0.0
      ],
      [
        0.13003110157763545,
        0.07814306937012613,
        1.42232663002271,
        1.3048387251630729,
        0.30483872516307353,
        0.0
      ],
      [
        0.13003110157763545,
        0.07814306937012613,
        1.42232663002271,
        0.30483872516307353,
        1.3048387251630729,
        0.0
      ],
      [
        0.0,
        0.0,
        0.0,
        0.0,
        0.0,
        1.0
      ]
    ],
    "breakout": [
      [
        1.0,
        0.0,
        0.0,
        0.0,
        0.0,
        0.0
      ],
      [
        0.0,
        1.0,
        0.0,
        0.0,
        0.0,
        0.0
      ],
      [
        0.0,
        0.0,
        1.0,
        0.0,
        0.0,
        0.0
      ],
      [
        0.0,
        0.0,
        0.0,
        1.0,
        0.0,
        0.0
      ],
      [
        0.0,
        0.0,
        0.0,
        0.0,
        1.0,
        0.0
      ],
      [
        0.0,
        0.0,
        0.0,
        0.0,
        0.0,
        1.0
      ]
    ],
    "reversion": [
      [
        1.4754016136459853,
        0.03359599790270741,
        0.8500271787007444,
        1.5445208229028529,
        1.5445208229028529,
        0.0
      ],
      [
        0.03359599790270741,
        1.0029350280809244,
        0.0738173345972481,
        0.1165555508430016,
        0.1165555508430016,
        0.0
      ],
      [
        0.8500271787007444,
        0.0738173345972481,
        2.9895245894600655,
        2.962935970677129,
        2.962935970677129,
        0.0
      ],
      [
        1.5445208229028529,
        0.1165555508430016,
        2.962935970677129,
        6.14240168069216,
        5.142401680692169,
        0.0
      ],
      [
        1.5445208229028529,
        0.1165555508430016,
        2.962935970677129,
        5.142401680692169,
        6.14240168069216,
        0.0
      ],
      [
        0.0,
        0.0,
        0.0,
        0.0,
        0.0,
        1.0
      ]
    ],
    "vwap": [
      [
        1.0,
        0.0,
        0.0,
        0.0,
        0.0,
        0.0
      ],
      [
        0.0,
        1.0,
        0.0,
        0.0,
        0.0,
        0.0
      ],
      [
        0.0,
        0.0,
        1.0,
        0.0,
        0.0,
        0.0
      ],
      [
        0.0,
        0.0,
        0.0,
        1.0,
        0.0,
        0.0
      ],
      [
        0.0,
        0.0,
        0.0,
        0.0,
        1.0,
        0.0
      ],
      [
        0.0,
        0.0,
        0.0,
        0.0,
        0.0,
        1.0
      ]
    ]
  },
  "b": {
    "trend": [
      [
        0.13257047465487082
      ],
      [
        0.07966912278445157
      ],
      [
        1.4501031996856082
      ],
      [
        0.3107919105332345
      ],
      [
        0.3107919105332345
      ],
      [
        0.0
      ]
    ],
    "breakout": [
      [
        0.0
      ],
      [
        0.0
      ],
      [
        0.0
      ],
      [
        0.0
      ],
      [
        0.0
      ],
      [
        0.0
      ]
    ],
    "reversion": [
      [
        -0.4908753057066378
      ],
      [
        -0.15564064241484096
      ],
      [
        -4.291342303490629
      ],
      [
        -3.6344126695542074
      ],
      [
        -3.6344126695542074
      ],
      [
        0.0
      ]
    ],
    "vwap": [
      [
        0.0
      ],
      [
        0.0
      ],
      [
        0.0
      ],
      [
        0.0
      ],
      [
        0.0
      ],
      [
        0.0
      ]
    ]
  },
  "counts": {
    "trend": 1,
    "breakout": 0,
    "reversion": 7,
    "vwap": 0
  },
  "reward_sum": {
    "trend": 0.3107919105332345,
    "breakout": 0.0,
    "reversion": -3.6344126695542074,
    "vwap": 0.0
  },
  "disabled_until": {
    "trend": 0.0,
    "breakout": 0.0,
    "reversion": 0.0,
    "vwap": 0.0
  },
  "_snapshot_time": "2025-09-19T10:54:00.065572"
}