{
  "arms": [
    "trend",
    "breakout",
    "reversion",
    "vwap"
  ],
  "d": 6,
  "alpha": 0.6,
  "alpha_base": 0.6,
  "alpha_boost_until": 0.0,
  "A": {
    "trend": [
      [
        1.0040928547704024,
        0.002459628737778504,
        0.04476910725302202,
        0.0095950939071444,
        0.0095950939071444,
        0.0
      ],
      [
        0.002459628737778504,
        1.001478130514537,
        0.026904297597008214,
        0.005766236536504269,
        0.005766236536504269,
        0.0
      ],
      [
        0.04476910725302202,
        0.026904297597008214,
        1.4897004845436697,
        0.10495456407059599,
        0.10495456407059599,
        0.0
      ],
      [
        0.0095950939071444,
        0.005766236536504269,
        0.10495456407059599,
        1.0224942814371785,
        0.022494281437179946,
        0.0
      ],
      [
        0.0095950939071444,
        0.005766236536504269,
        0.10495456407059599,
        0.022494281437179946,
        1.0224942814371785,
        0.0
      ],
      [
        0.0,
        0.0,
        0.0,
        0.0,
        0.0,
        1.0
      ]
    ],
    "breakout": [
      [
        1.0,
        0.0,
        0.0,
        0.0,
        0.0,
        0.0
      ],
      [
        0.0,
        1.0,
        0.0,
        0.0,
        0.0,
        0.0
      ],
      [
        0.0,
        0.0,
        1.0,
        0.0,
        0.0,
        0.0
      ],
      [
        0.0,
        0.0,
        0.0,
        1.0,
        0.0,
        0.0
      ],
      [
        0.0,
        0.0,
        0.0,
        0.0,
        1.0,
        0.0
      ],
      [
        0.0,
        0.0,
        0.0,
        0.0,
        0.0,
        1.0
      ]
    ],
    "reversion": [
      [
        1.109278613500531,
        0.010150214314984847,
        0.41172909144395176,
        0.35116611956781907,
        0.35116611956781907,
        0.0
      ],
      [
        0.010150214314984847,
        1.0010521629927975,
        0.04414857930231234,
        0.03340969813281178,
        0.03340969813281178,
        0.0
      ],
      [
        0.41172909144395176,
        0.04414857930231234,
        2.949845618373225,
        1.3519615434090146,
        1.3519615434090146,
        0.0
      ],
      [
        0.35116611956781907,
        0.03340969813281178,
        1.3519615434090146,
        2.1396446513383163,
        1.139644651338332,
        0.0
      ],
      [
        0.35116611956781907,
        0.03340969813281178,
        1.3519615434090146,
        1.139644651338332,
        2.1396446513383163,
        0.0
      ],
      [
        0.0,
        0.0,
        0.0,
        0.0,
        0.0,
        1.0
      ]
    ],
    "vwap": [
      [
        1.0,
        0.0,
        0.0,
        0.0,
        0.0,
        0.0
      ],
      [
        0.0,
        1.0,
        0.0,
        0.0,
        0.0,
        0.0
      ],
      [
        0.0,
        0.0,
        1.0,
        0.0,
        0.0,
        0.0
      ],
      [
        0.0,
        0.0,
        0.0,
        1.0,
        0.0,
        0.0
      ],
      [
        0.0,
        0.0,
        0.0,
        0.0,
        1.0,
        0.0
      ],
      [
        0.0,
        0.0,
        0.0,
        0.0,
        0.0,
        1.0
      ]
    ]
  },
  "b": {
    "trend": [
      [
        0.009782476178352801
      ],
      [
        0.0058788451788991634
      ],
      [
        0.10700421827716847
      ],
      [
        0.02293357151455606
      ],
      [
        0.02293357151455606
      ],
      [
        0.0
      ]
    ],
    "breakout": [
      [
        0.0
      ],
      [
        0.0
      ],
      [
        0.0
      ],
      [
        0.0
      ],
      [
        0.0
      ],
      [
        0.0
      ]
    ],
    "reversion": [
      [
        -0.23096559571119477
      ],
      [
        -0.03593532178388951
      ],
      [
        -1.4987377485940665
      ],
      [
        -0.9198048272490227
      ],
      [
        -0.9198048272490227
      ],
      [
        0.0
      ]
    ],
    "vwap": [
      [
        0.0
      ],
      [
        0.0
      ],
      [
        0.0
      ],
      [
        0.0
      ],
      [
        0.0
      ],
      [
        0.0
      ]
    ]
  },
  "counts": {
    "trend": 1,
    "breakout": 0,
    "reversion": 9,
    "vwap": 0
  },
  "reward_sum": {
    "trend": 0.02293357151455606,
    "breakout": 0.0,
    "reversion": -0.9198048272490227,
    "vwap": 0.0
  },
  "disabled_until": {
    "trend": 0.0,
    "breakout": 0.0,
    "reversion": 0.0,
    "vwap": 0.0
  },
  "_snapshot_time": "2025-09-26T01:38:00.239562"
}