{
  "arms": [
    "trend",
    "breakout",
    "reversion",
    "vwap"
  ],
  "d": 6,
  "alpha": 0.6,
  "alpha_base": 0.6,
  "alpha_boost_until": 0.0,
  "A": {
    "trend": [
      [
        1.007506432165766,
        0.004511041145808651,
        0.08210803597208963,
        0.01759772226930458,
        0.01759772226930458,
        0.0
      ],
      [
        0.004511041145808651,
        1.0027109406665913,
        0.049343379183640984,
        0.010575470140314465,
        0.010575470140314465,
        0.0
      ],
      [
        0.08210803597208963,
        0.049343379183640984,
        1.8981270225741915,
        0.19249017125669338,
        0.19249017125669338,
        0.0
      ],
      [
        0.01759772226930458,
        0.010575470140314465,
        0.19249017125669338,
        1.0412552624507736,
        0.04125526245077418,
        0.0
      ],
      [
        0.01759772226930458,
        0.010575470140314465,
        0.19249017125669338,
        0.04125526245077418,
        1.0412552624507736,
        0.0
      ],
      [
        0.0,
        0.0,
        0.0,
        0.0,
        0.0,
        1.0
      ]
    ],
    "breakout": [
      [
        1.0,
        0.0,
        0.0,
        0.0,
        0.0,
        0.0
      ],
      [
        0.0,
        1.0,
        0.0,
        0.0,
        0.0,
        0.0
      ],
      [
        0.0,
        0.0,
        1.0,
        0.0,
        0.0,
        0.0
      ],
      [
        0.0,
        0.0,
        0.0,
        1.0,
        0.0,
        0.0
      ],
      [
        0.0,
        0.0,
        0.0,
        0.0,
        1.0,
        0.0
      ],
      [
        0.0,
        0.0,
        0.0,
        0.0,
        0.0,
        1.0
      ]
    ],
    "reversion": [
      [
        1.0865681712432078,
        0.005641098384522962,
        0.14539451900180086,
        0.27198340642601926,
        0.27198340642601926,
        0.0
      ],
      [
        0.005641098384522962,
        1.000451089125665,
        0.011484516303016137,
        0.018873396159600982,
        0.018873396159600982,
        0.0
      ],
      [
        0.14539451900180086,
        0.011484516303016137,
        1.3107053666781132,
        0.48695892993992007,
        0.48695892993992007,
        0.0
      ],
      [
        0.27198340642601926,
        0.018873396159600982,
        0.48695892993992007,
        1.8742407249957185,
        0.8742407249957347,
        0.0
      ],
      [
        0.27198340642601926,
        0.018873396159600982,
        0.48695892993992007,
        0.8742407249957347,
        1.8742407249957185,
        0.0
      ],
      [
        0.0,
        0.0,
        0.0,
        0.0,
        0.0,
        1.0
      ]
    ],
    "vwap": [
      [
        1.0,
        0.0,
        0.0,
        0.0,
        0.0,
        0.0
      ],
      [
        0.0,
        1.0,
        0.0,
        0.0,
        0.0,
        0.0
      ],
      [
        0.0,
        0.0,
        1.0,
        0.0,
        0.0,
        0.0
      ],
      [
        0.0,
        0.0,
        0.0,
        1.0,
        0.0,
        0.0
      ],
      [
        0.0,
        0.0,
        0.0,
        0.0,
        1.0,
        0.0
      ],
      [
        0.0,
        0.0,
        0.0,
        0.0,
        0.0,
        1.0
      ]
    ]
  },
  "b": {
    "trend": [
      [
        0.017941387604821682
      ],
      [
        0.010781998146519103
      ],
      [
        0.19624930543760186
      ],
      [
        0.04206093510516783
      ],
      [
        0.04206093510516783
      ],
      [
        0.0
      ]
    ],
    "breakout": [
      [
        0.0
      ],
      [
        0.0
      ],
      [
        0.0
      ],
      [
        0.0
      ],
      [
        0.0
      ],
      [
        0.0
      ]
    ],
    "reversion": [
      [
        -0.0024745009831728688
      ],
      [
        -0.017914876523313285
      ],
      [
        -0.4934286690859179
      ],
      [
        -0.3107296598683257
      ],
      [
        -0.3107296598683257
      ],
      [
        0.0
      ]
    ],
    "vwap": [
      [
        0.0
      ],
      [
        0.0
      ],
      [
        0.0
      ],
      [
        0.0
      ],
      [
        0.0
      ],
      [
        0.0
      ]
    ]
  },
  "counts": {
    "trend": 1,
    "breakout": 0,
    "reversion": 8,
    "vwap": 0
  },
  "reward_sum": {
    "trend": 0.04206093510516783,
    "breakout": 0.0,
    "reversion": -0.3107296598683257,
    "vwap": 0.0
  },
  "disabled_until": {
    "trend": 0.0,
    "breakout": 0.0,
    "reversion": 0.0,
    "vwap": 0.0
  },
  "_snapshot_time": "2025-09-24T20:21:00.968181"
}