{
  "arms": [
    "trend",
    "breakout",
    "reversion",
    "vwap"
  ],
  "d": 6,
  "alpha": 0.6,
  "alpha_base": 0.6,
  "alpha_boost_until": 0.0,
  "A": {
    "trend": [
      [
        1.0524902008989057,
        0.03154434101018713,
        0.5741565644522652,
        0.1230555284961823,
        0.1230555284961823,
        0.0
      ],
      [
        0.03154434101018713,
        1.018956784937504,
        0.3450432681178135,
        0.07395105157909844,
        0.07395105157909844,
        0.0
      ],
      [
        0.5741565644522652,
        0.3450432681178135,
        7.28032956357935,
        1.346025320312612,
        1.346025320312612,
        0.0
      ],
      [
        0.1230555284961823,
        0.07395105157909844,
        1.346025320312612,
        1.2884855236625654,
        0.2884855236625661,
        0.0
      ],
      [
        0.1230555284961823,
        0.07395105157909844,
        1.346025320312612,
        0.2884855236625661,
        1.2884855236625654,
        0.0
      ],
      [
        0.0,
        0.0,
        0.0,
        0.0,
        0.0,
        1.0
      ]
    ],
    "breakout": [
      [
        1.0,
        0.0,
        0.0,
        0.0,
        0.0,
        0.0
      ],
      [
        0.0,
        1.0,
        0.0,
        0.0,
        0.0,
        0.0
      ],
      [
        0.0,
        0.0,
        1.0,
        0.0,
        0.0,
        0.0
      ],
      [
        0.0,
        0.0,
        0.0,
        1.0,
        0.0,
        0.0
      ],
      [
        0.0,
        0.0,
        0.0,
        0.0,
        1.0,
        0.0
      ],
      [
        0.0,
        0.0,
        0.0,
        0.0,
        0.0,
        1.0
      ]
    ],
    "reversion": [
      [
        1.4498984943245792,
        0.031793726478629984,
        0.8044271135293493,
        1.4616643543713428,
        1.4616643543713428,
        0.0
      ],
      [
        0.031793726478629984,
        1.0027775772662642,
        0.06985737266572703,
        0.11030287934295317,
        0.11030287934295317,
        0.0
      ],
      [
        0.8044271135293493,
        0.06985737266572703,
        2.882795706886992,
        2.803988025544291,
        2.803988025544291,
        0.0
      ],
      [
        1.4616643543713428,
        0.11030287934295317,
        2.803988025544291,
        5.866535381763372,
        4.866535381763381,
        0.0
      ],
      [
        1.4616643543713428,
        0.11030287934295317,
        2.803988025544291,
        4.866535381763381,
        5.866535381763372,
        0.0
      ],
      [
        0.0,
        0.0,
        0.0,
        0.0,
        0.0,
        1.0
      ]
    ],
    "vwap": [
      [
        1.0,
        0.0,
        0.0,
        0.0,
        0.0,
        0.0
      ],
      [
        0.0,
        1.0,
        0.0,
        0.0,
        0.0,
        0.0
      ],
      [
        0.0,
        0.0,
        1.0,
        0.0,
        0.0,
        0.0
      ],
      [
        0.0,
        0.0,
        0.0,
        1.0,
        0.0,
        0.0
      ],
      [
        0.0,
        0.0,
        0.0,
        0.0,
        1.0,
        0.0
      ],
      [
        0.0,
        0.0,
        0.0,
        0.0,
        0.0,
        1.0
      ]
    ]
  },
  "b": {
    "trend": [
      [
        0.12545867583767897
      ],
      [
        0.07539523921678525
      ],
      [
        1.3723118042246034
      ],
      [
        0.29411934790209626
      ],
      [
        0.29411934790209626
      ],
      [
        0.0
      ]
    ],
    "breakout": [
      [
        0.0
      ],
      [
        0.0
      ],
      [
        0.0
      ],
      [
        0.0
      ],
      [
        0.0
      ],
      [
        0.0
      ]
    ],
    "reversion": [
      [
        -0.4645420936728006
      ],
      [
        -0.14729123475439115
      ],
      [
        -4.061131442455527
      ],
      [
        -3.4394430747646263
      ],
      [
        -3.4394430747646263
      ],
      [
        0.0
      ]
    ],
    "vwap": [
      [
        0.0
      ],
      [
        0.0
      ],
      [
        0.0
      ],
      [
        0.0
      ],
      [
        0.0
      ],
      [
        0.0
      ]
    ]
  },
  "counts": {
    "trend": 1,
    "breakout": 0,
    "reversion": 7,
    "vwap": 0
  },
  "reward_sum": {
    "trend": 0.29411934790209626,
    "breakout": 0.0,
    "reversion": -3.4394430747646263,
    "vwap": 0.0
  },
  "disabled_until": {
    "trend": 0.0,
    "breakout": 0.0,
    "reversion": 0.0,
    "vwap": 0.0
  },
  "_snapshot_time": "2025-09-19T12:38:00.572105"
}