{
  "arms": [
    "trend",
    "breakout",
    "reversion",
    "vwap"
  ],
  "d": 6,
  "alpha": 0.6,
  "alpha_base": 0.6,
  "alpha_boost_until": 0.0,
  "A": {
    "trend": [
      [
        1.026547107984825,
        0.015953663974736805,
        0.2903817485108532,
        0.06223577633870168,
        0.06223577633870168,
        0.0
      ],
      [
        0.015953663974736805,
        1.009587462196043,
        0.17450687445075766,
        0.03740101044083811,
        0.03740101044083811,
        0.0
      ],
      [
        0.2903817485108532,
        0.17450687445075766,
        4.1762992758540305,
        0.6807571492718743,
        0.6807571492718743,
        0.0
      ],
      [
        0.06223577633870168,
        0.03740101044083811,
        0.6807571492718743,
        1.1459025916757075,
        0.14590259167570602,
        0.0
      ],
      [
        0.06223577633870168,
        0.03740101044083811,
        0.6807571492718743,
        0.14590259167570602,
        1.1459025916757075,
        0.0
      ],
      [
        0.0,
        0.0,
        0.0,
        0.0,
        0.0,
        1.0
      ]
    ],
    "breakout": [
      [
        1.0,
        0.0,
        0.0,
        0.0,
        0.0,
        0.0
      ],
      [
        0.0,
        1.0,
        0.0,
        0.0,
        0.0,
        0.0
      ],
      [
        0.0,
        0.0,
        1.0,
        0.0,
        0.0,
        0.0
      ],
      [
        0.0,
        0.0,
        0.0,
        1.0,
        0.0,
        0.0
      ],
      [
        0.0,
        0.0,
        0.0,
        0.0,
        1.0,
        0.0
      ],
      [
        0.0,
        0.0,
        0.0,
        0.0,
        0.0,
        1.0
      ]
    ],
    "reversion": [
      [
        1.3061553797186671,
        0.01995020332694773,
        0.5141995439519338,
        0.9618914420358605,
        0.9618914420358605,
        0.0
      ],
      [
        0.01995020332694773,
        1.0015953133879507,
        0.040615926143999274,
        0.06674730082480468,
        0.06674730082480468,
        0.0
      ],
      [
        0.5141995439519338,
        0.040615926143999274,
        2.09883480440776,
        1.7221698686958546,
        1.7221698686958546,
        0.0
      ],
      [
        0.9618914420358605,
        0.06674730082480468,
        1.7221698686958546,
        4.091823441373637,
        3.091823441373652,
        0.0
      ],
      [
        0.9618914420358605,
        0.06674730082480468,
        1.7221698686958546,
        3.091823441373652,
        4.091823441373637,
        0.0
      ],
      [
        0.0,
        0.0,
        0.0,
        0.0,
        0.0,
        1.0
      ]
    ],
    "vwap": [
      [
        1.0,
        0.0,
        0.0,
        0.0,
        0.0,
        0.0
      ],
      [
        0.0,
        1.0,
        0.0,
        0.0,
        0.0,
        0.0
      ],
      [
        0.0,
        0.0,
        1.0,
        0.0,
        0.0,
        0.0
      ],
      [
        0.0,
        0.0,
        0.0,
        1.0,
        0.0,
        0.0
      ],
      [
        0.0,
        0.0,
        0.0,
        0.0,
        1.0,
        0.0
      ],
      [
        0.0,
        0.0,
        0.0,
        0.0,
        0.0,
        1.0
      ]
    ]
  },
  "b": {
    "trend": [
      [
        0.06345117675412452
      ],
      [
        0.038131413535348234
      ],
      [
        0.6940516330993793
      ],
      [
        0.14875191855754405
      ],
      [
        0.14875191855754405
      ],
      [
        0.0
      ]
    ],
    "breakout": [
      [
        0.0
      ],
      [
        0.0
      ],
      [
        0.0
      ],
      [
        0.0
      ],
      [
        0.0
      ],
      [
        0.0
      ]
    ],
    "reversion": [
      [
        -0.008751274021824303
      ],
      [
        -0.06335741815775602
      ],
      [
        -1.745050627483736
      ],
      [
        -1.098920719251139
      ],
      [
        -1.098920719251139
      ],
      [
        0.0
      ]
    ],
    "vwap": [
      [
        0.0
      ],
      [
        0.0
      ],
      [
        0.0
      ],
      [
        0.0
      ],
      [
        0.0
      ],
      [
        0.0
      ]
    ]
  },
  "counts": {
    "trend": 1,
    "breakout": 0,
    "reversion": 8,
    "vwap": 0
  },
  "reward_sum": {
    "trend": 0.14875191855754405,
    "breakout": 0.0,
    "reversion": -1.098920719251139,
    "vwap": 0.0
  },
  "disabled_until": {
    "trend": 0.0,
    "breakout": 0.0,
    "reversion": 0.0,
    "vwap": 0.0
  },
  "_snapshot_time": "2025-09-22T18:56:00.764128"
}