{
  "arms": [
    "trend",
    "breakout",
    "reversion",
    "vwap"
  ],
  "d": 6,
  "alpha": 0.6,
  "alpha_base": 0.6,
  "alpha_boost_until": 0.0,
  "A": {
    "trend": [
      [
        1.0911044001411287,
        0.05474980503723042,
        0.9965324669314118,
        0.21358081919490893,
        0.21358081919490893,
        0.0
      ],
      [
        0.05474980503723042,
        1.0329022653897222,
        0.5988729215410868,
        0.12835283688273164,
        0.12835283688273164,
        0.0
      ],
      [
        0.9965324669314118,
        0.5988729215410868,
        11.90042803761463,
        2.336223281332511,
        2.336223281332511,
        0.0
      ],
      [
        0.21358081919490893,
        0.12835283688273164,
        2.336223281332511,
        1.5007087062458524,
        0.500708706245853,
        0.0
      ],
      [
        0.21358081919490893,
        0.12835283688273164,
        2.336223281332511,
        0.500708706245853,
        1.5007087062458524,
        0.0
      ],
      [
        0.0,
        0.0,
        0.0,
        0.0,
        0.0,
        1.0
      ]
    ],
    "breakout": [
      [
        1.0,
        0.0,
        0.0,
        0.0,
        0.0,
        0.0
      ],
      [
        0.0,
        1.0,
        0.0,
        0.0,
        0.0,
        0.0
      ],
      [
        0.0,
        0.0,
        1.0,
        0.0,
        0.0,
        0.0
      ],
      [
        0.0,
        0.0,
        0.0,
        1.0,
        0.0,
        0.0
      ],
      [
        0.0,
        0.0,
        0.0,
        0.0,
        1.0,
        0.0
      ],
      [
        0.0,
        0.0,
        0.0,
        0.0,
        0.0,
        1.0
      ]
    ],
    "reversion": [
      [
        1.0741003967402802,
        0.0075122946626565755,
        0.21175054859609935,
        0.25472162646759006,
        0.25472162646759006,
        0.0
      ],
      [
        0.0075122946626565755,
        1.0008153326012001,
        0.021897901032176224,
        0.025565018825678302,
        0.025565018825678302,
        0.0
      ],
      [
        0.21175054859609935,
        0.021897901032176224,
        1.608553075534937,
        0.7258240519741003,
        0.7258240519741003,
        0.0
      ],
      [
        0.25472162646759006,
        0.025565018825678302,
        0.7258240519741003,
        1.8768557259784329,
        0.8768557259784432,
        0.0
      ],
      [
        0.25472162646759006,
        0.025565018825678302,
        0.7258240519741003,
        0.8768557259784432,
        1.8768557259784329,
        0.0
      ],
      [
        0.0,
        0.0,
        0.0,
        0.0,
        0.0,
        1.0
      ]
    ],
    "vwap": [
      [
        1.0,
        0.0,
        0.0,
        0.0,
        0.0,
        0.0
      ],
      [
        0.0,
        1.0,
        0.0,
        0.0,
        0.0,
        0.0
      ],
      [
        0.0,
        0.0,
        1.0,
        0.0,
        0.0,
        0.0
      ],
      [
        0.0,
        0.0,
        0.0,
        1.0,
        0.0,
        0.0
      ],
      [
        0.0,
        0.0,
        0.0,
        0.0,
        1.0,
        0.0
      ],
      [
        0.0,
        0.0,
        0.0,
        0.0,
        0.0,
        1.0
      ]
    ]
  },
  "b": {
    "trend": [
      [
        0.21775183194106804
      ],
      [
        0.13085943518430956
      ],
      [
        2.3818473084387053
      ],
      [
        0.510487029991107
      ],
      [
        0.510487029991107
      ],
      [
        0.0
      ]
    ],
    "breakout": [
      [
        0.0
      ],
      [
        0.0
      ],
      [
        0.0
      ],
      [
        0.0
      ],
      [
        0.0
      ],
      [
        0.0
      ]
    ],
    "reversion": [
      [
        0.10155247953008081
      ],
      [
        0.011049405263858779
      ],
      [
        0.29624074412935647
      ],
      [
        0.34545943465110956
      ],
      [
        0.34545943465110956
      ],
      [
        0.0
      ]
    ],
    "vwap": [
      [
        0.0
      ],
      [
        0.0
      ],
      [
        0.0
      ],
      [
        0.0
      ],
      [
        0.0
      ],
      [
        0.0
      ]
    ]
  },
  "counts": {
    "trend": 1,
    "breakout": 0,
    "reversion": 2,
    "vwap": 0
  },
  "reward_sum": {
    "trend": 0.510487029991107,
    "breakout": 0.0,
    "reversion": 0.34545943465110956,
    "vwap": 0.0
  },
  "disabled_until": {
    "trend": 0.0,
    "breakout": 0.0,
    "reversion": 0.0,
    "vwap": 0.0
  },
  "_snapshot_time": "2025-09-18T17:49:00.279408"
}