{
  "arms": [
    "trend",
    "breakout",
    "reversion",
    "vwap"
  ],
  "d": 6,
  "alpha": 0.6,
  "alpha_base": 0.6,
  "alpha_boost_until": 0.0,
  "A": {
    "trend": [
      [
        1.0039517357852161,
        0.0023748223298110964,
        0.043225497392020994,
        0.009264261275423805,
        0.009264261275423805,
        0.0
      ],
      [
        0.0023748223298110964,
        1.0014271655304645,
        0.025976654817818228,
        0.005567420430382082,
        0.005567420430382082,
        0.0
      ],
      [
        0.043225497392020994,
        0.025976654817818228,
        1.472815928579521,
        0.10133579858704929,
        0.10133579858704929,
        0.0
      ],
      [
        0.009264261275423805,
        0.005567420430382082,
        0.10133579858704929,
        1.0217186931627391,
        0.02171869316274056,
        0.0
      ],
      [
        0.009264261275423805,
        0.005567420430382082,
        0.10133579858704929,
        0.02171869316274056,
        1.0217186931627391,
        0.0
      ],
      [
        0.0,
        0.0,
        0.0,
        0.0,
        0.0,
        1.0
      ]
    ],
    "breakout": [
      [
        1.0,
        0.0,
        0.0,
        0.0,
        0.0,
        0.0
      ],
      [
        0.0,
        1.0,
        0.0,
        0.0,
        0.0,
        0.0
      ],
      [
        0.0,
        0.0,
        1.0,
        0.0,
        0.0,
        0.0
      ],
      [
        0.0,
        0.0,
        0.0,
        1.0,
        0.0,
        0.0
      ],
      [
        0.0,
        0.0,
        0.0,
        0.0,
        1.0,
        0.0
      ],
      [
        0.0,
        0.0,
        0.0,
        0.0,
        0.0,
        1.0
      ]
    ],
    "reversion": [
      [
        1.1055107575894763,
        0.009800241490659056,
        0.39753293868124556,
        0.33905813890269737,
        0.33905813890269737,
        0.0
      ],
      [
        0.009800241490659056,
        1.0010158850933548,
        0.042626364843688425,
        0.032257753350902044,
        0.032257753350902044,
        0.0
      ],
      [
        0.39753293868124556,
        0.042626364843688425,
        2.882616202630354,
        1.3053467838538202,
        1.3053467838538202,
        0.0
      ],
      [
        0.33905813890269737,
        0.032257753350902044,
        1.3053467838538202,
        2.1003504408931395,
        1.1003504408931555,
        0.0
      ],
      [
        0.33905813890269737,
        0.032257753350902044,
        1.3053467838538202,
        1.1003504408931555,
        2.1003504408931395,
        0.0
      ],
      [
        0.0,
        0.0,
        0.0,
        0.0,
        0.0,
        1.0
      ]
    ],
    "vwap": [
      [
        1.0,
        0.0,
        0.0,
        0.0,
        0.0,
        0.0
      ],
      [
        0.0,
        1.0,
        0.0,
        0.0,
        0.0,
        0.0
      ],
      [
        0.0,
        0.0,
        1.0,
        0.0,
        0.0,
        0.0
      ],
      [
        0.0,
        0.0,
        0.0,
        1.0,
        0.0,
        0.0
      ],
      [
        0.0,
        0.0,
        0.0,
        0.0,
        1.0,
        0.0
      ],
      [
        0.0,
        0.0,
        0.0,
        0.0,
        0.0,
        1.0
      ]
    ]
  },
  "b": {
    "trend": [
      [
        0.009445182727121566
      ],
      [
        0.005676146399623537
      ],
      [
        0.10331478204231494
      ],
      [
        0.022142836802385733
      ],
      [
        0.022142836802385733
      ],
      [
        0.0
      ]
    ],
    "breakout": [
      [
        0.0
      ],
      [
        0.0
      ],
      [
        0.0
      ],
      [
        0.0
      ],
      [
        0.0
      ],
      [
        0.0
      ]
    ],
    "reversion": [
      [
        -0.2230020513618106
      ],
      [
        -0.03469629513208795
      ],
      [
        -1.4470622404203333
      ],
      [
        -0.8880905517439623
      ],
      [
        -0.8880905517439623
      ],
      [
        0.0
      ]
    ],
    "vwap": [
      [
        0.0
      ],
      [
        0.0
      ],
      [
        0.0
      ],
      [
        0.0
      ],
      [
        0.0
      ],
      [
        0.0
      ]
    ]
  },
  "counts": {
    "trend": 1,
    "breakout": 0,
    "reversion": 9,
    "vwap": 0
  },
  "reward_sum": {
    "trend": 0.022142836802385733,
    "breakout": 0.0,
    "reversion": -0.8880905517439623,
    "vwap": 0.0
  },
  "disabled_until": {
    "trend": 0.0,
    "breakout": 0.0,
    "reversion": 0.0,
    "vwap": 0.0
  },
  "_snapshot_time": "2025-09-26T02:46:00.871694"
}