{
  "arms": [
    "trend",
    "breakout",
    "reversion",
    "vwap"
  ],
  "d": 6,
  "alpha": 0.6,
  "alpha_base": 0.6,
  "alpha_boost_until": 0.0,
  "A": {
    "trend": [
      [
        1.022163999068603,
        0.013319605046206672,
        0.24243773774577607,
        0.05196022442795849,
        0.05196022442795849,
        0.0
      ],
      [
        0.013319605046206672,
        1.0080045066794039,
        0.14569459712908436,
        0.031225848067872087,
        0.031225848067872087,
        0.0
      ],
      [
        0.24243773774577607,
        0.14569459712908436,
        3.6518705627699446,
        0.5683594925304621,
        0.5683594925304621,
        0.0
      ],
      [
        0.05196022442795849,
        0.031225848067872087,
        0.5683594925304621,
        1.1218130768841421,
        0.12181307688414106,
        0.0
      ],
      [
        0.05196022442795849,
        0.031225848067872087,
        0.5683594925304621,
        0.12181307688414106,
        1.1218130768841421,
        0.0
      ],
      [
        0.0,
        0.0,
        0.0,
        0.0,
        0.0,
        1.0
      ]
    ],
    "breakout": [
      [
        1.0,
        0.0,
        0.0,
        0.0,
        0.0,
        0.0
      ],
      [
        0.0,
        1.0,
        0.0,
        0.0,
        0.0,
        0.0
      ],
      [
        0.0,
        0.0,
        1.0,
        0.0,
        0.0,
        0.0
      ],
      [
        0.0,
        0.0,
        0.0,
        1.0,
        0.0,
        0.0
      ],
      [
        0.0,
        0.0,
        0.0,
        0.0,
        1.0,
        0.0
      ],
      [
        0.0,
        0.0,
        0.0,
        0.0,
        0.0,
        1.0
      ]
    ],
    "reversion": [
      [
        1.2556070346649855,
        0.016656288444287994,
        0.4293016858838747,
        0.8030765926580965,
        0.8030765926580965,
        0.0
      ],
      [
        0.016656288444287994,
        1.0013319162473313,
        0.03390995922194703,
        0.05572686539559703,
        0.05572686539559703,
        0.0
      ],
      [
        0.4293016858838747,
        0.03390995922194703,
        1.9174096702120464,
        1.437827856336357,
        1.437827856336357,
        0.0
      ],
      [
        0.8030765926580965,
        0.05572686539559703,
        1.437827856336357,
        3.581342265758718,
        2.5813422657587335,
        0.0
      ],
      [
        0.8030765926580965,
        0.05572686539559703,
        1.437827856336357,
        2.5813422657587335,
        3.581342265758718,
        0.0
      ],
      [
        0.0,
        0.0,
        0.0,
        0.0,
        0.0,
        1.0
      ]
    ],
    "vwap": [
      [
        1.0,
        0.0,
        0.0,
        0.0,
        0.0,
        0.0
      ],
      [
        0.0,
        1.0,
        0.0,
        0.0,
        0.0,
        0.0
      ],
      [
        0.0,
        0.0,
        1.0,
        0.0,
        0.0,
        0.0
      ],
      [
        0.0,
        0.0,
        0.0,
        1.0,
        0.0,
        0.0
      ],
      [
        0.0,
        0.0,
        0.0,
        0.0,
        1.0,
        0.0
      ],
      [
        0.0,
        0.0,
        0.0,
        0.0,
        0.0,
        1.0
      ]
    ]
  },
  "b": {
    "trend": [
      [
        0.05297495393035135
      ],
      [
        0.03183565662086704
      ],
      [
        0.5794589662410754
      ],
      [
        0.1241919604292452
      ],
      [
        0.1241919604292452
      ],
      [
        0.0
      ]
    ],
    "breakout": [
      [
        0.0
      ],
      [
        0.0
      ],
      [
        0.0
      ],
      [
        0.0
      ],
      [
        0.0
      ],
      [
        0.0
      ]
    ],
    "reversion": [
      [
        -0.0073063788861549815
      ],
      [
        -0.05289667551886589
      ],
      [
        -1.4569308455114267
      ],
      [
        -0.9174813999277562
      ],
      [
        -0.9174813999277562
      ],
      [
        0.0
      ]
    ],
    "vwap": [
      [
        0.0
      ],
      [
        0.0
      ],
      [
        0.0
      ],
      [
        0.0
      ],
      [
        0.0
      ],
      [
        0.0
      ]
    ]
  },
  "counts": {
    "trend": 1,
    "breakout": 0,
    "reversion": 8,
    "vwap": 0
  },
  "reward_sum": {
    "trend": 0.1241919604292452,
    "breakout": 0.0,
    "reversion": -0.9174813999277562,
    "vwap": 0.0
  },
  "disabled_until": {
    "trend": 0.0,
    "breakout": 0.0,
    "reversion": 0.0,
    "vwap": 0.0
  },
  "_snapshot_time": "2025-09-23T03:50:00.029750"
}