{
  "arms": [
    "trend",
    "breakout",
    "reversion",
    "vwap"
  ],
  "d": 6,
  "alpha": 0.6,
  "alpha_base": 0.6,
  "alpha_boost_until": 0.0,
  "A": {
    "trend": [
      [
        1.00461607011299,
        0.002774058534305974,
        0.05049222353804235,
        0.010821695051677405,
        0.010821695051677405,
        0.0
      ],
      [
        0.002774058534305974,
        1.001667089225984,
        0.03034364301089466,
        0.006503370784878615,
        0.006503370784878615,
        0.0
      ],
      [
        0.05049222353804235,
        0.03034364301089466,
        1.552301974495986,
        0.11837156547347948,
        0.11837156547347948,
        0.0
      ],
      [
        0.010821695051677405,
        0.006503370784878615,
        0.11837156547347948,
        1.0253698667751965,
        0.02536986677519817,
        0.0
      ],
      [
        0.010821695051677405,
        0.006503370784878615,
        0.11837156547347948,
        0.02536986677519817,
        1.0253698667751965,
        0.0
      ],
      [
        0.0,
        0.0,
        0.0,
        0.0,
        0.0,
        1.0
      ]
    ],
    "breakout": [
      [
        1.0,
        0.0,
        0.0,
        0.0,
        0.0,
        0.0
      ],
      [
        0.0,
        1.0,
        0.0,
        0.0,
        0.0,
        0.0
      ],
      [
        0.0,
        0.0,
        1.0,
        0.0,
        0.0,
        0.0
      ],
      [
        0.0,
        0.0,
        0.0,
        1.0,
        0.0,
        0.0
      ],
      [
        0.0,
        0.0,
        0.0,
        0.0,
        1.0,
        0.0
      ],
      [
        0.0,
        0.0,
        0.0,
        0.0,
        0.0,
        1.0
      ]
    ],
    "reversion": [
      [
        1.123248385312031,
        0.011447779989328622,
        0.46436300828625043,
        0.39605789117021856,
        0.39605789117021856,
        0.0
      ],
      [
        0.011447779989328622,
        1.0011866675993901,
        0.0497923696003313,
        0.03768066977360995,
        0.03768066977360995,
        0.0
      ],
      [
        0.46436300828625043,
        0.0497923696003313,
        3.1991066355456,
        1.5247912824984189,
        1.5247912824984189,
        0.0
      ],
      [
        0.39605789117021856,
        0.03768066977360995,
        1.5247912824984189,
        2.2853325880297617,
        1.285332588029776,
        0.0
      ],
      [
        0.39605789117021856,
        0.03768066977360995,
        1.5247912824984189,
        1.285332588029776,
        2.2853325880297617,
        0.0
      ],
      [
        0.0,
        0.0,
        0.0,
        0.0,
        0.0,
        1.0
      ]
    ],
    "vwap": [
      [
        1.0,
        0.0,
        0.0,
        0.0,
        0.0,
        0.0
      ],
      [
        0.0,
        1.0,
        0.0,
        0.0,
        0.0,
        0.0
      ],
      [
        0.0,
        0.0,
        1.0,
        0.0,
        0.0,
        0.0
      ],
      [
        0.0,
        0.0,
        0.0,
        1.0,
        0.0,
        0.0
      ],
      [
        0.0,
        0.0,
        0.0,
        0.0,
        1.0,
        0.0
      ],
      [
        0.0,
        0.0,
        0.0,
        0.0,
        0.0,
        1.0
      ]
    ]
  },
  "b": {
    "trend": [
      [
        0.01103303157602326
      ],
      [
        0.0066303748976026785
      ],
      [
        0.12068323985619706
      ],
      [
        0.02586531406342661
      ],
      [
        0.02586531406342661
      ],
      [
        0.0
      ]
    ],
    "breakout": [
      [
        0.0
      ],
      [
        0.0
      ],
      [
        0.0
      ],
      [
        0.0
      ],
      [
        0.0
      ],
      [
        0.0
      ]
    ],
    "reversion": [
      [
        -0.2604913790738937
      ],
      [
        -0.040529159765658566
      ],
      [
        -1.6903308122545981
      ],
      [
        -1.0373892578725272
      ],
      [
        -1.0373892578725272
      ],
      [
        0.0
      ]
    ],
    "vwap": [
      [
        0.0
      ],
      [
        0.0
      ],
      [
        0.0
      ],
      [
        0.0
      ],
      [
        0.0
      ],
      [
        0.0
      ]
    ]
  },
  "counts": {
    "trend": 1,
    "breakout": 0,
    "reversion": 9,
    "vwap": 0
  },
  "reward_sum": {
    "trend": 0.02586531406342661,
    "breakout": 0.0,
    "reversion": -1.0373892578725272,
    "vwap": 0.0
  },
  "disabled_until": {
    "trend": 0.0,
    "breakout": 0.0,
    "reversion": 0.0,
    "vwap": 0.0
  },
  "_snapshot_time": "2025-09-25T20:20:00.540586"
}