{
  "arms": [
    "trend",
    "breakout",
    "reversion",
    "vwap"
  ],
  "d": 6,
  "alpha": 0.6,
  "alpha_base": 0.6,
  "alpha_boost_until": 0.0,
  "A": {
    "trend": [
      [
        1.0052850514133982,
        0.003176087368414914,
        0.057809779930429635,
        0.01239002296938547,
        0.01239002296938547,
        0.0
      ],
      [
        0.003176087368414914,
        1.0019086911711446,
        0.03474117798408509,
        0.0074458680473154445,
        0.0074458680473154445,
        0.0
      ],
      [
        0.057809779930429635,
        0.03474117798408509,
        1.6323440198013635,
        0.13552649637001124,
        0.13552649637001124,
        0.0
      ],
      [
        0.01239002296938547,
        0.0074458680473154445,
        0.13552649637001124,
        1.0290465800943283,
        0.02904658009432929,
        0.0
      ],
      [
        0.01239002296938547,
        0.0074458680473154445,
        0.13552649637001124,
        0.02904658009432929,
        1.0290465800943283,
        0.0
      ],
      [
        0.0,
        0.0,
        0.0,
        0.0,
        0.0,
        1.0
      ]
    ],
    "breakout": [
      [
        1.0,
        0.0,
        0.0,
        0.0,
        0.0,
        0.0
      ],
      [
        0.0,
        1.0,
        0.0,
        0.0,
        0.0,
        0.0
      ],
      [
        0.0,
        0.0,
        1.0,
        0.0,
        0.0,
        0.0
      ],
      [
        0.0,
        0.0,
        0.0,
        1.0,
        0.0,
        0.0
      ],
      [
        0.0,
        0.0,
        0.0,
        0.0,
        1.0,
        0.0
      ],
      [
        0.0,
        0.0,
        0.0,
        0.0,
        0.0,
        1.0
      ]
    ],
    "reversion": [
      [
        1.1411100865126516,
        0.01310684290574862,
        0.5316605496019561,
        0.45345635275915014,
        0.45345635275915014,
        0.0
      ],
      [
        0.01310684290574862,
        1.0013586447172336,
        0.057008500064193654,
        0.04314151912130348,
        0.04314151912130348,
        0.0
      ],
      [
        0.5316605496019561,
        0.057008500064193654,
        3.5178108971306328,
        1.7457707802204026,
        1.7457707802204026,
        0.0
      ],
      [
        0.45345635275915014,
        0.04314151912130348,
        1.7457707802204026,
        2.4716086724805613,
        1.4716086724805748,
        0.0
      ],
      [
        0.45345635275915014,
        0.04314151912130348,
        1.7457707802204026,
        1.4716086724805748,
        2.4716086724805613,
        0.0
      ],
      [
        0.0,
        0.0,
        0.0,
        0.0,
        0.0,
        1.0
      ]
    ],
    "vwap": [
      [
        1.0,
        0.0,
        0.0,
        0.0,
        0.0,
        0.0
      ],
      [
        0.0,
        1.0,
        0.0,
        0.0,
        0.0,
        0.0
      ],
      [
        0.0,
        0.0,
        1.0,
        0.0,
        0.0,
        0.0
      ],
      [
        0.0,
        0.0,
        0.0,
        1.0,
        0.0,
        0.0
      ],
      [
        0.0,
        0.0,
        0.0,
        0.0,
        1.0,
        0.0
      ],
      [
        0.0,
        0.0,
        0.0,
        0.0,
        0.0,
        1.0
      ]
    ]
  },
  "b": {
    "trend": [
      [
        0.01263198731770716
      ],
      [
        0.007591278157870503
      ],
      [
        0.1381731888301884
      ],
      [
        0.029613829795226976
      ],
      [
        0.029613829795226976
      ],
      [
        0.0
      ]
    ],
    "breakout": [
      [
        0.0
      ],
      [
        0.0
      ],
      [
        0.0
      ],
      [
        0.0
      ],
      [
        0.0
      ],
      [
        0.0
      ]
    ],
    "reversion": [
      [
        -0.29824294203819446
      ],
      [
        -0.046402824883571885
      ],
      [
        -1.9353010309090335
      ],
      [
        -1.1877322981155392
      ],
      [
        -1.1877322981155392
      ],
      [
        0.0
      ]
    ],
    "vwap": [
      [
        0.0
      ],
      [
        0.0
      ],
      [
        0.0
      ],
      [
        0.0
      ],
      [
        0.0
      ],
      [
        0.0
      ]
    ]
  },
  "counts": {
    "trend": 1,
    "breakout": 0,
    "reversion": 9,
    "vwap": 0
  },
  "reward_sum": {
    "trend": 0.029613829795226976,
    "breakout": 0.0,
    "reversion": -1.1877322981155392,
    "vwap": 0.0
  },
  "disabled_until": {
    "trend": 0.0,
    "breakout": 0.0,
    "reversion": 0.0,
    "vwap": 0.0
  },
  "_snapshot_time": "2025-09-25T15:37:00.121560"
}