{
  "arms": [
    "trend",
    "breakout",
    "reversion",
    "vwap"
  ],
  "d": 6,
  "alpha": 0.6,
  "alpha_base": 0.6,
  "alpha_boost_until": 0.0,
  "A": {
    "trend": [
      [
        1.0047332232911996,
        0.0028444625285865967,
        0.05177368684288123,
        0.011096343386275562,
        0.011096343386275562,
        0.0
      ],
      [
        0.0028444625285865967,
        1.0017093989822055,
        0.031113747045316824,
        0.006668422557896776,
        0.006668422557896776,
        0.0
      ],
      [
        0.05177368684288123,
        0.031113747045316824,
        1.5663190778024667,
        0.12137576704872423,
        0.12137576704872423,
        0.0
      ],
      [
        0.011096343386275562,
        0.006668422557896776,
        0.12137576704872423,
        1.0260137392577895,
        0.02601373925779093,
        0.0
      ],
      [
        0.011096343386275562,
        0.006668422557896776,
        0.12137576704872423,
        0.02601373925779093,
        1.0260137392577895,
        0.0
      ],
      [
        0.0,
        0.0,
        0.0,
        0.0,
        0.0,
        1.0
      ]
    ],
    "breakout": [
      [
        1.0,
        0.0,
        0.0,
        0.0,
        0.0,
        0.0
      ],
      [
        0.0,
        1.0,
        0.0,
        0.0,
        0.0,
        0.0
      ],
      [
        0.0,
        0.0,
        1.0,
        0.0,
        0.0,
        0.0
      ],
      [
        0.0,
        0.0,
        0.0,
        1.0,
        0.0,
        0.0
      ],
      [
        0.0,
        0.0,
        0.0,
        0.0,
        1.0,
        0.0
      ],
      [
        0.0,
        0.0,
        0.0,
        0.0,
        0.0,
        1.0
      ]
    ],
    "reversion": [
      [
        1.1263763577420631,
        0.011738317995981087,
        0.47614827170993557,
        0.40610961039672716,
        0.40610961039672716,
        0.0
      ],
      [
        0.011738317995981087,
        1.0012167845337834,
        0.0510560710187433,
        0.03863698328553625,
        0.03863698328553625,
        0.0
      ],
      [
        0.47614827170993557,
        0.0510560710187433,
        3.2549186845981875,
        1.563489599568725,
        1.563489599568725,
        0.0
      ],
      [
        0.40610961039672716,
        0.03863698328553625,
        1.563489599568725,
        2.3179535825247415,
        1.3179535825247555,
        0.0
      ],
      [
        0.40610961039672716,
        0.03863698328553625,
        1.563489599568725,
        1.3179535825247555,
        2.3179535825247415,
        0.0
      ],
      [
        0.0,
        0.0,
        0.0,
        0.0,
        0.0,
        1.0
      ]
    ],
    "vwap": [
      [
        1.0,
        0.0,
        0.0,
        0.0,
        0.0,
        0.0
      ],
      [
        0.0,
        1.0,
        0.0,
        0.0,
        0.0,
        0.0
      ],
      [
        0.0,
        0.0,
        1.0,
        0.0,
        0.0,
        0.0
      ],
      [
        0.0,
        0.0,
        0.0,
        1.0,
        0.0,
        0.0
      ],
      [
        0.0,
        0.0,
        0.0,
        0.0,
        1.0,
        0.0
      ],
      [
        0.0,
        0.0,
        0.0,
        0.0,
        0.0,
        1.0
      ]
    ]
  },
  "b": {
    "trend": [
      [
        0.011313043508853872
      ],
      [
        0.006798649961231064
      ],
      [
        0.12374611038453232
      ],
      [
        0.026521760710412588
      ],
      [
        0.026521760710412588
      ],
      [
        0.0
      ]
    ],
    "breakout": [
      [
        0.0
      ],
      [
        0.0
      ],
      [
        0.0
      ],
      [
        0.0
      ],
      [
        0.0
      ],
      [
        0.0
      ]
    ],
    "reversion": [
      [
        -0.267102498967605
      ],
      [
        -0.04155776629902926
      ],
      [
        -1.7332304264359935
      ],
      [
        -1.0637175946667288
      ],
      [
        -1.0637175946667288
      ],
      [
        0.0
      ]
    ],
    "vwap": [
      [
        0.0
      ],
      [
        0.0
      ],
      [
        0.0
      ],
      [
        0.0
      ],
      [
        0.0
      ],
      [
        0.0
      ]
    ]
  },
  "counts": {
    "trend": 1,
    "breakout": 0,
    "reversion": 9,
    "vwap": 0
  },
  "reward_sum": {
    "trend": 0.026521760710412588,
    "breakout": 0.0,
    "reversion": -1.0637175946667288,
    "vwap": 0.0
  },
  "disabled_until": {
    "trend": 0.0,
    "breakout": 0.0,
    "reversion": 0.0,
    "vwap": 0.0
  },
  "_snapshot_time": "2025-09-25T19:26:00.662160"
}