{
  "arms": [
    "trend",
    "breakout",
    "reversion",
    "vwap"
  ],
  "d": 6,
  "alpha": 0.6,
  "alpha_base": 0.6,
  "alpha_boost_until": 0.0,
  "A": {
    "trend": [
      [
        1.1511500160482235,
        0.09083462376345425,
        1.6533328591805476,
        0.35434890300462873,
        0.35434890300462873,
        0.0
      ],
      [
        0.09083462376345425,
        1.0545876810996568,
        0.9935815565610475,
        0.2129483682962301,
        0.2129483682962301,
        0.0
      ],
      [
        1.6533328591805476,
        0.9935815565610475,
        19.0847453061071,
        3.875994857752577,
        3.875994857752577,
        0.0
      ],
      [
        0.35434890300462873,
        0.2129483682962301,
        3.875994857752577,
        1.830718701482133,
        0.8307187014821328,
        0.0
      ],
      [
        0.35434890300462873,
        0.2129483682962301,
        3.875994857752577,
        0.8307187014821328,
        1.830718701482133,
        0.0
      ],
      [
        0.0,
        0.0,
        0.0,
        0.0,
        0.0,
        1.0
      ]
    ],
    "breakout": [
      [
        1.0,
        0.0,
        0.0,
        0.0,
        0.0,
        0.0
      ],
      [
        0.0,
        1.0,
        0.0,
        0.0,
        0.0,
        0.0
      ],
      [
        0.0,
        0.0,
        1.0,
        0.0,
        0.0,
        0.0
      ],
      [
        0.0,
        0.0,
        0.0,
        1.0,
        0.0,
        0.0
      ],
      [
        0.0,
        0.0,
        0.0,
        0.0,
        1.0,
        0.0
      ],
      [
        0.0,
        0.0,
        0.0,
        0.0,
        0.0,
        1.0
      ]
    ],
    "reversion": [
      [
        1.1229389155641543,
        0.012463541355418387,
        0.3513123270549038,
        0.4226050319058652,
        0.4226050319058652,
        0.0
      ],
      [
        0.012463541355418387,
        1.0013527067360655,
        0.03633049652166768,
        0.042414559557919916,
        0.042414559557919916,
        0.0
      ],
      [
        0.3513123270549038,
        0.03633049652166768,
        2.0096417625363148,
        1.2042043735991428,
        1.2042043735991428,
        0.0
      ],
      [
        0.4226050319058652,
        0.042414559557919916,
        1.2042043735991428,
        2.454778878389063,
        1.4547788783890705,
        0.0
      ],
      [
        0.4226050319058652,
        0.042414559557919916,
        1.2042043735991428,
        1.4547788783890705,
        2.454778878389063,
        0.0
      ],
      [
        0.0,
        0.0,
        0.0,
        0.0,
        0.0,
        1.0
      ]
    ],
    "vwap": [
      [
        1.0,
        0.0,
        0.0,
        0.0,
        0.0,
        0.0
      ],
      [
        0.0,
        1.0,
        0.0,
        0.0,
        0.0,
        0.0
      ],
      [
        0.0,
        0.0,
        1.0,
        0.0,
        0.0,
        0.0
      ],
      [
        0.0,
        0.0,
        0.0,
        1.0,
        0.0,
        0.0
      ],
      [
        0.0,
        0.0,
        0.0,
        0.0,
        1.0,
        0.0
      ],
      [
        0.0,
        0.0,
        0.0,
        0.0,
        0.0,
        1.0
      ]
    ]
  },
  "b": {
    "trend": [
      [
        0.36126897099852023
      ],
      [
        0.21710702992973016
      ],
      [
        3.9516890329911294
      ],
      [
        0.8469417794973579
      ],
      [
        0.8469417794973579
      ],
      [
        0.0
      ]
    ],
    "breakout": [
      [
        0.0
      ],
      [
        0.0
      ],
      [
        0.0
      ],
      [
        0.0
      ],
      [
        0.0
      ],
      [
        0.0
      ]
    ],
    "reversion": [
      [
        0.16848427613738592
      ],
      [
        0.01833191130580351
      ],
      [
        0.4914888101993691
      ],
      [
        0.5731468404450137
      ],
      [
        0.5731468404450137
      ],
      [
        0.0
      ]
    ],
    "vwap": [
      [
        0.0
      ],
      [
        0.0
      ],
      [
        0.0
      ],
      [
        0.0
      ],
      [
        0.0
      ],
      [
        0.0
      ]
    ]
  },
  "counts": {
    "trend": 1,
    "breakout": 0,
    "reversion": 2,
    "vwap": 0
  },
  "reward_sum": {
    "trend": 0.8469417794973579,
    "breakout": 0.0,
    "reversion": 0.5731468404450137,
    "vwap": 0.0
  },
  "disabled_until": {
    "trend": 0.0,
    "breakout": 0.0,
    "reversion": 0.0,
    "vwap": 0.0
  },
  "_snapshot_time": "2025-09-17T23:23:00.937753"
}