{
  "arms": [
    "trend",
    "breakout",
    "reversion",
    "vwap"
  ],
  "d": 6,
  "alpha": 0.6,
  "alpha_base": 0.6,
  "alpha_boost_until": 0.0,
  "A": {
    "trend": [
      [
        1.0143303285690832,
        0.008611907811931213,
        0.15675025200498607,
        0.033595340185276226,
        0.033595340185276226,
        0.0
      ],
      [
        0.008611907811931213,
        1.0051753842072553,
        0.09420012341352899,
        0.02018934675442719,
        0.02018934675442719,
        0.0
      ],
      [
        0.15675025200498607,
        0.09420012341352899,
        2.7145902402153266,
        0.3674778296149489,
        0.3674778296149489,
        0.0
      ],
      [
        0.033595340185276226,
        0.02018934675442719,
        0.3674778296149489,
        1.0787593164192701,
        0.07875931641927113,
        0.0
      ],
      [
        0.033595340185276226,
        0.02018934675442719,
        0.3674778296149489,
        0.07875931641927113,
        1.0787593164192701,
        0.0
      ],
      [
        0.0,
        0.0,
        0.0,
        0.0,
        0.0,
        1.0
      ]
    ],
    "breakout": [
      [
        1.0,
        0.0,
        0.0,
        0.0,
        0.0,
        0.0
      ],
      [
        0.0,
        1.0,
        0.0,
        0.0,
        0.0,
        0.0
      ],
      [
        0.0,
        0.0,
        1.0,
        0.0,
        0.0,
        0.0
      ],
      [
        0.0,
        0.0,
        0.0,
        1.0,
        0.0,
        0.0
      ],
      [
        0.0,
        0.0,
        0.0,
        0.0,
        1.0,
        0.0
      ],
      [
        0.0,
        0.0,
        0.0,
        0.0,
        0.0,
        1.0
      ]
    ],
    "reversion": [
      [
        1.165264976775184,
        0.010769269814948064,
        0.2775687814700998,
        0.5192362354513653,
        0.5192362354513653,
        0.0
      ],
      [
        0.010769269814948064,
        1.000861162166254,
        0.021924782432563378,
        0.036030695037121814,
        0.036030695037121814,
        0.0
      ],
      [
        0.2775687814700998,
        0.021924782432563378,
        1.593159292503977,
        0.9296402487340886,
        0.9296402487340886,
        0.0
      ],
      [
        0.5192362354513653,
        0.036030695037121814,
        0.9296402487340886,
        2.66898954936255,
        1.6689895493625673,
        0.0
      ],
      [
        0.5192362354513653,
        0.036030695037121814,
        0.9296402487340886,
        1.6689895493625673,
        2.66898954936255,
        0.0
      ],
      [
        0.0,
        0.0,
        0.0,
        0.0,
        0.0,
        1.0
      ]
    ],
    "vwap": [
      [
        1.0,
        0.0,
        0.0,
        0.0,
        0.0,
        0.0
      ],
      [
        0.0,
        1.0,
        0.0,
        0.0,
        0.0,
        0.0
      ],
      [
        0.0,
        0.0,
        1.0,
        0.0,
        0.0,
        0.0
      ],
      [
        0.0,
        0.0,
        0.0,
        1.0,
        0.0,
        0.0
      ],
      [
        0.0,
        0.0,
        0.0,
        0.0,
        1.0,
        0.0
      ],
      [
        0.0,
        0.0,
        0.0,
        0.0,
        0.0,
        1.0
      ]
    ]
  },
  "b": {
    "trend": [
      [
        0.03425142247137545
      ],
      [
        0.020583623838702714
      ],
      [
        0.3746542919819001
      ],
      [
        0.0802974045018147
      ],
      [
        0.0802974045018147
      ],
      [
        0.0
      ]
    ],
    "breakout": [
      [
        0.0
      ],
      [
        0.0
      ],
      [
        0.0
      ],
      [
        0.0
      ],
      [
        0.0
      ],
      [
        0.0
      ]
    ],
    "reversion": [
      [
        -0.0047240035412706985
      ],
      [
        -0.03420081087583348
      ],
      [
        -0.9419914544295515
      ],
      [
        -0.5932056699826584
      ],
      [
        -0.5932056699826584
      ],
      [
        0.0
      ]
    ],
    "vwap": [
      [
        0.0
      ],
      [
        0.0
      ],
      [
        0.0
      ],
      [
        0.0
      ],
      [
        0.0
      ],
      [
        0.0
      ]
    ]
  },
  "counts": {
    "trend": 1,
    "breakout": 0,
    "reversion": 8,
    "vwap": 0
  },
  "reward_sum": {
    "trend": 0.0802974045018147,
    "breakout": 0.0,
    "reversion": -0.5932056699826584,
    "vwap": 0.0
  },
  "disabled_until": {
    "trend": 0.0,
    "breakout": 0.0,
    "reversion": 0.0,
    "vwap": 0.0
  },
  "_snapshot_time": "2025-09-23T19:58:00.029109"
}