{
  "arms": [
    "trend",
    "breakout",
    "reversion",
    "vwap"
  ],
  "d": 6,
  "alpha": 0.6,
  "alpha_base": 0.6,
  "alpha_boost_until": 0.0,
  "A": {
    "trend": [
      [
        1.0551883522397145,
        0.033165813295185316,
        0.603669907470224,
        0.12938094606974726,
        0.12938094606974726,
        0.0
      ],
      [
        0.033165813295185316,
        1.0199312196666654,
        0.3627795110844219,
        0.0777523540232755,
        0.0777523540232755,
        0.0
      ],
      [
        0.603669907470224,
        0.3627795110844219,
        7.60315705028164,
        1.4152149968725964,
        1.4152149968725964,
        0.0
      ],
      [
        0.12938094606974726,
        0.0777523540232755,
        1.4152149968725964,
        1.3033145315372576,
        0.3033145315372582,
        0.0
      ],
      [
        0.12938094606974726,
        0.0777523540232755,
        1.4152149968725964,
        0.3033145315372582,
        1.3033145315372576,
        0.0
      ],
      [
        0.0,
        0.0,
        0.0,
        0.0,
        0.0,
        1.0
      ]
    ],
    "breakout": [
      [
        1.0,
        0.0,
        0.0,
        0.0,
        0.0,
        0.0
      ],
      [
        0.0,
        1.0,
        0.0,
        0.0,
        0.0,
        0.0
      ],
      [
        0.0,
        0.0,
        1.0,
        0.0,
        0.0,
        0.0
      ],
      [
        0.0,
        0.0,
        0.0,
        1.0,
        0.0,
        0.0
      ],
      [
        0.0,
        0.0,
        0.0,
        0.0,
        1.0,
        0.0
      ],
      [
        0.0,
        0.0,
        0.0,
        0.0,
        0.0,
        1.0
      ]
    ],
    "reversion": [
      [
        1.4730246055777556,
        0.03342801791319387,
        0.8457770428072406,
        1.5367982187883387,
        1.5367982187883387,
        0.0
      ],
      [
        0.03342801791319387,
        1.0029203529405197,
        0.07344824792426186,
        0.1159727730887866,
        0.1159727730887866,
        0.0
      ],
      [
        0.8457770428072406,
        0.07344824792426186,
        2.979576966512765,
        2.9481212908237437,
        2.9481212908237437,
        0.0
      ],
      [
        1.5367982187883387,
        0.1159727730887866,
        2.9481212908237437,
        6.116689672288699,
        5.116689672288708,
        0.0
      ],
      [
        1.5367982187883387,
        0.1159727730887866,
        2.9481212908237437,
        5.116689672288708,
        6.116689672288699,
        0.0
      ],
      [
        0.0,
        0.0,
        0.0,
        0.0,
        0.0,
        1.0
      ]
    ],
    "vwap": [
      [
        1.0,
        0.0,
        0.0,
        0.0,
        0.0,
        0.0
      ],
      [
        0.0,
        1.0,
        0.0,
        0.0,
        0.0,
        0.0
      ],
      [
        0.0,
        0.0,
        1.0,
        0.0,
        0.0,
        0.0
      ],
      [
        0.0,
        0.0,
        0.0,
        1.0,
        0.0,
        0.0
      ],
      [
        0.0,
        0.0,
        0.0,
        0.0,
        1.0,
        0.0
      ],
      [
        0.0,
        0.0,
        0.0,
        0.0,
        0.0,
        1.0
      ]
    ]
  },
  "b": {
    "trend": [
      [
        0.13190762228159647
      ],
      [
        0.07927077717052931
      ],
      [
        1.4428526836871802
      ],
      [
        0.30923795098056833
      ],
      [
        0.30923795098056833
      ],
      [
        0.0
      ]
    ],
    "breakout": [
      [
        0.0
      ],
      [
        0.0
      ],
      [
        0.0
      ],
      [
        0.0
      ],
      [
        0.0
      ],
      [
        0.0
      ]
    ],
    "reversion": [
      [
        -0.4884209291781046
      ],
      [
        -0.15486243920276677
      ],
      [
        -4.269885591973176
      ],
      [
        -3.6162406062064365
      ],
      [
        -3.6162406062064365
      ],
      [
        0.0
      ]
    ],
    "vwap": [
      [
        0.0
      ],
      [
        0.0
      ],
      [
        0.0
      ],
      [
        0.0
      ],
      [
        0.0
      ],
      [
        0.0
      ]
    ]
  },
  "counts": {
    "trend": 1,
    "breakout": 0,
    "reversion": 7,
    "vwap": 0
  },
  "reward_sum": {
    "trend": 0.30923795098056833,
    "breakout": 0.0,
    "reversion": -3.6162406062064365,
    "vwap": 0.0
  },
  "disabled_until": {
    "trend": 0.0,
    "breakout": 0.0,
    "reversion": 0.0,
    "vwap": 0.0
  },
  "_snapshot_time": "2025-09-19T11:02:00.772566"
}