{
  "arms": [
    "trend",
    "breakout",
    "reversion",
    "vwap"
  ],
  "d": 6,
  "alpha": 0.6,
  "alpha_base": 0.6,
  "alpha_boost_until": 0.0,
  "A": {
    "trend": [
      [
        1.0353265815356933,
        0.02122974794537894,
        0.3864147658234437,
        0.08281795623549937,
        0.08281795623549937,
        0.0
      ],
      [
        0.02122974794537894,
        1.0127581605191236,
        0.2322185652895822,
        0.049770010564270925,
        0.049770010564270925,
        0.0
      ],
      [
        0.3864147658234437,
        0.2322185652895822,
        5.226742717676133,
        0.9058923839653602,
        0.9058923839653602,
        0.0
      ],
      [
        0.08281795623549937,
        0.049770010564270925,
        0.9058923839653602,
        1.1941544745306008,
        0.19415447453059972,
        0.0
      ],
      [
        0.08281795623549937,
        0.049770010564270925,
        0.9058923839653602,
        0.19415447453059972,
        1.1941544745306008,
        0.0
      ],
      [
        0.0,
        0.0,
        0.0,
        0.0,
        0.0,
        1.0
      ]
    ],
    "breakout": [
      [
        1.0,
        0.0,
        0.0,
        0.0,
        0.0,
        0.0
      ],
      [
        0.0,
        1.0,
        0.0,
        0.0,
        0.0,
        0.0
      ],
      [
        0.0,
        0.0,
        1.0,
        0.0,
        0.0,
        0.0
      ],
      [
        0.0,
        0.0,
        0.0,
        1.0,
        0.0,
        0.0
      ],
      [
        0.0,
        0.0,
        0.0,
        0.0,
        1.0,
        0.0
      ],
      [
        0.0,
        0.0,
        0.0,
        0.0,
        0.0,
        1.0
      ]
    ],
    "reversion": [
      [
        1.40740494182662,
        0.02654799479046619,
        0.6842520143971161,
        1.280001440269478,
        1.280001440269478,
        0.0
      ],
      [
        0.02654799479046619,
        1.002122904254077,
        0.05404814066352785,
        0.08882150048972459,
        0.08882150048972459,
        0.0
      ],
      [
        0.6842520143971161,
        0.05404814066352785,
        2.4622337519536153,
        2.2917138213162427,
        2.2917138213162427,
        0.0
      ],
      [
        1.280001440269478,
        0.08882150048972459,
        2.2917138213162427,
        5.11432962709492,
        4.114329627094934,
        0.0
      ],
      [
        1.280001440269478,
        0.08882150048972459,
        2.2917138213162427,
        4.114329627094934,
        5.11432962709492,
        0.0
      ],
      [
        0.0,
        0.0,
        0.0,
        0.0,
        0.0,
        1.0
      ]
    ],
    "vwap": [
      [
        1.0,
        0.0,
        0.0,
        0.0,
        0.0,
        0.0
      ],
      [
        0.0,
        1.0,
        0.0,
        0.0,
        0.0,
        0.0
      ],
      [
        0.0,
        0.0,
        1.0,
        0.0,
        0.0,
        0.0
      ],
      [
        0.0,
        0.0,
        0.0,
        1.0,
        0.0,
        0.0
      ],
      [
        0.0,
        0.0,
        0.0,
        0.0,
        1.0,
        0.0
      ],
      [
        0.0,
        0.0,
        0.0,
        0.0,
        0.0,
        1.0
      ]
    ]
  },
  "b": {
    "trend": [
      [
        0.08443530536062786
      ],
      [
        0.050741967452640244
      ],
      [
        0.9235835263367167
      ],
      [
        0.1979461108350376
      ],
      [
        0.1979461108350376
      ],
      [
        0.0
      ]
    ],
    "breakout": [
      [
        0.0
      ],
      [
        0.0
      ],
      [
        0.0
      ],
      [
        0.0
      ],
      [
        0.0
      ],
      [
        0.0
      ]
    ],
    "reversion": [
      [
        -0.011645434050665317
      ],
      [
        -0.08431053957818643
      ],
      [
        -2.3221615443367956
      ],
      [
        -1.4623480799520299
      ],
      [
        -1.4623480799520299
      ],
      [
        0.0
      ]
    ],
    "vwap": [
      [
        0.0
      ],
      [
        0.0
      ],
      [
        0.0
      ],
      [
        0.0
      ],
      [
        0.0
      ],
      [
        0.0
      ]
    ]
  },
  "counts": {
    "trend": 1,
    "breakout": 0,
    "reversion": 8,
    "vwap": 0
  },
  "reward_sum": {
    "trend": 0.1979461108350376,
    "breakout": 0.0,
    "reversion": -1.4623480799520299,
    "vwap": 0.0
  },
  "disabled_until": {
    "trend": 0.0,
    "breakout": 0.0,
    "reversion": 0.0,
    "vwap": 0.0
  },
  "_snapshot_time": "2025-09-22T08:25:00.141826"
}