{
  "arms": [
    "trend",
    "breakout",
    "reversion",
    "vwap"
  ],
  "d": 6,
  "alpha": 0.6,
  "alpha_base": 0.6,
  "alpha_boost_until": 0.0,
  "A": {
    "trend": [
      [
        1.0040317684013473,
        0.0024229184714135675,
        0.04410092273113227,
        0.009451885931193532,
        0.009451885931193532,
        0.0
      ],
      [
        0.0024229184714135675,
        1.0014560692318413,
        0.02650274759233567,
        0.005680174735417376,
        0.005680174735417376,
        0.0
      ],
      [
        0.04410092273113227,
        0.02650274759233567,
        1.4823916435992945,
        0.10338810408252183,
        0.10338810408252183,
        0.0
      ],
      [
        0.009451885931193532,
        0.005680174735417376,
        0.10338810408252183,
        1.0221585514749436,
        0.022158551474944856,
        0.0
      ],
      [
        0.009451885931193532,
        0.005680174735417376,
        0.10338810408252183,
        0.022158551474944856,
        1.0221585514749436,
        0.0
      ],
      [
        0.0,
        0.0,
        0.0,
        0.0,
        0.0,
        1.0
      ]
    ],
    "breakout": [
      [
        1.0,
        0.0,
        0.0,
        0.0,
        0.0,
        0.0
      ],
      [
        0.0,
        1.0,
        0.0,
        0.0,
        0.0,
        0.0
      ],
      [
        0.0,
        0.0,
        1.0,
        0.0,
        0.0,
        0.0
      ],
      [
        0.0,
        0.0,
        0.0,
        1.0,
        0.0,
        0.0
      ],
      [
        0.0,
        0.0,
        0.0,
        0.0,
        1.0,
        0.0
      ],
      [
        0.0,
        0.0,
        0.0,
        0.0,
        0.0,
        1.0
      ]
    ],
    "reversion": [
      [
        1.107647616534209,
        0.009998721097556909,
        0.4055839832880143,
        0.34592492133750447,
        0.34592492133750447,
        0.0
      ],
      [
        0.009998721097556909,
        1.0010364593286094,
        0.04348965623765292,
        0.032911054211967286,
        0.032911054211967286,
        0.0
      ],
      [
        0.4055839832880143,
        0.04348965623765292,
        2.920743928788302,
        1.331783348378442,
        1.331783348378442,
        0.0
      ],
      [
        0.34592492133750447,
        0.032911054211967286,
        1.331783348378442,
        2.1226353124615103,
        1.122635312461526,
        0.0
      ],
      [
        0.34592492133750447,
        0.032911054211967286,
        1.331783348378442,
        1.122635312461526,
        2.1226353124615103,
        0.0
      ],
      [
        0.0,
        0.0,
        0.0,
        0.0,
        0.0,
        1.0
      ]
    ],
    "vwap": [
      [
        1.0,
        0.0,
        0.0,
        0.0,
        0.0,
        0.0
      ],
      [
        0.0,
        1.0,
        0.0,
        0.0,
        0.0,
        0.0
      ],
      [
        0.0,
        0.0,
        1.0,
        0.0,
        0.0,
        0.0
      ],
      [
        0.0,
        0.0,
        0.0,
        1.0,
        0.0,
        0.0
      ],
      [
        0.0,
        0.0,
        0.0,
        0.0,
        1.0,
        0.0
      ],
      [
        0.0,
        0.0,
        0.0,
        0.0,
        0.0,
        1.0
      ]
    ]
  },
  "b": {
    "trend": [
      [
        0.009636471498581363
      ],
      [
        0.005791102679748445
      ],
      [
        0.10540716694385445
      ],
      [
        0.022591285093004874
      ],
      [
        0.022591285093004874
      ],
      [
        0.0
      ]
    ],
    "breakout": [
      [
        0.0
      ],
      [
        0.0
      ],
      [
        0.0
      ],
      [
        0.0
      ],
      [
        0.0
      ],
      [
        0.0
      ]
    ],
    "reversion": [
      [
        -0.2275184053245057
      ],
      [
        -0.03539898261434973
      ],
      [
        -1.4763689003540814
      ],
      [
        -0.9060766252267276
      ],
      [
        -0.9060766252267276
      ],
      [
        0.0
      ]
    ],
    "vwap": [
      [
        0.0
      ],
      [
        0.0
      ],
      [
        0.0
      ],
      [
        0.0
      ],
      [
        0.0
      ],
      [
        0.0
      ]
    ]
  },
  "counts": {
    "trend": 1,
    "breakout": 0,
    "reversion": 9,
    "vwap": 0
  },
  "reward_sum": {
    "trend": 0.022591285093004874,
    "breakout": 0.0,
    "reversion": -0.9060766252267276,
    "vwap": 0.0
  },
  "disabled_until": {
    "trend": 0.0,
    "breakout": 0.0,
    "reversion": 0.0,
    "vwap": 0.0
  },
  "_snapshot_time": "2025-09-26T02:04:00.677808"
}