{
  "arms": [
    "trend",
    "breakout",
    "reversion",
    "vwap"
  ],
  "d": 6,
  "alpha": 0.6,
  "alpha_base": 0.6,
  "alpha_boost_until": 0.0,
  "A": {
    "trend": [
      [
        1.029493921548878,
        0.017724571503495646,
        0.32261504773705874,
        0.06914414579231974,
        0.06914414579231974,
        0.0
      ],
      [
        0.017724571503495646,
        1.0106517010449716,
        0.19387769348482975,
        0.04155264175749063,
        0.04155264175749063,
        0.0
      ],
      [
        0.32261504773705874,
        0.19387769348482975,
        4.528878615001982,
        0.7563233616987513,
        0.7563233616987513,
        0.0
      ],
      [
        0.06914414579231974,
        0.04155264175749063,
        0.7563233616987513,
        1.1620982441899566,
        0.16209824418995536,
        0.0
      ],
      [
        0.06914414579231974,
        0.04155264175749063,
        0.7563233616987513,
        0.16209824418995536,
        1.1620982441899566,
        0.0
      ],
      [
        0.0,
        0.0,
        0.0,
        0.0,
        0.0,
        1.0
      ]
    ],
    "breakout": [
      [
        1.0,
        0.0,
        0.0,
        0.0,
        0.0,
        0.0
      ],
      [
        0.0,
        1.0,
        0.0,
        0.0,
        0.0,
        0.0
      ],
      [
        0.0,
        0.0,
        1.0,
        0.0,
        0.0,
        0.0
      ],
      [
        0.0,
        0.0,
        0.0,
        1.0,
        0.0,
        0.0
      ],
      [
        0.0,
        0.0,
        0.0,
        0.0,
        1.0,
        0.0
      ],
      [
        0.0,
        0.0,
        0.0,
        0.0,
        0.0,
        1.0
      ]
    ],
    "reversion": [
      [
        1.3401396022629273,
        0.022164739456573358,
        0.5712773315442271,
        1.0686644566391161,
        1.0686644566391161,
        0.0
      ],
      [
        0.022164739456573358,
        1.0017723982566005,
        0.04512442334626081,
        0.07415646386986799,
        0.07415646386986799,
        0.0
      ],
      [
        0.5712773315442271,
        0.04512442334626081,
        2.220808968528896,
        1.9133362108668188,
        1.9133362108668188,
        0.0
      ],
      [
        1.0686644566391161,
        0.07415646386986799,
        1.9133362108668188,
        4.435025693758548,
        3.4350256937585635,
        0.0
      ],
      [
        1.0686644566391161,
        0.07415646386986799,
        1.9133362108668188,
        3.4350256937585635,
        4.435025693758548,
        0.0
      ],
      [
        0.0,
        0.0,
        0.0,
        0.0,
        0.0,
        1.0
      ]
    ],
    "vwap": [
      [
        1.0,
        0.0,
        0.0,
        0.0,
        0.0,
        0.0
      ],
      [
        0.0,
        1.0,
        0.0,
        0.0,
        0.0,
        0.0
      ],
      [
        0.0,
        0.0,
        1.0,
        0.0,
        0.0,
        0.0
      ],
      [
        0.0,
        0.0,
        0.0,
        1.0,
        0.0,
        0.0
      ],
      [
        0.0,
        0.0,
        0.0,
        0.0,
        1.0,
        0.0
      ],
      [
        0.0,
        0.0,
        0.0,
        0.0,
        0.0,
        1.0
      ]
    ]
  },
  "b": {
    "trend": [
      [
        0.0704944595260585
      ],
      [
        0.04236412192251853
      ],
      [
        0.7710935755866596
      ],
      [
        0.16526385543348815
      ],
      [
        0.16526385543348815
      ],
      [
        0.0
      ]
    ],
    "breakout": [
      [
        0.0
      ],
      [
        0.0
      ],
      [
        0.0
      ],
      [
        0.0
      ],
      [
        0.0
      ],
      [
        0.0
      ]
    ],
    "reversion": [
      [
        -0.009722693319361316
      ],
      [
        -0.07039029342678293
      ],
      [
        -1.938756806777091
      ],
      [
        -1.2209044201936077
      ],
      [
        -1.2209044201936077
      ],
      [
        0.0
      ]
    ],
    "vwap": [
      [
        0.0
      ],
      [
        0.0
      ],
      [
        0.0
      ],
      [
        0.0
      ],
      [
        0.0
      ],
      [
        0.0
      ]
    ]
  },
  "counts": {
    "trend": 1,
    "breakout": 0,
    "reversion": 8,
    "vwap": 0
  },
  "reward_sum": {
    "trend": 0.16526385543348815,
    "breakout": 0.0,
    "reversion": -1.2209044201936077,
    "vwap": 0.0
  },
  "disabled_until": {
    "trend": 0.0,
    "breakout": 0.0,
    "reversion": 0.0,
    "vwap": 0.0
  },
  "_snapshot_time": "2025-09-22T15:13:00.914589"
}