{
  "arms": [
    "trend",
    "breakout",
    "reversion",
    "vwap"
  ],
  "d": 6,
  "alpha": 0.6,
  "alpha_base": 0.6,
  "alpha_boost_until": 0.0,
  "A": {
    "trend": [
      [
        1.0196517875809241,
        0.01180987457271008,
        0.21495827125028774,
        0.04607071539548518,
        0.04607071539548518,
        0.0
      ],
      [
        0.01180987457271008,
        1.0070972239471239,
        0.1291806260055764,
        0.027686507807759265,
        0.027686507807759265,
        0.0
      ],
      [
        0.21495827125028774,
        0.1291806260055764,
        3.3512903438750468,
        0.5039379392788761,
        0.5039379392788761,
        0.0
      ],
      [
        0.04607071539548518,
        0.027686507807759265,
        0.5039379392788761,
        1.1080059922442902,
        0.10800599224428936,
        0.0
      ],
      [
        0.04607071539548518,
        0.027686507807759265,
        0.5039379392788761,
        0.10800599224428936,
        1.1080059922442902,
        0.0
      ],
      [
        0.0,
        0.0,
        0.0,
        0.0,
        0.0,
        1.0
      ]
    ],
    "breakout": [
      [
        1.0,
        0.0,
        0.0,
        0.0,
        0.0,
        0.0
      ],
      [
        0.0,
        1.0,
        0.0,
        0.0,
        0.0,
        0.0
      ],
      [
        0.0,
        0.0,
        1.0,
        0.0,
        0.0,
        0.0
      ],
      [
        0.0,
        0.0,
        0.0,
        1.0,
        0.0,
        0.0
      ],
      [
        0.0,
        0.0,
        0.0,
        0.0,
        1.0,
        0.0
      ],
      [
        0.0,
        0.0,
        0.0,
        0.0,
        0.0,
        1.0
      ]
    ],
    "reversion": [
      [
        1.2266348745945388,
        0.014768356621050313,
        0.3806418468530671,
        0.7120506800817301,
        0.7120506800817301,
        0.0
      ],
      [
        0.014768356621050313,
        1.0011809482163905,
        0.030066384385095526,
        0.04941042083223995,
        0.04941042083223995,
        0.0
      ],
      [
        0.3806418468530671,
        0.030066384385095526,
        1.8134245046613584,
        1.2748551163172015,
        1.2748551163172015,
        0.0
      ],
      [
        0.7120506800817301,
        0.04941042083223995,
        1.2748551163172015,
        3.288756181740364,
        2.2887561817403794,
        0.0
      ],
      [
        0.7120506800817301,
        0.04941042083223995,
        1.2748551163172015,
        2.2887561817403794,
        3.288756181740364,
        0.0
      ],
      [
        0.0,
        0.0,
        0.0,
        0.0,
        0.0,
        1.0
      ]
    ],
    "vwap": [
      [
        1.0,
        0.0,
        0.0,
        0.0,
        0.0,
        0.0
      ],
      [
        0.0,
        1.0,
        0.0,
        0.0,
        0.0,
        0.0
      ],
      [
        0.0,
        0.0,
        1.0,
        0.0,
        0.0,
        0.0
      ],
      [
        0.0,
        0.0,
        0.0,
        1.0,
        0.0,
        0.0
      ],
      [
        0.0,
        0.0,
        0.0,
        0.0,
        1.0,
        0.0
      ],
      [
        0.0,
        0.0,
        0.0,
        0.0,
        0.0,
        1.0
      ]
    ]
  },
  "b": {
    "trend": [
      [
        0.04697042887099107
      ],
      [
        0.028227196702005967
      ],
      [
        0.5137793266091084
      ],
      [
        0.11011523769062977
      ],
      [
        0.11011523769062977
      ],
      [
        0.0
      ]
    ],
    "breakout": [
      [
        0.0
      ],
      [
        0.0
      ],
      [
        0.0
      ],
      [
        0.0
      ],
      [
        0.0
      ],
      [
        0.0
      ]
    ],
    "reversion": [
      [
        -0.006478226488461951
      ],
      [
        -0.04690102304265102
      ],
      [
        -1.2917928487303454
      ],
      [
        -0.8134881040655998
      ],
      [
        -0.8134881040655998
      ],
      [
        0.0
      ]
    ],
    "vwap": [
      [
        0.0
      ],
      [
        0.0
      ],
      [
        0.0
      ],
      [
        0.0
      ],
      [
        0.0
      ],
      [
        0.0
      ]
    ]
  },
  "counts": {
    "trend": 1,
    "breakout": 0,
    "reversion": 8,
    "vwap": 0
  },
  "reward_sum": {
    "trend": 0.11011523769062977,
    "breakout": 0.0,
    "reversion": -0.8134881040655998,
    "vwap": 0.0
  },
  "disabled_until": {
    "trend": 0.0,
    "breakout": 0.0,
    "reversion": 0.0,
    "vwap": 0.0
  },
  "_snapshot_time": "2025-09-23T07:49:00.675720"
}