{
  "arms": [
    "trend",
    "breakout",
    "reversion",
    "vwap"
  ],
  "d": 6,
  "alpha": 0.6,
  "alpha_base": 0.6,
  "alpha_boost_until": 0.0,
  "A": {
    "trend": [
      [
        1.0339380011346413,
        0.020395271167985472,
        0.37122597746141384,
        0.07956263443857921,
        0.07956263443857921,
        0.0
      ],
      [
        0.020395271167985472,
        1.0122566760595406,
        0.22309076026277003,
        0.04781370292777108,
        0.04781370292777108,
        0.0
      ],
      [
        0.37122597746141384,
        0.22309076026277003,
        5.060602325854596,
        0.8702845115034902,
        0.8702845115034902,
        0.0
      ],
      [
        0.07956263443857921,
        0.04781370292777108,
        0.8702845115034902,
        1.186522853060593,
        0.1865228530605915,
        0.0
      ],
      [
        0.07956263443857921,
        0.04781370292777108,
        0.8702845115034902,
        0.1865228530605915,
        1.186522853060593,
        0.0
      ],
      [
        0.0,
        0.0,
        0.0,
        0.0,
        0.0,
        1.0
      ]
    ],
    "breakout": [
      [
        1.0,
        0.0,
        0.0,
        0.0,
        0.0,
        0.0
      ],
      [
        0.0,
        1.0,
        0.0,
        0.0,
        0.0,
        0.0
      ],
      [
        0.0,
        0.0,
        1.0,
        0.0,
        0.0,
        0.0
      ],
      [
        0.0,
        0.0,
        0.0,
        1.0,
        0.0,
        0.0
      ],
      [
        0.0,
        0.0,
        0.0,
        0.0,
        1.0,
        0.0
      ],
      [
        0.0,
        0.0,
        0.0,
        0.0,
        0.0,
        1.0
      ]
    ],
    "reversion": [
      [
        1.3913910935310891,
        0.025504473916077807,
        0.6573561502837892,
        1.2296884794334273,
        1.2296884794334273,
        0.0
      ],
      [
        0.025504473916077807,
        1.002039459349069,
        0.0519236727536379,
        0.08533019764041065,
        0.08533019764041065,
        0.0
      ],
      [
        0.6573561502837892,
        0.0519236727536379,
        2.4047577935830486,
        2.2016335260041955,
        2.2016335260041955,
        0.0
      ],
      [
        1.2296884794334273,
        0.08533019764041065,
        2.2016335260041955,
        4.952607851726409,
        3.952607851726424,
        0.0
      ],
      [
        1.2296884794334273,
        0.08533019764041065,
        2.2016335260041955,
        3.952607851726424,
        4.952607851726409,
        0.0
      ],
      [
        0.0,
        0.0,
        0.0,
        0.0,
        0.0,
        1.0
      ]
    ],
    "vwap": [
      [
        1.0,
        0.0,
        0.0,
        0.0,
        0.0,
        0.0
      ],
      [
        0.0,
        1.0,
        0.0,
        0.0,
        0.0,
        0.0
      ],
      [
        0.0,
        0.0,
        1.0,
        0.0,
        0.0,
        0.0
      ],
      [
        0.0,
        0.0,
        0.0,
        1.0,
        0.0,
        0.0
      ],
      [
        0.0,
        0.0,
        0.0,
        0.0,
        1.0,
        0.0
      ],
      [
        0.0,
        0.0,
        0.0,
        0.0,
        0.0,
        1.0
      ]
    ]
  },
  "b": {
    "trend": [
      [
        0.081116410492123
      ],
      [
        0.048747455149082713
      ],
      [
        0.887280268912555
      ],
      [
        0.19016545168203303
      ],
      [
        0.19016545168203303
      ],
      [
        0.0
      ]
    ],
    "breakout": [
      [
        0.0
      ],
      [
        0.0
      ],
      [
        0.0
      ],
      [
        0.0
      ],
      [
        0.0
      ],
      [
        0.0
      ]
    ],
    "reversion": [
      [
        -0.011187687481890692
      ],
      [
        -0.08099654887285526
      ],
      [
        -2.2308844417027522
      ],
      [
        -1.4048676276958119
      ],
      [
        -1.4048676276958119
      ],
      [
        0.0
      ]
    ],
    "vwap": [
      [
        0.0
      ],
      [
        0.0
      ],
      [
        0.0
      ],
      [
        0.0
      ],
      [
        0.0
      ],
      [
        0.0
      ]
    ]
  },
  "counts": {
    "trend": 1,
    "breakout": 0,
    "reversion": 8,
    "vwap": 0
  },
  "reward_sum": {
    "trend": 0.19016545168203303,
    "breakout": 0.0,
    "reversion": -1.4048676276958119,
    "vwap": 0.0
  },
  "disabled_until": {
    "trend": 0.0,
    "breakout": 0.0,
    "reversion": 0.0,
    "vwap": 0.0
  },
  "_snapshot_time": "2025-09-22T09:47:00.842656"
}