{
  "arms": [
    "trend",
    "breakout",
    "reversion",
    "vwap"
  ],
  "d": 6,
  "alpha": 0.6,
  "alpha_base": 0.6,
  "alpha_boost_until": 0.0,
  "A": {
    "trend": [
      [
        1.0684628470489153,
        0.041143210672760326,
        0.7488710727156723,
        0.16050103984518935,
        0.16050103984518935,
        0.0
      ],
      [
        0.041143210672760326,
        1.0247252905397541,
        0.4500391327498111,
        0.0964541847175828,
        0.0964541847175828,
        0.0
      ],
      [
        0.7488710727156723,
        0.4500391327498111,
        9.19141925473295,
        1.7556176972156992,
        1.7556176972156992,
        0.0
      ],
      [
        0.16050103984518935,
        0.0964541847175828,
        1.7556176972156992,
        1.3762709980930454,
        0.37627099809304654,
        0.0
      ],
      [
        0.16050103984518935,
        0.0964541847175828,
        1.7556176972156992,
        0.37627099809304654,
        1.3762709980930454,
        0.0
      ],
      [
        0.0,
        0.0,
        0.0,
        0.0,
        0.0,
        1.0
      ]
    ],
    "breakout": [
      [
        1.0,
        0.0,
        0.0,
        0.0,
        0.0,
        0.0
      ],
      [
        0.0,
        1.0,
        0.0,
        0.0,
        0.0,
        0.0
      ],
      [
        0.0,
        0.0,
        1.0,
        0.0,
        0.0,
        0.0
      ],
      [
        0.0,
        0.0,
        0.0,
        1.0,
        0.0,
        0.0
      ],
      [
        0.0,
        0.0,
        0.0,
        0.0,
        1.0,
        0.0
      ],
      [
        0.0,
        0.0,
        0.0,
        0.0,
        0.0,
        1.0
      ]
    ],
    "reversion": [
      [
        1.055684732246029,
        0.005645315480691759,
        0.15912563387280695,
        0.1914174038343638,
        0.1914174038343638,
        0.0
      ],
      [
        0.005645315480691759,
        1.0006127035695704,
        0.016455765547391955,
        0.019211519651672067,
        0.019211519651672067,
        0.0
      ],
      [
        0.15912563387280695,
        0.016455765547391955,
        1.457313544317906,
        0.5454399675290166,
        0.5454399675290166,
        0.0
      ],
      [
        0.1914174038343638,
        0.019211519651672067,
        0.5454399675290166,
        1.658936773181464,
        0.6589367731814716,
        0.0
      ],
      [
        0.1914174038343638,
        0.019211519651672067,
        0.5454399675290166,
        0.6589367731814716,
        1.658936773181464,
        0.0
      ],
      [
        0.0,
        0.0,
        0.0,
        0.0,
        0.0,
        1.0
      ]
    ],
    "vwap": [
      [
        1.0,
        0.0,
        0.0,
        0.0,
        0.0,
        0.0
      ],
      [
        0.0,
        1.0,
        0.0,
        0.0,
        0.0,
        0.0
      ],
      [
        0.0,
        0.0,
        1.0,
        0.0,
        0.0,
        0.0
      ],
      [
        0.0,
        0.0,
        0.0,
        1.0,
        0.0,
        0.0
      ],
      [
        0.0,
        0.0,
        0.0,
        0.0,
        1.0,
        0.0
      ],
      [
        0.0,
        0.0,
        0.0,
        0.0,
        0.0,
        1.0
      ]
    ]
  },
  "b": {
    "trend": [
      [
        0.16363545933795828
      ],
      [
        0.09833783529722732
      ],
      [
        1.7899030970941718
      ],
      [
        0.3836191819560551
      ],
      [
        0.3836191819560551
      ],
      [
        0.0
      ]
    ],
    "breakout": [
      [
        0.0
      ],
      [
        0.0
      ],
      [
        0.0
      ],
      [
        0.0
      ],
      [
        0.0
      ],
      [
        0.0
      ]
    ],
    "reversion": [
      [
        0.07631433676898174
      ],
      [
        0.00830337219046736
      ],
      [
        0.22261805932059933
      ],
      [
        0.25960476551611605
      ],
      [
        0.25960476551611605
      ],
      [
        0.0
      ]
    ],
    "vwap": [
      [
        0.0
      ],
      [
        0.0
      ],
      [
        0.0
      ],
      [
        0.0
      ],
      [
        0.0
      ],
      [
        0.0
      ]
    ]
  },
  "counts": {
    "trend": 1,
    "breakout": 0,
    "reversion": 2,
    "vwap": 0
  },
  "reward_sum": {
    "trend": 0.3836191819560551,
    "breakout": 0.0,
    "reversion": 0.25960476551611605,
    "vwap": 0.0
  },
  "disabled_until": {
    "trend": 0.0,
    "breakout": 0.0,
    "reversion": 0.0,
    "vwap": 0.0
  },
  "_snapshot_time": "2025-09-19T03:47:00.897110"
}