{
  "arms": [
    "trend",
    "breakout",
    "reversion",
    "vwap"
  ],
  "d": 6,
  "alpha": 0.6,
  "alpha_base": 0.6,
  "alpha_boost_until": 0.0,
  "A": {
    "trend": [
      [
        1.0080118630039774,
        0.0048147832242261225,
        0.0876366189964567,
        0.018782630268305733,
        0.018782630268305733,
        0.0
      ],
      [
        0.0048147832242261225,
        1.0028934765216018,
        0.052665818519692285,
        0.011287548611078491,
        0.011287548611078491,
        0.0
      ],
      [
        0.0876366189964567,
        0.052665818519692285,
        1.958600638243392,
        0.20545111814292769,
        0.20545111814292769,
        0.0
      ],
      [
        0.018782630268305733,
        0.011287548611078491,
        0.20545111814292769,
        1.0440331043629678,
        0.04403310436296763,
        0.0
      ],
      [
        0.018782630268305733,
        0.011287548611078491,
        0.20545111814292769,
        0.04403310436296763,
        1.0440331043629678,
        0.0
      ],
      [
        0.0,
        0.0,
        0.0,
        0.0,
        0.0,
        1.0
      ]
    ],
    "breakout": [
      [
        1.0,
        0.0,
        0.0,
        0.0,
        0.0,
        0.0
      ],
      [
        0.0,
        1.0,
        0.0,
        0.0,
        0.0,
        0.0
      ],
      [
        0.0,
        0.0,
        1.0,
        0.0,
        0.0,
        0.0
      ],
      [
        0.0,
        0.0,
        0.0,
        1.0,
        0.0,
        0.0
      ],
      [
        0.0,
        0.0,
        0.0,
        0.0,
        1.0,
        0.0
      ],
      [
        0.0,
        0.0,
        0.0,
        0.0,
        0.0,
        1.0
      ]
    ],
    "reversion": [
      [
        1.0923970686990958,
        0.006020930643305275,
        0.1551843728215002,
        0.29029687387015063,
        0.29029687387015063,
        0.0
      ],
      [
        0.006020930643305275,
        1.0004814623242573,
        0.012257803608262417,
        0.02014419914964685,
        0.02014419914964685,
        0.0
      ],
      [
        0.1551843728215002,
        0.012257803608262417,
        1.3316261011160946,
        0.5197473512163095,
        0.5197473512163095,
        0.0
      ],
      [
        0.29029687387015063,
        0.02014419914964685,
        0.5197473512163095,
        1.933106003822564,
        0.9331060038225812,
        0.0
      ],
      [
        0.29029687387015063,
        0.02014419914964685,
        0.5197473512163095,
        0.9331060038225812,
        1.933106003822564,
        0.0
      ],
      [
        0.0,
        0.0,
        0.0,
        0.0,
        0.0,
        1.0
      ]
    ],
    "vwap": [
      [
        1.0,
        0.0,
        0.0,
        0.0,
        0.0,
        0.0
      ],
      [
        0.0,
        1.0,
        0.0,
        0.0,
        0.0,
        0.0
      ],
      [
        0.0,
        0.0,
        1.0,
        0.0,
        0.0,
        0.0
      ],
      [
        0.0,
        0.0,
        0.0,
        1.0,
        0.0,
        0.0
      ],
      [
        0.0,
        0.0,
        0.0,
        0.0,
        1.0,
        0.0
      ],
      [
        0.0,
        0.0,
        0.0,
        0.0,
        0.0,
        1.0
      ]
    ]
  },
  "b": {
    "trend": [
      [
        0.019149435632901717
      ],
      [
        0.011507982774160973
      ],
      [
        0.20946336622642603
      ],
      [
        0.0448930254000871
      ],
      [
        0.0448930254000871
      ],
      [
        0.0
      ]
    ],
    "breakout": [
      [
        0.0
      ],
      [
        0.0
      ],
      [
        0.0
      ],
      [
        0.0
      ],
      [
        0.0
      ],
      [
        0.0
      ]
    ],
    "reversion": [
      [
        -0.002641116637382397
      ],
      [
        -0.01912113947989027
      ],
      [
        -0.5266527175161076
      ],
      [
        -0.3316520300404649
      ],
      [
        -0.3316520300404649
      ],
      [
        0.0
      ]
    ],
    "vwap": [
      [
        0.0
      ],
      [
        0.0
      ],
      [
        0.0
      ],
      [
        0.0
      ],
      [
        0.0
      ],
      [
        0.0
      ]
    ]
  },
  "counts": {
    "trend": 1,
    "breakout": 0,
    "reversion": 8,
    "vwap": 0
  },
  "reward_sum": {
    "trend": 0.0448930254000871,
    "breakout": 0.0,
    "reversion": -0.3316520300404649,
    "vwap": 0.0
  },
  "disabled_until": {
    "trend": 0.0,
    "breakout": 0.0,
    "reversion": 0.0,
    "vwap": 0.0
  },
  "_snapshot_time": "2025-09-24T18:08:00.645348"
}