{
  "arms": [
    "trend",
    "breakout",
    "reversion",
    "vwap"
  ],
  "d": 6,
  "alpha": 0.6,
  "alpha_base": 0.6,
  "alpha_boost_until": 0.0,
  "A": {
    "trend": [
      [
        1.0050773121277907,
        0.003051245040624024,
        0.055537453429790655,
        0.011903008876428497,
        0.011903008876428497,
        0.0
      ],
      [
        0.003051245040624024,
        1.0018336663304521,
        0.03337560801492666,
        0.007153193636436569,
        0.007153193636436569,
        0.0
      ],
      [
        0.055537453429790655,
        0.03337560801492666,
        1.6074885009696982,
        0.13019936228282153,
        0.13019936228282153,
        0.0
      ],
      [
        0.011903008876428497,
        0.007153193636436569,
        0.13019936228282153,
        1.027904847436278,
        0.0279048474362789,
        0.0
      ],
      [
        0.011903008876428497,
        0.007153193636436569,
        0.13019936228282153,
        0.0279048474362789,
        1.027904847436278,
        0.0
      ],
      [
        0.0,
        0.0,
        0.0,
        0.0,
        0.0,
        1.0
      ]
    ],
    "breakout": [
      [
        1.0,
        0.0,
        0.0,
        0.0,
        0.0,
        0.0
      ],
      [
        0.0,
        1.0,
        0.0,
        0.0,
        0.0,
        0.0
      ],
      [
        0.0,
        0.0,
        1.0,
        0.0,
        0.0,
        0.0
      ],
      [
        0.0,
        0.0,
        0.0,
        1.0,
        0.0,
        0.0
      ],
      [
        0.0,
        0.0,
        0.0,
        0.0,
        1.0,
        0.0
      ],
      [
        0.0,
        0.0,
        0.0,
        0.0,
        0.0,
        1.0
      ]
    ],
    "reversion": [
      [
        1.1355634784910325,
        0.012591652802788764,
        0.5107625915460927,
        0.4356323636608049,
        0.4356323636608049,
        0.0
      ],
      [
        0.012591652802788764,
        1.0013052405285365,
        0.054767669436340684,
        0.04144575730911294,
        0.04144575730911294,
        0.0
      ],
      [
        0.5107625915460927,
        0.054767669436340684,
        3.4188434139118278,
        1.6771498442350037,
        1.6771498442350037,
        0.0
      ],
      [
        0.4356323636608049,
        0.04144575730911294,
        1.6771498442350037,
        2.413764214517358,
        1.4137642145173714,
        0.0
      ],
      [
        0.4356323636608049,
        0.04144575730911294,
        1.6771498442350037,
        1.4137642145173714,
        2.413764214517358,
        0.0
      ],
      [
        0.0,
        0.0,
        0.0,
        0.0,
        0.0,
        1.0
      ]
    ],
    "vwap": [
      [
        1.0,
        0.0,
        0.0,
        0.0,
        0.0,
        0.0
      ],
      [
        0.0,
        1.0,
        0.0,
        0.0,
        0.0,
        0.0
      ],
      [
        0.0,
        0.0,
        1.0,
        0.0,
        0.0,
        0.0
      ],
      [
        0.0,
        0.0,
        0.0,
        1.0,
        0.0,
        0.0
      ],
      [
        0.0,
        0.0,
        0.0,
        0.0,
        1.0,
        0.0
      ],
      [
        0.0,
        0.0,
        0.0,
        0.0,
        0.0,
        1.0
      ]
    ]
  },
  "b": {
    "trend": [
      [
        0.012135462342654411
      ],
      [
        0.00729288811811235
      ],
      [
        0.13274202131779722
      ],
      [
        0.028449800277901557
      ],
      [
        0.028449800277901557
      ],
      [
        0.0
      ]
    ],
    "breakout": [
      [
        0.0
      ],
      [
        0.0
      ],
      [
        0.0
      ],
      [
        0.0
      ],
      [
        0.0
      ],
      [
        0.0
      ]
    ],
    "reversion": [
      [
        -0.28651991971156565
      ],
      [
        -0.044578871067896694
      ],
      [
        -1.85923023761868
      ],
      [
        -1.1410461564294652
      ],
      [
        -1.1410461564294652
      ],
      [
        0.0
      ]
    ],
    "vwap": [
      [
        0.0
      ],
      [
        0.0
      ],
      [
        0.0
      ],
      [
        0.0
      ],
      [
        0.0
      ],
      [
        0.0
      ]
    ]
  },
  "counts": {
    "trend": 1,
    "breakout": 0,
    "reversion": 9,
    "vwap": 0
  },
  "reward_sum": {
    "trend": 0.028449800277901557,
    "breakout": 0.0,
    "reversion": -1.1410461564294652,
    "vwap": 0.0
  },
  "disabled_until": {
    "trend": 0.0,
    "breakout": 0.0,
    "reversion": 0.0,
    "vwap": 0.0
  },
  "_snapshot_time": "2025-09-25T17:08:00.752761"
}