{
  "arms": [
    "trend",
    "breakout",
    "reversion",
    "vwap"
  ],
  "d": 6,
  "alpha": 0.6,
  "alpha_base": 0.6,
  "alpha_boost_until": 0.0,
  "A": {
    "trend": [
      [
        1.0152187568778657,
        0.009145814808959185,
        0.16646819815106692,
        0.035678129223914536,
        0.035678129223914536,
        0.0
      ],
      [
        0.009145814808959185,
        1.0054962392257836,
        0.10004018883337738,
        0.02144101290471723,
        0.02144101290471723,
        0.0
      ],
      [
        0.16646819815106692,
        0.10004018883337738,
        2.8208886059524265,
        0.39026011999342386,
        0.39026011999342386,
        0.0
      ],
      [
        0.035678129223914536,
        0.02144101290471723,
        0.39026011999342386,
        1.0836421079023761,
        0.08364210790237678,
        0.0
      ],
      [
        0.035678129223914536,
        0.02144101290471723,
        0.39026011999342386,
        0.08364210790237678,
        1.0836421079023761,
        0.0
      ],
      [
        0.0,
        0.0,
        0.0,
        0.0,
        0.0,
        1.0
      ]
    ],
    "breakout": [
      [
        1.0,
        0.0,
        0.0,
        0.0,
        0.0,
        0.0
      ],
      [
        0.0,
        1.0,
        0.0,
        0.0,
        0.0,
        0.0
      ],
      [
        0.0,
        0.0,
        1.0,
        0.0,
        0.0,
        0.0
      ],
      [
        0.0,
        0.0,
        0.0,
        1.0,
        0.0,
        0.0
      ],
      [
        0.0,
        0.0,
        0.0,
        0.0,
        1.0,
        0.0
      ],
      [
        0.0,
        0.0,
        0.0,
        0.0,
        0.0,
        1.0
      ]
    ],
    "reversion": [
      [
        1.1755108049227734,
        0.011436925418404123,
        0.29477703750578327,
        0.5514269956489922,
        0.5514269956489922,
        0.0
      ],
      [
        0.011436925418404123,
        1.0009145510919346,
        0.023284039290009523,
        0.0382644672288595,
        0.0382644672288595,
        0.0
      ],
      [
        0.29477703750578327,
        0.023284039290009523,
        1.6299330136742483,
        0.9872745667455176,
        0.9872745667455176,
        0.0
      ],
      [
        0.5514269956489922,
        0.0382644672288595,
        0.9872745667455176,
        2.772460837935414,
        1.7724608379354312,
        0.0
      ],
      [
        0.5514269956489922,
        0.0382644672288595,
        0.9872745667455176,
        1.7724608379354312,
        2.772460837935414,
        0.0
      ],
      [
        0.0,
        0.0,
        0.0,
        0.0,
        0.0,
        1.0
      ]
    ],
    "vwap": [
      [
        1.0,
        0.0,
        0.0,
        0.0,
        0.0,
        0.0
      ],
      [
        0.0,
        1.0,
        0.0,
        0.0,
        0.0,
        0.0
      ],
      [
        0.0,
        0.0,
        1.0,
        0.0,
        0.0,
        0.0
      ],
      [
        0.0,
        0.0,
        0.0,
        1.0,
        0.0,
        0.0
      ],
      [
        0.0,
        0.0,
        0.0,
        0.0,
        1.0,
        0.0
      ],
      [
        0.0,
        0.0,
        0.0,
        0.0,
        0.0,
        1.0
      ]
    ]
  },
  "b": {
    "trend": [
      [
        0.03637488622818587
      ],
      [
        0.021859733735797707
      ],
      [
        0.3978814969548294
      ],
      [
        0.08527555185811929
      ],
      [
        0.08527555185811929
      ],
      [
        0.0
      ]
    ],
    "breakout": [
      [
        0.0
      ],
      [
        0.0
      ],
      [
        0.0
      ],
      [
        0.0
      ],
      [
        0.0
      ],
      [
        0.0
      ]
    ],
    "reversion": [
      [
        -0.005016874598387106
      ],
      [
        -0.0363211368975937
      ],
      [
        -1.0003915023218093
      ],
      [
        -0.6299822663881167
      ],
      [
        -0.6299822663881167
      ],
      [
        0.0
      ]
    ],
    "vwap": [
      [
        0.0
      ],
      [
        0.0
      ],
      [
        0.0
      ],
      [
        0.0
      ],
      [
        0.0
      ],
      [
        0.0
      ]
    ]
  },
  "counts": {
    "trend": 1,
    "breakout": 0,
    "reversion": 8,
    "vwap": 0
  },
  "reward_sum": {
    "trend": 0.08527555185811929,
    "breakout": 0.0,
    "reversion": -0.6299822663881167,
    "vwap": 0.0
  },
  "disabled_until": {
    "trend": 0.0,
    "breakout": 0.0,
    "reversion": 0.0,
    "vwap": 0.0
  },
  "_snapshot_time": "2025-09-23T17:53:00.785009"
}