{
  "arms": [
    "trend",
    "breakout",
    "reversion",
    "vwap"
  ],
  "d": 6,
  "alpha": 0.6,
  "alpha_base": 0.6,
  "alpha_boost_until": 0.0,
  "A": {
    "trend": [
      [
        1.0651157073887516,
        0.03913172447074981,
        0.7122588636726458,
        0.1526541649470501,
        0.1526541649470501,
        0.0
      ],
      [
        0.03913172447074981,
        1.0235164743110698,
        0.4280367782643757,
        0.09173855221070984,
        0.09173855221070984,
        0.0
      ],
      [
        0.7122588636726458,
        0.4280367782643757,
        8.7909418360689,
        1.6697857770468414,
        1.6697857770468414,
        0.0
      ],
      [
        0.1526541649470501,
        0.09173855221070984,
        1.6697857770468414,
        1.3578751580867627,
        0.3578751580867638,
        0.0
      ],
      [
        0.1526541649470501,
        0.09173855221070984,
        1.6697857770468414,
        0.3578751580867638,
        1.3578751580867627,
        0.0
      ],
      [
        0.0,
        0.0,
        0.0,
        0.0,
        0.0,
        1.0
      ]
    ],
    "breakout": [
      [
        1.0,
        0.0,
        0.0,
        0.0,
        0.0,
        0.0
      ],
      [
        0.0,
        1.0,
        0.0,
        0.0,
        0.0,
        0.0
      ],
      [
        0.0,
        0.0,
        1.0,
        0.0,
        0.0,
        0.0
      ],
      [
        0.0,
        0.0,
        0.0,
        1.0,
        0.0,
        0.0
      ],
      [
        0.0,
        0.0,
        0.0,
        0.0,
        1.0,
        0.0
      ],
      [
        0.0,
        0.0,
        0.0,
        0.0,
        0.0,
        1.0
      ]
    ],
    "reversion": [
      [
        1.1751638636641202,
        0.012134019658010885,
        0.3191300737898294,
        0.5264149893566651,
        0.5264149893566651,
        0.0
      ],
      [
        0.012134019658010885,
        1.0009572217702165,
        0.024939256722354648,
        0.03733476022919462,
        0.03733476022919462,
        0.0
      ],
      [
        0.3191300737898294,
        0.024939256722354648,
        1.665324917776433,
        0.9915779906422837,
        0.9915779906422837,
        0.0
      ],
      [
        0.5264149893566651,
        0.03733476022919462,
        0.9915779906422837,
        2.597093949665582,
        1.59709394966559,
        0.0
      ],
      [
        0.5264149893566651,
        0.03733476022919462,
        0.9915779906422837,
        1.59709394966559,
        2.597093949665582,
        0.0
      ],
      [
        0.0,
        0.0,
        0.0,
        0.0,
        0.0,
        1.0
      ]
    ],
    "vwap": [
      [
        1.0,
        0.0,
        0.0,
        0.0,
        0.0,
        0.0
      ],
      [
        0.0,
        1.0,
        0.0,
        0.0,
        0.0,
        0.0
      ],
      [
        0.0,
        0.0,
        1.0,
        0.0,
        0.0,
        0.0
      ],
      [
        0.0,
        0.0,
        0.0,
        1.0,
        0.0,
        0.0
      ],
      [
        0.0,
        0.0,
        0.0,
        0.0,
        1.0,
        0.0
      ],
      [
        0.0,
        0.0,
        0.0,
        0.0,
        0.0,
        1.0
      ]
    ]
  },
  "b": {
    "trend": [
      [
        0.15563534307975205
      ],
      [
        0.09353011135926746
      ],
      [
        1.7023949681983266
      ],
      [
        0.3648640901993963
      ],
      [
        0.3648640901993963
      ],
      [
        0.0
      ]
    ],
    "breakout": [
      [
        0.0
      ],
      [
        0.0
      ],
      [
        0.0
      ],
      [
        0.0
      ],
      [
        0.0
      ],
      [
        0.0
      ]
    ],
    "reversion": [
      [
        -0.15025659001264546
      ],
      [
        -0.004438313345191888
      ],
      [
        -0.09422737850164344
      ],
      [
        -0.38103558587442077
      ],
      [
        -0.38103558587442077
      ],
      [
        0.0
      ]
    ],
    "vwap": [
      [
        0.0
      ],
      [
        0.0
      ],
      [
        0.0
      ],
      [
        0.0
      ],
      [
        0.0
      ],
      [
        0.0
      ]
    ]
  },
  "counts": {
    "trend": 1,
    "breakout": 0,
    "reversion": 3,
    "vwap": 0
  },
  "reward_sum": {
    "trend": 0.3648640901993963,
    "breakout": 0.0,
    "reversion": -0.38103558587442077,
    "vwap": 0.0
  },
  "disabled_until": {
    "trend": 0.0,
    "breakout": 0.0,
    "reversion": 0.0,
    "vwap": 0.0
  },
  "_snapshot_time": "2025-09-19T05:26:00.439630"
}