{
  "arms": [
    "trend",
    "breakout",
    "reversion",
    "vwap"
  ],
  "d": 6,
  "alpha": 0.6,
  "alpha_base": 0.6,
  "alpha_boost_until": 0.0,
  "A": {
    "trend": [
      [
        1.014991615029119,
        0.009009312379708617,
        0.16398363948513747,
        0.035145628685481455,
        0.035145628685481455,
        0.0
      ],
      [
        0.009009312379708617,
        1.0054142071683088,
        0.09854707651001562,
        0.02112100310698771,
        0.02112100310698771,
        0.0
      ],
      [
        0.16398363948513747,
        0.09854707651001562,
        2.7937116158975104,
        0.384435438920007,
        0.384435438920007,
        0.0
      ],
      [
        0.035145628685481455,
        0.02112100310698771,
        0.384435438920007,
        1.0823937389866698,
        0.08239373898667031,
        0.0
      ],
      [
        0.035145628685481455,
        0.02112100310698771,
        0.384435438920007,
        0.08239373898667031,
        1.0823937389866698,
        0.0
      ],
      [
        0.0,
        0.0,
        0.0,
        0.0,
        0.0,
        1.0
      ]
    ],
    "breakout": [
      [
        1.0,
        0.0,
        0.0,
        0.0,
        0.0,
        0.0
      ],
      [
        0.0,
        1.0,
        0.0,
        0.0,
        0.0,
        0.0
      ],
      [
        0.0,
        0.0,
        1.0,
        0.0,
        0.0,
        0.0
      ],
      [
        0.0,
        0.0,
        0.0,
        1.0,
        0.0,
        0.0
      ],
      [
        0.0,
        0.0,
        0.0,
        0.0,
        1.0,
        0.0
      ],
      [
        0.0,
        0.0,
        0.0,
        0.0,
        0.0,
        1.0
      ]
    ],
    "reversion": [
      [
        1.1728912842204502,
        0.011266227876918763,
        0.2903774533738797,
        0.5431968788105566,
        0.5431968788105566,
        0.0
      ],
      [
        0.011266227876918763,
        1.0009009013025685,
        0.022936522093101222,
        0.03769336527241036,
        0.03769336527241036,
        0.0
      ],
      [
        0.2903774533738797,
        0.022936522093101222,
        1.6205311847035335,
        0.9725393704275199,
        0.9725393704275199,
        0.0
      ],
      [
        0.5431968788105566,
        0.03769336527241036,
        0.9725393704275199,
        2.746006638371623,
        1.7460066383716402,
        0.0
      ],
      [
        0.5431968788105566,
        0.03769336527241036,
        0.9725393704275199,
        1.7460066383716402,
        2.746006638371623,
        0.0
      ],
      [
        0.0,
        0.0,
        0.0,
        0.0,
        0.0,
        1.0
      ]
    ],
    "vwap": [
      [
        1.0,
        0.0,
        0.0,
        0.0,
        0.0,
        0.0
      ],
      [
        0.0,
        1.0,
        0.0,
        0.0,
        0.0,
        0.0
      ],
      [
        0.0,
        0.0,
        1.0,
        0.0,
        0.0,
        0.0
      ],
      [
        0.0,
        0.0,
        0.0,
        1.0,
        0.0,
        0.0
      ],
      [
        0.0,
        0.0,
        0.0,
        0.0,
        1.0,
        0.0
      ],
      [
        0.0,
        0.0,
        0.0,
        0.0,
        0.0,
        1.0
      ]
    ]
  },
  "b": {
    "trend": [
      [
        0.03583198650436942
      ],
      [
        0.02153347447732421
      ],
      [
        0.3919430658775914
      ],
      [
        0.08400280358719288
      ],
      [
        0.08400280358719288
      ],
      [
        0.0
      ]
    ],
    "breakout": [
      [
        0.0
      ],
      [
        0.0
      ],
      [
        0.0
      ],
      [
        0.0
      ],
      [
        0.0
      ],
      [
        0.0
      ]
    ],
    "reversion": [
      [
        -0.004941997117896853
      ],
      [
        -0.035779039389255
      ],
      [
        -0.9854605341007185
      ],
      [
        -0.6205797023144908
      ],
      [
        -0.6205797023144908
      ],
      [
        0.0
      ]
    ],
    "vwap": [
      [
        0.0
      ],
      [
        0.0
      ],
      [
        0.0
      ],
      [
        0.0
      ],
      [
        0.0
      ],
      [
        0.0
      ]
    ]
  },
  "counts": {
    "trend": 1,
    "breakout": 0,
    "reversion": 8,
    "vwap": 0
  },
  "reward_sum": {
    "trend": 0.08400280358719288,
    "breakout": 0.0,
    "reversion": -0.6205797023144908,
    "vwap": 0.0
  },
  "disabled_until": {
    "trend": 0.0,
    "breakout": 0.0,
    "reversion": 0.0,
    "vwap": 0.0
  },
  "_snapshot_time": "2025-09-23T18:26:00.373055"
}