{
  "arms": [
    "trend",
    "breakout",
    "reversion",
    "vwap"
  ],
  "d": 6,
  "alpha": 0.6,
  "alpha_base": 0.6,
  "alpha_boost_until": 0.0,
  "A": {
    "trend": [
      [
        1.1107743483407644,
        0.06657059335650237,
        1.2116893855152815,
        0.2596941094804706,
        0.2596941094804706,
        0.0
      ],
      [
        0.06657059335650237,
        1.0400060480266107,
        0.7281729260044321,
        0.15606493035844504,
        0.15606493035844504,
        0.0
      ],
      [
        1.2116893855152815,
        0.7281729260044321,
        14.253891256971807,
        2.8406269199647842,
        2.8406269199647842,
        0.0
      ],
      [
        0.2596941094804706,
        0.15606493035844504,
        2.8406269199647842,
        1.6088145090359065,
        0.6088145090359074,
        0.0
      ],
      [
        0.2596941094804706,
        0.15606493035844504,
        2.8406269199647842,
        0.6088145090359074,
        1.6088145090359065,
        0.0
      ],
      [
        0.0,
        0.0,
        0.0,
        0.0,
        0.0,
        1.0
      ]
    ],
    "breakout": [
      [
        1.0,
        0.0,
        0.0,
        0.0,
        0.0,
        0.0
      ],
      [
        0.0,
        1.0,
        0.0,
        0.0,
        0.0,
        0.0
      ],
      [
        0.0,
        0.0,
        1.0,
        0.0,
        0.0,
        0.0
      ],
      [
        0.0,
        0.0,
        0.0,
        1.0,
        0.0,
        0.0
      ],
      [
        0.0,
        0.0,
        0.0,
        0.0,
        1.0,
        0.0
      ],
      [
        0.0,
        0.0,
        0.0,
        0.0,
        0.0,
        1.0
      ]
    ],
    "reversion": [
      [
        1.0900990857519628,
        0.009134240986280453,
        0.2574686732495496,
        0.30971744653976246,
        0.30971744653976246,
        0.0
      ],
      [
        0.009134240986280453,
        1.0009913674579822,
        0.02662578001844296,
        0.03108464899990537,
        0.03108464899990537,
        0.0
      ],
      [
        0.2574686732495496,
        0.02662578001844296,
        1.7399430792445143,
        0.8825335136715026,
        0.8825335136715026,
        0.0
      ],
      [
        0.30971744653976246,
        0.03108464899990537,
        0.8825335136715026,
        2.0661737685958315,
        1.0661737685958426,
        0.0
      ],
      [
        0.30971744653976246,
        0.03108464899990537,
        0.8825335136715026,
        1.0661737685958426,
        2.0661737685958315,
        0.0
      ],
      [
        0.0,
        0.0,
        0.0,
        0.0,
        0.0,
        1.0
      ]
    ],
    "vwap": [
      [
        1.0,
        0.0,
        0.0,
        0.0,
        0.0,
        0.0
      ],
      [
        0.0,
        1.0,
        0.0,
        0.0,
        0.0,
        0.0
      ],
      [
        0.0,
        0.0,
        1.0,
        0.0,
        0.0,
        0.0
      ],
      [
        0.0,
        0.0,
        0.0,
        1.0,
        0.0,
        0.0
      ],
      [
        0.0,
        0.0,
        0.0,
        0.0,
        1.0,
        0.0
      ],
      [
        0.0,
        0.0,
        0.0,
        0.0,
        0.0,
        1.0
      ]
    ]
  },
  "b": {
    "trend": [
      [
        0.26476566714575434
      ],
      [
        0.15911271721593195
      ],
      [
        2.896101429028464
      ],
      [
        0.6207040274243448
      ],
      [
        0.6207040274243448
      ],
      [
        0.0
      ]
    ],
    "breakout": [
      [
        0.0
      ],
      [
        0.0
      ],
      [
        0.0
      ],
      [
        0.0
      ],
      [
        0.0
      ],
      [
        0.0
      ]
    ],
    "reversion": [
      [
        0.12347822635248465
      ],
      [
        0.013435033497404195
      ],
      [
        0.3602007733114782
      ],
      [
        0.420046053674305
      ],
      [
        0.420046053674305
      ],
      [
        0.0
      ]
    ],
    "vwap": [
      [
        0.0
      ],
      [
        0.0
      ],
      [
        0.0
      ],
      [
        0.0
      ],
      [
        0.0
      ],
      [
        0.0
      ]
    ]
  },
  "counts": {
    "trend": 1,
    "breakout": 0,
    "reversion": 2,
    "vwap": 0
  },
  "reward_sum": {
    "trend": 0.6207040274243448,
    "breakout": 0.0,
    "reversion": 0.420046053674305,
    "vwap": 0.0
  },
  "disabled_until": {
    "trend": 0.0,
    "breakout": 0.0,
    "reversion": 0.0,
    "vwap": 0.0
  },
  "_snapshot_time": "2025-09-18T09:40:00.113503"
}