{
  "arms": [
    "trend",
    "breakout",
    "reversion",
    "vwap"
  ],
  "d": 6,
  "alpha": 0.6,
  "alpha_base": 0.6,
  "alpha_boost_until": 0.0,
  "A": {
    "trend": [
      [
        1.0229554894986892,
        0.013795256569831684,
        0.2510953427530522,
        0.053815756917947336,
        0.053815756917947336,
        0.0
      ],
      [
        0.013795256569831684,
        1.0082903526774434,
        0.15089744337474814,
        0.032340942859229754,
        0.032340942859229754,
        0.0
      ],
      [
        0.2510953427530522,
        0.15089744337474814,
        3.746570538427036,
        0.5886559696145062,
        0.5886559696145062,
        0.0
      ],
      [
        0.053815756917947336,
        0.032340942859229754,
        0.5886559696145062,
        1.1261630989318223,
        0.1261630989318213,
        0.0
      ],
      [
        0.053815756917947336,
        0.032340942859229754,
        0.5886559696145062,
        0.1261630989318213,
        1.1261630989318223,
        0.0
      ],
      [
        0.0,
        0.0,
        0.0,
        0.0,
        0.0,
        1.0
      ]
    ],
    "breakout": [
      [
        1.0,
        0.0,
        0.0,
        0.0,
        0.0,
        0.0
      ],
      [
        0.0,
        1.0,
        0.0,
        0.0,
        0.0,
        0.0
      ],
      [
        0.0,
        0.0,
        1.0,
        0.0,
        0.0,
        0.0
      ],
      [
        0.0,
        0.0,
        0.0,
        1.0,
        0.0,
        0.0
      ],
      [
        0.0,
        0.0,
        0.0,
        0.0,
        1.0,
        0.0
      ],
      [
        0.0,
        0.0,
        0.0,
        0.0,
        0.0,
        1.0
      ]
    ],
    "reversion": [
      [
        1.2647349235975707,
        0.017251095043205843,
        0.4446323207095375,
        0.8317549658951611,
        0.8317549658951611,
        0.0
      ],
      [
        0.017251095043205843,
        1.0013794798192386,
        0.03512090532087618,
        0.05771690701772533,
        0.05771690701772533,
        0.0
      ],
      [
        0.4446323207095375,
        0.03512090532087618,
        1.9501709499880522,
        1.4891735988117796,
        1.4891735988117796,
        0.0
      ],
      [
        0.8317549658951611,
        0.05771690701772533,
        1.4891735988117796,
        3.6735236313056983,
        2.6735236313057134,
        0.0
      ],
      [
        0.8317549658951611,
        0.05771690701772533,
        1.4891735988117796,
        2.6735236313057134,
        3.6735236313056983,
        0.0
      ],
      [
        0.0,
        0.0,
        0.0,
        0.0,
        0.0,
        1.0
      ]
    ],
    "vwap": [
      [
        1.0,
        0.0,
        0.0,
        0.0,
        0.0,
        0.0
      ],
      [
        0.0,
        1.0,
        0.0,
        0.0,
        0.0,
        0.0
      ],
      [
        0.0,
        0.0,
        1.0,
        0.0,
        0.0,
        0.0
      ],
      [
        0.0,
        0.0,
        0.0,
        1.0,
        0.0,
        0.0
      ],
      [
        0.0,
        0.0,
        0.0,
        0.0,
        1.0,
        0.0
      ],
      [
        0.0,
        0.0,
        0.0,
        0.0,
        0.0,
        1.0
      ]
    ]
  },
  "b": {
    "trend": [
      [
        0.05486672305289845
      ],
      [
        0.032972528061483104
      ],
      [
        0.6001518125540548
      ],
      [
        0.12862693391346053
      ],
      [
        0.12862693391346053
      ],
      [
        0.0
      ]
    ],
    "breakout": [
      [
        0.0
      ],
      [
        0.0
      ],
      [
        0.0
      ],
      [
        0.0
      ],
      [
        0.0
      ],
      [
        0.0
      ]
    ],
    "reversion": [
      [
        -0.007567294298986307
      ],
      [
        -0.054785649269811436
      ],
      [
        -1.5089587678169114
      ],
      [
        -0.950245241217294
      ],
      [
        -0.950245241217294
      ],
      [
        0.0
      ]
    ],
    "vwap": [
      [
        0.0
      ],
      [
        0.0
      ],
      [
        0.0
      ],
      [
        0.0
      ],
      [
        0.0
      ],
      [
        0.0
      ]
    ]
  },
  "counts": {
    "trend": 1,
    "breakout": 0,
    "reversion": 8,
    "vwap": 0
  },
  "reward_sum": {
    "trend": 0.12862693391346053,
    "breakout": 0.0,
    "reversion": -0.950245241217294,
    "vwap": 0.0
  },
  "disabled_until": {
    "trend": 0.0,
    "breakout": 0.0,
    "reversion": 0.0,
    "vwap": 0.0
  },
  "_snapshot_time": "2025-09-23T02:41:00.487263"
}