{
  "arms": [
    "trend",
    "breakout",
    "reversion",
    "vwap"
  ],
  "d": 6,
  "alpha": 0.6,
  "alpha_base": 0.6,
  "alpha_boost_until": 0.0,
  "A": {
    "trend": [
      [
        1.0264143724449006,
        0.01587389565486312,
        0.28892983976829895,
        0.061924597457008165,
        0.061924597457008165,
        0.0
      ],
      [
        0.01587389565486312,
        1.0095395248850627,
        0.17363434007850387,
        0.03721400538863392,
        0.03721400538863392,
        0.0
      ],
      [
        0.28892983976829895,
        0.17363434007850387,
        4.16041777947476,
        0.6773533635255149,
        0.6773533635255149,
        0.0
      ],
      [
        0.061924597457008165,
        0.03721400538863392,
        0.6773533635255149,
        1.1451730787173289,
        0.1451730787173275,
        0.0
      ],
      [
        0.061924597457008165,
        0.03721400538863392,
        0.6773533635255149,
        0.1451730787173275,
        1.1451730787173289,
        0.0
      ],
      [
        0.0,
        0.0,
        0.0,
        0.0,
        0.0,
        1.0
      ]
    ],
    "breakout": [
      [
        1.0,
        0.0,
        0.0,
        0.0,
        0.0,
        0.0
      ],
      [
        0.0,
        1.0,
        0.0,
        0.0,
        0.0,
        0.0
      ],
      [
        0.0,
        0.0,
        1.0,
        0.0,
        0.0,
        0.0
      ],
      [
        0.0,
        0.0,
        0.0,
        1.0,
        0.0,
        0.0
      ],
      [
        0.0,
        0.0,
        0.0,
        0.0,
        1.0,
        0.0
      ],
      [
        0.0,
        0.0,
        0.0,
        0.0,
        0.0,
        1.0
      ]
    ],
    "reversion": [
      [
        1.3046246028200739,
        0.01985045231031299,
        0.5116285462321741,
        0.9570819848256812,
        0.9570819848256812,
        0.0
      ],
      [
        0.01985045231031299,
        1.0015873368210109,
        0.040412846513279276,
        0.06641356432068066,
        0.06641356432068066,
        0.0
      ],
      [
        0.5116285462321741,
        0.040412846513279276,
        2.093340630385721,
        1.7135590193523753,
        1.7135590193523753,
        0.0
      ],
      [
        0.9570819848256812,
        0.06641356432068066,
        1.7135590193523753,
        4.076364324166769,
        3.076364324166784,
        0.0
      ],
      [
        0.9570819848256812,
        0.06641356432068066,
        1.7135590193523753,
        3.076364324166784,
        4.076364324166769,
        0.0
      ],
      [
        0.0,
        0.0,
        0.0,
        0.0,
        0.0,
        1.0
      ]
    ],
    "vwap": [
      [
        1.0,
        0.0,
        0.0,
        0.0,
        0.0,
        0.0
      ],
      [
        0.0,
        1.0,
        0.0,
        0.0,
        0.0,
        0.0
      ],
      [
        0.0,
        0.0,
        1.0,
        0.0,
        0.0,
        0.0
      ],
      [
        0.0,
        0.0,
        0.0,
        1.0,
        0.0,
        0.0
      ],
      [
        0.0,
        0.0,
        0.0,
        0.0,
        1.0,
        0.0
      ],
      [
        0.0,
        0.0,
        0.0,
        0.0,
        0.0,
        1.0
      ]
    ]
  },
  "b": {
    "trend": [
      [
        0.0631339208703539
      ],
      [
        0.03794075646767149
      ],
      [
        0.6905813749338824
      ],
      [
        0.14800815896475633
      ],
      [
        0.14800815896475633
      ],
      [
        0.0
      ]
    ],
    "breakout": [
      [
        0.0
      ],
      [
        0.0
      ],
      [
        0.0
      ],
      [
        0.0
      ],
      [
        0.0
      ],
      [
        0.0
      ]
    ],
    "reversion": [
      [
        -0.008707517651715182
      ],
      [
        -0.06304063106696724
      ],
      [
        -1.7363253743463174
      ],
      [
        -1.0934261156548832
      ],
      [
        -1.0934261156548832
      ],
      [
        0.0
      ]
    ],
    "vwap": [
      [
        0.0
      ],
      [
        0.0
      ],
      [
        0.0
      ],
      [
        0.0
      ],
      [
        0.0
      ],
      [
        0.0
      ]
    ]
  },
  "counts": {
    "trend": 1,
    "breakout": 0,
    "reversion": 8,
    "vwap": 0
  },
  "reward_sum": {
    "trend": 0.14800815896475633,
    "breakout": 0.0,
    "reversion": -1.0934261156548832,
    "vwap": 0.0
  },
  "disabled_until": {
    "trend": 0.0,
    "breakout": 0.0,
    "reversion": 0.0,
    "vwap": 0.0
  },
  "_snapshot_time": "2025-09-22T19:03:00.975053"
}