{
  "arms": [
    "trend",
    "breakout",
    "reversion",
    "vwap"
  ],
  "d": 6,
  "alpha": 0.6,
  "alpha_base": 0.6,
  "alpha_boost_until": 0.0,
  "A": {
    "trend": [
      [
        1.0075441529304183,
        0.004533709694280051,
        0.08252063916792927,
        0.017686153034476963,
        0.017686153034476963,
        0.0
      ],
      [
        0.004533709694280051,
        1.0027245634840112,
        0.04959133586295576,
        0.010628613206346196,
        0.010628613206346196,
        0.0
      ],
      [
        0.08252063916792927,
        0.04959133586295576,
        1.902640223692655,
        0.19345745854944058,
        0.19345745854944058,
        0.0
      ],
      [
        0.017686153034476963,
        0.010628613206346196,
        0.19345745854944058,
        1.0414625753274107,
        0.04146257532741124,
        0.0
      ],
      [
        0.017686153034476963,
        0.010628613206346196,
        0.19345745854944058,
        0.04146257532741124,
        1.0414625753274107,
        0.0
      ],
      [
        0.0,
        0.0,
        0.0,
        0.0,
        0.0,
        1.0
      ]
    ],
    "breakout": [
      [
        1.0,
        0.0,
        0.0,
        0.0,
        0.0,
        0.0
      ],
      [
        0.0,
        1.0,
        0.0,
        0.0,
        0.0,
        0.0
      ],
      [
        0.0,
        0.0,
        1.0,
        0.0,
        0.0,
        0.0
      ],
      [
        0.0,
        0.0,
        0.0,
        1.0,
        0.0,
        0.0
      ],
      [
        0.0,
        0.0,
        0.0,
        0.0,
        1.0,
        0.0
      ],
      [
        0.0,
        0.0,
        0.0,
        0.0,
        0.0,
        1.0
      ]
    ],
    "reversion": [
      [
        1.0870031871791035,
        0.005669445612585891,
        0.146125144725428,
        0.27335015721207967,
        0.27335015721207967,
        0.0
      ],
      [
        0.005669445612585891,
        1.0004533559051911,
        0.011542227440217222,
        0.018968237346332645,
        0.018968237346332645,
        0.0
      ],
      [
        0.146125144725428,
        0.011542227440217222,
        1.3122667001790083,
        0.4894059597386131,
        0.4894059597386131,
        0.0
      ],
      [
        0.27335015721207967,
        0.018968237346332645,
        0.4894059597386131,
        1.878633894468059,
        0.878633894468075,
        0.0
      ],
      [
        0.27335015721207967,
        0.018968237346332645,
        0.4894059597386131,
        0.878633894468075,
        1.878633894468059,
        0.0
      ],
      [
        0.0,
        0.0,
        0.0,
        0.0,
        0.0,
        1.0
      ]
    ],
    "vwap": [
      [
        1.0,
        0.0,
        0.0,
        0.0,
        0.0,
        0.0
      ],
      [
        0.0,
        1.0,
        0.0,
        0.0,
        0.0,
        0.0
      ],
      [
        0.0,
        0.0,
        1.0,
        0.0,
        0.0,
        0.0
      ],
      [
        0.0,
        0.0,
        0.0,
        1.0,
        0.0,
        0.0
      ],
      [
        0.0,
        0.0,
        0.0,
        0.0,
        1.0,
        0.0
      ],
      [
        0.0,
        0.0,
        0.0,
        0.0,
        0.0,
        1.0
      ]
    ]
  },
  "b": {
    "trend": [
      [
        0.018031545331479076
      ],
      [
        0.010836179041727742
      ],
      [
        0.19723548285186115
      ],
      [
        0.042272296588108375
      ],
      [
        0.042272296588108375
      ],
      [
        0.0
      ]
    ],
    "breakout": [
      [
        0.0
      ],
      [
        0.0
      ],
      [
        0.0
      ],
      [
        0.0
      ],
      [
        0.0
      ],
      [
        0.0
      ]
    ],
    "reversion": [
      [
        -0.0024869356614802703
      ],
      [
        -0.01800490102845556
      ],
      [
        -0.4959082101366009
      ],
      [
        -0.31229111544555344
      ],
      [
        -0.31229111544555344
      ],
      [
        0.0
      ]
    ],
    "vwap": [
      [
        0.0
      ],
      [
        0.0
      ],
      [
        0.0
      ],
      [
        0.0
      ],
      [
        0.0
      ],
      [
        0.0
      ]
    ]
  },
  "counts": {
    "trend": 1,
    "breakout": 0,
    "reversion": 8,
    "vwap": 0
  },
  "reward_sum": {
    "trend": 0.042272296588108375,
    "breakout": 0.0,
    "reversion": -0.31229111544555344,
    "vwap": 0.0
  },
  "disabled_until": {
    "trend": 0.0,
    "breakout": 0.0,
    "reversion": 0.0,
    "vwap": 0.0
  },
  "_snapshot_time": "2025-09-24T20:02:00.760344"
}