{
  "arms": [
    "trend",
    "breakout",
    "reversion",
    "vwap"
  ],
  "d": 6,
  "alpha": 0.6,
  "alpha_base": 0.6,
  "alpha_boost_until": 0.0,
  "A": {
    "trend": [
      [
        1.0307006715059681,
        0.018449776046602397,
        0.33581490976178385,
        0.07197319295139698,
        0.07197319295139698,
        0.0
      ],
      [
        0.018449776046602397,
        1.011087517616792,
        0.20181023978613394,
        0.043252776769198885,
        0.043252776769198885,
        0.0
      ],
      [
        0.33581490976178385,
        0.20181023978613394,
        4.6732634201955525,
        0.787268489926733,
        0.787268489926733,
        0.0
      ],
      [
        0.07197319295139698,
        0.043252776769198885,
        0.787268489926733,
        1.168730527689335,
        0.16873052768933355,
        0.0
      ],
      [
        0.07197319295139698,
        0.043252776769198885,
        0.787268489926733,
        0.16873052768933355,
        1.168730527689335,
        0.0
      ],
      [
        0.0,
        0.0,
        0.0,
        0.0,
        0.0,
        1.0
      ]
    ],
    "breakout": [
      [
        1.0,
        0.0,
        0.0,
        0.0,
        0.0,
        0.0
      ],
      [
        0.0,
        1.0,
        0.0,
        0.0,
        0.0,
        0.0
      ],
      [
        0.0,
        0.0,
        1.0,
        0.0,
        0.0,
        0.0
      ],
      [
        0.0,
        0.0,
        0.0,
        1.0,
        0.0,
        0.0
      ],
      [
        0.0,
        0.0,
        0.0,
        0.0,
        1.0,
        0.0
      ],
      [
        0.0,
        0.0,
        0.0,
        0.0,
        0.0,
        1.0
      ]
    ],
    "reversion": [
      [
        1.3540564850943655,
        0.02307161439837459,
        0.5946512628196922,
        1.112389085968437,
        1.112389085968437,
        0.0
      ],
      [
        0.02307161439837459,
        1.001844916301261,
        0.04697069854729045,
        0.07719059106941994,
        0.07719059106941994,
        0.0
      ],
      [
        0.5946512628196922,
        0.04697069854729045,
        2.270758622322672,
        1.9916207613473544,
        1.9916207613473544,
        0.0
      ],
      [
        1.112389085968437,
        0.07719059106941994,
        1.9916207613473544,
        4.575570487087449,
        3.5755704870874645,
        0.0
      ],
      [
        1.112389085968437,
        0.07719059106941994,
        1.9916207613473544,
        3.5755704870874645,
        4.575570487087449,
        0.0
      ],
      [
        0.0,
        0.0,
        0.0,
        0.0,
        0.0,
        1.0
      ]
    ],
    "vwap": [
      [
        1.0,
        0.0,
        0.0,
        0.0,
        0.0,
        0.0
      ],
      [
        0.0,
        1.0,
        0.0,
        0.0,
        0.0,
        0.0
      ],
      [
        0.0,
        0.0,
        1.0,
        0.0,
        0.0,
        0.0
      ],
      [
        0.0,
        0.0,
        0.0,
        1.0,
        0.0,
        0.0
      ],
      [
        0.0,
        0.0,
        0.0,
        0.0,
        1.0,
        0.0
      ],
      [
        0.0,
        0.0,
        0.0,
        0.0,
        0.0,
        1.0
      ]
    ]
  },
  "b": {
    "trend": [
      [
        0.07337875505343244
      ],
      [
        0.04409745881457707
      ],
      [
        0.802643030199178
      ],
      [
        0.17202566057772345
      ],
      [
        0.17202566057772345
      ],
      [
        0.0
      ]
    ],
    "breakout": [
      [
        0.0
      ],
      [
        0.0
      ],
      [
        0.0
      ],
      [
        0.0
      ],
      [
        0.0
      ],
      [
        0.0
      ]
    ],
    "reversion": [
      [
        -0.010120499346155465
      ],
      [
        -0.07327032697646015
      ],
      [
        -2.018081446245898
      ],
      [
        -1.2708579794121704
      ],
      [
        -1.2708579794121704
      ],
      [
        0.0
      ]
    ],
    "vwap": [
      [
        0.0
      ],
      [
        0.0
      ],
      [
        0.0
      ],
      [
        0.0
      ],
      [
        0.0
      ],
      [
        0.0
      ]
    ]
  },
  "counts": {
    "trend": 1,
    "breakout": 0,
    "reversion": 8,
    "vwap": 0
  },
  "reward_sum": {
    "trend": 0.17202566057772345,
    "breakout": 0.0,
    "reversion": -1.2708579794121704,
    "vwap": 0.0
  },
  "disabled_until": {
    "trend": 0.0,
    "breakout": 0.0,
    "reversion": 0.0,
    "vwap": 0.0
  },
  "_snapshot_time": "2025-09-22T13:06:00.086469"
}