{
  "arms": [
    "trend",
    "breakout",
    "reversion",
    "vwap"
  ],
  "d": 6,
  "alpha": 0.6,
  "alpha_base": 0.6,
  "alpha_boost_until": 0.0,
  "A": {
    "trend": [
      [
        1.0103456170004685,
        0.0062172684622038765,
        0.11316405371675321,
        0.024253772052872144,
        0.024253772052872144,
        0.0
      ],
      [
        0.0062172684622038765,
        1.003736309504728,
        0.06800670295416356,
        0.014575468245827648,
        0.014575468245827648,
        0.0
      ],
      [
        0.11316405371675321,
        0.06800670295416356,
        2.2378288364077092,
        0.26529642101589196,
        0.26529642101589196,
        0.0
      ],
      [
        0.024253772052872144,
        0.014575468245827648,
        0.26529642101589196,
        1.05685938874077,
        0.05685938874076987,
        0.0
      ],
      [
        0.024253772052872144,
        0.014575468245827648,
        0.26529642101589196,
        0.05685938874076987,
        1.05685938874077,
        0.0
      ],
      [
        0.0,
        0.0,
        0.0,
        0.0,
        0.0,
        1.0
      ]
    ],
    "breakout": [
      [
        1.0,
        0.0,
        0.0,
        0.0,
        0.0,
        0.0
      ],
      [
        0.0,
        1.0,
        0.0,
        0.0,
        0.0,
        0.0
      ],
      [
        0.0,
        0.0,
        1.0,
        0.0,
        0.0,
        0.0
      ],
      [
        0.0,
        0.0,
        0.0,
        1.0,
        0.0,
        0.0
      ],
      [
        0.0,
        0.0,
        0.0,
        0.0,
        1.0,
        0.0
      ],
      [
        0.0,
        0.0,
        0.0,
        0.0,
        0.0,
        1.0
      ]
    ],
    "reversion": [
      [
        1.1193111619921998,
        0.007774751314532027,
        0.2003876108306158,
        0.37485666841820436,
        0.37485666841820436,
        0.0
      ],
      [
        0.007774751314532027,
        1.0006217061879923,
        0.015828346208003583,
        0.02601194866661594,
        0.02601194866661594,
        0.0
      ],
      [
        0.2003876108306158,
        0.015828346208003583,
        1.4282245749587457,
        0.6711431573434016,
        0.6711431573434016,
        0.0
      ],
      [
        0.37485666841820436,
        0.02601194866661594,
        0.6711431573434016,
        2.204907938589819,
        1.2049079385898367,
        0.0
      ],
      [
        0.37485666841820436,
        0.02601194866661594,
        0.6711431573434016,
        1.2049079385898367,
        2.204907938589819,
        0.0
      ],
      [
        0.0,
        0.0,
        0.0,
        0.0,
        0.0,
        1.0
      ]
    ],
    "vwap": [
      [
        1.0,
        0.0,
        0.0,
        0.0,
        0.0,
        0.0
      ],
      [
        0.0,
        1.0,
        0.0,
        0.0,
        0.0,
        0.0
      ],
      [
        0.0,
        0.0,
        1.0,
        0.0,
        0.0,
        0.0
      ],
      [
        0.0,
        0.0,
        0.0,
        1.0,
        0.0,
        0.0
      ],
      [
        0.0,
        0.0,
        0.0,
        0.0,
        1.0,
        0.0
      ],
      [
        0.0,
        0.0,
        0.0,
        0.0,
        0.0,
        1.0
      ]
    ]
  },
  "b": {
    "trend": [
      [
        0.024727423164223352
      ],
      [
        0.014860112082590471
      ],
      [
        0.2704773860376521
      ],
      [
        0.057969793860811
      ],
      [
        0.057969793860811
      ],
      [
        0.0
      ]
    ],
    "breakout": [
      [
        0.0
      ],
      [
        0.0
      ],
      [
        0.0
      ],
      [
        0.0
      ],
      [
        0.0
      ],
      [
        0.0
      ]
    ],
    "reversion": [
      [
        -0.0034104403895024375
      ],
      [
        -0.024690884701009774
      ],
      [
        -0.6800599691948016
      ],
      [
        -0.4282580566496624
      ],
      [
        -0.4282580566496624
      ],
      [
        0.0
      ]
    ],
    "vwap": [
      [
        0.0
      ],
      [
        0.0
      ],
      [
        0.0
      ],
      [
        0.0
      ],
      [
        0.0
      ],
      [
        0.0
      ]
    ]
  },
  "counts": {
    "trend": 1,
    "breakout": 0,
    "reversion": 8,
    "vwap": 0
  },
  "reward_sum": {
    "trend": 0.057969793860811,
    "breakout": 0.0,
    "reversion": -0.4282580566496624,
    "vwap": 0.0
  },
  "disabled_until": {
    "trend": 0.0,
    "breakout": 0.0,
    "reversion": 0.0,
    "vwap": 0.0
  },
  "_snapshot_time": "2025-09-24T08:59:00.907464"
}