{
  "arms": [
    "trend",
    "breakout",
    "reversion",
    "vwap"
  ],
  "d": 6,
  "alpha": 0.6,
  "alpha_base": 0.6,
  "alpha_boost_until": 0.0,
  "A": {
    "trend": [
      [
        1.0314798367162141,
        0.018918020646058454,
        0.3443376971124594,
        0.0737998307826625,
        0.0737998307826625,
        0.0
      ],
      [
        0.018918020646058454,
        1.0113689123736886,
        0.20693206644983436,
        0.044350507120098484,
        0.044350507120098484,
        0.0
      ],
      [
        0.3443376971124594,
        0.20693206644983436,
        4.766488712174249,
        0.8072489069138545,
        0.8072489069138545,
        0.0
      ],
      [
        0.0737998307826625,
        0.044350507120098484,
        0.8072489069138545,
        1.1730128104744666,
        0.1730128104744653,
        0.0
      ],
      [
        0.0737998307826625,
        0.044350507120098484,
        0.8072489069138545,
        0.1730128104744653,
        1.1730128104744666,
        0.0
      ],
      [
        0.0,
        0.0,
        0.0,
        0.0,
        0.0,
        1.0
      ]
    ],
    "breakout": [
      [
        1.0,
        0.0,
        0.0,
        0.0,
        0.0,
        0.0
      ],
      [
        0.0,
        1.0,
        0.0,
        0.0,
        0.0,
        0.0
      ],
      [
        0.0,
        0.0,
        1.0,
        0.0,
        0.0,
        0.0
      ],
      [
        0.0,
        0.0,
        0.0,
        1.0,
        0.0,
        0.0
      ],
      [
        0.0,
        0.0,
        0.0,
        0.0,
        1.0,
        0.0
      ],
      [
        0.0,
        0.0,
        0.0,
        0.0,
        0.0,
        1.0
      ]
    ],
    "reversion": [
      [
        1.363042233031309,
        0.023657158570590225,
        0.6097431664651201,
        1.1406208748358422,
        1.1406208748358422,
        0.0
      ],
      [
        0.023657158570590225,
        1.001891739205362,
        0.048162787593352206,
        0.07914964343437983,
        0.07914964343437983,
        0.0
      ],
      [
        0.6097431664651201,
        0.048162787593352206,
        2.303009738033337,
        2.0421669394315702,
        2.0421669394315702,
        0.0
      ],
      [
        1.1406208748358422,
        0.07914964343437983,
        2.0421669394315702,
        4.66631638916909,
        3.666316389169105,
        0.0
      ],
      [
        1.1406208748358422,
        0.07914964343437983,
        2.0421669394315702,
        3.666316389169105,
        4.66631638916909,
        0.0
      ],
      [
        0.0,
        0.0,
        0.0,
        0.0,
        0.0,
        1.0
      ]
    ],
    "vwap": [
      [
        1.0,
        0.0,
        0.0,
        0.0,
        0.0,
        0.0
      ],
      [
        0.0,
        1.0,
        0.0,
        0.0,
        0.0,
        0.0
      ],
      [
        0.0,
        0.0,
        1.0,
        0.0,
        0.0,
        0.0
      ],
      [
        0.0,
        0.0,
        0.0,
        1.0,
        0.0,
        0.0
      ],
      [
        0.0,
        0.0,
        0.0,
        0.0,
        1.0,
        0.0
      ],
      [
        0.0,
        0.0,
        0.0,
        0.0,
        0.0,
        1.0
      ]
    ]
  },
  "b": {
    "trend": [
      [
        0.07524106523442274
      ],
      [
        0.04521662670515232
      ],
      [
        0.8230136440880672
      ],
      [
        0.1763915719215749
      ],
      [
        0.1763915719215749
      ],
      [
        0.0
      ]
    ],
    "breakout": [
      [
        0.0
      ],
      [
        0.0
      ],
      [
        0.0
      ],
      [
        0.0
      ],
      [
        0.0
      ],
      [
        0.0
      ]
    ],
    "reversion": [
      [
        -0.010377351741039062
      ],
      [
        -0.07512988531583766
      ],
      [
        -2.069299181143072
      ],
      [
        -1.3031116167480543
      ],
      [
        -1.3031116167480543
      ],
      [
        0.0
      ]
    ],
    "vwap": [
      [
        0.0
      ],
      [
        0.0
      ],
      [
        0.0
      ],
      [
        0.0
      ],
      [
        0.0
      ],
      [
        0.0
      ]
    ]
  },
  "counts": {
    "trend": 1,
    "breakout": 0,
    "reversion": 8,
    "vwap": 0
  },
  "reward_sum": {
    "trend": 0.1763915719215749,
    "breakout": 0.0,
    "reversion": -1.3031116167480543,
    "vwap": 0.0
  },
  "disabled_until": {
    "trend": 0.0,
    "breakout": 0.0,
    "reversion": 0.0,
    "vwap": 0.0
  },
  "_snapshot_time": "2025-09-22T12:16:00.148314"
}