{
  "arms": [
    "trend",
    "breakout",
    "reversion",
    "vwap"
  ],
  "d": 6,
  "alpha": 0.6,
  "alpha_base": 0.6,
  "alpha_boost_until": 0.0,
  "A": {
    "trend": [
      [
        1.0255036219680669,
        0.015326574000069704,
        0.2789677257756486,
        0.05978947739010747,
        0.05978947739010747,
        0.0
      ],
      [
        0.015326574000069704,
        1.009210608237281,
        0.167647540340935,
        0.035930890553205454,
        0.035930890553205454,
        0.0
      ],
      [
        0.2789677257756486,
        0.167647540340935,
        4.051448618626663,
        0.6539986576697349,
        0.6539986576697349,
        0.0
      ],
      [
        0.05978947739010747,
        0.035930890553205454,
        0.6539986576697349,
        1.1401676048624791,
        0.14016760486247823,
        0.0
      ],
      [
        0.05978947739010747,
        0.035930890553205454,
        0.6539986576697349,
        0.14016760486247823,
        1.1401676048624791,
        0.0
      ],
      [
        0.0,
        0.0,
        0.0,
        0.0,
        0.0,
        1.0
      ]
    ],
    "breakout": [
      [
        1.0,
        0.0,
        0.0,
        0.0,
        0.0,
        0.0
      ],
      [
        0.0,
        1.0,
        0.0,
        0.0,
        0.0,
        0.0
      ],
      [
        0.0,
        0.0,
        1.0,
        0.0,
        0.0,
        0.0
      ],
      [
        0.0,
        0.0,
        0.0,
        1.0,
        0.0,
        0.0
      ],
      [
        0.0,
        0.0,
        0.0,
        0.0,
        1.0,
        0.0
      ],
      [
        0.0,
        0.0,
        0.0,
        0.0,
        0.0,
        1.0
      ]
    ],
    "reversion": [
      [
        1.29412134354892,
        0.01916602155411422,
        0.49398792488428483,
        0.9240824170385967,
        0.9240824170385967,
        0.0
      ],
      [
        0.01916602155411422,
        1.001532606474127,
        0.039019437704913826,
        0.06412366757982688,
        0.06412366757982688,
        0.0
      ],
      [
        0.49398792488428483,
        0.039019437704913826,
        2.05564295263311,
        1.6544766127113306,
        1.6544766127113306,
        0.0
      ],
      [
        0.9240824170385967,
        0.06412366757982688,
        1.6544766127113306,
        3.9702932720911206,
        2.9702932720911353,
        0.0
      ],
      [
        0.9240824170385967,
        0.06412366757982688,
        1.6544766127113306,
        2.9702932720911353,
        3.9702932720911206,
        0.0
      ],
      [
        0.0,
        0.0,
        0.0,
        0.0,
        0.0,
        1.0
      ]
    ],
    "vwap": [
      [
        1.0,
        0.0,
        0.0,
        0.0,
        0.0,
        0.0
      ],
      [
        0.0,
        1.0,
        0.0,
        0.0,
        0.0,
        0.0
      ],
      [
        0.0,
        0.0,
        1.0,
        0.0,
        0.0,
        0.0
      ],
      [
        0.0,
        0.0,
        0.0,
        1.0,
        0.0,
        0.0
      ],
      [
        0.0,
        0.0,
        0.0,
        0.0,
        1.0,
        0.0
      ],
      [
        0.0,
        0.0,
        0.0,
        0.0,
        0.0,
        1.0
      ]
    ]
  },
  "b": {
    "trend": [
      [
        0.060957104114362885
      ],
      [
        0.036632583725107304
      ],
      [
        0.6667705758007453
      ],
      [
        0.1429049333767325
      ],
      [
        0.1429049333767325
      ],
      [
        0.0
      ]
    ],
    "breakout": [
      [
        0.0
      ],
      [
        0.0
      ],
      [
        0.0
      ],
      [
        0.0
      ],
      [
        0.0
      ],
      [
        0.0
      ]
    ],
    "reversion": [
      [
        -0.008407288075189045
      ],
      [
        -0.060867030883056276
      ],
      [
        -1.676457998510576
      ],
      [
        -1.0557254904254847
      ],
      [
        -1.0557254904254847
      ],
      [
        0.0
      ]
    ],
    "vwap": [
      [
        0.0
      ],
      [
        0.0
      ],
      [
        0.0
      ],
      [
        0.0
      ],
      [
        0.0
      ],
      [
        0.0
      ]
    ]
  },
  "counts": {
    "trend": 1,
    "breakout": 0,
    "reversion": 8,
    "vwap": 0
  },
  "reward_sum": {
    "trend": 0.1429049333767325,
    "breakout": 0.0,
    "reversion": -1.0557254904254847,
    "vwap": 0.0
  },
  "disabled_until": {
    "trend": 0.0,
    "breakout": 0.0,
    "reversion": 0.0,
    "vwap": 0.0
  },
  "_snapshot_time": "2025-09-22T20:19:00.207747"
}