{
  "arms": [
    "trend",
    "breakout",
    "reversion",
    "vwap"
  ],
  "d": 6,
  "alpha": 0.6,
  "alpha_base": 0.6,
  "alpha_boost_until": 0.0,
  "A": {
    "trend": [
      [
        1.0039715937539861,
        0.002386756110362911,
        0.04344271094675477,
        0.009310815352184728,
        0.009310815352184728,
        0.0
      ],
      [
        0.002386756110362911,
        1.0014343372165473,
        0.02610719077167661,
        0.00559539741746943,
        0.00559539741746943,
        0.0
      ],
      [
        0.04344271094675477,
        0.02610719077167661,
        1.4751918880196193,
        0.10184502370557717,
        0.10184502370557717,
        0.0
      ],
      [
        0.009310815352184728,
        0.00559539741746943,
        0.10184502370557717,
        1.021827832324361,
        0.021827832324362372,
        0.0
      ],
      [
        0.009310815352184728,
        0.00559539741746943,
        0.10184502370557717,
        0.021827832324362372,
        1.021827832324361,
        0.0
      ],
      [
        0.0,
        0.0,
        0.0,
        0.0,
        0.0,
        1.0
      ]
    ],
    "breakout": [
      [
        1.0,
        0.0,
        0.0,
        0.0,
        0.0,
        0.0
      ],
      [
        0.0,
        1.0,
        0.0,
        0.0,
        0.0,
        0.0
      ],
      [
        0.0,
        0.0,
        1.0,
        0.0,
        0.0,
        0.0
      ],
      [
        0.0,
        0.0,
        0.0,
        1.0,
        0.0,
        0.0
      ],
      [
        0.0,
        0.0,
        0.0,
        0.0,
        1.0,
        0.0
      ],
      [
        0.0,
        0.0,
        0.0,
        0.0,
        0.0,
        1.0
      ]
    ],
    "reversion": [
      [
        1.1060409624014835,
        0.009849488935335734,
        0.39953059163944277,
        0.340761948645927,
        0.340761948645927,
        0.0
      ],
      [
        0.009849488935335734,
        1.0010209900435727,
        0.04284056768209892,
        0.0324198526139719,
        0.0324198526139719,
        0.0
      ],
      [
        0.39953059163944277,
        0.04284056768209892,
        2.892076585558145,
        1.3119063154309751,
        1.3119063154309751,
        0.0
      ],
      [
        0.340761948645927,
        0.0324198526139719,
        1.3119063154309751,
        2.105879840093608,
        1.1058798400936236,
        0.0
      ],
      [
        0.340761948645927,
        0.0324198526139719,
        1.3119063154309751,
        1.1058798400936236,
        2.105879840093608,
        0.0
      ],
      [
        0.0,
        0.0,
        0.0,
        0.0,
        0.0,
        1.0
      ]
    ],
    "vwap": [
      [
        1.0,
        0.0,
        0.0,
        0.0,
        0.0,
        0.0
      ],
      [
        0.0,
        1.0,
        0.0,
        0.0,
        0.0,
        0.0
      ],
      [
        0.0,
        0.0,
        1.0,
        0.0,
        0.0,
        0.0
      ],
      [
        0.0,
        0.0,
        0.0,
        1.0,
        0.0,
        0.0
      ],
      [
        0.0,
        0.0,
        0.0,
        0.0,
        1.0,
        0.0
      ],
      [
        0.0,
        0.0,
        0.0,
        0.0,
        0.0,
        1.0
      ]
    ]
  },
  "b": {
    "trend": [
      [
        0.009492645956906097
      ],
      [
        0.005704669748365364
      ],
      [
        0.10383395180132154
      ],
      [
        0.02225410733908114
      ],
      [
        0.02225410733908114
      ],
      [
        0.0
      ]
    ],
    "breakout": [
      [
        0.0
      ],
      [
        0.0
      ],
      [
        0.0
      ],
      [
        0.0
      ],
      [
        0.0
      ],
      [
        0.0
      ]
    ],
    "reversion": [
      [
        -0.22412266468523678
      ],
      [
        -0.03487064837395774
      ],
      [
        -1.4543339099701842
      ],
      [
        -0.8925533183356406
      ],
      [
        -0.8925533183356406
      ],
      [
        0.0
      ]
    ],
    "vwap": [
      [
        0.0
      ],
      [
        0.0
      ],
      [
        0.0
      ],
      [
        0.0
      ],
      [
        0.0
      ],
      [
        0.0
      ]
    ]
  },
  "counts": {
    "trend": 1,
    "breakout": 0,
    "reversion": 9,
    "vwap": 0
  },
  "reward_sum": {
    "trend": 0.02225410733908114,
    "breakout": 0.0,
    "reversion": -0.8925533183356406,
    "vwap": 0.0
  },
  "disabled_until": {
    "trend": 0.0,
    "breakout": 0.0,
    "reversion": 0.0,
    "vwap": 0.0
  },
  "_snapshot_time": "2025-09-26T02:34:00.169339"
}