{
  "arms": [
    "trend",
    "breakout",
    "reversion",
    "vwap"
  ],
  "d": 6,
  "alpha": 0.6,
  "alpha_base": 0.6,
  "alpha_boost_until": 0.0,
  "A": {
    "trend": [
      [
        1.004757008332864,
        0.002858756310137283,
        0.05203385612349872,
        0.011152103905804584,
        0.011152103905804584,
        0.0
      ],
      [
        0.002858756310137283,
        1.0017179889268395,
        0.03127009753298173,
        0.006701932218991734,
        0.006701932218991734,
        0.0
      ],
      [
        0.05203385612349872,
        0.03127009753298173,
        1.569164902314037,
        0.121985695526356,
        0.121985695526356,
        0.0
      ],
      [
        0.011152103905804584,
        0.006701932218991734,
        0.121985695526356,
        1.0261444615656177,
        0.026144461565619025,
        0.0
      ],
      [
        0.011152103905804584,
        0.006701932218991734,
        0.121985695526356,
        0.026144461565619025,
        1.0261444615656177,
        0.0
      ],
      [
        0.0,
        0.0,
        0.0,
        0.0,
        0.0,
        1.0
      ]
    ],
    "breakout": [
      [
        1.0,
        0.0,
        0.0,
        0.0,
        0.0,
        0.0
      ],
      [
        0.0,
        1.0,
        0.0,
        0.0,
        0.0,
        0.0
      ],
      [
        0.0,
        0.0,
        1.0,
        0.0,
        0.0,
        0.0
      ],
      [
        0.0,
        0.0,
        0.0,
        1.0,
        0.0,
        0.0
      ],
      [
        0.0,
        0.0,
        0.0,
        0.0,
        1.0,
        0.0
      ],
      [
        0.0,
        0.0,
        0.0,
        0.0,
        0.0,
        1.0
      ]
    ],
    "reversion": [
      [
        1.1270114148161436,
        0.011797304518573958,
        0.47854097659290007,
        0.408150362207766,
        0.408150362207766,
        0.0
      ],
      [
        0.011797304518573958,
        1.001222899028928,
        0.05131263418969176,
        0.03883113898043844,
        0.03883113898043844,
        0.0
      ],
      [
        0.47854097659290007,
        0.05131263418969176,
        3.2662499342695352,
        1.5713463312248492,
        1.5713463312248492,
        0.0
      ],
      [
        0.408150362207766,
        0.03883113898043844,
        1.5713463312248492,
        2.3245764648489864,
        1.3245764648490004,
        0.0
      ],
      [
        0.408150362207766,
        0.03883113898043844,
        1.5713463312248492,
        1.3245764648490004,
        2.3245764648489864,
        0.0
      ],
      [
        0.0,
        0.0,
        0.0,
        0.0,
        0.0,
        1.0
      ]
    ],
    "vwap": [
      [
        1.0,
        0.0,
        0.0,
        0.0,
        0.0,
        0.0
      ],
      [
        0.0,
        1.0,
        0.0,
        0.0,
        0.0,
        0.0
      ],
      [
        0.0,
        0.0,
        1.0,
        0.0,
        0.0,
        0.0
      ],
      [
        0.0,
        0.0,
        0.0,
        1.0,
        0.0,
        0.0
      ],
      [
        0.0,
        0.0,
        0.0,
        0.0,
        1.0,
        0.0
      ],
      [
        0.0,
        0.0,
        0.0,
        0.0,
        0.0,
        1.0
      ]
    ]
  },
  "b": {
    "trend": [
      [
        0.011369892973722484
      ],
      [
        0.006832814031388004
      ],
      [
        0.12436795013520836
      ],
      [
        0.026655035889861897
      ],
      [
        0.026655035889861897
      ],
      [
        0.0
      ]
    ],
    "breakout": [
      [
        0.0
      ],
      [
        0.0
      ],
      [
        0.0
      ],
      [
        0.0
      ],
      [
        0.0
      ],
      [
        0.0
      ]
    ],
    "reversion": [
      [
        -0.26844472258050756
      ],
      [
        -0.041766599295506794
      ],
      [
        -1.7419401270713502
      ],
      [
        -1.0690629092127928
      ],
      [
        -1.0690629092127928
      ],
      [
        0.0
      ]
    ],
    "vwap": [
      [
        0.0
      ],
      [
        0.0
      ],
      [
        0.0
      ],
      [
        0.0
      ],
      [
        0.0
      ],
      [
        0.0
      ]
    ]
  },
  "counts": {
    "trend": 1,
    "breakout": 0,
    "reversion": 9,
    "vwap": 0
  },
  "reward_sum": {
    "trend": 0.026655035889861897,
    "breakout": 0.0,
    "reversion": -1.0690629092127928,
    "vwap": 0.0
  },
  "disabled_until": {
    "trend": 0.0,
    "breakout": 0.0,
    "reversion": 0.0,
    "vwap": 0.0
  },
  "_snapshot_time": "2025-09-25T19:25:00.386792"
}