{
  "arms": [
    "trend",
    "breakout",
    "reversion",
    "vwap"
  ],
  "d": 6,
  "alpha": 0.6,
  "alpha_base": 0.6,
  "alpha_boost_until": 0.0,
  "A": {
    "trend": [
      [
        1.022612875948485,
        0.013589360641119874,
        0.247347713375545,
        0.05301255001897735,
        0.05301255001897735,
        0.0
      ],
      [
        0.013589360641119874,
        1.0081666181274387,
        0.14864528017019962,
        0.0318582502444379,
        0.0318582502444379,
        0.0
      ],
      [
        0.247347713375545,
        0.14864528017019962,
        3.705577629819695,
        0.5798702056860134,
        0.5798702056860134,
        0.0
      ],
      [
        0.05301255001897735,
        0.0318582502444379,
        0.5798702056860134,
        1.1242800989098778,
        0.1242800989098765,
        0.0
      ],
      [
        0.05301255001897735,
        0.0318582502444379,
        0.5798702056860134,
        0.1242800989098765,
        1.1242800989098778,
        0.0
      ],
      [
        0.0,
        0.0,
        0.0,
        0.0,
        0.0,
        1.0
      ]
    ],
    "breakout": [
      [
        1.0,
        0.0,
        0.0,
        0.0,
        0.0,
        0.0
      ],
      [
        0.0,
        1.0,
        0.0,
        0.0,
        0.0,
        0.0
      ],
      [
        0.0,
        0.0,
        1.0,
        0.0,
        0.0,
        0.0
      ],
      [
        0.0,
        0.0,
        0.0,
        1.0,
        0.0,
        0.0
      ],
      [
        0.0,
        0.0,
        0.0,
        0.0,
        1.0,
        0.0
      ],
      [
        0.0,
        0.0,
        0.0,
        0.0,
        0.0,
        1.0
      ]
    ],
    "reversion": [
      [
        1.2607837217710114,
        0.016993620293299115,
        0.43799612774390756,
        0.819340919059805,
        0.819340919059805,
        0.0
      ],
      [
        0.016993620293299115,
        1.0013588909105011,
        0.03459672141884894,
        0.056855474965872406,
        0.056855474965872406,
        0.0
      ],
      [
        0.43799612774390756,
        0.03459672141884894,
        1.9359895297881118,
        1.4669474967028138,
        1.4669474967028138,
        0.0
      ],
      [
        0.819340919059805,
        0.056855474965872406,
        1.4669474967028138,
        3.6336209569180062,
        2.6336209569180213,
        0.0
      ],
      [
        0.819340919059805,
        0.056855474965872406,
        1.4669474967028138,
        2.6336209569180213,
        3.6336209569180062,
        0.0
      ],
      [
        0.0,
        0.0,
        0.0,
        0.0,
        0.0,
        1.0
      ]
    ],
    "vwap": [
      [
        1.0,
        0.0,
        0.0,
        0.0,
        0.0,
        0.0
      ],
      [
        0.0,
        1.0,
        0.0,
        0.0,
        0.0,
        0.0
      ],
      [
        0.0,
        0.0,
        1.0,
        0.0,
        0.0,
        0.0
      ],
      [
        0.0,
        0.0,
        0.0,
        1.0,
        0.0,
        0.0
      ],
      [
        0.0,
        0.0,
        0.0,
        0.0,
        1.0,
        0.0
      ],
      [
        0.0,
        0.0,
        0.0,
        0.0,
        0.0,
        1.0
      ]
    ]
  },
  "b": {
    "trend": [
      [
        0.054047830352993556
      ],
      [
        0.032480408958599466
      ],
      [
        0.5911944717327089
      ],
      [
        0.1267071608464354
      ],
      [
        0.1267071608464354
      ],
      [
        0.0
      ]
    ],
    "breakout": [
      [
        0.0
      ],
      [
        0.0
      ],
      [
        0.0
      ],
      [
        0.0
      ],
      [
        0.0
      ],
      [
        0.0
      ]
    ],
    "reversion": [
      [
        -0.007454351485662148
      ],
      [
        -0.053967966606253345
      ],
      [
        -1.486437369587398
      ],
      [
        -0.9360627122114707
      ],
      [
        -0.9360627122114707
      ],
      [
        0.0
      ]
    ],
    "vwap": [
      [
        0.0
      ],
      [
        0.0
      ],
      [
        0.0
      ],
      [
        0.0
      ],
      [
        0.0
      ],
      [
        0.0
      ]
    ]
  },
  "counts": {
    "trend": 1,
    "breakout": 0,
    "reversion": 8,
    "vwap": 0
  },
  "reward_sum": {
    "trend": 0.1267071608464354,
    "breakout": 0.0,
    "reversion": -0.9360627122114707,
    "vwap": 0.0
  },
  "disabled_until": {
    "trend": 0.0,
    "breakout": 0.0,
    "reversion": 0.0,
    "vwap": 0.0
  },
  "_snapshot_time": "2025-09-23T03:15:00.754640"
}