{
  "arms": [
    "trend",
    "breakout",
    "reversion",
    "vwap"
  ],
  "d": 6,
  "alpha": 0.6,
  "alpha_base": 0.6,
  "alpha_boost_until": 0.0,
  "A": {
    "trend": [
      [
        1.025890033961192,
        0.015558790899087446,
        0.2831944381645594,
        0.0606953632738907,
        0.0606953632738907,
        0.0
      ],
      [
        0.015558790899087446,
        1.009350160552294,
        0.17018761171929697,
        0.03647528879792559,
        0.03647528879792559,
        0.0
      ],
      [
        0.2831944381645594,
        0.17018761171929697,
        4.097681908318557,
        0.6639075610061975,
        0.6639075610061975,
        0.0
      ],
      [
        0.0606953632738907,
        0.03647528879792559,
        0.6639075610061975,
        1.1422913206089835,
        0.14229132060898236,
        0.0
      ],
      [
        0.0606953632738907,
        0.03647528879792559,
        0.6639075610061975,
        0.14229132060898236,
        1.1422913206089835,
        0.0
      ],
      [
        0.0,
        0.0,
        0.0,
        0.0,
        0.0,
        1.0
      ]
    ],
    "breakout": [
      [
        1.0,
        0.0,
        0.0,
        0.0,
        0.0,
        0.0
      ],
      [
        0.0,
        1.0,
        0.0,
        0.0,
        0.0,
        0.0
      ],
      [
        0.0,
        0.0,
        1.0,
        0.0,
        0.0,
        0.0
      ],
      [
        0.0,
        0.0,
        0.0,
        1.0,
        0.0,
        0.0
      ],
      [
        0.0,
        0.0,
        0.0,
        0.0,
        1.0,
        0.0
      ],
      [
        0.0,
        0.0,
        0.0,
        0.0,
        0.0,
        1.0
      ]
    ],
    "reversion": [
      [
        1.2985776523321846,
        0.019456410919133655,
        0.5014724640949602,
        0.9380834294840752,
        0.9380834294840752,
        0.0
      ],
      [
        0.019456410919133655,
        1.0015558273924374,
        0.03961063132882545,
        0.06509522190364146,
        0.06509522190364146,
        0.0
      ],
      [
        0.5014724640949602,
        0.03961063132882545,
        2.0716372728855865,
        1.6795440171096951,
        1.6795440171096951,
        0.0
      ],
      [
        0.9380834294840752,
        0.06509522190364146,
        1.6795440171096951,
        4.015296956072624,
        3.0152969560726386,
        0.0
      ],
      [
        0.9380834294840752,
        0.06509522190364146,
        1.6795440171096951,
        3.0152969560726386,
        4.015296956072624,
        0.0
      ],
      [
        0.0,
        0.0,
        0.0,
        0.0,
        0.0,
        1.0
      ]
    ],
    "vwap": [
      [
        1.0,
        0.0,
        0.0,
        0.0,
        0.0,
        0.0
      ],
      [
        0.0,
        1.0,
        0.0,
        0.0,
        0.0,
        0.0
      ],
      [
        0.0,
        0.0,
        1.0,
        0.0,
        0.0,
        0.0
      ],
      [
        0.0,
        0.0,
        0.0,
        1.0,
        0.0,
        0.0
      ],
      [
        0.0,
        0.0,
        0.0,
        0.0,
        1.0,
        0.0
      ],
      [
        0.0,
        0.0,
        0.0,
        0.0,
        0.0,
        1.0
      ]
    ]
  },
  "b": {
    "trend": [
      [
        0.061880681013575634
      ],
      [
        0.03718761350512295
      ],
      [
        0.6768729897823708
      ],
      [
        0.1450701230977315
      ],
      [
        0.1450701230977315
      ],
      [
        0.0
      ]
    ],
    "breakout": [
      [
        0.0
      ],
      [
        0.0
      ],
      [
        0.0
      ],
      [
        0.0
      ],
      [
        0.0
      ],
      [
        0.0
      ]
    ],
    "reversion": [
      [
        -0.00853466907801201
      ],
      [
        -0.06178924305937279
      ],
      [
        -1.701858448588059
      ],
      [
        -1.0717210612294672
      ],
      [
        -1.0717210612294672
      ],
      [
        0.0
      ]
    ],
    "vwap": [
      [
        0.0
      ],
      [
        0.0
      ],
      [
        0.0
      ],
      [
        0.0
      ],
      [
        0.0
      ],
      [
        0.0
      ]
    ]
  },
  "counts": {
    "trend": 1,
    "breakout": 0,
    "reversion": 8,
    "vwap": 0
  },
  "reward_sum": {
    "trend": 0.1450701230977315,
    "breakout": 0.0,
    "reversion": -1.0717210612294672,
    "vwap": 0.0
  },
  "disabled_until": {
    "trend": 0.0,
    "breakout": 0.0,
    "reversion": 0.0,
    "vwap": 0.0
  },
  "_snapshot_time": "2025-09-22T19:49:00.631530"
}