{
  "arms": [
    "trend",
    "breakout",
    "reversion",
    "vwap"
  ],
  "d": 6,
  "alpha": 0.6,
  "alpha_base": 0.6,
  "alpha_boost_until": 0.0,
  "A": {
    "trend": [
      [
        1.006111951155947,
        0.0036730183576945156,
        0.0668547046439464,
        0.014328567366055036,
        0.014328567366055036,
        0.0
      ],
      [
        0.0036730183576945156,
        1.0022073252078973,
        0.04017678662509866,
        0.008610849405068345,
        0.008610849405068345,
        0.0
      ],
      [
        0.0668547046439464,
        0.04017678662509866,
        1.7312806367376137,
        0.15673098733726035,
        0.15673098733726035,
        0.0
      ],
      [
        0.014328567366055036,
        0.008610849405068345,
        0.15673098733726035,
        1.03359121130473,
        0.03359121130473201,
        0.0
      ],
      [
        0.014328567366055036,
        0.008610849405068345,
        0.15673098733726035,
        0.03359121130473201,
        1.03359121130473,
        0.0
      ],
      [
        0.0,
        0.0,
        0.0,
        0.0,
        0.0,
        1.0
      ]
    ],
    "breakout": [
      [
        1.0,
        0.0,
        0.0,
        0.0,
        0.0,
        0.0
      ],
      [
        0.0,
        1.0,
        0.0,
        0.0,
        0.0,
        0.0
      ],
      [
        0.0,
        0.0,
        1.0,
        0.0,
        0.0,
        0.0
      ],
      [
        0.0,
        0.0,
        0.0,
        1.0,
        0.0,
        0.0
      ],
      [
        0.0,
        0.0,
        0.0,
        0.0,
        1.0,
        0.0
      ],
      [
        0.0,
        0.0,
        0.0,
        0.0,
        0.0,
        1.0
      ]
    ],
    "reversion": [
      [
        1.1631881866258298,
        0.015157541030824607,
        0.6148442193907663,
        0.5244041850551434,
        0.5244041850551434,
        0.0
      ],
      [
        0.015157541030824607,
        1.001571218423527,
        0.06592805643911298,
        0.049891446087787845,
        0.049891446087787845,
        0.0
      ],
      [
        0.6148442193907663,
        0.06592805643911298,
        3.9117478751787282,
        2.0189142741612827,
        2.0189142741612827,
        0.0
      ],
      [
        0.5244041850551434,
        0.049891446087787845,
        2.0189142741612827,
        2.70185673200204,
        1.7018567320020528,
        0.0
      ],
      [
        0.5244041850551434,
        0.049891446087787845,
        2.0189142741612827,
        1.7018567320020528,
        2.70185673200204,
        0.0
      ],
      [
        0.0,
        0.0,
        0.0,
        0.0,
        0.0,
        1.0
      ]
    ],
    "vwap": [
      [
        1.0,
        0.0,
        0.0,
        0.0,
        0.0,
        0.0
      ],
      [
        0.0,
        1.0,
        0.0,
        0.0,
        0.0,
        0.0
      ],
      [
        0.0,
        0.0,
        1.0,
        0.0,
        0.0,
        0.0
      ],
      [
        0.0,
        0.0,
        0.0,
        1.0,
        0.0,
        0.0
      ],
      [
        0.0,
        0.0,
        0.0,
        0.0,
        1.0,
        0.0
      ],
      [
        0.0,
        0.0,
        0.0,
        0.0,
        0.0,
        1.0
      ]
    ]
  },
  "b": {
    "trend": [
      [
        0.014608389483711919
      ],
      [
        0.008779010397985133
      ],
      [
        0.1597917815994326
      ],
      [
        0.03424721295805986
      ],
      [
        0.03424721295805986
      ],
      [
        0.0
      ]
    ],
    "breakout": [
      [
        0.0
      ],
      [
        0.0
      ],
      [
        0.0
      ],
      [
        0.0
      ],
      [
        0.0
      ],
      [
        0.0
      ]
    ],
    "reversion": [
      [
        -0.3449060665185088
      ],
      [
        -0.05366301611888716
      ],
      [
        -2.2380984493325142
      ],
      [
        -1.3735650279615224
      ],
      [
        -1.3735650279615224
      ],
      [
        0.0
      ]
    ],
    "vwap": [
      [
        0.0
      ],
      [
        0.0
      ],
      [
        0.0
      ],
      [
        0.0
      ],
      [
        0.0
      ],
      [
        0.0
      ]
    ]
  },
  "counts": {
    "trend": 1,
    "breakout": 0,
    "reversion": 9,
    "vwap": 0
  },
  "reward_sum": {
    "trend": 0.03424721295805986,
    "breakout": 0.0,
    "reversion": -1.3735650279615224,
    "vwap": 0.0
  },
  "disabled_until": {
    "trend": 0.0,
    "breakout": 0.0,
    "reversion": 0.0,
    "vwap": 0.0
  },
  "_snapshot_time": "2025-09-25T09:04:00.792744"
}