{
  "arms": [
    "trend",
    "breakout",
    "reversion",
    "vwap"
  ],
  "d": 6,
  "alpha": 0.6,
  "alpha_base": 0.6,
  "alpha_boost_until": 0.0,
  "A": {
    "trend": [
      [
        1.1534401291558911,
        0.0922108827143259,
        1.6783829342724306,
        0.35971773516670874,
        0.35971773516670874,
        0.0
      ],
      [
        0.0922108827143259,
        1.0554147532182836,
        1.0086355685003614,
        0.2161748042718378,
        0.2161748042718378,
        0.0
      ],
      [
        1.6783829342724306,
        1.0086355685003614,
        19.358751974165518,
        3.9347210614346215,
        3.9347210614346215,
        0.0
      ],
      [
        0.35971773516670874,
        0.2161748042718378,
        3.9347210614346215,
        1.8433051360508332,
        0.8433051360508336,
        0.0
      ],
      [
        0.35971773516670874,
        0.2161748042718378,
        3.9347210614346215,
        0.8433051360508336,
        1.8433051360508332,
        0.0
      ],
      [
        0.0,
        0.0,
        0.0,
        0.0,
        0.0,
        1.0
      ]
    ],
    "breakout": [
      [
        1.0,
        0.0,
        0.0,
        0.0,
        0.0,
        0.0
      ],
      [
        0.0,
        1.0,
        0.0,
        0.0,
        0.0,
        0.0
      ],
      [
        0.0,
        0.0,
        1.0,
        0.0,
        0.0,
        0.0
      ],
      [
        0.0,
        0.0,
        0.0,
        1.0,
        0.0,
        0.0
      ],
      [
        0.0,
        0.0,
        0.0,
        0.0,
        1.0,
        0.0
      ],
      [
        0.0,
        0.0,
        0.0,
        0.0,
        0.0,
        1.0
      ]
    ],
    "reversion": [
      [
        1.12480159496927,
        0.01265237970404878,
        0.356635151266957,
        0.42900803038537066,
        0.42900803038537066,
        0.0
      ],
      [
        0.01265237970404878,
        1.0013732019467714,
        0.036880949300090185,
        0.04305719355386048,
        0.04305719355386048,
        0.0
      ],
      [
        0.356635151266957,
        0.036880949300090185,
        2.0249391068230373,
        1.222449586483609,
        1.222449586483609,
        0.0
      ],
      [
        0.42900803038537066,
        0.04305719355386048,
        1.222449586483609,
        2.476820610604918,
        1.4768206106049253,
        0.0
      ],
      [
        0.42900803038537066,
        0.04305719355386048,
        1.222449586483609,
        1.4768206106049253,
        2.476820610604918,
        0.0
      ],
      [
        0.0,
        0.0,
        0.0,
        0.0,
        0.0,
        1.0
      ]
    ],
    "vwap": [
      [
        1.0,
        0.0,
        0.0,
        0.0,
        0.0,
        0.0
      ],
      [
        0.0,
        1.0,
        0.0,
        0.0,
        0.0,
        0.0
      ],
      [
        0.0,
        0.0,
        1.0,
        0.0,
        0.0,
        0.0
      ],
      [
        0.0,
        0.0,
        0.0,
        1.0,
        0.0,
        0.0
      ],
      [
        0.0,
        0.0,
        0.0,
        0.0,
        1.0,
        0.0
      ],
      [
        0.0,
        0.0,
        0.0,
        0.0,
        0.0,
        1.0
      ]
    ]
  },
  "b": {
    "trend": [
      [
        0.36674265090612557
      ],
      [
        0.22039647486667463
      ],
      [
        4.011562098760391
      ],
      [
        0.85977401413
      ],
      [
        0.85977401413
      ],
      [
        0.0
      ]
    ],
    "breakout": [
      [
        0.0
      ],
      [
        0.0
      ],
      [
        0.0
      ],
      [
        0.0
      ],
      [
        0.0
      ],
      [
        0.0
      ]
    ],
    "reversion": [
      [
        0.17103702511688357
      ],
      [
        0.01860966285004834
      ],
      [
        0.49893548467508025
      ],
      [
        0.5818307369224229
      ],
      [
        0.5818307369224229
      ],
      [
        0.0
      ]
    ],
    "vwap": [
      [
        0.0
      ],
      [
        0.0
      ],
      [
        0.0
      ],
      [
        0.0
      ],
      [
        0.0
      ],
      [
        0.0
      ]
    ]
  },
  "counts": {
    "trend": 1,
    "breakout": 0,
    "reversion": 2,
    "vwap": 0
  },
  "reward_sum": {
    "trend": 0.85977401413,
    "breakout": 0.0,
    "reversion": 0.5818307369224229,
    "vwap": 0.0
  },
  "disabled_until": {
    "trend": 0.0,
    "breakout": 0.0,
    "reversion": 0.0,
    "vwap": 0.0
  },
  "_snapshot_time": "2025-09-17T22:48:00.587270"
}