{
  "arms": [
    "trend",
    "breakout",
    "reversion",
    "vwap"
  ],
  "d": 6,
  "alpha": 0.6,
  "alpha_base": 0.6,
  "alpha_boost_until": 0.0,
  "A": {
    "trend": [
      [
        1.002925315716928,
        0.0017579882522254823,
        0.03199814809633387,
        0.00685797092409772,
        0.00685797092409772,
        0.0
      ],
      [
        0.0017579882522254823,
        1.0010564749223727,
        0.01922950337319483,
        0.0041213439796948395,
        0.0041213439796948395,
        0.0
      ],
      [
        0.03199814809633387,
        0.01922950337319483,
        1.3500071721045335,
        0.07501493531100947,
        0.07501493531100947,
        0.0
      ],
      [
        0.00685797092409772,
        0.0041213439796948395,
        0.07501493531100947,
        1.01607750060057,
        0.01607750060057119,
        0.0
      ],
      [
        0.00685797092409772,
        0.0041213439796948395,
        0.07501493531100947,
        0.01607750060057119,
        1.01607750060057,
        0.0
      ],
      [
        0.0,
        0.0,
        0.0,
        0.0,
        0.0,
        1.0
      ]
    ],
    "breakout": [
      [
        1.0,
        0.0,
        0.0,
        0.0,
        0.0,
        0.0
      ],
      [
        0.0,
        1.0,
        0.0,
        0.0,
        0.0,
        0.0
      ],
      [
        0.0,
        0.0,
        1.0,
        0.0,
        0.0,
        0.0
      ],
      [
        0.0,
        0.0,
        0.0,
        1.0,
        0.0,
        0.0
      ],
      [
        0.0,
        0.0,
        0.0,
        0.0,
        1.0,
        0.0
      ],
      [
        0.0,
        0.0,
        0.0,
        0.0,
        0.0,
        1.0
      ]
    ],
    "reversion": [
      [
        1.1567845611608463,
        0.012761718379152043,
        0.45870793462179904,
        0.5137940977596529,
        0.5137940977596529,
        0.0
      ],
      [
        0.012761718379152043,
        1.0011374701610305,
        0.04306356657621456,
        0.04227349179233275,
        0.04227349179233275,
        0.0
      ],
      [
        0.45870793462179904,
        0.04306356657621456,
        2.7372658936102696,
        1.5155231906352367,
        1.5155231906352367,
        0.0
      ],
      [
        0.5137940977596529,
        0.04227349179233275,
        1.5155231906352367,
        2.6923556129115997,
        1.6923556129116153,
        0.0
      ],
      [
        0.5137940977596529,
        0.04227349179233275,
        1.5155231906352367,
        1.6923556129116153,
        2.6923556129115997,
        0.0
      ],
      [
        0.0,
        0.0,
        0.0,
        0.0,
        0.0,
        1.0
      ]
    ],
    "vwap": [
      [
        1.0,
        0.0,
        0.0,
        0.0,
        0.0,
        0.0
      ],
      [
        0.0,
        1.0,
        0.0,
        0.0,
        0.0,
        0.0
      ],
      [
        0.0,
        0.0,
        1.0,
        0.0,
        0.0,
        0.0
      ],
      [
        0.0,
        0.0,
        0.0,
        1.0,
        0.0,
        0.0
      ],
      [
        0.0,
        0.0,
        0.0,
        0.0,
        1.0,
        0.0
      ],
      [
        0.0,
        0.0,
        0.0,
        0.0,
        0.0,
        1.0
      ]
    ]
  },
  "b": {
    "trend": [
      [
        0.00699190001119938
      ],
      [
        0.004201829569812021
      ],
      [
        0.07647989949887035
      ],
      [
        0.016391477577455894
      ],
      [
        0.016391477577455894
      ],
      [
        0.0
      ]
    ],
    "breakout": [
      [
        0.0
      ],
      [
        0.0
      ],
      [
        0.0
      ],
      [
        0.0
      ],
      [
        0.0
      ],
      [
        0.0
      ]
    ],
    "reversion": [
      [
        -0.5383892610093767
      ],
      [
        -0.05181335991037032
      ],
      [
        -1.8513759007366402
      ],
      [
        -1.904341512663758
      ],
      [
        -1.904341512663758
      ],
      [
        0.0
      ]
    ],
    "vwap": [
      [
        0.0
      ],
      [
        0.0
      ],
      [
        0.0
      ],
      [
        0.0
      ],
      [
        0.0
      ],
      [
        0.0
      ]
    ]
  },
  "counts": {
    "trend": 1,
    "breakout": 0,
    "reversion": 10,
    "vwap": 0
  },
  "reward_sum": {
    "trend": 0.016391477577455894,
    "breakout": 0.0,
    "reversion": -1.904341512663758,
    "vwap": 0.0
  },
  "disabled_until": {
    "trend": 0.0,
    "breakout": 0.0,
    "reversion": 0.0,
    "vwap": 0.0
  },
  "_snapshot_time": "2025-09-26T12:49:00.861336"
}