{
  "arms": [
    "trend",
    "breakout",
    "reversion",
    "vwap"
  ],
  "d": 6,
  "alpha": 0.6,
  "alpha_base": 0.6,
  "alpha_boost_until": 0.0,
  "A": {
    "trend": [
      [
        1.0131597767219178,
        0.007908456767646038,
        0.14394633783487557,
        0.030851154152106347,
        0.030851154152106347,
        0.0
      ],
      [
        0.007908456767646038,
        1.0047526405475846,
        0.08650552465165724,
        0.018540209609907248,
        0.018540209609907248,
        0.0
      ],
      [
        0.14394633783487557,
        0.08650552465165724,
        2.5745364540693996,
        0.337460942690527,
        0.337460942690527,
        0.0
      ],
      [
        0.030851154152106347,
        0.018540209609907248,
        0.337460942690527,
        1.0723259773041485,
        0.07232597730414898,
        0.0
      ],
      [
        0.030851154152106347,
        0.018540209609907248,
        0.337460942690527,
        0.07232597730414898,
        1.0723259773041485,
        0.0
      ],
      [
        0.0,
        0.0,
        0.0,
        0.0,
        0.0,
        1.0
      ]
    ],
    "breakout": [
      [
        1.0,
        0.0,
        0.0,
        0.0,
        0.0,
        0.0
      ],
      [
        0.0,
        1.0,
        0.0,
        0.0,
        0.0,
        0.0
      ],
      [
        0.0,
        0.0,
        1.0,
        0.0,
        0.0,
        0.0
      ],
      [
        0.0,
        0.0,
        0.0,
        1.0,
        0.0,
        0.0
      ],
      [
        0.0,
        0.0,
        0.0,
        0.0,
        1.0,
        0.0
      ],
      [
        0.0,
        0.0,
        0.0,
        0.0,
        0.0,
        1.0
      ]
    ],
    "reversion": [
      [
        1.1517655498148538,
        0.009889597823218374,
        0.2548959831250465,
        0.47682318598131346,
        0.47682318598131346,
        0.0
      ],
      [
        0.009889597823218374,
        1.000790819399195,
        0.020133888772909427,
        0.033087580618842864,
        0.033087580618842864,
        0.0
      ],
      [
        0.2548959831250465,
        0.020133888772909427,
        1.5447079466638258,
        0.8537039500575617,
        0.8537039500575617,
        0.0
      ],
      [
        0.47682318598131346,
        0.033087580618842864,
        0.8537039500575617,
        2.5326605886909586,
        1.5326605886909757,
        0.0
      ],
      [
        0.47682318598131346,
        0.033087580618842864,
        0.8537039500575617,
        1.5326605886909757,
        2.5326605886909586,
        0.0
      ],
      [
        0.0,
        0.0,
        0.0,
        0.0,
        0.0,
        1.0
      ]
    ],
    "vwap": [
      [
        1.0,
        0.0,
        0.0,
        0.0,
        0.0,
        0.0
      ],
      [
        0.0,
        1.0,
        0.0,
        0.0,
        0.0,
        0.0
      ],
      [
        0.0,
        0.0,
        1.0,
        0.0,
        0.0,
        0.0
      ],
      [
        0.0,
        0.0,
        0.0,
        1.0,
        0.0,
        0.0
      ],
      [
        0.0,
        0.0,
        0.0,
        0.0,
        1.0,
        0.0
      ],
      [
        0.0,
        0.0,
        0.0,
        0.0,
        0.0,
        1.0
      ]
    ]
  },
  "b": {
    "trend": [
      [
        0.03145364532002685
      ],
      [
        0.01890228074949219
      ],
      [
        0.34405120626662355
      ],
      [
        0.07373842892012836
      ],
      [
        0.07373842892012836
      ],
      [
        0.0
      ]
    ],
    "breakout": [
      [
        0.0
      ],
      [
        0.0
      ],
      [
        0.0
      ],
      [
        0.0
      ],
      [
        0.0
      ],
      [
        0.0
      ]
    ],
    "reversion": [
      [
        -0.004338130248513225
      ],
      [
        -0.03140716785835096
      ],
      [
        -0.8650462656517376
      ],
      [
        -0.5447505358662601
      ],
      [
        -0.5447505358662601
      ],
      [
        0.0
      ]
    ],
    "vwap": [
      [
        0.0
      ],
      [
        0.0
      ],
      [
        0.0
      ],
      [
        0.0
      ],
      [
        0.0
      ],
      [
        0.0
      ]
    ]
  },
  "counts": {
    "trend": 1,
    "breakout": 0,
    "reversion": 8,
    "vwap": 0
  },
  "reward_sum": {
    "trend": 0.07373842892012836,
    "breakout": 0.0,
    "reversion": -0.5447505358662601,
    "vwap": 0.0
  },
  "disabled_until": {
    "trend": 0.0,
    "breakout": 0.0,
    "reversion": 0.0,
    "vwap": 0.0
  },
  "_snapshot_time": "2025-09-24T00:56:00.704524"
}