{
  "arms": [
    "trend",
    "breakout",
    "reversion",
    "vwap"
  ],
  "d": 6,
  "alpha": 0.6,
  "alpha_base": 0.6,
  "alpha_boost_until": 0.0,
  "A": {
    "trend": [
      [
        1.0040723904965505,
        0.0024473305940896114,
        0.04454526171675691,
        0.009547118437608679,
        0.009547118437608679,
        0.0
      ],
      [
        0.0024473305940896114,
        1.0014707398619644,
        0.026769776109023175,
        0.005737405353821748,
        0.005737405353821748,
        0.0
      ],
      [
        0.04454526171675691,
        0.026769776109023175,
        1.4872519821209513,
        0.104429791250243,
        0.104429791250243,
        0.0
      ],
      [
        0.009547118437608679,
        0.005737405353821748,
        0.104429791250243,
        1.0223818100299926,
        0.022381810029994047,
        0.0
      ],
      [
        0.009547118437608679,
        0.005737405353821748,
        0.104429791250243,
        0.022381810029994047,
        1.0223818100299926,
        0.0
      ],
      [
        0.0,
        0.0,
        0.0,
        0.0,
        0.0,
        1.0
      ]
    ],
    "breakout": [
      [
        1.0,
        0.0,
        0.0,
        0.0,
        0.0,
        0.0
      ],
      [
        0.0,
        1.0,
        0.0,
        0.0,
        0.0,
        0.0
      ],
      [
        0.0,
        0.0,
        1.0,
        0.0,
        0.0,
        0.0
      ],
      [
        0.0,
        0.0,
        0.0,
        1.0,
        0.0,
        0.0
      ],
      [
        0.0,
        0.0,
        0.0,
        0.0,
        1.0,
        0.0
      ],
      [
        0.0,
        0.0,
        0.0,
        0.0,
        0.0,
        1.0
      ]
    ],
    "reversion": [
      [
        1.1087322204330285,
        0.010099463243409922,
        0.40967044598673197,
        0.34941028896998,
        0.34941028896998,
        0.0
      ],
      [
        0.010099463243409922,
        1.0010469021778334,
        0.04392783640580078,
        0.033242649642147716,
        0.033242649642147716,
        0.0
      ],
      [
        0.40967044598673197,
        0.04392783640580078,
        2.940096390281359,
        1.3452017356919697,
        1.3452017356919697,
        0.0
      ],
      [
        0.34941028896998,
        0.033242649642147716,
        1.3452017356919697,
        2.1339464280816247,
        1.1339464280816405,
        0.0
      ],
      [
        0.34941028896998,
        0.033242649642147716,
        1.3452017356919697,
        1.1339464280816405,
        2.1339464280816247,
        0.0
      ],
      [
        0.0,
        0.0,
        0.0,
        0.0,
        0.0,
        1.0
      ]
    ],
    "vwap": [
      [
        1.0,
        0.0,
        0.0,
        0.0,
        0.0,
        0.0
      ],
      [
        0.0,
        1.0,
        0.0,
        0.0,
        0.0,
        0.0
      ],
      [
        0.0,
        0.0,
        1.0,
        0.0,
        0.0,
        0.0
      ],
      [
        0.0,
        0.0,
        0.0,
        1.0,
        0.0,
        0.0
      ],
      [
        0.0,
        0.0,
        0.0,
        0.0,
        1.0,
        0.0
      ],
      [
        0.0,
        0.0,
        0.0,
        0.0,
        0.0,
        1.0
      ]
    ]
  },
  "b": {
    "trend": [
      [
        0.009733563797461037
      ],
      [
        0.005849450953004667
      ],
      [
        0.10646919718578263
      ],
      [
        0.022818903656983282
      ],
      [
        0.022818903656983282
      ],
      [
        0.0
      ]
    ],
    "breakout": [
      [
        0.0
      ],
      [
        0.0
      ],
      [
        0.0
      ],
      [
        0.0
      ],
      [
        0.0
      ],
      [
        0.0
      ]
    ],
    "reversion": [
      [
        -0.22981076773263878
      ],
      [
        -0.03575564517497006
      ],
      [
        -1.491244059851096
      ],
      [
        -0.9152058031127775
      ],
      [
        -0.9152058031127775
      ],
      [
        0.0
      ]
    ],
    "vwap": [
      [
        0.0
      ],
      [
        0.0
      ],
      [
        0.0
      ],
      [
        0.0
      ],
      [
        0.0
      ],
      [
        0.0
      ]
    ]
  },
  "counts": {
    "trend": 1,
    "breakout": 0,
    "reversion": 9,
    "vwap": 0
  },
  "reward_sum": {
    "trend": 0.022818903656983282,
    "breakout": 0.0,
    "reversion": -0.9152058031127775,
    "vwap": 0.0
  },
  "disabled_until": {
    "trend": 0.0,
    "breakout": 0.0,
    "reversion": 0.0,
    "vwap": 0.0
  },
  "_snapshot_time": "2025-09-26T01:42:00.064632"
}