{
  "arms": [
    "trend",
    "breakout",
    "reversion",
    "vwap"
  ],
  "d": 6,
  "alpha": 0.6,
  "alpha_base": 0.6,
  "alpha_boost_until": 0.0,
  "A": {
    "trend": [
      [
        1.0470095410660685,
        0.028250701439996754,
        0.5142071497679062,
        0.11020693045906291,
        0.11020693045906291,
        0.0
      ],
      [
        0.028250701439996754,
        1.0169774499761681,
        0.30901626216661526,
        0.06622959974533062,
        0.06622959974533062,
        0.0
      ],
      [
        0.5142071497679062,
        0.30901626216661526,
        6.62458145466304,
        1.2054827660703766,
        1.2054827660703766,
        0.0
      ],
      [
        0.11020693045906291,
        0.06622959974533062,
        1.2054827660703766,
        1.2583638820072434,
        0.2583638820072446,
        0.0
      ],
      [
        0.11020693045906291,
        0.06622959974533062,
        1.2054827660703766,
        0.2583638820072446,
        1.2583638820072434,
        0.0
      ],
      [
        0.0,
        0.0,
        0.0,
        0.0,
        0.0,
        1.0
      ]
    ],
    "breakout": [
      [
        1.0,
        0.0,
        0.0,
        0.0,
        0.0,
        0.0
      ],
      [
        0.0,
        1.0,
        0.0,
        0.0,
        0.0,
        0.0
      ],
      [
        0.0,
        0.0,
        1.0,
        0.0,
        0.0,
        0.0
      ],
      [
        0.0,
        0.0,
        0.0,
        1.0,
        0.0,
        0.0
      ],
      [
        0.0,
        0.0,
        0.0,
        0.0,
        1.0,
        0.0
      ],
      [
        0.0,
        0.0,
        0.0,
        0.0,
        0.0,
        1.0
      ]
    ],
    "reversion": [
      [
        1.4029232386678525,
        0.028474047821212253,
        0.7204344578704899,
        1.3090475805944082,
        1.3090475805944082,
        0.0
      ],
      [
        0.028474047821212253,
        1.0024875620654243,
        0.06256335416627355,
        0.09878582378003749,
        0.09878582378003749,
        0.0
      ],
      [
        0.7204344578704899,
        0.06256335416627355,
        2.6862073412975835,
        2.5112151978510404,
        2.5112151978510404,
        0.0
      ],
      [
        1.3090475805944082,
        0.09878582378003749,
        2.5112151978510404,
        5.3584057778534016,
        4.358405777853411,
        0.0
      ],
      [
        1.3090475805944082,
        0.09878582378003749,
        2.5112151978510404,
        4.358405777853411,
        5.3584057778534016,
        0.0
      ],
      [
        0.0,
        0.0,
        0.0,
        0.0,
        0.0,
        1.0
      ]
    ],
    "vwap": [
      [
        1.0,
        0.0,
        0.0,
        0.0,
        0.0,
        0.0
      ],
      [
        0.0,
        1.0,
        0.0,
        0.0,
        0.0,
        0.0
      ],
      [
        0.0,
        0.0,
        1.0,
        0.0,
        0.0,
        0.0
      ],
      [
        0.0,
        0.0,
        0.0,
        1.0,
        0.0,
        0.0
      ],
      [
        0.0,
        0.0,
        0.0,
        0.0,
        1.0,
        0.0
      ],
      [
        0.0,
        0.0,
        0.0,
        0.0,
        0.0,
        1.0
      ]
    ]
  },
  "b": {
    "trend": [
      [
        0.112359157954924
      ],
      [
        0.06752299540582157
      ],
      [
        1.2290245990940916
      ],
      [
        0.26340946170424906
      ],
      [
        0.26340946170424906
      ],
      [
        0.0
      ]
    ],
    "breakout": [
      [
        0.0
      ],
      [
        0.0
      ],
      [
        0.0
      ],
      [
        0.0
      ],
      [
        0.0
      ],
      [
        0.0
      ]
    ],
    "reversion": [
      [
        -0.4160378557416388
      ],
      [
        -0.13191211369516231
      ],
      [
        -3.637096487523479
      ],
      [
        -3.080320473128929
      ],
      [
        -3.080320473128929
      ],
      [
        0.0
      ]
    ],
    "vwap": [
      [
        0.0
      ],
      [
        0.0
      ],
      [
        0.0
      ],
      [
        0.0
      ],
      [
        0.0
      ],
      [
        0.0
      ]
    ]
  },
  "counts": {
    "trend": 1,
    "breakout": 0,
    "reversion": 7,
    "vwap": 0
  },
  "reward_sum": {
    "trend": 0.26340946170424906,
    "breakout": 0.0,
    "reversion": -3.080320473128929,
    "vwap": 0.0
  },
  "disabled_until": {
    "trend": 0.0,
    "breakout": 0.0,
    "reversion": 0.0,
    "vwap": 0.0
  },
  "_snapshot_time": "2025-09-21T22:57:00.710167"
}