{
  "arms": [
    "trend",
    "breakout",
    "reversion",
    "vwap"
  ],
  "d": 6,
  "alpha": 0.6,
  "alpha_base": 0.6,
  "alpha_boost_until": 0.0,
  "A": {
    "trend": [
      [
        1.00368392712295,
        0.0022138809041101688,
        0.04029611059555402,
        0.008636423395083845,
        0.008636423395083845,
        0.0
      ],
      [
        0.0022138809041101688,
        1.0013304466928907,
        0.024216220022827434,
        0.005190117012650853,
        0.005190117012650853,
        0.0
      ],
      [
        0.04029611059555402,
        0.024216220022827434,
        1.4407732495611922,
        0.09446828361786039,
        0.09446828361786039,
        0.0
      ],
      [
        0.008636423395083845,
        0.005190117012650853,
        0.09446828361786039,
        1.0202468199206471,
        0.020246819920648168,
        0.0
      ],
      [
        0.008636423395083845,
        0.005190117012650853,
        0.09446828361786039,
        0.020246819920648168,
        1.0202468199206471,
        0.0
      ],
      [
        0.0,
        0.0,
        0.0,
        0.0,
        0.0,
        1.0
      ]
    ],
    "breakout": [
      [
        1.0,
        0.0,
        0.0,
        0.0,
        0.0,
        0.0
      ],
      [
        0.0,
        1.0,
        0.0,
        0.0,
        0.0,
        0.0
      ],
      [
        0.0,
        0.0,
        1.0,
        0.0,
        0.0,
        0.0
      ],
      [
        0.0,
        0.0,
        0.0,
        1.0,
        0.0,
        0.0
      ],
      [
        0.0,
        0.0,
        0.0,
        0.0,
        1.0,
        0.0
      ],
      [
        0.0,
        0.0,
        0.0,
        0.0,
        0.0,
        1.0
      ]
    ],
    "reversion": [
      [
        1.0983603061472471,
        0.009136080295136894,
        0.3705921788983743,
        0.31608020931802644,
        0.31608020931802644,
        0.0
      ],
      [
        0.009136080295136894,
        1.0009470386818902,
        0.03973758118847628,
        0.03007164925838409,
        0.03007164925838409,
        0.0
      ],
      [
        0.3705921788983743,
        0.03973758118847628,
        2.7550315273914685,
        1.2168835881905615,
        1.2168835881905615,
        0.0
      ],
      [
        0.31608020931802644,
        0.03007164925838409,
        1.2168835881905615,
        2.025779822912603,
        1.0257798229126196,
        0.0
      ],
      [
        0.31608020931802644,
        0.03007164925838409,
        1.2168835881905615,
        1.0257798229126196,
        2.025779822912603,
        0.0
      ],
      [
        0.0,
        0.0,
        0.0,
        0.0,
        0.0,
        1.0
      ]
    ],
    "vwap": [
      [
        1.0,
        0.0,
        0.0,
        0.0,
        0.0,
        0.0
      ],
      [
        0.0,
        1.0,
        0.0,
        0.0,
        0.0,
        0.0
      ],
      [
        0.0,
        0.0,
        1.0,
        0.0,
        0.0,
        0.0
      ],
      [
        0.0,
        0.0,
        0.0,
        1.0,
        0.0,
        0.0
      ],
      [
        0.0,
        0.0,
        0.0,
        0.0,
        1.0,
        0.0
      ],
      [
        0.0,
        0.0,
        0.0,
        0.0,
        0.0,
        1.0
      ]
    ]
  },
  "b": {
    "trend": [
      [
        0.008805083821604857
      ],
      [
        0.00529147463594037
      ],
      [
        0.09631315160068377
      ],
      [
        0.020642219396483873
      ],
      [
        0.020642219396483873
      ],
      [
        0.0
      ]
    ],
    "breakout": [
      [
        0.0
      ],
      [
        0.0
      ],
      [
        0.0
      ],
      [
        0.0
      ],
      [
        0.0
      ],
      [
        0.0
      ]
    ],
    "reversion": [
      [
        -0.20788922897090095
      ],
      [
        -0.03234493135425847
      ],
      [
        -1.3489950051885704
      ],
      [
        -0.8279047611039667
      ],
      [
        -0.8279047611039667
      ],
      [
        0.0
      ]
    ],
    "vwap": [
      [
        0.0
      ],
      [
        0.0
      ],
      [
        0.0
      ],
      [
        0.0
      ],
      [
        0.0
      ],
      [
        0.0
      ]
    ]
  },
  "counts": {
    "trend": 1,
    "breakout": 0,
    "reversion": 9,
    "vwap": 0
  },
  "reward_sum": {
    "trend": 0.020642219396483873,
    "breakout": 0.0,
    "reversion": -0.8279047611039667,
    "vwap": 0.0
  },
  "disabled_until": {
    "trend": 0.0,
    "breakout": 0.0,
    "reversion": 0.0,
    "vwap": 0.0
  },
  "_snapshot_time": "2025-09-26T05:10:00.868815"
}