{
  "arms": [
    "trend",
    "breakout",
    "reversion",
    "vwap"
  ],
  "d": 6,
  "alpha": 0.6,
  "alpha_base": 0.6,
  "alpha_boost_until": 0.0,
  "A": {
    "trend": [
      [
        1.0032176159814776,
        0.001933648071856675,
        0.035195432785818395,
        0.00754322575105003,
        0.00754322575105003,
        0.0
      ],
      [
        0.001933648071856675,
        1.0011620388782603,
        0.021150933217709833,
        0.004533152499572503,
        0.004533152499572503,
        0.0
      ],
      [
        0.035195432785818395,
        0.021150933217709833,
        1.3849802139571583,
        0.08251049734886513,
        0.08251049734886513,
        0.0
      ],
      [
        0.00754322575105003,
        0.004533152499572503,
        0.08251049734886513,
        1.0176839793993007,
        0.017683979399301233,
        0.0
      ],
      [
        0.00754322575105003,
        0.004533152499572503,
        0.08251049734886513,
        0.017683979399301233,
        1.0176839793993007,
        0.0
      ],
      [
        0.0,
        0.0,
        0.0,
        0.0,
        0.0,
        1.0
      ]
    ],
    "breakout": [
      [
        1.0,
        0.0,
        0.0,
        0.0,
        0.0,
        0.0
      ],
      [
        0.0,
        1.0,
        0.0,
        0.0,
        0.0,
        0.0
      ],
      [
        0.0,
        0.0,
        1.0,
        0.0,
        0.0,
        0.0
      ],
      [
        0.0,
        0.0,
        0.0,
        1.0,
        0.0,
        0.0
      ],
      [
        0.0,
        0.0,
        0.0,
        0.0,
        1.0,
        0.0
      ],
      [
        0.0,
        0.0,
        0.0,
        0.0,
        0.0,
        1.0
      ]
    ],
    "reversion": [
      [
        1.1724506201914484,
        0.014036881137394635,
        0.504542457666568,
        0.5651328814095313,
        0.5651328814095313,
        0.0
      ],
      [
        0.014036881137394635,
        1.0012511272364222,
        0.047366518161856594,
        0.04649749837145603,
        0.04649749837145603,
        0.0
      ],
      [
        0.504542457666568,
        0.047366518161856594,
        2.910855115914052,
        1.6669556760212254,
        1.6669556760212254,
        0.0
      ],
      [
        0.5651328814095313,
        0.04649749837145603,
        1.6669556760212254,
        2.861457358238713,
        1.8614573582387286,
        0.0
      ],
      [
        0.5651328814095313,
        0.04649749837145603,
        1.6669556760212254,
        1.8614573582387286,
        2.861457358238713,
        0.0
      ],
      [
        0.0,
        0.0,
        0.0,
        0.0,
        0.0,
        1.0
      ]
    ],
    "vwap": [
      [
        1.0,
        0.0,
        0.0,
        0.0,
        0.0,
        0.0
      ],
      [
        0.0,
        1.0,
        0.0,
        0.0,
        0.0,
        0.0
      ],
      [
        0.0,
        0.0,
        1.0,
        0.0,
        0.0,
        0.0
      ],
      [
        0.0,
        0.0,
        0.0,
        1.0,
        0.0,
        0.0
      ],
      [
        0.0,
        0.0,
        0.0,
        0.0,
        1.0,
        0.0
      ],
      [
        0.0,
        0.0,
        0.0,
        0.0,
        0.0,
        1.0
      ]
    ]
  },
  "b": {
    "trend": [
      [
        0.007690537156977695
      ],
      [
        0.004621680284638939
      ],
      [
        0.0841218421195769
      ],
      [
        0.018029329247454047
      ],
      [
        0.018029329247454047
      ],
      [
        0.0
      ]
    ],
    "breakout": [
      [
        0.0
      ],
      [
        0.0
      ],
      [
        0.0
      ],
      [
        0.0
      ],
      [
        0.0
      ],
      [
        0.0
      ]
    ],
    "reversion": [
      [
        -0.5921856162242398
      ],
      [
        -0.05699059897600108
      ],
      [
        -2.0363671009800095
      ],
      [
        -2.0946250860649096
      ],
      [
        -2.0946250860649096
      ],
      [
        0.0
      ]
    ],
    "vwap": [
      [
        0.0
      ],
      [
        0.0
      ],
      [
        0.0
      ],
      [
        0.0
      ],
      [
        0.0
      ],
      [
        0.0
      ]
    ]
  },
  "counts": {
    "trend": 1,
    "breakout": 0,
    "reversion": 10,
    "vwap": 0
  },
  "reward_sum": {
    "trend": 0.018029329247454047,
    "breakout": 0.0,
    "reversion": -2.0946250860649096,
    "vwap": 0.0
  },
  "disabled_until": {
    "trend": 0.0,
    "breakout": 0.0,
    "reversion": 0.0,
    "vwap": 0.0
  },
  "_snapshot_time": "2025-09-26T09:31:00.051398"
}