{
  "arms": [
    "trend",
    "breakout",
    "reversion",
    "vwap"
  ],
  "d": 6,
  "alpha": 0.6,
  "alpha_base": 0.6,
  "alpha_boost_until": 0.0,
  "A": {
    "trend": [
      [
        1.002796278807217,
        0.0016804426491773597,
        0.03058669629202733,
        0.006555462935024173,
        0.006555462935024173,
        0.0
      ],
      [
        0.0016804426491773597,
        1.0010098733680917,
        0.01838128187142848,
        0.003939549759016967,
        0.003939549759016967,
        0.0
      ],
      [
        0.03058669629202733,
        0.01838128187142848,
        1.3345682081651247,
        0.07170599488496046,
        0.07170599488496046,
        0.0
      ],
      [
        0.006555462935024173,
        0.003939549759016967,
        0.07170599488496046,
        1.0153683152701225,
        0.015368315270123408,
        0.0
      ],
      [
        0.006555462935024173,
        0.003939549759016967,
        0.07170599488496046,
        0.015368315270123408,
        1.0153683152701225,
        0.0
      ],
      [
        0.0,
        0.0,
        0.0,
        0.0,
        0.0,
        1.0
      ]
    ],
    "breakout": [
      [
        1.0,
        0.0,
        0.0,
        0.0,
        0.0,
        0.0
      ],
      [
        0.0,
        1.0,
        0.0,
        0.0,
        0.0,
        0.0
      ],
      [
        0.0,
        0.0,
        1.0,
        0.0,
        0.0,
        0.0
      ],
      [
        0.0,
        0.0,
        0.0,
        1.0,
        0.0,
        0.0
      ],
      [
        0.0,
        0.0,
        0.0,
        0.0,
        1.0,
        0.0
      ],
      [
        0.0,
        0.0,
        0.0,
        0.0,
        0.0,
        1.0
      ]
    ],
    "reversion": [
      [
        1.149868728061017,
        0.012198793600565567,
        0.4384741342148985,
        0.4911304234700773,
        0.4911304234700773,
        0.0
      ],
      [
        0.012198793600565567,
        1.0010872958726214,
        0.04116401449711042,
        0.04040879024507471,
        0.04040879024507471,
        0.0
      ],
      [
        0.4384741342148985,
        0.04116401449711042,
        2.660634362538089,
        1.4486728236874198,
        1.4486728236874198,
        0.0
      ],
      [
        0.4911304234700773,
        0.04040879024507471,
        1.4486728236874198,
        2.6177050932571175,
        1.6177050932571333,
        0.0
      ],
      [
        0.4911304234700773,
        0.04040879024507471,
        1.4486728236874198,
        1.6177050932571333,
        2.6177050932571175,
        0.0
      ],
      [
        0.0,
        0.0,
        0.0,
        0.0,
        0.0,
        1.0
      ]
    ],
    "vwap": [
      [
        1.0,
        0.0,
        0.0,
        0.0,
        0.0,
        0.0
      ],
      [
        0.0,
        1.0,
        0.0,
        0.0,
        0.0,
        0.0
      ],
      [
        0.0,
        0.0,
        1.0,
        0.0,
        0.0,
        0.0
      ],
      [
        0.0,
        0.0,
        0.0,
        1.0,
        0.0,
        0.0
      ],
      [
        0.0,
        0.0,
        0.0,
        0.0,
        1.0,
        0.0
      ],
      [
        0.0,
        0.0,
        0.0,
        0.0,
        0.0,
        1.0
      ]
    ]
  },
  "b": {
    "trend": [
      [
        0.00668348435362359
      ],
      [
        0.00401648509581794
      ],
      [
        0.07310633888480371
      ],
      [
        0.015668442590171708
      ],
      [
        0.015668442590171708
      ],
      [
        0.0
      ]
    ],
    "breakout": [
      [
        0.0
      ],
      [
        0.0
      ],
      [
        0.0
      ],
      [
        0.0
      ],
      [
        0.0
      ],
      [
        0.0
      ]
    ],
    "reversion": [
      [
        -0.5146406836984913
      ],
      [
        -0.049527850758012366
      ],
      [
        -1.769710929136494
      ],
      [
        -1.820340205588957
      ],
      [
        -1.820340205588957
      ],
      [
        0.0
      ]
    ],
    "vwap": [
      [
        0.0
      ],
      [
        0.0
      ],
      [
        0.0
      ],
      [
        0.0
      ],
      [
        0.0
      ],
      [
        0.0
      ]
    ]
  },
  "counts": {
    "trend": 1,
    "breakout": 0,
    "reversion": 10,
    "vwap": 0
  },
  "reward_sum": {
    "trend": 0.015668442590171708,
    "breakout": 0.0,
    "reversion": -1.820340205588957,
    "vwap": 0.0
  },
  "disabled_until": {
    "trend": 0.0,
    "breakout": 0.0,
    "reversion": 0.0,
    "vwap": 0.0
  },
  "_snapshot_time": "2025-09-26T14:51:09.905496"
}