{
  "arms": [
    "trend",
    "breakout",
    "reversion",
    "vwap"
  ],
  "d": 6,
  "alpha": 0.6,
  "alpha_base": 0.6,
  "alpha_boost_until": 0.0,
  "A": {
    "trend": [
      [
        1.1007111924167305,
        0.060523071787328526,
        1.1016149919343066,
        0.23610252573026902,
        0.23610252573026902,
        0.0
      ],
      [
        0.060523071787328526,
        1.036371749064564,
        0.6620229751918016,
        0.14188740864882182,
        0.14188740864882182,
        0.0
      ],
      [
        1.1016149919343066,
        0.6620229751918016,
        13.049858226609883,
        2.5825737511058806,
        2.5825737511058806,
        0.0
      ],
      [
        0.23610252573026902,
        0.14188740864882182,
        2.5825737511058806,
        1.5535075230322888,
        0.5535075230322891,
        0.0
      ],
      [
        0.23610252573026902,
        0.14188740864882182,
        2.5825737511058806,
        0.5535075230322891,
        1.5535075230322888,
        0.0
      ],
      [
        0.0,
        0.0,
        0.0,
        0.0,
        0.0,
        1.0
      ]
    ],
    "breakout": [
      [
        1.0,
        0.0,
        0.0,
        0.0,
        0.0,
        0.0
      ],
      [
        0.0,
        1.0,
        0.0,
        0.0,
        0.0,
        0.0
      ],
      [
        0.0,
        0.0,
        1.0,
        0.0,
        0.0,
        0.0
      ],
      [
        0.0,
        0.0,
        0.0,
        1.0,
        0.0,
        0.0
      ],
      [
        0.0,
        0.0,
        0.0,
        0.0,
        1.0,
        0.0
      ],
      [
        0.0,
        0.0,
        0.0,
        0.0,
        0.0,
        1.0
      ]
    ],
    "reversion": [
      [
        1.0819141479742589,
        0.00830445238748066,
        0.23407925644617453,
        0.28158155584297767,
        0.28158155584297767,
        0.0
      ],
      [
        0.00830445238748066,
        1.0009013079319535,
        0.02420699462328644,
        0.028260803277359102,
        0.028260803277359102,
        0.0
      ],
      [
        0.23407925644617453,
        0.02420699462328644,
        1.6727238837098097,
        0.8023608700108781,
        0.8023608700108781,
        0.0
      ],
      [
        0.28158155584297767,
        0.028260803277359102,
        0.8023608700108781,
        1.969318557653943,
        0.9693185576539542,
        0.0
      ],
      [
        0.28158155584297767,
        0.028260803277359102,
        0.8023608700108781,
        0.9693185576539542,
        1.969318557653943,
        0.0
      ],
      [
        0.0,
        0.0,
        0.0,
        0.0,
        0.0,
        1.0
      ]
    ],
    "vwap": [
      [
        1.0,
        0.0,
        0.0,
        0.0,
        0.0,
        0.0
      ],
      [
        0.0,
        1.0,
        0.0,
        0.0,
        0.0,
        0.0
      ],
      [
        0.0,
        0.0,
        1.0,
        0.0,
        0.0,
        0.0
      ],
      [
        0.0,
        0.0,
        0.0,
        1.0,
        0.0,
        0.0
      ],
      [
        0.0,
        0.0,
        0.0,
        0.0,
        1.0,
        0.0
      ],
      [
        0.0,
        0.0,
        0.0,
        0.0,
        0.0,
        1.0
      ]
    ]
  },
  "b": {
    "trend": [
      [
        0.24071336413763852
      ],
      [
        0.14465832315427504
      ],
      [
        2.6330087483793414
      ],
      [
        0.5643169531223379
      ],
      [
        0.5643169531223379
      ],
      [
        0.0
      ]
    ],
    "breakout": [
      [
        0.0
      ],
      [
        0.0
      ],
      [
        0.0
      ],
      [
        0.0
      ],
      [
        0.0
      ],
      [
        0.0
      ]
    ],
    "reversion": [
      [
        0.11226100265746643
      ],
      [
        0.012214544828736063
      ],
      [
        0.327478788483
      ],
      [
        0.381887499851026
      ],
      [
        0.381887499851026
      ],
      [
        0.0
      ]
    ],
    "vwap": [
      [
        0.0
      ],
      [
        0.0
      ],
      [
        0.0
      ],
      [
        0.0
      ],
      [
        0.0
      ],
      [
        0.0
      ]
    ]
  },
  "counts": {
    "trend": 1,
    "breakout": 0,
    "reversion": 2,
    "vwap": 0
  },
  "reward_sum": {
    "trend": 0.5643169531223379,
    "breakout": 0.0,
    "reversion": 0.381887499851026,
    "vwap": 0.0
  },
  "disabled_until": {
    "trend": 0.0,
    "breakout": 0.0,
    "reversion": 0.0,
    "vwap": 0.0
  },
  "_snapshot_time": "2025-09-18T12:52:00.252550"
}