{
  "arms": [
    "trend",
    "breakout",
    "reversion",
    "vwap"
  ],
  "d": 6,
  "alpha": 0.6,
  "alpha_base": 0.6,
  "alpha_boost_until": 0.0,
  "A": {
    "trend": [
      [
        1.105888045128287,
        0.06363413641455962,
        1.1582412558205328,
        0.24823889281322897,
        0.24823889281322897,
        0.0
      ],
      [
        0.06363413641455962,
        1.0382413643799087,
        0.696052911209767,
        0.14918084047673594,
        0.14918084047673594,
        0.0
      ],
      [
        1.1582412558205328,
        0.696052911209767,
        13.669256525223732,
        2.7153256687962712,
        2.7153256687962712,
        0.0
      ],
      [
        0.24823889281322897,
        0.14918084047673594,
        2.7153256687962712,
        1.5819594443402973,
        0.5819594443402982,
        0.0
      ],
      [
        0.24823889281322897,
        0.14918084047673594,
        2.7153256687962712,
        0.5819594443402982,
        1.5819594443402973,
        0.0
      ],
      [
        0.0,
        0.0,
        0.0,
        0.0,
        0.0,
        1.0
      ]
    ],
    "breakout": [
      [
        1.0,
        0.0,
        0.0,
        0.0,
        0.0,
        0.0
      ],
      [
        0.0,
        1.0,
        0.0,
        0.0,
        0.0,
        0.0
      ],
      [
        0.0,
        0.0,
        1.0,
        0.0,
        0.0,
        0.0
      ],
      [
        0.0,
        0.0,
        0.0,
        1.0,
        0.0,
        0.0
      ],
      [
        0.0,
        0.0,
        0.0,
        0.0,
        1.0,
        0.0
      ],
      [
        0.0,
        0.0,
        0.0,
        0.0,
        0.0,
        1.0
      ]
    ],
    "reversion": [
      [
        1.0861247770898457,
        0.008731325764991964,
        0.24611162151279226,
        0.29605567938287364,
        0.29605567938287364,
        0.0
      ],
      [
        0.008731325764991964,
        1.0009476378214077,
        0.02545130563527058,
        0.029713492025912284,
        0.029713492025912284,
        0.0
      ],
      [
        0.24611162151279226,
        0.02545130563527058,
        1.7073038780276337,
        0.8436045882698682,
        0.8436045882698682,
        0.0
      ],
      [
        0.29605567938287364,
        0.029713492025912284,
        0.8436045882698682,
        2.019144394118959,
        1.0191443941189706,
        0.0
      ],
      [
        0.29605567938287364,
        0.029713492025912284,
        0.8436045882698682,
        1.0191443941189706,
        2.019144394118959,
        0.0
      ],
      [
        0.0,
        0.0,
        0.0,
        0.0,
        0.0,
        1.0
      ]
    ],
    "vwap": [
      [
        1.0,
        0.0,
        0.0,
        0.0,
        0.0,
        0.0
      ],
      [
        0.0,
        1.0,
        0.0,
        0.0,
        0.0,
        0.0
      ],
      [
        0.0,
        0.0,
        1.0,
        0.0,
        0.0,
        0.0
      ],
      [
        0.0,
        0.0,
        0.0,
        1.0,
        0.0,
        0.0
      ],
      [
        0.0,
        0.0,
        0.0,
        0.0,
        1.0,
        0.0
      ],
      [
        0.0,
        0.0,
        0.0,
        0.0,
        0.0,
        1.0
      ]
    ]
  },
  "b": {
    "trend": [
      [
        0.2530867419315131
      ],
      [
        0.15209418817086284
      ],
      [
        2.7683531738747447
      ],
      [
        0.5933245110594962
      ],
      [
        0.5933245110594962
      ],
      [
        0.0
      ]
    ],
    "breakout": [
      [
        0.0
      ],
      [
        0.0
      ],
      [
        0.0
      ],
      [
        0.0
      ],
      [
        0.0
      ],
      [
        0.0
      ]
    ],
    "reversion": [
      [
        0.11803154972441587
      ],
      [
        0.012842408505053386
      ],
      [
        0.3443121653247759
      ],
      [
        0.40151764513748833
      ],
      [
        0.40151764513748833
      ],
      [
        0.0
      ]
    ],
    "vwap": [
      [
        0.0
      ],
      [
        0.0
      ],
      [
        0.0
      ],
      [
        0.0
      ],
      [
        0.0
      ],
      [
        0.0
      ]
    ]
  },
  "counts": {
    "trend": 1,
    "breakout": 0,
    "reversion": 2,
    "vwap": 0
  },
  "reward_sum": {
    "trend": 0.5933245110594962,
    "breakout": 0.0,
    "reversion": 0.40151764513748833,
    "vwap": 0.0
  },
  "disabled_until": {
    "trend": 0.0,
    "breakout": 0.0,
    "reversion": 0.0,
    "vwap": 0.0
  },
  "_snapshot_time": "2025-09-18T11:13:00.503288"
}