{
  "arms": [
    "trend",
    "breakout",
    "reversion",
    "vwap"
  ],
  "d": 6,
  "alpha": 0.6,
  "alpha_base": 0.6,
  "alpha_boost_until": 0.0,
  "A": {
    "trend": [
      [
        1.0053651265985222,
        0.003224209092141259,
        0.05868567090438647,
        0.012577747421875387,
        0.012577747421875387,
        0.0
      ],
      [
        0.003224209092141259,
        1.0019376102462716,
        0.035267550585010195,
        0.00755868232586426,
        0.00755868232586426,
        0.0
      ],
      [
        0.05868567090438647,
        0.035267550585010195,
        1.6419248281013799,
        0.13757989347765187,
        0.13757989347765187,
        0.0
      ],
      [
        0.012577747421875387,
        0.00755868232586426,
        0.13757989347765187,
        1.0294866723652127,
        0.02948667236521416,
        0.0
      ],
      [
        0.012577747421875387,
        0.00755868232586426,
        0.13757989347765187,
        0.02948667236521416,
        1.0294866723652127,
        0.0
      ],
      [
        0.0,
        0.0,
        0.0,
        0.0,
        0.0,
        1.0
      ]
    ],
    "breakout": [
      [
        1.0,
        0.0,
        0.0,
        0.0,
        0.0,
        0.0
      ],
      [
        0.0,
        1.0,
        0.0,
        0.0,
        0.0,
        0.0
      ],
      [
        0.0,
        0.0,
        1.0,
        0.0,
        0.0,
        0.0
      ],
      [
        0.0,
        0.0,
        0.0,
        1.0,
        0.0,
        0.0
      ],
      [
        0.0,
        0.0,
        0.0,
        0.0,
        1.0,
        0.0
      ],
      [
        0.0,
        0.0,
        0.0,
        0.0,
        0.0,
        1.0
      ]
    ],
    "reversion": [
      [
        1.143248082043156,
        0.013305428083066903,
        0.5397158765235547,
        0.46032678760500323,
        0.46032678760500323,
        0.0
      ],
      [
        0.013305428083066903,
        1.0013792298958328,
        0.057872250639012246,
        0.04379516747019203,
        0.04379516747019203,
        0.0
      ],
      [
        0.5397158765235547,
        0.057872250639012246,
        3.555958903256601,
        1.772221406236153,
        1.772221406236153,
        0.0
      ],
      [
        0.46032678760500323,
        0.04379516747019203,
        1.772221406236153,
        2.493905397273036,
        1.4939053972730496,
        0.0
      ],
      [
        0.46032678760500323,
        0.04379516747019203,
        1.772221406236153,
        1.4939053972730496,
        2.493905397273036,
        0.0
      ],
      [
        0.0,
        0.0,
        0.0,
        0.0,
        0.0,
        1.0
      ]
    ],
    "vwap": [
      [
        1.0,
        0.0,
        0.0,
        0.0,
        0.0,
        0.0
      ],
      [
        0.0,
        1.0,
        0.0,
        0.0,
        0.0,
        0.0
      ],
      [
        0.0,
        0.0,
        1.0,
        0.0,
        0.0,
        0.0
      ],
      [
        0.0,
        0.0,
        0.0,
        1.0,
        0.0,
        0.0
      ],
      [
        0.0,
        0.0,
        0.0,
        0.0,
        1.0,
        0.0
      ],
      [
        0.0,
        0.0,
        0.0,
        0.0,
        0.0,
        1.0
      ]
    ]
  },
  "b": {
    "trend": [
      [
        0.012823377834813987
      ],
      [
        0.007706295582729691
      ],
      [
        0.14026668666195388
      ],
      [
        0.03006251661349801
      ],
      [
        0.03006251661349801
      ],
      [
        0.0
      ]
    ],
    "breakout": [
      [
        0.0
      ],
      [
        0.0
      ],
      [
        0.0
      ],
      [
        0.0
      ],
      [
        0.0
      ],
      [
        0.0
      ]
    ],
    "reversion": [
      [
        -0.30276169822948173
      ],
      [
        -0.04710588612218121
      ],
      [
        -1.9646232789248976
      ],
      [
        -1.2057279383108204
      ],
      [
        -1.2057279383108204
      ],
      [
        0.0
      ]
    ],
    "vwap": [
      [
        0.0
      ],
      [
        0.0
      ],
      [
        0.0
      ],
      [
        0.0
      ],
      [
        0.0
      ],
      [
        0.0
      ]
    ]
  },
  "counts": {
    "trend": 1,
    "breakout": 0,
    "reversion": 9,
    "vwap": 0
  },
  "reward_sum": {
    "trend": 0.03006251661349801,
    "breakout": 0.0,
    "reversion": -1.2057279383108204,
    "vwap": 0.0
  },
  "disabled_until": {
    "trend": 0.0,
    "breakout": 0.0,
    "reversion": 0.0,
    "vwap": 0.0
  },
  "_snapshot_time": "2025-09-25T13:23:00.544562"
}