{
  "arms": [
    "trend",
    "breakout",
    "reversion",
    "vwap"
  ],
  "d": 6,
  "alpha": 0.6,
  "alpha_base": 0.6,
  "alpha_boost_until": 0.0,
  "A": {
    "trend": [
      [
        1.0033660958904957,
        0.002022878076753521,
        0.036819559060673426,
        0.007891314982229478,
        0.007891314982229478,
        0.0
      ],
      [
        0.002022878076753521,
        1.0012156622528066,
        0.02212696288001387,
        0.004742339075776422,
        0.004742339075776422,
        0.0
      ],
      [
        0.036819559060673426,
        0.02212696288001387,
        1.4027454872127008,
        0.08631802168053483,
        0.08631802168053483,
        0.0
      ],
      [
        0.007891314982229478,
        0.004742339075776422,
        0.08631802168053483,
        1.018500023224111,
        0.018500023224111744,
        0.0
      ],
      [
        0.007891314982229478,
        0.004742339075776422,
        0.08631802168053483,
        0.018500023224111744,
        1.018500023224111,
        0.0
      ],
      [
        0.0,
        0.0,
        0.0,
        0.0,
        0.0,
        1.0
      ]
    ],
    "breakout": [
      [
        1.0,
        0.0,
        0.0,
        0.0,
        0.0,
        0.0
      ],
      [
        0.0,
        1.0,
        0.0,
        0.0,
        0.0,
        0.0
      ],
      [
        0.0,
        0.0,
        1.0,
        0.0,
        0.0,
        0.0
      ],
      [
        0.0,
        0.0,
        0.0,
        1.0,
        0.0,
        0.0
      ],
      [
        0.0,
        0.0,
        0.0,
        0.0,
        1.0,
        0.0
      ],
      [
        0.0,
        0.0,
        0.0,
        0.0,
        0.0,
        1.0
      ]
    ],
    "reversion": [
      [
        1.0898742595225572,
        0.008347863926275855,
        0.33861929642107563,
        0.2888103532299502,
        0.2888103532299502,
        0.0
      ],
      [
        0.008347863926275855,
        1.0008653328116595,
        0.03630921684185665,
        0.027477214290827685,
        0.027477214290827685,
        0.0
      ],
      [
        0.33861929642107563,
        0.03630921684185665,
        2.6036159823142753,
        1.1118968179100164,
        1.1118968179100164,
        0.0
      ],
      [
        0.2888103532299502,
        0.027477214290827685,
        1.1118968179100164,
        1.9372805517648355,
        0.9372805517648513,
        0.0
      ],
      [
        0.2888103532299502,
        0.027477214290827685,
        1.1118968179100164,
        0.9372805517648513,
        1.9372805517648355,
        0.0
      ],
      [
        0.0,
        0.0,
        0.0,
        0.0,
        0.0,
        1.0
      ]
    ],
    "vwap": [
      [
        1.0,
        0.0,
        0.0,
        0.0,
        0.0,
        0.0
      ],
      [
        0.0,
        1.0,
        0.0,
        0.0,
        0.0,
        0.0
      ],
      [
        0.0,
        0.0,
        1.0,
        0.0,
        0.0,
        0.0
      ],
      [
        0.0,
        0.0,
        0.0,
        1.0,
        0.0,
        0.0
      ],
      [
        0.0,
        0.0,
        0.0,
        0.0,
        1.0,
        0.0
      ],
      [
        0.0,
        0.0,
        0.0,
        0.0,
        0.0,
        1.0
      ]
    ]
  },
  "b": {
    "trend": [
      [
        0.008045424211227226
      ],
      [
        0.004834952058563143
      ],
      [
        0.0880037234678484
      ],
      [
        0.01886130956509917
      ],
      [
        0.01886130956509917
      ],
      [
        0.0
      ]
    ],
    "breakout": [
      [
        0.0
      ],
      [
        0.0
      ],
      [
        0.0
      ],
      [
        0.0
      ],
      [
        0.0
      ],
      [
        0.0
      ]
    ],
    "reversion": [
      [
        -0.18995356204468236
      ],
      [
        -0.029554368714754968
      ],
      [
        -1.2326103073474843
      ],
      [
        -0.7564771834690049
      ],
      [
        -0.7564771834690049
      ],
      [
        0.0
      ]
    ],
    "vwap": [
      [
        0.0
      ],
      [
        0.0
      ],
      [
        0.0
      ],
      [
        0.0
      ],
      [
        0.0
      ],
      [
        0.0
      ]
    ]
  },
  "counts": {
    "trend": 1,
    "breakout": 0,
    "reversion": 9,
    "vwap": 0
  },
  "reward_sum": {
    "trend": 0.01886130956509917,
    "breakout": 0.0,
    "reversion": -0.7564771834690049,
    "vwap": 0.0
  },
  "disabled_until": {
    "trend": 0.0,
    "breakout": 0.0,
    "reversion": 0.0,
    "vwap": 0.0
  },
  "_snapshot_time": "2025-09-26T08:09:00.591176"
}