{
  "arms": [
    "trend",
    "breakout",
    "reversion",
    "vwap"
  ],
  "d": 6,
  "alpha": 0.6,
  "alpha_base": 0.6,
  "alpha_boost_until": 0.0,
  "A": {
    "trend": [
      [
        1.0035214275442566,
        0.0021162256839637223,
        0.03851863216663372,
        0.00825546711764406,
        0.00825546711764406,
        0.0
      ],
      [
        0.0021162256839637223,
        1.001271760128294,
        0.023148032347034407,
        0.004961178762849221,
        0.004961178762849221,
        0.0
      ],
      [
        0.03851863216663372,
        0.023148032347034407,
        1.4213305556743392,
        0.09030124779563893,
        0.09030124779563893,
        0.0
      ],
      [
        0.00825546711764406,
        0.004961178762849221,
        0.09030124779563893,
        1.0193537241570292,
        0.019353724157029815,
        0.0
      ],
      [
        0.00825546711764406,
        0.004961178762849221,
        0.09030124779563893,
        0.019353724157029815,
        1.0193537241570292,
        0.0
      ],
      [
        0.0,
        0.0,
        0.0,
        0.0,
        0.0,
        1.0
      ]
    ],
    "breakout": [
      [
        1.0,
        0.0,
        0.0,
        0.0,
        0.0,
        0.0
      ],
      [
        0.0,
        1.0,
        0.0,
        0.0,
        0.0,
        0.0
      ],
      [
        0.0,
        0.0,
        1.0,
        0.0,
        0.0,
        0.0
      ],
      [
        0.0,
        0.0,
        0.0,
        1.0,
        0.0,
        0.0
      ],
      [
        0.0,
        0.0,
        0.0,
        0.0,
        1.0,
        0.0
      ],
      [
        0.0,
        0.0,
        0.0,
        0.0,
        0.0,
        1.0
      ]
    ],
    "reversion": [
      [
        1.0940215915702125,
        0.008733083941159212,
        0.35424520162977635,
        0.30213777801217745,
        0.30213777801217745,
        0.0
      ],
      [
        0.008733083941159212,
        1.0009052644063203,
        0.037984739727201886,
        0.02874517613011319,
        0.02874517613011319,
        0.0
      ],
      [
        0.35424520162977635,
        0.037984739727201886,
        2.677616346722454,
        1.1632063400257104,
        1.1632063400257104,
        0.0
      ],
      [
        0.30213777801217745,
        0.02874517613011319,
        1.1632063400257104,
        1.9805322424116194,
        0.9805322424116362,
        0.0
      ],
      [
        0.30213777801217745,
        0.02874517613011319,
        1.1632063400257104,
        0.9805322424116362,
        1.9805322424116194,
        0.0
      ],
      [
        0.0,
        0.0,
        0.0,
        0.0,
        0.0,
        1.0
      ]
    ],
    "vwap": [
      [
        1.0,
        0.0,
        0.0,
        0.0,
        0.0,
        0.0
      ],
      [
        0.0,
        1.0,
        0.0,
        0.0,
        0.0,
        0.0
      ],
      [
        0.0,
        0.0,
        1.0,
        0.0,
        0.0,
        0.0
      ],
      [
        0.0,
        0.0,
        0.0,
        1.0,
        0.0,
        0.0
      ],
      [
        0.0,
        0.0,
        0.0,
        0.0,
        1.0,
        0.0
      ],
      [
        0.0,
        0.0,
        0.0,
        0.0,
        0.0,
        1.0
      ]
    ]
  },
  "b": {
    "trend": [
      [
        0.008416687861636836
      ],
      [
        0.005058065458638763
      ],
      [
        0.09206473787386533
      ],
      [
        0.01973168239526921
      ],
      [
        0.01973168239526921
      ],
      [
        0.0
      ]
    ],
    "breakout": [
      [
        0.0
      ],
      [
        0.0
      ],
      [
        0.0
      ],
      [
        0.0
      ],
      [
        0.0
      ],
      [
        0.0
      ]
    ],
    "reversion": [
      [
        -0.19871914742607266
      ],
      [
        -0.03091818279422634
      ],
      [
        -1.2894902667161567
      ],
      [
        -0.7913855330118867
      ],
      [
        -0.7913855330118867
      ],
      [
        0.0
      ]
    ],
    "vwap": [
      [
        0.0
      ],
      [
        0.0
      ],
      [
        0.0
      ],
      [
        0.0
      ],
      [
        0.0
      ],
      [
        0.0
      ]
    ]
  },
  "counts": {
    "trend": 1,
    "breakout": 0,
    "reversion": 9,
    "vwap": 0
  },
  "reward_sum": {
    "trend": 0.01973168239526921,
    "breakout": 0.0,
    "reversion": -0.7913855330118867,
    "vwap": 0.0
  },
  "disabled_until": {
    "trend": 0.0,
    "breakout": 0.0,
    "reversion": 0.0,
    "vwap": 0.0
  },
  "_snapshot_time": "2025-09-26T06:37:00.999028"
}