{
  "arms": [
    "trend",
    "breakout",
    "reversion",
    "vwap"
  ],
  "d": 6,
  "alpha": 0.6,
  "alpha_base": 0.6,
  "alpha_boost_until": 0.0,
  "A": {
    "trend": [
      [
        1.0065234873595164,
        0.003920333820792929,
        0.07135623461988244,
        0.015293353252912681,
        0.015293353252912681,
        0.0
      ],
      [
        0.003920333820792929,
        1.0023559511070461,
        0.04288201148986882,
        0.00919064400473974,
        0.00919064400473974,
        0.0
      ],
      [
        0.07135623461988244,
        0.04288201148986882,
        1.7805199793482465,
        0.1672841599436495,
        0.1672841599436495,
        0.0
      ],
      [
        0.015293353252912681,
        0.00919064400473974,
        0.1672841599436495,
        1.0358530094148497,
        0.03585300941485119,
        0.0
      ],
      [
        0.015293353252912681,
        0.00919064400473974,
        0.1672841599436495,
        0.03585300941485119,
        1.0358530094148497,
        0.0
      ],
      [
        0.0,
        0.0,
        0.0,
        0.0,
        0.0,
        1.0
      ]
    ],
    "breakout": [
      [
        1.0,
        0.0,
        0.0,
        0.0,
        0.0,
        0.0
      ],
      [
        0.0,
        1.0,
        0.0,
        0.0,
        0.0,
        0.0
      ],
      [
        0.0,
        0.0,
        1.0,
        0.0,
        0.0,
        0.0
      ],
      [
        0.0,
        0.0,
        0.0,
        1.0,
        0.0,
        0.0
      ],
      [
        0.0,
        0.0,
        0.0,
        0.0,
        1.0,
        0.0
      ],
      [
        0.0,
        0.0,
        0.0,
        0.0,
        0.0,
        1.0
      ]
    ],
    "reversion": [
      [
        1.0752323285377834,
        0.0049024134492352085,
        0.12635554227437726,
        0.23636799409313594,
        0.23636799409313594,
        0.0
      ],
      [
        0.0049024134492352085,
        1.000392020355917,
        0.00998065329552455,
        0.01640198146861364,
        0.01640198146861364,
        0.0
      ],
      [
        0.12635554227437726,
        0.00998065329552455,
        1.2700194296436025,
        0.423193116771802,
        0.423193116771802,
        0.0
      ],
      [
        0.23636799409313594,
        0.01640198146861364,
        0.423193116771802,
        1.7597615208851898,
        0.759761520885203,
        0.0
      ],
      [
        0.23636799409313594,
        0.01640198146861364,
        0.423193116771802,
        0.759761520885203,
        1.7597615208851898,
        0.0
      ],
      [
        0.0,
        0.0,
        0.0,
        0.0,
        0.0,
        1.0
      ]
    ],
    "vwap": [
      [
        1.0,
        0.0,
        0.0,
        0.0,
        0.0,
        0.0
      ],
      [
        0.0,
        1.0,
        0.0,
        0.0,
        0.0,
        0.0
      ],
      [
        0.0,
        0.0,
        1.0,
        0.0,
        0.0,
        0.0
      ],
      [
        0.0,
        0.0,
        0.0,
        1.0,
        0.0,
        0.0
      ],
      [
        0.0,
        0.0,
        0.0,
        0.0,
        1.0,
        0.0
      ],
      [
        0.0,
        0.0,
        0.0,
        0.0,
        0.0,
        1.0
      ]
    ]
  },
  "b": {
    "trend": [
      [
        0.015592016642208873
      ],
      [
        0.009370127787195866
      ],
      [
        0.17055104676422464
      ],
      [
        0.036553181648580894
      ],
      [
        0.036553181648580894
      ],
      [
        0.0
      ]
    ],
    "breakout": [
      [
        0.0
      ],
      [
        0.0
      ],
      [
        0.0
      ],
      [
        0.0
      ],
      [
        0.0
      ],
      [
        0.0
      ]
    ],
    "reversion": [
      [
        -0.0021504724919060737
      ],
      [
        -0.015568977107408863
      ],
      [
        -0.42881566295702783
      ],
      [
        -0.2700405417133283
      ],
      [
        -0.2700405417133283
      ],
      [
        0.0
      ]
    ],
    "vwap": [
      [
        0.0
      ],
      [
        0.0
      ],
      [
        0.0
      ],
      [
        0.0
      ],
      [
        0.0
      ],
      [
        0.0
      ]
    ]
  },
  "counts": {
    "trend": 1,
    "breakout": 0,
    "reversion": 8,
    "vwap": 0
  },
  "reward_sum": {
    "trend": 0.036553181648580894,
    "breakout": 0.0,
    "reversion": -0.2700405417133283,
    "vwap": 0.0
  },
  "disabled_until": {
    "trend": 0.0,
    "breakout": 0.0,
    "reversion": 0.0,
    "vwap": 0.0
  },
  "_snapshot_time": "2025-09-25T06:57:00.330180"
}