{
  "arms": [
    "trend",
    "breakout",
    "reversion",
    "vwap"
  ],
  "d": 6,
  "alpha": 0.6,
  "alpha_base": 0.6,
  "alpha_boost_until": 0.0,
  "A": {
    "trend": [
      [
        1.003137975973961,
        0.00188578787105474,
        0.03432430193995415,
        0.007356521508228361,
        0.007356521508228361,
        0.0
      ],
      [
        0.00188578787105474,
        1.0011332769671026,
        0.02062742124793556,
        0.004420951322919395,
        0.004420951322919395,
        0.0
      ],
      [
        0.03432430193995415,
        0.02062742124793556,
        1.3754514736383112,
        0.08046825965894651,
        0.08046825965894651,
        0.0
      ],
      [
        0.007356521508228361,
        0.004420951322919395,
        0.08046825965894651,
        1.0172462788594006,
        0.01724627885940145,
        0.0
      ],
      [
        0.007356521508228361,
        0.004420951322919395,
        0.08046825965894651,
        0.01724627885940145,
        1.0172462788594006,
        0.0
      ],
      [
        0.0,
        0.0,
        0.0,
        0.0,
        0.0,
        1.0
      ]
    ],
    "breakout": [
      [
        1.0,
        0.0,
        0.0,
        0.0,
        0.0,
        0.0
      ],
      [
        0.0,
        1.0,
        0.0,
        0.0,
        0.0,
        0.0
      ],
      [
        0.0,
        0.0,
        1.0,
        0.0,
        0.0,
        0.0
      ],
      [
        0.0,
        0.0,
        0.0,
        1.0,
        0.0,
        0.0
      ],
      [
        0.0,
        0.0,
        0.0,
        0.0,
        1.0,
        0.0
      ],
      [
        0.0,
        0.0,
        0.0,
        0.0,
        0.0,
        1.0
      ]
    ],
    "reversion": [
      [
        1.1681822523168042,
        0.013689450826964085,
        0.4920544027363668,
        0.5511451379428178,
        0.5511451379428178,
        0.0
      ],
      [
        0.013689450826964085,
        1.0012201602773176,
        0.04619413777707529,
        0.04534662731004891,
        0.04534662731004891,
        0.0
      ],
      [
        0.4920544027363668,
        0.04619413777707529,
        2.863559069191734,
        1.6256964445491324,
        1.6256964445491324,
        0.0
      ],
      [
        0.5511451379428178,
        0.04534662731004891,
        1.6256964445491324,
        2.815383967611844,
        1.8153839676118593,
        0.0
      ],
      [
        0.5511451379428178,
        0.04534662731004891,
        1.6256964445491324,
        1.8153839676118593,
        2.815383967611844,
        0.0
      ],
      [
        0.0,
        0.0,
        0.0,
        0.0,
        0.0,
        1.0
      ]
    ],
    "vwap": [
      [
        1.0,
        0.0,
        0.0,
        0.0,
        0.0,
        0.0
      ],
      [
        0.0,
        1.0,
        0.0,
        0.0,
        0.0,
        0.0
      ],
      [
        0.0,
        0.0,
        1.0,
        0.0,
        0.0,
        0.0
      ],
      [
        0.0,
        0.0,
        0.0,
        1.0,
        0.0,
        0.0
      ],
      [
        0.0,
        0.0,
        0.0,
        0.0,
        1.0,
        0.0
      ],
      [
        0.0,
        0.0,
        0.0,
        0.0,
        0.0,
        1.0
      ]
    ]
  },
  "b": {
    "trend": [
      [
        0.007500186773179945
      ],
      [
        0.004507287934922078
      ],
      [
        0.08203972163743259
      ],
      [
        0.01758308086820331
      ],
      [
        0.01758308086820331
      ],
      [
        0.0
      ]
    ],
    "breakout": [
      [
        0.0
      ],
      [
        0.0
      ],
      [
        0.0
      ],
      [
        0.0
      ],
      [
        0.0
      ],
      [
        0.0
      ]
    ],
    "reversion": [
      [
        -0.577528283839399
      ],
      [
        -0.055580010591013855
      ],
      [
        -1.9859644761291617
      ],
      [
        -2.0427805034426028
      ],
      [
        -2.0427805034426028
      ],
      [
        0.0
      ]
    ],
    "vwap": [
      [
        0.0
      ],
      [
        0.0
      ],
      [
        0.0
      ],
      [
        0.0
      ],
      [
        0.0
      ],
      [
        0.0
      ]
    ]
  },
  "counts": {
    "trend": 1,
    "breakout": 0,
    "reversion": 10,
    "vwap": 0
  },
  "reward_sum": {
    "trend": 0.01758308086820331,
    "breakout": 0.0,
    "reversion": -2.0427805034426028,
    "vwap": 0.0
  },
  "disabled_until": {
    "trend": 0.0,
    "breakout": 0.0,
    "reversion": 0.0,
    "vwap": 0.0
  },
  "_snapshot_time": "2025-09-26T10:24:00.653476"
}