{
  "arms": [
    "trend",
    "breakout",
    "reversion",
    "vwap"
  ],
  "d": 6,
  "alpha": 0.6,
  "alpha_base": 0.6,
  "alpha_boost_until": 0.0,
  "A": {
    "trend": [
      [
        1.0607028236748341,
        0.03647977217629781,
        0.6639891655362312,
        0.1423088104178475,
        0.1423088104178475,
        0.0
      ],
      [
        0.03647977217629781,
        1.0219227656552379,
        0.39902877691558414,
        0.08552144148238638,
        0.08552144148238638,
        0.0
      ],
      [
        0.6639891655362312,
        0.39902877691558414,
        8.262950638197,
        1.5566245943345216,
        1.5566245943345216,
        0.0
      ],
      [
        0.1423088104178475,
        0.08552144148238638,
        1.5566245943345216,
        1.3336220013590299,
        0.33362200135903064,
        0.0
      ],
      [
        0.1423088104178475,
        0.08552144148238638,
        1.5566245943345216,
        0.33362200135903064,
        1.3336220013590299,
        0.0
      ],
      [
        0.0,
        0.0,
        0.0,
        0.0,
        0.0,
        1.0
      ]
    ],
    "breakout": [
      [
        1.0,
        0.0,
        0.0,
        0.0,
        0.0,
        0.0
      ],
      [
        0.0,
        1.0,
        0.0,
        0.0,
        0.0,
        0.0
      ],
      [
        0.0,
        0.0,
        1.0,
        0.0,
        0.0,
        0.0
      ],
      [
        0.0,
        0.0,
        0.0,
        1.0,
        0.0,
        0.0
      ],
      [
        0.0,
        0.0,
        0.0,
        0.0,
        1.0,
        0.0
      ],
      [
        0.0,
        0.0,
        0.0,
        0.0,
        0.0,
        1.0
      ]
    ],
    "reversion": [
      [
        1.163293029540867,
        0.011311698594776357,
        0.2975026667981396,
        0.49073990839002296,
        0.49073990839002296,
        0.0
      ],
      [
        0.011311698594776357,
        1.0008923509651562,
        0.023249126272412112,
        0.034804587986807606,
        0.034804587986807606,
        0.0
      ],
      [
        0.2975026667981396,
        0.023249126272412112,
        1.6202359275487672,
        0.924378868626143,
        0.924378868626143,
        0.0
      ],
      [
        0.49073990839002296,
        0.034804587986807606,
        0.924378868626143,
        2.4888590834143645,
        1.4888590834143738,
        0.0
      ],
      [
        0.49073990839002296,
        0.034804587986807606,
        0.924378868626143,
        1.4888590834143738,
        2.4888590834143645,
        0.0
      ],
      [
        0.0,
        0.0,
        0.0,
        0.0,
        0.0,
        1.0
      ]
    ],
    "vwap": [
      [
        1.0,
        0.0,
        0.0,
        0.0,
        0.0,
        0.0
      ],
      [
        0.0,
        1.0,
        0.0,
        0.0,
        0.0,
        0.0
      ],
      [
        0.0,
        0.0,
        1.0,
        0.0,
        0.0,
        0.0
      ],
      [
        0.0,
        0.0,
        0.0,
        1.0,
        0.0,
        0.0
      ],
      [
        0.0,
        0.0,
        0.0,
        0.0,
        1.0,
        0.0
      ],
      [
        0.0,
        0.0,
        0.0,
        0.0,
        0.0,
        1.0
      ]
    ]
  },
  "b": {
    "trend": [
      [
        0.1450879544644948
      ],
      [
        0.08719158688138602
      ],
      [
        1.5870238644957106
      ],
      [
        0.3401372943769763
      ],
      [
        0.3401372943769763
      ],
      [
        0.0
      ]
    ],
    "breakout": [
      [
        0.0
      ],
      [
        0.0
      ],
      [
        0.0
      ],
      [
        0.0
      ],
      [
        0.0
      ],
      [
        0.0
      ]
    ],
    "reversion": [
      [
        -0.14007371885044
      ],
      [
        -0.004137529379791219
      ],
      [
        -0.08784160031278761
      ],
      [
        -0.3552128497212301
      ],
      [
        -0.3552128497212301
      ],
      [
        0.0
      ]
    ],
    "vwap": [
      [
        0.0
      ],
      [
        0.0
      ],
      [
        0.0
      ],
      [
        0.0
      ],
      [
        0.0
      ],
      [
        0.0
      ]
    ]
  },
  "counts": {
    "trend": 1,
    "breakout": 0,
    "reversion": 3,
    "vwap": 0
  },
  "reward_sum": {
    "trend": 0.3401372943769763,
    "breakout": 0.0,
    "reversion": -0.3552128497212301,
    "vwap": 0.0
  },
  "disabled_until": {
    "trend": 0.0,
    "breakout": 0.0,
    "reversion": 0.0,
    "vwap": 0.0
  },
  "_snapshot_time": "2025-09-19T07:52:00.984990"
}