{
  "arms": [
    "trend",
    "breakout",
    "reversion",
    "vwap"
  ],
  "d": 6,
  "alpha": 0.6,
  "alpha_base": 0.6,
  "alpha_boost_until": 0.0,
  "A": {
    "trend": [
      [
        1.0056409099500336,
        0.0033899429612450024,
        0.061702287700003036,
        0.013224280784093734,
        0.013224280784093734,
        0.0
      ],
      [
        0.0033899429612450024,
        1.0020372091351006,
        0.03708040683757536,
        0.007947220919792608,
        0.007947220919792608,
        0.0
      ],
      [
        0.061702287700003036,
        0.03708040683757536,
        1.6749216600048409,
        0.14465190630476948,
        0.14465190630476948,
        0.0
      ],
      [
        0.013224280784093734,
        0.007947220919792608,
        0.14465190630476948,
        1.0310023744051309,
        0.03100237440513238,
        0.0
      ],
      [
        0.013224280784093734,
        0.007947220919792608,
        0.14465190630476948,
        0.03100237440513238,
        1.0310023744051309,
        0.0
      ],
      [
        0.0,
        0.0,
        0.0,
        0.0,
        0.0,
        1.0
      ]
    ],
    "breakout": [
      [
        1.0,
        0.0,
        0.0,
        0.0,
        0.0,
        0.0
      ],
      [
        0.0,
        1.0,
        0.0,
        0.0,
        0.0,
        0.0
      ],
      [
        0.0,
        0.0,
        1.0,
        0.0,
        0.0,
        0.0
      ],
      [
        0.0,
        0.0,
        0.0,
        1.0,
        0.0,
        0.0
      ],
      [
        0.0,
        0.0,
        0.0,
        0.0,
        1.0,
        0.0
      ],
      [
        0.0,
        0.0,
        0.0,
        0.0,
        0.0,
        1.0
      ]
    ],
    "reversion": [
      [
        1.1506114565018941,
        0.013989366380264556,
        0.5674588664713816,
        0.4839889439297369,
        0.4839889439297369,
        0.0
      ],
      [
        0.013989366380264556,
        1.0014501263856348,
        0.060847055230787414,
        0.04604636841450204,
        0.04604636841450204,
        0.0
      ],
      [
        0.5674588664713816,
        0.060847055230787414,
        3.687342739168296,
        1.8633188202593018,
        1.8633188202593018,
        0.0
      ],
      [
        0.4839889439297369,
        0.04604636841450204,
        1.8633188202593018,
        2.5706965465097618,
        1.5706965465097753,
        0.0
      ],
      [
        0.4839889439297369,
        0.04604636841450204,
        1.8633188202593018,
        1.5706965465097753,
        2.5706965465097618,
        0.0
      ],
      [
        0.0,
        0.0,
        0.0,
        0.0,
        0.0,
        1.0
      ]
    ],
    "vwap": [
      [
        1.0,
        0.0,
        0.0,
        0.0,
        0.0,
        0.0
      ],
      [
        0.0,
        1.0,
        0.0,
        0.0,
        0.0,
        0.0
      ],
      [
        0.0,
        0.0,
        1.0,
        0.0,
        0.0,
        0.0
      ],
      [
        0.0,
        0.0,
        0.0,
        1.0,
        0.0,
        0.0
      ],
      [
        0.0,
        0.0,
        0.0,
        0.0,
        1.0,
        0.0
      ],
      [
        0.0,
        0.0,
        0.0,
        0.0,
        0.0,
        1.0
      ]
    ]
  },
  "b": {
    "trend": [
      [
        0.013482537325655653
      ],
      [
        0.008102421933993922
      ],
      [
        0.14747680859341
      ],
      [
        0.03160781874836722
      ],
      [
        0.03160781874836722
      ],
      [
        0.0
      ]
    ],
    "breakout": [
      [
        0.0
      ],
      [
        0.0
      ],
      [
        0.0
      ],
      [
        0.0
      ],
      [
        0.0
      ],
      [
        0.0
      ]
    ],
    "reversion": [
      [
        -0.31832454363745993
      ],
      [
        -0.049527267782452075
      ],
      [
        -2.065610717407452
      ],
      [
        -1.2677059151082313
      ],
      [
        -1.2677059151082313
      ],
      [
        0.0
      ]
    ],
    "vwap": [
      [
        0.0
      ],
      [
        0.0
      ],
      [
        0.0
      ],
      [
        0.0
      ],
      [
        0.0
      ],
      [
        0.0
      ]
    ]
  },
  "counts": {
    "trend": 1,
    "breakout": 0,
    "reversion": 9,
    "vwap": 0
  },
  "reward_sum": {
    "trend": 0.03160781874836722,
    "breakout": 0.0,
    "reversion": -1.2677059151082313,
    "vwap": 0.0
  },
  "disabled_until": {
    "trend": 0.0,
    "breakout": 0.0,
    "reversion": 0.0,
    "vwap": 0.0
  },
  "_snapshot_time": "2025-09-25T11:46:00.962139"
}