{
  "arms": [
    "trend",
    "breakout",
    "reversion",
    "vwap"
  ],
  "d": 6,
  "alpha": 0.6,
  "alpha_base": 0.6,
  "alpha_boost_until": 0.0,
  "A": {
    "trend": [
      [
        1.026020134634364,
        0.015636975777977333,
        0.28461752579352706,
        0.06100036509938764,
        0.06100036509938764,
        0.0
      ],
      [
        0.015636975777977333,
        1.0093971462837126,
        0.17104282584853966,
        0.03665858170645788,
        0.03665858170645788,
        0.0
      ],
      [
        0.28461752579352706,
        0.17104282584853966,
        4.113248149063876,
        0.6672437799057261,
        0.6672437799057261,
        0.0
      ],
      [
        0.06100036509938764,
        0.03665858170645788,
        0.6672437799057261,
        1.1430063523708376,
        0.14300635237083656,
        0.0
      ],
      [
        0.06100036509938764,
        0.03665858170645788,
        0.6672437799057261,
        0.14300635237083656,
        1.1430063523708376,
        0.0
      ],
      [
        0.0,
        0.0,
        0.0,
        0.0,
        0.0,
        1.0
      ]
    ],
    "breakout": [
      [
        1.0,
        0.0,
        0.0,
        0.0,
        0.0,
        0.0
      ],
      [
        0.0,
        1.0,
        0.0,
        0.0,
        0.0,
        0.0
      ],
      [
        0.0,
        0.0,
        1.0,
        0.0,
        0.0,
        0.0
      ],
      [
        0.0,
        0.0,
        0.0,
        1.0,
        0.0,
        0.0
      ],
      [
        0.0,
        0.0,
        0.0,
        0.0,
        1.0,
        0.0
      ],
      [
        0.0,
        0.0,
        0.0,
        0.0,
        0.0,
        1.0
      ]
    ],
    "reversion": [
      [
        1.300078042544909,
        0.01955418182827503,
        0.5039924262260906,
        0.9427974165669097,
        0.9427974165669097,
        0.0
      ],
      [
        0.01955418182827503,
        1.0015636456205401,
        0.039809679727462764,
        0.06542233357149896,
        0.06542233357149896,
        0.0
      ],
      [
        0.5039924262260906,
        0.039809679727462764,
        2.0770223848096347,
        1.6879839367936635,
        1.6879839367936635,
        0.0
      ],
      [
        0.9427974165669097,
        0.06542233357149896,
        1.6879839367936635,
        4.030449202083039,
        3.030449202083054,
        0.0
      ],
      [
        0.9427974165669097,
        0.06542233357149896,
        1.6879839367936635,
        3.030449202083054,
        4.030449202083039,
        0.0
      ],
      [
        0.0,
        0.0,
        0.0,
        0.0,
        0.0,
        1.0
      ]
    ],
    "vwap": [
      [
        1.0,
        0.0,
        0.0,
        0.0,
        0.0,
        0.0
      ],
      [
        0.0,
        1.0,
        0.0,
        0.0,
        0.0,
        0.0
      ],
      [
        0.0,
        0.0,
        1.0,
        0.0,
        0.0,
        0.0
      ],
      [
        0.0,
        0.0,
        0.0,
        1.0,
        0.0,
        0.0
      ],
      [
        0.0,
        0.0,
        0.0,
        0.0,
        1.0,
        0.0
      ],
      [
        0.0,
        0.0,
        0.0,
        0.0,
        0.0,
        1.0
      ]
    ]
  },
  "b": {
    "trend": [
      [
        0.062191639209623756
      ],
      [
        0.03737448593479693
      ],
      [
        0.6802743615903224
      ],
      [
        0.14579911869118745
      ],
      [
        0.14579911869118745
      ],
      [
        0.0
      ]
    ],
    "breakout": [
      [
        0.0
      ],
      [
        0.0
      ],
      [
        0.0
      ],
      [
        0.0
      ],
      [
        0.0
      ],
      [
        0.0
      ]
    ],
    "reversion": [
      [
        -0.008577556862323628
      ],
      [
        -0.06209974176821386
      ],
      [
        -1.7104105010935267
      ],
      [
        -1.0771065942004696
      ],
      [
        -1.0771065942004696
      ],
      [
        0.0
      ]
    ],
    "vwap": [
      [
        0.0
      ],
      [
        0.0
      ],
      [
        0.0
      ],
      [
        0.0
      ],
      [
        0.0
      ],
      [
        0.0
      ]
    ]
  },
  "counts": {
    "trend": 1,
    "breakout": 0,
    "reversion": 8,
    "vwap": 0
  },
  "reward_sum": {
    "trend": 0.14579911869118745,
    "breakout": 0.0,
    "reversion": -1.0771065942004696,
    "vwap": 0.0
  },
  "disabled_until": {
    "trend": 0.0,
    "breakout": 0.0,
    "reversion": 0.0,
    "vwap": 0.0
  },
  "_snapshot_time": "2025-09-22T19:35:00.329315"
}