{
  "arms": [
    "trend",
    "breakout",
    "reversion",
    "vwap"
  ],
  "d": 6,
  "alpha": 0.6,
  "alpha_base": 0.6,
  "alpha_boost_until": 0.0,
  "A": {
    "trend": [
      [
        1.0034863013045028,
        0.002095116332766184,
        0.03813440881077154,
        0.008173118833145561,
        0.008173118833145561,
        0.0
      ],
      [
        0.002095116332766184,
        1.0012590743210144,
        0.022917130724372736,
        0.004911691004689801,
        0.004911691004689801,
        0.0
      ],
      [
        0.03813440881077154,
        0.022917130724372736,
        1.4171277833814875,
        0.08940049284887744,
        0.08940049284887744,
        0.0
      ],
      [
        0.008173118833145561,
        0.004911691004689801,
        0.08940049284887744,
        1.0191606707585628,
        0.019160670758563442,
        0.0
      ],
      [
        0.008173118833145561,
        0.004911691004689801,
        0.08940049284887744,
        0.019160670758563442,
        1.0191606707585628,
        0.0
      ],
      [
        0.0,
        0.0,
        0.0,
        0.0,
        0.0,
        1.0
      ]
    ],
    "breakout": [
      [
        1.0,
        0.0,
        0.0,
        0.0,
        0.0,
        0.0
      ],
      [
        0.0,
        1.0,
        0.0,
        0.0,
        0.0,
        0.0
      ],
      [
        0.0,
        0.0,
        1.0,
        0.0,
        0.0,
        0.0
      ],
      [
        0.0,
        0.0,
        0.0,
        1.0,
        0.0,
        0.0
      ],
      [
        0.0,
        0.0,
        0.0,
        0.0,
        1.0,
        0.0
      ],
      [
        0.0,
        0.0,
        0.0,
        0.0,
        0.0,
        1.0
      ]
    ],
    "reversion": [
      [
        1.0930837261942998,
        0.008645971428846148,
        0.35071160574351934,
        0.29912395367650596,
        0.29912395367650596,
        0.0
      ],
      [
        0.008645971428846148,
        1.0008962343938672,
        0.03760584194842304,
        0.02845844299821531,
        0.02845844299821531,
        0.0
      ],
      [
        0.35071160574351934,
        0.03760584194842304,
        2.6608821236638973,
        1.1516033567839539,
        1.1516033567839539,
        0.0
      ],
      [
        0.29912395367650596,
        0.02845844299821531,
        1.1516033567839539,
        1.9707514332935636,
        0.97075143329358,
        0.0
      ],
      [
        0.29912395367650596,
        0.02845844299821531,
        1.1516033567839539,
        0.97075143329358,
        1.9707514332935636,
        0.0
      ],
      [
        0.0,
        0.0,
        0.0,
        0.0,
        0.0,
        1.0
      ]
    ],
    "vwap": [
      [
        1.0,
        0.0,
        0.0,
        0.0,
        0.0,
        0.0
      ],
      [
        0.0,
        1.0,
        0.0,
        0.0,
        0.0,
        0.0
      ],
      [
        0.0,
        0.0,
        1.0,
        0.0,
        0.0,
        0.0
      ],
      [
        0.0,
        0.0,
        0.0,
        1.0,
        0.0,
        0.0
      ],
      [
        0.0,
        0.0,
        0.0,
        0.0,
        1.0,
        0.0
      ],
      [
        0.0,
        0.0,
        0.0,
        0.0,
        0.0,
        1.0
      ]
    ]
  },
  "b": {
    "trend": [
      [
        0.008332731400217008
      ],
      [
        0.005007611255688841
      ],
      [
        0.09114639211357353
      ],
      [
        0.0195348588633764
      ],
      [
        0.0195348588633764
      ],
      [
        0.0
      ]
    ],
    "breakout": [
      [
        0.0
      ],
      [
        0.0
      ],
      [
        0.0
      ],
      [
        0.0
      ],
      [
        0.0
      ],
      [
        0.0
      ]
    ],
    "reversion": [
      [
        -0.19673692393049758
      ],
      [
        -0.03060977392085393
      ],
      [
        -1.276627601305663
      ],
      [
        -0.7834914623200933
      ],
      [
        -0.7834914623200933
      ],
      [
        0.0
      ]
    ],
    "vwap": [
      [
        0.0
      ],
      [
        0.0
      ],
      [
        0.0
      ],
      [
        0.0
      ],
      [
        0.0
      ],
      [
        0.0
      ]
    ]
  },
  "counts": {
    "trend": 1,
    "breakout": 0,
    "reversion": 9,
    "vwap": 0
  },
  "reward_sum": {
    "trend": 0.0195348588633764,
    "breakout": 0.0,
    "reversion": -0.7834914623200933,
    "vwap": 0.0
  },
  "disabled_until": {
    "trend": 0.0,
    "breakout": 0.0,
    "reversion": 0.0,
    "vwap": 0.0
  },
  "_snapshot_time": "2025-09-26T07:00:00.072349"
}