{
  "arms": [
    "trend",
    "breakout",
    "reversion",
    "vwap"
  ],
  "d": 6,
  "alpha": 0.6,
  "alpha_base": 0.6,
  "alpha_boost_until": 0.0,
  "A": {
    "trend": [
      [
        1.0126425059517525,
        0.007597599402094633,
        0.1382882454061247,
        0.02963848918020202,
        0.02963848918020202,
        0.0
      ],
      [
        0.007597599402094633,
        1.0045658287126789,
        0.0831052557636906,
        0.017811450398668355,
        0.017811450398668355,
        0.0
      ],
      [
        0.1382882454061247,
        0.0831052557636906,
        2.512646218280407,
        0.32419638012119845,
        0.32419638012119845,
        0.0
      ],
      [
        0.02963848918020202,
        0.017811450398668355,
        0.32419638012119845,
        1.0694830632658903,
        0.06948306326589085,
        0.0
      ],
      [
        0.02963848918020202,
        0.017811450398668355,
        0.32419638012119845,
        0.06948306326589085,
        1.0694830632658903,
        0.0
      ],
      [
        0.0,
        0.0,
        0.0,
        0.0,
        0.0,
        1.0
      ]
    ],
    "breakout": [
      [
        1.0,
        0.0,
        0.0,
        0.0,
        0.0,
        0.0
      ],
      [
        0.0,
        1.0,
        0.0,
        0.0,
        0.0,
        0.0
      ],
      [
        0.0,
        0.0,
        1.0,
        0.0,
        0.0,
        0.0
      ],
      [
        0.0,
        0.0,
        0.0,
        1.0,
        0.0,
        0.0
      ],
      [
        0.0,
        0.0,
        0.0,
        0.0,
        1.0,
        0.0
      ],
      [
        0.0,
        0.0,
        0.0,
        0.0,
        0.0,
        1.0
      ]
    ],
    "reversion": [
      [
        1.1458001079615316,
        0.009500867832524672,
        0.24487679782355418,
        0.45808071778772463,
        0.45808071778772463,
        0.0
      ],
      [
        0.009500867832524672,
        1.000759734695531,
        0.019342486884255675,
        0.03178700852926379,
        0.03178700852926379,
        0.0
      ],
      [
        0.24487679782355418,
        0.019342486884255675,
        1.523297135140198,
        0.8201474460931717,
        0.8201474460931717,
        0.0
      ],
      [
        0.45808071778772463,
        0.03178700852926379,
        0.8201474460931717,
        2.4724163657176366,
        1.472416365717654,
        0.0
      ],
      [
        0.45808071778772463,
        0.03178700852926379,
        0.8201474460931717,
        1.472416365717654,
        2.4724163657176366,
        0.0
      ],
      [
        0.0,
        0.0,
        0.0,
        0.0,
        0.0,
        1.0
      ]
    ],
    "vwap": [
      [
        1.0,
        0.0,
        0.0,
        0.0,
        0.0,
        0.0
      ],
      [
        0.0,
        1.0,
        0.0,
        0.0,
        0.0,
        0.0
      ],
      [
        0.0,
        0.0,
        1.0,
        0.0,
        0.0,
        0.0
      ],
      [
        0.0,
        0.0,
        0.0,
        1.0,
        0.0,
        0.0
      ],
      [
        0.0,
        0.0,
        0.0,
        0.0,
        1.0,
        0.0
      ],
      [
        0.0,
        0.0,
        0.0,
        0.0,
        0.0,
        1.0
      ]
    ]
  },
  "b": {
    "trend": [
      [
        0.030217298254038884
      ],
      [
        0.018159289623747042
      ],
      [
        0.330527600494083
      ],
      [
        0.07083999570774914
      ],
      [
        0.07083999570774914
      ],
      [
        0.0
      ]
    ],
    "breakout": [
      [
        0.0
      ],
      [
        0.0
      ],
      [
        0.0
      ],
      [
        0.0
      ],
      [
        0.0
      ],
      [
        0.0
      ]
    ],
    "reversion": [
      [
        -0.004167611551870836
      ],
      [
        -0.030172647679923822
      ],
      [
        -0.8310439297825336
      ],
      [
        -0.5233380502907075
      ],
      [
        -0.5233380502907075
      ],
      [
        0.0
      ]
    ],
    "vwap": [
      [
        0.0
      ],
      [
        0.0
      ],
      [
        0.0
      ],
      [
        0.0
      ],
      [
        0.0
      ],
      [
        0.0
      ]
    ]
  },
  "counts": {
    "trend": 1,
    "breakout": 0,
    "reversion": 8,
    "vwap": 0
  },
  "reward_sum": {
    "trend": 0.07083999570774914,
    "breakout": 0.0,
    "reversion": -0.5233380502907075,
    "vwap": 0.0
  },
  "disabled_until": {
    "trend": 0.0,
    "breakout": 0.0,
    "reversion": 0.0,
    "vwap": 0.0
  },
  "_snapshot_time": "2025-09-24T02:14:00.272170"
}