{
  "arms": [
    "trend",
    "breakout",
    "reversion",
    "vwap"
  ],
  "d": 6,
  "alpha": 0.6,
  "alpha_base": 0.6,
  "alpha_boost_until": 0.0,
  "A": {
    "trend": [
      [
        1.1261941156387785,
        0.07583720673607515,
        1.3803563074333733,
        0.29584347796545063,
        0.29584347796545063,
        0.0
      ],
      [
        0.07583720673607515,
        1.0455748819698782,
        0.8295344527467232,
        0.17778913768219423,
        0.17778913768219423,
        0.0
      ],
      [
        1.3803563074333733,
        0.8295344527467232,
        16.098830288768184,
        3.2360416233001446,
        3.2360416233001446,
        0.0
      ],
      [
        0.29584347796545063,
        0.17778913768219423,
        3.2360416233001446,
        1.6935613678313168,
        0.6935613678313175,
        0.0
      ],
      [
        0.29584347796545063,
        0.17778913768219423,
        3.2360416233001446,
        0.6935613678313175,
        1.6935613678313168,
        0.0
      ],
      [
        0.0,
        0.0,
        0.0,
        0.0,
        0.0,
        1.0
      ]
    ],
    "breakout": [
      [
        1.0,
        0.0,
        0.0,
        0.0,
        0.0,
        0.0
      ],
      [
        0.0,
        1.0,
        0.0,
        0.0,
        0.0,
        0.0
      ],
      [
        0.0,
        0.0,
        1.0,
        0.0,
        0.0,
        0.0
      ],
      [
        0.0,
        0.0,
        0.0,
        1.0,
        0.0,
        0.0
      ],
      [
        0.0,
        0.0,
        0.0,
        0.0,
        1.0,
        0.0
      ],
      [
        0.0,
        0.0,
        0.0,
        0.0,
        0.0,
        1.0
      ]
    ],
    "reversion": [
      [
        1.102640860602086,
        0.010405725518233188,
        0.29330826145298083,
        0.3528300536127192,
        0.3528300536127192,
        0.0
      ],
      [
        0.010405725518233188,
        1.0011293656113267,
        0.030332083311237098,
        0.03541162596974051,
        0.03541162596974051,
        0.0
      ],
      [
        0.29330826145298083,
        0.030332083311237098,
        1.8429430089812056,
        1.0053820035732512,
        1.0053820035732512,
        0.0
      ],
      [
        0.3528300536127192,
        0.03541162596974051,
        1.0053820035732512,
        2.214584945526625,
        1.2145849455266358,
        0.0
      ],
      [
        0.3528300536127192,
        0.03541162596974051,
        1.0053820035732512,
        1.2145849455266358,
        2.214584945526625,
        0.0
      ],
      [
        0.0,
        0.0,
        0.0,
        0.0,
        0.0,
        1.0
      ]
    ],
    "vwap": [
      [
        1.0,
        0.0,
        0.0,
        0.0,
        0.0,
        0.0
      ],
      [
        0.0,
        1.0,
        0.0,
        0.0,
        0.0,
        0.0
      ],
      [
        0.0,
        0.0,
        1.0,
        0.0,
        0.0,
        0.0
      ],
      [
        0.0,
        0.0,
        0.0,
        1.0,
        0.0,
        0.0
      ],
      [
        0.0,
        0.0,
        0.0,
        0.0,
        1.0,
        0.0
      ],
      [
        0.0,
        0.0,
        0.0,
        0.0,
        0.0,
        1.0
      ]
    ]
  },
  "b": {
    "trend": [
      [
        0.30162099545093163
      ],
      [
        0.18126117586519394
      ],
      [
        3.299238173012639
      ],
      [
        0.7071059048191076
      ],
      [
        0.7071059048191076
      ],
      [
        0.0
      ]
    ],
    "breakout": [
      [
        0.0
      ],
      [
        0.0
      ],
      [
        0.0
      ],
      [
        0.0
      ],
      [
        0.0
      ],
      [
        0.0
      ]
    ],
    "reversion": [
      [
        0.14066637094774506
      ],
      [
        0.015305187493108262
      ],
      [
        0.4103406494490637
      ],
      [
        0.4785163809578585
      ],
      [
        0.4785163809578585
      ],
      [
        0.0
      ]
    ],
    "vwap": [
      [
        0.0
      ],
      [
        0.0
      ],
      [
        0.0
      ],
      [
        0.0
      ],
      [
        0.0
      ],
      [
        0.0
      ]
    ]
  },
  "counts": {
    "trend": 1,
    "breakout": 0,
    "reversion": 2,
    "vwap": 0
  },
  "reward_sum": {
    "trend": 0.7071059048191076,
    "breakout": 0.0,
    "reversion": 0.4785163809578585,
    "vwap": 0.0
  },
  "disabled_until": {
    "trend": 0.0,
    "breakout": 0.0,
    "reversion": 0.0,
    "vwap": 0.0
  },
  "_snapshot_time": "2025-09-18T05:17:00.627541"
}