{
  "arms": [
    "trend",
    "breakout",
    "reversion",
    "vwap"
  ],
  "d": 6,
  "alpha": 0.6,
  "alpha_base": 0.6,
  "alpha_boost_until": 0.0,
  "A": {
    "trend": [
      [
        1.1096693742160655,
        0.06590655168777125,
        1.1996027838947665,
        0.2571036607384029,
        0.2571036607384029,
        0.0
      ],
      [
        0.06590655168777125,
        1.0396069876975451,
        0.7209094010675379,
        0.15450818267811955,
        0.15450818267811955,
        0.0
      ],
      [
        1.1996027838947665,
        0.7209094010675379,
        14.121683691683513,
        2.8122916664381354,
        2.8122916664381354,
        0.0
      ],
      [
        0.2571036607384029,
        0.15450818267811955,
        2.8122916664381354,
        1.6027415843082733,
        0.6027415843082742,
        0.0
      ],
      [
        0.2571036607384029,
        0.15450818267811955,
        2.8122916664381354,
        0.6027415843082742,
        1.6027415843082733,
        0.0
      ],
      [
        0.0,
        0.0,
        0.0,
        0.0,
        0.0,
        1.0
      ]
    ],
    "breakout": [
      [
        1.0,
        0.0,
        0.0,
        0.0,
        0.0,
        0.0
      ],
      [
        0.0,
        1.0,
        0.0,
        0.0,
        0.0,
        0.0
      ],
      [
        0.0,
        0.0,
        1.0,
        0.0,
        0.0,
        0.0
      ],
      [
        0.0,
        0.0,
        0.0,
        1.0,
        0.0,
        0.0
      ],
      [
        0.0,
        0.0,
        0.0,
        0.0,
        1.0,
        0.0
      ],
      [
        0.0,
        0.0,
        0.0,
        0.0,
        0.0,
        1.0
      ]
    ],
    "reversion": [
      [
        1.089200347371587,
        0.009043126932442306,
        0.25490042323388534,
        0.30662801501052833,
        0.30662801501052833,
        0.0
      ],
      [
        0.009043126932442306,
        1.0009814785675888,
        0.02636018786275899,
        0.030774579626131313,
        0.030774579626131313,
        0.0
      ],
      [
        0.25490042323388534,
        0.02636018786275899,
        1.7325621470290504,
        0.8737302418726293,
        0.8737302418726293,
        0.0
      ],
      [
        0.30662801501052833,
        0.030774579626131313,
        0.8737302418726293,
        2.055538685254088,
        1.055538685254099,
        0.0
      ],
      [
        0.30662801501052833,
        0.030774579626131313,
        0.8737302418726293,
        1.055538685254099,
        2.055538685254088,
        0.0
      ],
      [
        0.0,
        0.0,
        0.0,
        0.0,
        0.0,
        1.0
      ]
    ],
    "vwap": [
      [
        1.0,
        0.0,
        0.0,
        0.0,
        0.0,
        0.0
      ],
      [
        0.0,
        1.0,
        0.0,
        0.0,
        0.0,
        0.0
      ],
      [
        0.0,
        0.0,
        1.0,
        0.0,
        0.0,
        0.0
      ],
      [
        0.0,
        0.0,
        0.0,
        1.0,
        0.0,
        0.0
      ],
      [
        0.0,
        0.0,
        0.0,
        0.0,
        1.0,
        0.0
      ],
      [
        0.0,
        0.0,
        0.0,
        0.0,
        0.0,
        1.0
      ]
    ]
  },
  "b": {
    "trend": [
      [
        0.26212462961597544
      ],
      [
        0.15752556786170305
      ],
      [
        2.8672128172739053
      ],
      [
        0.614512504750787
      ],
      [
        0.614512504750787
      ],
      [
        0.0
      ]
    ],
    "breakout": [
      [
        0.0
      ],
      [
        0.0
      ],
      [
        0.0
      ],
      [
        0.0
      ],
      [
        0.0
      ],
      [
        0.0
      ]
    ],
    "reversion": [
      [
        0.1222465310446186
      ],
      [
        0.013301019038267588
      ],
      [
        0.3566077705976962
      ],
      [
        0.4158560942889038
      ],
      [
        0.4158560942889038
      ],
      [
        0.0
      ]
    ],
    "vwap": [
      [
        0.0
      ],
      [
        0.0
      ],
      [
        0.0
      ],
      [
        0.0
      ],
      [
        0.0
      ],
      [
        0.0
      ]
    ]
  },
  "counts": {
    "trend": 1,
    "breakout": 0,
    "reversion": 2,
    "vwap": 0
  },
  "reward_sum": {
    "trend": 0.614512504750787,
    "breakout": 0.0,
    "reversion": 0.4158560942889038,
    "vwap": 0.0
  },
  "disabled_until": {
    "trend": 0.0,
    "breakout": 0.0,
    "reversion": 0.0,
    "vwap": 0.0
  },
  "_snapshot_time": "2025-09-18T10:01:00.694164"
}