{
  "arms": [
    "trend",
    "breakout",
    "reversion",
    "vwap"
  ],
  "d": 6,
  "alpha": 0.6,
  "alpha_base": 0.6,
  "alpha_boost_until": 0.0,
  "A": {
    "trend": [
      [
        1.0041757454018931,
        0.002509442423028428,
        0.04567579458488184,
        0.009789418758083347,
        0.009789418758083347,
        0.0
      ],
      [
        0.002509442423028428,
        1.0015080663853775,
        0.027449177477366953,
        0.005883017369112961,
        0.005883017369112961,
        0.0
      ],
      [
        0.04567579458488184,
        0.027449177477366953,
        1.4996181544054337,
        0.10708015869382262,
        0.10708015869382262,
        0.0
      ],
      [
        0.009789418758083347,
        0.005883017369112961,
        0.10708015869382262,
        1.0229498473680132,
        0.022949847368015076,
        0.0
      ],
      [
        0.009789418758083347,
        0.005883017369112961,
        0.10708015869382262,
        0.022949847368015076,
        1.0229498473680132,
        0.0
      ],
      [
        0.0,
        0.0,
        0.0,
        0.0,
        0.0,
        1.0
      ]
    ],
    "breakout": [
      [
        1.0,
        0.0,
        0.0,
        0.0,
        0.0,
        0.0
      ],
      [
        0.0,
        1.0,
        0.0,
        0.0,
        0.0,
        0.0
      ],
      [
        0.0,
        0.0,
        1.0,
        0.0,
        0.0,
        0.0
      ],
      [
        0.0,
        0.0,
        0.0,
        1.0,
        0.0,
        0.0
      ],
      [
        0.0,
        0.0,
        0.0,
        0.0,
        1.0,
        0.0
      ],
      [
        0.0,
        0.0,
        0.0,
        0.0,
        0.0,
        1.0
      ]
    ],
    "reversion": [
      [
        1.111491781030188,
        0.01035578175422472,
        0.42006764394759116,
        0.35827811914804353,
        0.35827811914804353,
        0.0
      ],
      [
        0.01035578175422472,
        1.0010734719470105,
        0.04504269937816696,
        0.034086328780974555,
        0.034086328780974555,
        0.0
      ],
      [
        0.42006764394759116,
        0.04504269937816696,
        2.9893349097560025,
        1.379342174379445,
        1.379342174379445,
        0.0
      ],
      [
        0.35827811914804353,
        0.034086328780974555,
        1.379342174379445,
        2.1627253297702174,
        1.1627253297702327,
        0.0
      ],
      [
        0.35827811914804353,
        0.034086328780974555,
        1.379342174379445,
        1.1627253297702327,
        2.1627253297702174,
        0.0
      ],
      [
        0.0,
        0.0,
        0.0,
        0.0,
        0.0,
        1.0
      ]
    ],
    "vwap": [
      [
        1.0,
        0.0,
        0.0,
        0.0,
        0.0,
        0.0
      ],
      [
        0.0,
        1.0,
        0.0,
        0.0,
        0.0,
        0.0
      ],
      [
        0.0,
        0.0,
        1.0,
        0.0,
        0.0,
        0.0
      ],
      [
        0.0,
        0.0,
        0.0,
        1.0,
        0.0,
        0.0
      ],
      [
        0.0,
        0.0,
        0.0,
        0.0,
        1.0,
        0.0
      ],
      [
        0.0,
        0.0,
        0.0,
        0.0,
        0.0,
        1.0
      ]
    ]
  },
  "b": {
    "trend": [
      [
        0.009980595992871424
      ],
      [
        0.005997906620521127
      ],
      [
        0.10917132356741129
      ],
      [
        0.023398034177370172
      ],
      [
        0.023398034177370172
      ],
      [
        0.0
      ]
    ],
    "breakout": [
      [
        0.0
      ],
      [
        0.0
      ],
      [
        0.0
      ],
      [
        0.0
      ],
      [
        0.0
      ],
      [
        0.0
      ]
    ],
    "reversion": [
      [
        -0.23564323153143243
      ],
      [
        -0.036663102680739086
      ],
      [
        -1.5290909678966162
      ],
      [
        -0.938433194795796
      ],
      [
        -0.938433194795796
      ],
      [
        0.0
      ]
    ],
    "vwap": [
      [
        0.0
      ],
      [
        0.0
      ],
      [
        0.0
      ],
      [
        0.0
      ],
      [
        0.0
      ],
      [
        0.0
      ]
    ]
  },
  "counts": {
    "trend": 1,
    "breakout": 0,
    "reversion": 9,
    "vwap": 0
  },
  "reward_sum": {
    "trend": 0.023398034177370172,
    "breakout": 0.0,
    "reversion": -0.938433194795796,
    "vwap": 0.0
  },
  "disabled_until": {
    "trend": 0.0,
    "breakout": 0.0,
    "reversion": 0.0,
    "vwap": 0.0
  },
  "_snapshot_time": "2025-09-26T00:57:00.588454"
}