{
  "arms": [
    "trend",
    "breakout",
    "reversion",
    "vwap"
  ],
  "d": 6,
  "alpha": 0.6,
  "alpha_base": 0.6,
  "alpha_boost_until": 0.0,
  "A": {
    "trend": [
      [
        1.1141565195558258,
        0.06860313200820636,
        1.2486847822174014,
        0.26762311068843947,
        0.26762311068843947,
        0.0
      ],
      [
        0.06860313200820636,
        1.0412275158672313,
        0.7504055597035555,
        0.16082991722629986,
        0.16082991722629986,
        0.0
      ],
      [
        1.2486847822174014,
        0.7504055597035555,
        14.658560119107545,
        2.9273571670421963,
        2.9273571670421963,
        0.0
      ],
      [
        0.26762311068843947,
        0.16082991722629986,
        2.9273571670421963,
        1.6274028820538082,
        0.6274028820538087,
        0.0
      ],
      [
        0.26762311068843947,
        0.16082991722629986,
        2.9273571670421963,
        0.6274028820538087,
        1.6274028820538082,
        0.0
      ],
      [
        0.0,
        0.0,
        0.0,
        0.0,
        0.0,
        1.0
      ]
    ],
    "breakout": [
      [
        1.0,
        0.0,
        0.0,
        0.0,
        0.0,
        0.0
      ],
      [
        0.0,
        1.0,
        0.0,
        0.0,
        0.0,
        0.0
      ],
      [
        0.0,
        0.0,
        1.0,
        0.0,
        0.0,
        0.0
      ],
      [
        0.0,
        0.0,
        0.0,
        1.0,
        0.0,
        0.0
      ],
      [
        0.0,
        0.0,
        0.0,
        0.0,
        1.0,
        0.0
      ],
      [
        0.0,
        0.0,
        0.0,
        0.0,
        0.0,
        1.0
      ]
    ],
    "reversion": [
      [
        1.092849998205054,
        0.009413128358654767,
        0.2653297272614941,
        0.319173764253921,
        0.319173764253921,
        0.0
      ],
      [
        0.009413128358654767,
        1.0010216359680677,
        0.027438720451907903,
        0.03203372797579208,
        0.03203372797579208,
        0.0
      ],
      [
        0.2653297272614941,
        0.027438720451907903,
        1.7625350801986186,
        0.909479097111856,
        0.909479097111856,
        0.0
      ],
      [
        0.319173764253921,
        0.03203372797579208,
        0.909479097111856,
        2.0987262709071586,
        1.0987262709071701,
        0.0
      ],
      [
        0.319173764253921,
        0.03203372797579208,
        0.909479097111856,
        1.0987262709071701,
        2.0987262709071586,
        0.0
      ],
      [
        0.0,
        0.0,
        0.0,
        0.0,
        0.0,
        1.0
      ]
    ],
    "vwap": [
      [
        1.0,
        0.0,
        0.0,
        0.0,
        0.0,
        0.0
      ],
      [
        0.0,
        1.0,
        0.0,
        0.0,
        0.0,
        0.0
      ],
      [
        0.0,
        0.0,
        1.0,
        0.0,
        0.0,
        0.0
      ],
      [
        0.0,
        0.0,
        0.0,
        1.0,
        0.0,
        0.0
      ],
      [
        0.0,
        0.0,
        0.0,
        0.0,
        1.0,
        0.0
      ],
      [
        0.0,
        0.0,
        0.0,
        0.0,
        0.0,
        1.0
      ]
    ]
  },
  "b": {
    "trend": [
      [
        0.27284951355577547
      ],
      [
        0.16397075935455505
      ],
      [
        2.984525428229315
      ],
      [
        0.639655412163431
      ],
      [
        0.639655412163431
      ],
      [
        0.0
      ]
    ],
    "breakout": [
      [
        0.0
      ],
      [
        0.0
      ],
      [
        0.0
      ],
      [
        0.0
      ],
      [
        0.0
      ],
      [
        0.0
      ]
    ],
    "reversion": [
      [
        0.1272482733815272
      ],
      [
        0.013845233008833738
      ],
      [
        0.37119845197431595
      ],
      [
        0.4328709331975602
      ],
      [
        0.4328709331975602
      ],
      [
        0.0
      ]
    ],
    "vwap": [
      [
        0.0
      ],
      [
        0.0
      ],
      [
        0.0
      ],
      [
        0.0
      ],
      [
        0.0
      ],
      [
        0.0
      ]
    ]
  },
  "counts": {
    "trend": 1,
    "breakout": 0,
    "reversion": 2,
    "vwap": 0
  },
  "reward_sum": {
    "trend": 0.639655412163431,
    "breakout": 0.0,
    "reversion": 0.4328709331975602,
    "vwap": 0.0
  },
  "disabled_until": {
    "trend": 0.0,
    "breakout": 0.0,
    "reversion": 0.0,
    "vwap": 0.0
  },
  "_snapshot_time": "2025-09-18T08:46:00.489776"
}