{
  "arms": [
    "trend",
    "breakout",
    "reversion",
    "vwap"
  ],
  "d": 6,
  "alpha": 0.6,
  "alpha_base": 0.6,
  "alpha_boost_until": 0.0,
  "A": {
    "trend": [
      [
        1.0245011522106995,
        0.01472413302371112,
        0.2680023535347257,
        0.0574393350076871,
        0.0574393350076871,
        0.0
      ],
      [
        0.01472413302371112,
        1.0088485672606553,
        0.16105782577806865,
        0.03451855660393485,
        0.03451855660393485,
        0.0
      ],
      [
        0.2680023535347257,
        0.16105782577806865,
        3.9315054607425113,
        0.6282919609309877,
        0.6282919609309877,
        0.0
      ],
      [
        0.0574393350076871,
        0.03451855660393485,
        0.6282919609309877,
        1.1346580429260142,
        0.1346580429260134,
        0.0
      ],
      [
        0.0574393350076871,
        0.03451855660393485,
        0.6282919609309877,
        0.1346580429260134,
        1.1346580429260142,
        0.0
      ],
      [
        0.0,
        0.0,
        0.0,
        0.0,
        0.0,
        1.0
      ]
    ],
    "breakout": [
      [
        1.0,
        0.0,
        0.0,
        0.0,
        0.0,
        0.0
      ],
      [
        0.0,
        1.0,
        0.0,
        0.0,
        0.0,
        0.0
      ],
      [
        0.0,
        0.0,
        1.0,
        0.0,
        0.0,
        0.0
      ],
      [
        0.0,
        0.0,
        0.0,
        1.0,
        0.0,
        0.0
      ],
      [
        0.0,
        0.0,
        0.0,
        0.0,
        1.0,
        0.0
      ],
      [
        0.0,
        0.0,
        0.0,
        0.0,
        0.0,
        1.0
      ]
    ],
    "reversion": [
      [
        1.282560328714509,
        0.018412663580054417,
        0.4745707630465979,
        0.8877595497393554,
        0.8877595497393554,
        0.0
      ],
      [
        0.018412663580054417,
        1.0014723643782322,
        0.03748570236733582,
        0.06160316137248346,
        0.06160316137248346,
        0.0
      ],
      [
        0.4745707630465979,
        0.03748570236733582,
        2.0141488410940624,
        1.5894441725900275,
        1.5894441725900275,
        0.0
      ],
      [
        0.8877595497393554,
        0.06160316137248346,
        1.5894441725900275,
        3.853540083876861,
        2.853540083876876,
        0.0
      ],
      [
        0.8877595497393554,
        0.06160316137248346,
        1.5894441725900275,
        2.853540083876876,
        3.853540083876861,
        0.0
      ],
      [
        0.0,
        0.0,
        0.0,
        0.0,
        0.0,
        1.0
      ]
    ],
    "vwap": [
      [
        1.0,
        0.0,
        0.0,
        0.0,
        0.0,
        0.0
      ],
      [
        0.0,
        1.0,
        0.0,
        0.0,
        0.0,
        0.0
      ],
      [
        0.0,
        0.0,
        1.0,
        0.0,
        0.0,
        0.0
      ],
      [
        0.0,
        0.0,
        0.0,
        1.0,
        0.0,
        0.0
      ],
      [
        0.0,
        0.0,
        0.0,
        0.0,
        1.0,
        0.0
      ],
      [
        0.0,
        0.0,
        0.0,
        0.0,
        0.0,
        1.0
      ]
    ]
  },
  "b": {
    "trend": [
      [
        0.058561065879172064
      ],
      [
        0.03519266835290535
      ],
      [
        0.6405618538325645
      ],
      [
        0.1372877753876382
      ],
      [
        0.1372877753876382
      ],
      [
        0.0
      ]
    ],
    "breakout": [
      [
        0.0
      ],
      [
        0.0
      ],
      [
        0.0
      ],
      [
        0.0
      ],
      [
        0.0
      ],
      [
        0.0
      ]
    ],
    "reversion": [
      [
        -0.008076823169168839
      ],
      [
        -0.058474533152443435
      ],
      [
        -1.6105615370155104
      ],
      [
        -1.0142281345770294
      ],
      [
        -1.0142281345770294
      ],
      [
        0.0
      ]
    ],
    "vwap": [
      [
        0.0
      ],
      [
        0.0
      ],
      [
        0.0
      ],
      [
        0.0
      ],
      [
        0.0
      ],
      [
        0.0
      ]
    ]
  },
  "counts": {
    "trend": 1,
    "breakout": 0,
    "reversion": 8,
    "vwap": 0
  },
  "reward_sum": {
    "trend": 0.1372877753876382,
    "breakout": 0.0,
    "reversion": -1.0142281345770294,
    "vwap": 0.0
  },
  "disabled_until": {
    "trend": 0.0,
    "breakout": 0.0,
    "reversion": 0.0,
    "vwap": 0.0
  },
  "_snapshot_time": "2025-09-23T00:34:00.416168"
}