{
  "arms": [
    "trend",
    "breakout",
    "reversion",
    "vwap"
  ],
  "d": 6,
  "alpha": 0.6,
  "alpha_base": 0.6,
  "alpha_boost_until": 0.0,
  "A": {
    "trend": [
      [
        1.0069627335435039,
        0.004184301783914777,
        0.07616086625832934,
        0.016323101098890177,
        0.016323101098890177,
        0.0
      ],
      [
        0.004184301783914777,
        1.0025145844386372,
        0.045769387347381604,
        0.009809477932820505,
        0.009809477932820505,
        0.0
      ],
      [
        0.07616086625832934,
        0.045769387347381604,
        1.8330747561970182,
        0.17854790966023446,
        0.17854790966023446,
        0.0
      ],
      [
        0.016323101098890177,
        0.009809477932820505,
        0.17854790966023446,
        1.0382671012497933,
        0.03826710124979409,
        0.0
      ],
      [
        0.016323101098890177,
        0.009809477932820505,
        0.17854790966023446,
        0.03826710124979409,
        1.0382671012497933,
        0.0
      ],
      [
        0.0,
        0.0,
        0.0,
        0.0,
        0.0,
        1.0
      ]
    ],
    "breakout": [
      [
        1.0,
        0.0,
        0.0,
        0.0,
        0.0,
        0.0
      ],
      [
        0.0,
        1.0,
        0.0,
        0.0,
        0.0,
        0.0
      ],
      [
        0.0,
        0.0,
        1.0,
        0.0,
        0.0,
        0.0
      ],
      [
        0.0,
        0.0,
        0.0,
        1.0,
        0.0,
        0.0
      ],
      [
        0.0,
        0.0,
        0.0,
        0.0,
        1.0,
        0.0
      ],
      [
        0.0,
        0.0,
        0.0,
        0.0,
        0.0,
        1.0
      ]
    ],
    "reversion": [
      [
        1.0802979493325493,
        0.0052325078115347005,
        0.1348634440623372,
        0.25228336783427885,
        0.25228336783427885,
        0.0
      ],
      [
        0.0052325078115347005,
        1.0004184162751382,
        0.010652680944565951,
        0.017506376613860865,
        0.017506376613860865,
        0.0
      ],
      [
        0.1348634440623372,
        0.010652680944565951,
        1.2882006565759374,
        0.4516879925012481,
        0.4516879925012481,
        0.0
      ],
      [
        0.25228336783427885,
        0.017506376613860865,
        0.4516879925012481,
        1.8109185677832667,
        0.8109185677832809,
        0.0
      ],
      [
        0.25228336783427885,
        0.017506376613860865,
        0.4516879925012481,
        0.8109185677832809,
        1.8109185677832667,
        0.0
      ],
      [
        0.0,
        0.0,
        0.0,
        0.0,
        0.0,
        1.0
      ]
    ],
    "vwap": [
      [
        1.0,
        0.0,
        0.0,
        0.0,
        0.0,
        0.0
      ],
      [
        0.0,
        1.0,
        0.0,
        0.0,
        0.0,
        0.0
      ],
      [
        0.0,
        0.0,
        1.0,
        0.0,
        0.0,
        0.0
      ],
      [
        0.0,
        0.0,
        0.0,
        1.0,
        0.0,
        0.0
      ],
      [
        0.0,
        0.0,
        0.0,
        0.0,
        1.0,
        0.0
      ],
      [
        0.0,
        0.0,
        0.0,
        0.0,
        0.0,
        1.0
      ]
    ]
  },
  "b": {
    "trend": [
      [
        0.016641874399774378
      ],
      [
        0.010001046902567845
      ],
      [
        0.18203476587606945
      ],
      [
        0.03901441820303514
      ],
      [
        0.03901441820303514
      ],
      [
        0.0
      ]
    ],
    "breakout": [
      [
        0.0
      ],
      [
        0.0
      ],
      [
        0.0
      ],
      [
        0.0
      ],
      [
        0.0
      ],
      [
        0.0
      ]
    ],
    "reversion": [
      [
        -0.0022952703253015967
      ],
      [
        -0.016617283543237375
      ],
      [
        -0.45768912176942494
      ],
      [
        -0.2882231901853327
      ],
      [
        -0.2882231901853327
      ],
      [
        0.0
      ]
    ],
    "vwap": [
      [
        0.0
      ],
      [
        0.0
      ],
      [
        0.0
      ],
      [
        0.0
      ],
      [
        0.0
      ],
      [
        0.0
      ]
    ]
  },
  "counts": {
    "trend": 1,
    "breakout": 0,
    "reversion": 8,
    "vwap": 0
  },
  "reward_sum": {
    "trend": 0.03901441820303514,
    "breakout": 0.0,
    "reversion": -0.2882231901853327,
    "vwap": 0.0
  },
  "disabled_until": {
    "trend": 0.0,
    "breakout": 0.0,
    "reversion": 0.0,
    "vwap": 0.0
  },
  "_snapshot_time": "2025-09-25T04:45:00.799256"
}