{
  "arms": [
    "trend",
    "breakout",
    "reversion",
    "vwap"
  ],
  "d": 6,
  "alpha": 0.6,
  "alpha_base": 0.6,
  "alpha_boost_until": 0.0,
  "A": {
    "trend": [
      [
        1.056024525282623,
        0.033668317136994606,
        0.6128162668550693,
        0.13134123035038048,
        0.13134123035038048,
        0.0
      ],
      [
        0.033668317136994606,
        1.020233202746812,
        0.36827607757676484,
        0.07893040011123571,
        0.07893040011123571,
        0.0
      ],
      [
        0.6128162668550693,
        0.36827607757676484,
        7.703203195880557,
        1.4366572864550995,
        1.4366572864550995,
        0.0
      ],
      [
        0.13134123035038048,
        0.07893040011123571,
        1.4366572864550995,
        1.307910128696824,
        0.3079101286968243,
        0.0
      ],
      [
        0.13134123035038048,
        0.07893040011123571,
        1.4366572864550995,
        0.3079101286968243,
        1.307910128696824,
        0.0
      ],
      [
        0.0,
        0.0,
        0.0,
        0.0,
        0.0,
        1.0
      ]
    ],
    "breakout": [
      [
        1.0,
        0.0,
        0.0,
        0.0,
        0.0,
        0.0
      ],
      [
        0.0,
        1.0,
        0.0,
        0.0,
        0.0,
        0.0
      ],
      [
        0.0,
        0.0,
        1.0,
        0.0,
        0.0,
        0.0
      ],
      [
        0.0,
        0.0,
        0.0,
        1.0,
        0.0,
        0.0
      ],
      [
        0.0,
        0.0,
        0.0,
        0.0,
        1.0,
        0.0
      ],
      [
        0.0,
        0.0,
        0.0,
        0.0,
        0.0,
        1.0
      ]
    ],
    "reversion": [
      [
        1.4801915240988714,
        0.03393449448519726,
        0.8585916302121103,
        1.5600826473097678,
        1.5600826473097678,
        0.0
      ],
      [
        0.03393449448519726,
        1.0029645999655812,
        0.07456108138405403,
        0.1177299066619546,
        0.1177299066619546,
        0.0
      ],
      [
        0.8585916302121103,
        0.07456108138405403,
        3.0095700507159577,
        2.9927890413647424,
        2.9927890413647424,
        0.0
      ],
      [
        1.5600826473097678,
        0.1177299066619546,
        2.9927890413647424,
        6.194213964992965,
        5.194213964992974,
        0.0
      ],
      [
        1.5600826473097678,
        0.1177299066619546,
        2.9927890413647424,
        5.194213964992974,
        6.194213964992965,
        0.0
      ],
      [
        0.0,
        0.0,
        0.0,
        0.0,
        0.0,
        1.0
      ]
    ],
    "vwap": [
      [
        1.0,
        0.0,
        0.0,
        0.0,
        0.0,
        0.0
      ],
      [
        0.0,
        1.0,
        0.0,
        0.0,
        0.0,
        0.0
      ],
      [
        0.0,
        0.0,
        1.0,
        0.0,
        0.0,
        0.0
      ],
      [
        0.0,
        0.0,
        0.0,
        1.0,
        0.0,
        0.0
      ],
      [
        0.0,
        0.0,
        0.0,
        0.0,
        1.0,
        0.0
      ],
      [
        0.0,
        0.0,
        0.0,
        0.0,
        0.0,
        1.0
      ]
    ]
  },
  "b": {
    "trend": [
      [
        0.133906188889039
      ],
      [
        0.08047182928153487
      ],
      [
        1.464713719032962
      ],
      [
        0.3139232954048984
      ],
      [
        0.3139232954048984
      ],
      [
        0.0
      ]
    ],
    "breakout": [
      [
        0.0
      ],
      [
        0.0
      ],
      [
        0.0
      ],
      [
        0.0
      ],
      [
        0.0
      ],
      [
        0.0
      ]
    ],
    "reversion": [
      [
        -0.49582112139252826
      ],
      [
        -0.15720880019680408
      ],
      [
        -4.334579736360829
      ],
      [
        -3.6710312058323855
      ],
      [
        -3.6710312058323855
      ],
      [
        0.0
      ]
    ],
    "vwap": [
      [
        0.0
      ],
      [
        0.0
      ],
      [
        0.0
      ],
      [
        0.0
      ],
      [
        0.0
      ],
      [
        0.0
      ]
    ]
  },
  "counts": {
    "trend": 1,
    "breakout": 0,
    "reversion": 7,
    "vwap": 0
  },
  "reward_sum": {
    "trend": 0.3139232954048984,
    "breakout": 0.0,
    "reversion": -3.6710312058323855,
    "vwap": 0.0
  },
  "disabled_until": {
    "trend": 0.0,
    "breakout": 0.0,
    "reversion": 0.0,
    "vwap": 0.0
  },
  "_snapshot_time": "2025-09-19T10:27:00.096353"
}