{
  "arms": [
    "trend",
    "breakout",
    "reversion",
    "vwap"
  ],
  "d": 6,
  "alpha": 0.6,
  "alpha_base": 0.6,
  "alpha_boost_until": 0.0,
  "A": {
    "trend": [
      [
        1.0305471681484382,
        0.018357527166369386,
        0.3341358352129749,
        0.07161332698664,
        0.07161332698664,
        0.0
      ],
      [
        0.018357527166369386,
        1.0110320800287078,
        0.20080118858720328,
        0.04303651288535289,
        0.04303651288535289,
        0.0
      ],
      [
        0.3341358352129749,
        0.20080118858720328,
        4.654897103094575,
        0.7833321474770993,
        0.7833321474770993,
        0.0
      ],
      [
        0.07161332698664,
        0.04303651288535289,
        0.7833321474770993,
        1.1678868750508884,
        0.1678868750508869,
        0.0
      ],
      [
        0.07161332698664,
        0.04303651288535289,
        0.7833321474770993,
        0.1678868750508869,
        1.1678868750508884,
        0.0
      ],
      [
        0.0,
        0.0,
        0.0,
        0.0,
        0.0,
        1.0
      ]
    ],
    "breakout": [
      [
        1.0,
        0.0,
        0.0,
        0.0,
        0.0,
        0.0
      ],
      [
        0.0,
        1.0,
        0.0,
        0.0,
        0.0,
        0.0
      ],
      [
        0.0,
        0.0,
        1.0,
        0.0,
        0.0,
        0.0
      ],
      [
        0.0,
        0.0,
        0.0,
        1.0,
        0.0,
        0.0
      ],
      [
        0.0,
        0.0,
        0.0,
        0.0,
        1.0,
        0.0
      ],
      [
        0.0,
        0.0,
        0.0,
        0.0,
        0.0,
        1.0
      ]
    ],
    "reversion": [
      [
        1.3522862026688935,
        0.022956256326382717,
        0.5916780065055937,
        1.106827140538595,
        1.106827140538595,
        0.0
      ],
      [
        0.022956256326382717,
        1.0018356917197546,
        0.046735845054554,
        0.07680463811407284,
        0.07680463811407284,
        0.0
      ],
      [
        0.5916780065055937,
        0.046735845054554,
        2.2644048292110583,
        1.9816626575406178,
        1.9816626575406178,
        0.0
      ],
      [
        1.106827140538595,
        0.07680463811407284,
        1.9816626575406178,
        4.557692634652012,
        3.5576926346520272,
        0.0
      ],
      [
        1.106827140538595,
        0.07680463811407284,
        1.9816626575406178,
        3.5576926346520272,
        4.557692634652012,
        0.0
      ],
      [
        0.0,
        0.0,
        0.0,
        0.0,
        0.0,
        1.0
      ]
    ],
    "vwap": [
      [
        1.0,
        0.0,
        0.0,
        0.0,
        0.0,
        0.0
      ],
      [
        0.0,
        1.0,
        0.0,
        0.0,
        0.0,
        0.0
      ],
      [
        0.0,
        0.0,
        1.0,
        0.0,
        0.0,
        0.0
      ],
      [
        0.0,
        0.0,
        0.0,
        1.0,
        0.0,
        0.0
      ],
      [
        0.0,
        0.0,
        0.0,
        0.0,
        1.0,
        0.0
      ],
      [
        0.0,
        0.0,
        0.0,
        0.0,
        0.0,
        1.0
      ]
    ]
  },
  "b": {
    "trend": [
      [
        0.07301186127816528
      ],
      [
        0.04387697152050419
      ],
      [
        0.7986298150481822
      ],
      [
        0.17116553227483483
      ],
      [
        0.17116553227483483
      ],
      [
        0.0
      ]
    ],
    "breakout": [
      [
        0.0
      ],
      [
        0.0
      ],
      [
        0.0
      ],
      [
        0.0
      ],
      [
        0.0
      ],
      [
        0.0
      ]
    ],
    "reversion": [
      [
        -0.010069896849424689
      ],
      [
        -0.07290397534157785
      ],
      [
        -2.0079910390146685
      ],
      [
        -1.2645036895151096
      ],
      [
        -1.2645036895151096
      ],
      [
        0.0
      ]
    ],
    "vwap": [
      [
        0.0
      ],
      [
        0.0
      ],
      [
        0.0
      ],
      [
        0.0
      ],
      [
        0.0
      ],
      [
        0.0
      ]
    ]
  },
  "counts": {
    "trend": 1,
    "breakout": 0,
    "reversion": 8,
    "vwap": 0
  },
  "reward_sum": {
    "trend": 0.17116553227483483,
    "breakout": 0.0,
    "reversion": -1.2645036895151096,
    "vwap": 0.0
  },
  "disabled_until": {
    "trend": 0.0,
    "breakout": 0.0,
    "reversion": 0.0,
    "vwap": 0.0
  },
  "_snapshot_time": "2025-09-22T13:16:00.926242"
}