{
  "arms": [
    "trend",
    "breakout",
    "reversion",
    "vwap"
  ],
  "d": 6,
  "alpha": 0.6,
  "alpha_base": 0.6,
  "alpha_boost_until": 0.0,
  "A": {
    "trend": [
      [
        1.0068245198056505,
        0.0041012413039683655,
        0.0746490350302689,
        0.015999079390728595,
        0.015999079390728595,
        0.0
      ],
      [
        0.0041012413039683655,
        1.0024646686818097,
        0.044860842152448274,
        0.009614754897245977,
        0.009614754897245977,
        0.0
      ],
      [
        0.0746490350302689,
        0.044860842152448274,
        1.8165378062698005,
        0.17500364449111638,
        0.17500364449111638,
        0.0
      ],
      [
        0.015999079390728595,
        0.009614754897245977,
        0.17500364449111638,
        1.0375074801803512,
        0.03750748018035199,
        0.0
      ],
      [
        0.015999079390728595,
        0.009614754897245977,
        0.17500364449111638,
        0.03750748018035199,
        1.0375074801803512,
        0.0
      ],
      [
        0.0,
        0.0,
        0.0,
        0.0,
        0.0,
        1.0
      ]
    ],
    "breakout": [
      [
        1.0,
        0.0,
        0.0,
        0.0,
        0.0,
        0.0
      ],
      [
        0.0,
        1.0,
        0.0,
        0.0,
        0.0,
        0.0
      ],
      [
        0.0,
        0.0,
        1.0,
        0.0,
        0.0,
        0.0
      ],
      [
        0.0,
        0.0,
        0.0,
        1.0,
        0.0,
        0.0
      ],
      [
        0.0,
        0.0,
        0.0,
        0.0,
        1.0,
        0.0
      ],
      [
        0.0,
        0.0,
        0.0,
        0.0,
        0.0,
        1.0
      ]
    ],
    "reversion": [
      [
        1.0787039949395094,
        0.005128639918492148,
        0.1321863373502674,
        0.24727541699876157,
        0.24727541699876157,
        0.0
      ],
      [
        0.005128639918492148,
        1.00041011050313,
        0.010441219908133771,
        0.01715886629582891,
        0.01715886629582891,
        0.0
      ],
      [
        0.1321863373502674,
        0.010441219908133771,
        1.2824797296227022,
        0.4427217602884071,
        0.4427217602884071,
        0.0
      ],
      [
        0.24727541699876157,
        0.01715886629582891,
        0.4427217602884071,
        1.7948214292603093,
        0.794821429260323,
        0.0
      ],
      [
        0.24727541699876157,
        0.01715886629582891,
        0.4427217602884071,
        0.794821429260323,
        1.7948214292603093,
        0.0
      ],
      [
        0.0,
        0.0,
        0.0,
        0.0,
        0.0,
        1.0
      ]
    ],
    "vwap": [
      [
        1.0,
        0.0,
        0.0,
        0.0,
        0.0,
        0.0
      ],
      [
        0.0,
        1.0,
        0.0,
        0.0,
        0.0,
        0.0
      ],
      [
        0.0,
        0.0,
        1.0,
        0.0,
        0.0,
        0.0
      ],
      [
        0.0,
        0.0,
        0.0,
        1.0,
        0.0,
        0.0
      ],
      [
        0.0,
        0.0,
        0.0,
        0.0,
        1.0,
        0.0
      ],
      [
        0.0,
        0.0,
        0.0,
        0.0,
        0.0,
        1.0
      ]
    ]
  },
  "b": {
    "trend": [
      [
        0.016311524882402822
      ],
      [
        0.009802521127279076
      ],
      [
        0.17842128486981826
      ],
      [
        0.038239962518879796
      ],
      [
        0.038239962518879796
      ],
      [
        0.0
      ]
    ],
    "breakout": [
      [
        0.0
      ],
      [
        0.0
      ],
      [
        0.0
      ],
      [
        0.0
      ],
      [
        0.0
      ],
      [
        0.0
      ]
    ],
    "reversion": [
      [
        -0.0022497080631437415
      ],
      [
        -0.016287422166648143
      ],
      [
        -0.44860376414379666
      ],
      [
        -0.2825018159286983
      ],
      [
        -0.2825018159286983
      ],
      [
        0.0
      ]
    ],
    "vwap": [
      [
        0.0
      ],
      [
        0.0
      ],
      [
        0.0
      ],
      [
        0.0
      ],
      [
        0.0
      ],
      [
        0.0
      ]
    ]
  },
  "counts": {
    "trend": 1,
    "breakout": 0,
    "reversion": 8,
    "vwap": 0
  },
  "reward_sum": {
    "trend": 0.038239962518879796,
    "breakout": 0.0,
    "reversion": -0.2825018159286983,
    "vwap": 0.0
  },
  "disabled_until": {
    "trend": 0.0,
    "breakout": 0.0,
    "reversion": 0.0,
    "vwap": 0.0
  },
  "_snapshot_time": "2025-09-25T05:21:00.662006"
}