{
  "arms": [
    "trend",
    "breakout",
    "reversion",
    "vwap"
  ],
  "d": 6,
  "alpha": 0.6,
  "alpha_base": 0.6,
  "alpha_boost_until": 0.0,
  "A": {
    "trend": [
      [
        1.0060813914001674,
        0.003654653265906043,
        0.06652043112072667,
        0.01425692452922476,
        0.01425692452922476,
        0.0
      ],
      [
        0.003654653265906043,
        1.0021962885818578,
        0.03997590269197317,
        0.008567795158043004,
        0.008567795158043004,
        0.0
      ],
      [
        0.06652043112072667,
        0.03997590269197317,
        1.7276242335539256,
        0.15594733240057404,
        0.15594733240057404,
        0.0
      ],
      [
        0.01425692452922476,
        0.008567795158043004,
        0.15594733240057404,
        1.0334232552482066,
        0.033423255248208356,
        0.0
      ],
      [
        0.01425692452922476,
        0.008567795158043004,
        0.15594733240057404,
        0.033423255248208356,
        1.0334232552482066,
        0.0
      ],
      [
        0.0,
        0.0,
        0.0,
        0.0,
        0.0,
        1.0
      ]
    ],
    "breakout": [
      [
        1.0,
        0.0,
        0.0,
        0.0,
        0.0,
        0.0
      ],
      [
        0.0,
        1.0,
        0.0,
        0.0,
        0.0,
        0.0
      ],
      [
        0.0,
        0.0,
        1.0,
        0.0,
        0.0,
        0.0
      ],
      [
        0.0,
        0.0,
        0.0,
        1.0,
        0.0,
        0.0
      ],
      [
        0.0,
        0.0,
        0.0,
        0.0,
        1.0,
        0.0
      ],
      [
        0.0,
        0.0,
        0.0,
        0.0,
        0.0,
        1.0
      ]
    ],
    "reversion": [
      [
        1.1623722456927008,
        0.015081753325670483,
        0.6117699982938124,
        0.5217821641298677,
        0.5217821641298677,
        0.0
      ],
      [
        0.015081753325670483,
        1.0015633623314093,
        0.06559841615691742,
        0.049641988857348905,
        0.049641988857348905,
        0.0
      ],
      [
        0.6117699982938124,
        0.06559841615691742,
        3.8971891358028343,
        2.0088197027904764,
        2.0088197027904764,
        0.0
      ],
      [
        0.5217821641298677,
        0.049641988857348905,
        2.0088197027904764,
        2.69334744834203,
        1.6933474483420425,
        0.0
      ],
      [
        0.5217821641298677,
        0.049641988857348905,
        2.0088197027904764,
        1.6933474483420425,
        2.69334744834203,
        0.0
      ],
      [
        0.0,
        0.0,
        0.0,
        0.0,
        0.0,
        1.0
      ]
    ],
    "vwap": [
      [
        1.0,
        0.0,
        0.0,
        0.0,
        0.0,
        0.0
      ],
      [
        0.0,
        1.0,
        0.0,
        0.0,
        0.0,
        0.0
      ],
      [
        0.0,
        0.0,
        1.0,
        0.0,
        0.0,
        0.0
      ],
      [
        0.0,
        0.0,
        0.0,
        1.0,
        0.0,
        0.0
      ],
      [
        0.0,
        0.0,
        0.0,
        0.0,
        1.0,
        0.0
      ],
      [
        0.0,
        0.0,
        0.0,
        0.0,
        0.0,
        1.0
      ]
    ]
  },
  "b": {
    "trend": [
      [
        0.01453534753629336
      ],
      [
        0.008735115345995208
      ],
      [
        0.15899282269143544
      ],
      [
        0.03407597689326956
      ],
      [
        0.03407597689326956
      ],
      [
        0.0
      ]
    ],
    "breakout": [
      [
        0.0
      ],
      [
        0.0
      ],
      [
        0.0
      ],
      [
        0.0
      ],
      [
        0.0
      ],
      [
        0.0
      ]
    ],
    "reversion": [
      [
        -0.34318153618591624
      ],
      [
        -0.05339470103829272
      ],
      [
        -2.2269079570858517
      ],
      [
        -1.3666972028217148
      ],
      [
        -1.3666972028217148
      ],
      [
        0.0
      ]
    ],
    "vwap": [
      [
        0.0
      ],
      [
        0.0
      ],
      [
        0.0
      ],
      [
        0.0
      ],
      [
        0.0
      ],
      [
        0.0
      ]
    ]
  },
  "counts": {
    "trend": 1,
    "breakout": 0,
    "reversion": 9,
    "vwap": 0
  },
  "reward_sum": {
    "trend": 0.03407597689326956,
    "breakout": 0.0,
    "reversion": -1.3666972028217148,
    "vwap": 0.0
  },
  "disabled_until": {
    "trend": 0.0,
    "breakout": 0.0,
    "reversion": 0.0,
    "vwap": 0.0
  },
  "_snapshot_time": "2025-09-25T09:15:00.605465"
}