{
  "arms": [
    "trend",
    "breakout",
    "reversion",
    "vwap"
  ],
  "d": 6,
  "alpha": 0.6,
  "alpha_base": 0.6,
  "alpha_boost_until": 0.0,
  "A": {
    "trend": [
      [
        1.003045005620152,
        0.0018299167085489977,
        0.033307359005375445,
        0.007138566236072895,
        0.007138566236072895,
        0.0
      ],
      [
        0.0018299167085489977,
        1.0010997008143627,
        0.020016282517907984,
        0.004289969628963195,
        0.004289969628963195,
        0.0
      ],
      [
        0.033307359005375445,
        0.020016282517907984,
        1.3643277886159164,
        0.07808418704878346,
        0.07808418704878346,
        0.0
      ],
      [
        0.007138566236072895,
        0.004289969628963195,
        0.07808418704878346,
        1.0167353148938543,
        0.016735314893855303,
        0.0
      ],
      [
        0.007138566236072895,
        0.004289969628963195,
        0.07808418704878346,
        0.016735314893855303,
        1.0167353148938543,
        0.0
      ],
      [
        0.0,
        0.0,
        0.0,
        0.0,
        0.0,
        1.0
      ]
    ],
    "breakout": [
      [
        1.0,
        0.0,
        0.0,
        0.0,
        0.0,
        0.0
      ],
      [
        0.0,
        1.0,
        0.0,
        0.0,
        0.0,
        0.0
      ],
      [
        0.0,
        0.0,
        1.0,
        0.0,
        0.0,
        0.0
      ],
      [
        0.0,
        0.0,
        0.0,
        1.0,
        0.0,
        0.0
      ],
      [
        0.0,
        0.0,
        0.0,
        0.0,
        1.0,
        0.0
      ],
      [
        0.0,
        0.0,
        0.0,
        0.0,
        0.0,
        1.0
      ]
    ],
    "reversion": [
      [
        1.163199434209846,
        0.013283866750670344,
        0.4774760655230868,
        0.5348160905250773,
        0.5348160905250773,
        0.0
      ],
      [
        0.013283866750670344,
        1.0011840099901177,
        0.04482552139228961,
        0.04400312053369553,
        0.04400312053369553,
        0.0
      ],
      [
        0.4774760655230868,
        0.04482552139228961,
        2.808346490305209,
        1.5775311383487007,
        1.5775311383487007,
        0.0
      ],
      [
        0.5348160905250773,
        0.04400312053369553,
        1.5775311383487007,
        2.7615986960966383,
        1.7615986960966534,
        0.0
      ],
      [
        0.5348160905250773,
        0.04400312053369553,
        1.5775311383487007,
        1.7615986960966534,
        2.7615986960966383,
        0.0
      ],
      [
        0.0,
        0.0,
        0.0,
        0.0,
        0.0,
        1.0
      ]
    ],
    "vwap": [
      [
        1.0,
        0.0,
        0.0,
        0.0,
        0.0,
        0.0
      ],
      [
        0.0,
        1.0,
        0.0,
        0.0,
        0.0,
        0.0
      ],
      [
        0.0,
        0.0,
        1.0,
        0.0,
        0.0,
        0.0
      ],
      [
        0.0,
        0.0,
        0.0,
        1.0,
        0.0,
        0.0
      ],
      [
        0.0,
        0.0,
        0.0,
        0.0,
        1.0,
        0.0
      ],
      [
        0.0,
        0.0,
        0.0,
        0.0,
        0.0,
        1.0
      ]
    ]
  },
  "b": {
    "trend": [
      [
        0.007277975059731295
      ],
      [
        0.004373748303801557
      ],
      [
        0.07960909055220497
      ],
      [
        0.017062138304292592
      ],
      [
        0.017062138304292592
      ],
      [
        0.0
      ]
    ],
    "breakout": [
      [
        0.0
      ],
      [
        0.0
      ],
      [
        0.0
      ],
      [
        0.0
      ],
      [
        0.0
      ],
      [
        0.0
      ]
    ],
    "reversion": [
      [
        -0.5604175700134553
      ],
      [
        -0.05393331434724993
      ],
      [
        -1.927125332193856
      ],
      [
        -1.9822580431896537
      ],
      [
        -1.9822580431896537
      ],
      [
        0.0
      ]
    ],
    "vwap": [
      [
        0.0
      ],
      [
        0.0
      ],
      [
        0.0
      ],
      [
        0.0
      ],
      [
        0.0
      ],
      [
        0.0
      ]
    ]
  },
  "counts": {
    "trend": 1,
    "breakout": 0,
    "reversion": 10,
    "vwap": 0
  },
  "reward_sum": {
    "trend": 0.017062138304292592,
    "breakout": 0.0,
    "reversion": -1.9822580431896537,
    "vwap": 0.0
  },
  "disabled_until": {
    "trend": 0.0,
    "breakout": 0.0,
    "reversion": 0.0,
    "vwap": 0.0
  },
  "_snapshot_time": "2025-09-26T11:30:00.385218"
}