{
  "arms": [
    "trend",
    "breakout",
    "reversion",
    "vwap"
  ],
  "d": 6,
  "alpha": 0.6,
  "alpha_base": 0.6,
  "alpha_boost_until": 0.0,
  "A": {
    "trend": [
      [
        1.0362231496555205,
        0.021768546616871092,
        0.39622174812988886,
        0.08491982785970276,
        0.08491982785970276,
        0.0
      ],
      [
        0.021768546616871092,
        1.013081955222484,
        0.2381121375917948,
        0.05103314452333503,
        0.05103314452333503,
        0.0
      ],
      [
        0.39622174812988886,
        0.2381121375917948,
        5.334014992734808,
        0.928883406480144,
        0.928883406480144,
        0.0
      ],
      [
        0.08491982785970276,
        0.05103314452333503,
        0.928883406480144,
        1.1990820023189896,
        0.19908200231898848,
        0.0
      ],
      [
        0.08491982785970276,
        0.05103314452333503,
        0.928883406480144,
        0.19908200231898848,
        1.1990820023189896,
        0.0
      ],
      [
        0.0,
        0.0,
        0.0,
        0.0,
        0.0,
        1.0
      ]
    ],
    "breakout": [
      [
        1.0,
        0.0,
        0.0,
        0.0,
        0.0,
        0.0
      ],
      [
        0.0,
        1.0,
        0.0,
        0.0,
        0.0,
        0.0
      ],
      [
        0.0,
        0.0,
        1.0,
        0.0,
        0.0,
        0.0
      ],
      [
        0.0,
        0.0,
        0.0,
        1.0,
        0.0,
        0.0
      ],
      [
        0.0,
        0.0,
        0.0,
        0.0,
        1.0,
        0.0
      ],
      [
        0.0,
        0.0,
        0.0,
        0.0,
        0.0,
        1.0
      ]
    ],
    "reversion": [
      [
        1.4177446426078197,
        0.027221767477767327,
        0.7016179330727188,
        1.3124871333309136,
        1.3124871333309136,
        0.0
      ],
      [
        0.027221767477767327,
        1.0021767823309502,
        0.05541985107954663,
        0.09107573857992386,
        0.09107573857992386,
        0.0
      ],
      [
        0.7016179330727188,
        0.05541985107954663,
        2.4993443952354206,
        2.349876186952532,
        2.349876186952532,
        0.0
      ],
      [
        1.3124871333309136,
        0.09107573857992386,
        2.349876186952532,
        5.218748923210119,
        4.218748923210133,
        0.0
      ],
      [
        1.3124871333309136,
        0.09107573857992386,
        2.349876186952532,
        4.218748923210133,
        5.218748923210119,
        0.0
      ],
      [
        0.0,
        0.0,
        0.0,
        0.0,
        0.0,
        1.0
      ]
    ],
    "vwap": [
      [
        1.0,
        0.0,
        0.0,
        0.0,
        0.0,
        0.0
      ],
      [
        0.0,
        1.0,
        0.0,
        0.0,
        0.0,
        0.0
      ],
      [
        0.0,
        0.0,
        1.0,
        0.0,
        0.0,
        0.0
      ],
      [
        0.0,
        0.0,
        0.0,
        1.0,
        0.0,
        0.0
      ],
      [
        0.0,
        0.0,
        0.0,
        0.0,
        1.0,
        0.0
      ],
      [
        0.0,
        0.0,
        0.0,
        0.0,
        0.0,
        1.0
      ]
    ]
  },
  "b": {
    "trend": [
      [
        0.08657822436618501
      ],
      [
        0.05202976911296713
      ],
      [
        0.9470235397689334
      ],
      [
        0.20296986815044987
      ],
      [
        0.20296986815044987
      ],
      [
        0.0
      ]
    ],
    "breakout": [
      [
        0.0
      ],
      [
        0.0
      ],
      [
        0.0
      ],
      [
        0.0
      ],
      [
        0.0
      ],
      [
        0.0
      ]
    ],
    "reversion": [
      [
        -0.011940988402586566
      ],
      [
        -0.0864502921006558
      ],
      [
        -2.381096655497697
      ],
      [
        -1.4994616248120267
      ],
      [
        -1.4994616248120267
      ],
      [
        0.0
      ]
    ],
    "vwap": [
      [
        0.0
      ],
      [
        0.0
      ],
      [
        0.0
      ],
      [
        0.0
      ],
      [
        0.0
      ],
      [
        0.0
      ]
    ]
  },
  "counts": {
    "trend": 1,
    "breakout": 0,
    "reversion": 8,
    "vwap": 0
  },
  "reward_sum": {
    "trend": 0.20296986815044987,
    "breakout": 0.0,
    "reversion": -1.4994616248120267,
    "vwap": 0.0
  },
  "disabled_until": {
    "trend": 0.0,
    "breakout": 0.0,
    "reversion": 0.0,
    "vwap": 0.0
  },
  "_snapshot_time": "2025-09-22T07:40:00.796373"
}