{
  "arms": [
    "trend",
    "breakout",
    "reversion",
    "vwap"
  ],
  "d": 6,
  "alpha": 0.6,
  "alpha_base": 0.6,
  "alpha_boost_until": 0.0,
  "A": {
    "trend": [
      [
        1.0075820632466517,
        0.004556492155055328,
        0.08293531574666259,
        0.01777502817535373,
        0.01777502817535373,
        0.0
      ],
      [
        0.004556492155055328,
        1.0027382547578,
        0.049840538555734434,
        0.010682023322961,
        0.010682023322961,
        0.0
      ],
      [
        0.08293531574666259,
        0.049840538555734434,
        1.9071761042137236,
        0.19442960658235234,
        0.19442960658235234,
        0.0
      ],
      [
        0.01777502817535373,
        0.010682023322961,
        0.19442960658235234,
        1.0416709299772973,
        0.041670929977297724,
        0.0
      ],
      [
        0.01777502817535373,
        0.010682023322961,
        0.19442960658235234,
        0.041670929977297724,
        1.0416709299772973,
        0.0
      ],
      [
        0.0,
        0.0,
        0.0,
        0.0,
        0.0,
        1.0
      ]
    ],
    "breakout": [
      [
        1.0,
        0.0,
        0.0,
        0.0,
        0.0,
        0.0
      ],
      [
        0.0,
        1.0,
        0.0,
        0.0,
        0.0,
        0.0
      ],
      [
        0.0,
        0.0,
        1.0,
        0.0,
        0.0,
        0.0
      ],
      [
        0.0,
        0.0,
        0.0,
        1.0,
        0.0,
        0.0
      ],
      [
        0.0,
        0.0,
        0.0,
        0.0,
        1.0,
        0.0
      ],
      [
        0.0,
        0.0,
        0.0,
        0.0,
        0.0,
        1.0
      ]
    ],
    "reversion": [
      [
        1.087440389124727,
        0.005697935289031047,
        0.14685944193510353,
        0.2747237760925424,
        0.2747237760925424,
        0.0
      ],
      [
        0.005697935289031047,
        1.000455634075569,
        0.011600228583132886,
        0.01906355512194236,
        0.01906355512194236,
        0.0
      ],
      [
        0.14685944193510353,
        0.011600228583132886,
        1.3138358795768927,
        0.4918652861694604,
        0.4918652861694604,
        0.0
      ],
      [
        0.2747237760925424,
        0.01906355512194236,
        0.4918652861694604,
        1.8830491401689033,
        0.8830491401689197,
        0.0
      ],
      [
        0.2747237760925424,
        0.01906355512194236,
        0.4918652861694604,
        0.8830491401689197,
        1.8830491401689033,
        0.0
      ],
      [
        0.0,
        0.0,
        0.0,
        0.0,
        0.0,
        1.0
      ]
    ],
    "vwap": [
      [
        1.0,
        0.0,
        0.0,
        0.0,
        0.0,
        0.0
      ],
      [
        0.0,
        1.0,
        0.0,
        0.0,
        0.0,
        0.0
      ],
      [
        0.0,
        0.0,
        1.0,
        0.0,
        0.0,
        0.0
      ],
      [
        0.0,
        0.0,
        0.0,
        1.0,
        0.0,
        0.0
      ],
      [
        0.0,
        0.0,
        0.0,
        0.0,
        1.0,
        0.0
      ],
      [
        0.0,
        0.0,
        0.0,
        0.0,
        0.0,
        1.0
      ]
    ]
  },
  "b": {
    "trend": [
      [
        0.018122156112039274
      ],
      [
        0.01089063220274145
      ],
      [
        0.19822661593151875
      ],
      [
        0.042484720189053644
      ],
      [
        0.042484720189053644
      ],
      [
        0.0
      ]
    ],
    "breakout": [
      [
        0.0
      ],
      [
        0.0
      ],
      [
        0.0
      ],
      [
        0.0
      ],
      [
        0.0
      ],
      [
        0.0
      ]
    ],
    "reversion": [
      [
        -0.002499432825608312
      ],
      [
        -0.01809537791804579
      ],
      [
        -0.4984002111925637
      ],
      [
        -0.3138604175332195
      ],
      [
        -0.3138604175332195
      ],
      [
        0.0
      ]
    ],
    "vwap": [
      [
        0.0
      ],
      [
        0.0
      ],
      [
        0.0
      ],
      [
        0.0
      ],
      [
        0.0
      ],
      [
        0.0
      ]
    ]
  },
  "counts": {
    "trend": 1,
    "breakout": 0,
    "reversion": 8,
    "vwap": 0
  },
  "reward_sum": {
    "trend": 0.042484720189053644,
    "breakout": 0.0,
    "reversion": -0.3138604175332195,
    "vwap": 0.0
  },
  "disabled_until": {
    "trend": 0.0,
    "breakout": 0.0,
    "reversion": 0.0,
    "vwap": 0.0
  },
  "_snapshot_time": "2025-09-24T19:53:00.917143"
}