{
  "arms": [
    "trend",
    "breakout",
    "reversion",
    "vwap"
  ],
  "d": 6,
  "alpha": 0.6,
  "alpha_base": 0.6,
  "alpha_boost_until": 0.0,
  "A": {
    "trend": [
      [
        1.0144747138396335,
        0.008698677116164958,
        0.15832958966186317,
        0.03393383014093202,
        0.03393383014093202,
        0.0
      ],
      [
        0.008698677116164958,
        1.0052275288071062,
        0.09514923705313401,
        0.0203927645811239,
        0.0203927645811239,
        0.0
      ],
      [
        0.15832958966186317,
        0.09514923705313401,
        2.731865599571048,
        0.37118035364253316,
        0.37118035364253316,
        0.0
      ],
      [
        0.03393383014093202,
        0.0203927645811239,
        0.37118035364253316,
        1.0795528561594607,
        0.07955285615946175,
        0.0
      ],
      [
        0.03393383014093202,
        0.0203927645811239,
        0.37118035364253316,
        0.07955285615946175,
        1.0795528561594607,
        0.0
      ],
      [
        0.0,
        0.0,
        0.0,
        0.0,
        0.0,
        1.0
      ]
    ],
    "breakout": [
      [
        1.0,
        0.0,
        0.0,
        0.0,
        0.0,
        0.0
      ],
      [
        0.0,
        1.0,
        0.0,
        0.0,
        0.0,
        0.0
      ],
      [
        0.0,
        0.0,
        1.0,
        0.0,
        0.0,
        0.0
      ],
      [
        0.0,
        0.0,
        0.0,
        1.0,
        0.0,
        0.0
      ],
      [
        0.0,
        0.0,
        0.0,
        0.0,
        1.0,
        0.0
      ],
      [
        0.0,
        0.0,
        0.0,
        0.0,
        0.0,
        1.0
      ]
    ],
    "reversion": [
      [
        1.166930104568252,
        0.01087777562682565,
        0.28036542660043917,
        0.5244678017740616,
        0.5244678017740616,
        0.0
      ],
      [
        0.01087777562682565,
        1.0008698388083674,
        0.022145685646891115,
        0.0363937224182438,
        0.0363937224182438,
        0.0
      ],
      [
        0.28036542660043917,
        0.022145685646891115,
        1.5991356708204107,
        0.9390068419828677,
        0.9390068419828677,
        0.0
      ],
      [
        0.5244678017740616,
        0.0363937224182438,
        0.9390068419828677,
        2.685805458814222,
        1.6858054588142393,
        0.0
      ],
      [
        0.5244678017740616,
        0.0363937224182438,
        0.9390068419828677,
        1.6858054588142393,
        2.685805458814222,
        0.0
      ],
      [
        0.0,
        0.0,
        0.0,
        0.0,
        0.0,
        1.0
      ]
    ],
    "vwap": [
      [
        1.0,
        0.0,
        0.0,
        0.0,
        0.0,
        0.0
      ],
      [
        0.0,
        1.0,
        0.0,
        0.0,
        0.0,
        0.0
      ],
      [
        0.0,
        0.0,
        1.0,
        0.0,
        0.0,
        0.0
      ],
      [
        0.0,
        0.0,
        0.0,
        1.0,
        0.0,
        0.0
      ],
      [
        0.0,
        0.0,
        0.0,
        0.0,
        1.0,
        0.0
      ],
      [
        0.0,
        0.0,
        0.0,
        0.0,
        0.0,
        1.0
      ]
    ]
  },
  "b": {
    "trend": [
      [
        0.03459652278616747
      ],
      [
        0.02079101420540159
      ],
      [
        0.37842912247862437
      ],
      [
        0.08110644125331654
      ],
      [
        0.08110644125331654
      ],
      [
        0.0
      ]
    ],
    "breakout": [
      [
        0.0
      ],
      [
        0.0
      ],
      [
        0.0
      ],
      [
        0.0
      ],
      [
        0.0
      ],
      [
        0.0
      ]
    ],
    "reversion": [
      [
        -0.004771600253802377
      ],
      [
        -0.0345454012533355
      ],
      [
        -0.9514824922901457
      ],
      [
        -0.5991825155755243
      ],
      [
        -0.5991825155755243
      ],
      [
        0.0
      ]
    ],
    "vwap": [
      [
        0.0
      ],
      [
        0.0
      ],
      [
        0.0
      ],
      [
        0.0
      ],
      [
        0.0
      ],
      [
        0.0
      ]
    ]
  },
  "counts": {
    "trend": 1,
    "breakout": 0,
    "reversion": 8,
    "vwap": 0
  },
  "reward_sum": {
    "trend": 0.08110644125331654,
    "breakout": 0.0,
    "reversion": -0.5991825155755243,
    "vwap": 0.0
  },
  "disabled_until": {
    "trend": 0.0,
    "breakout": 0.0,
    "reversion": 0.0,
    "vwap": 0.0
  },
  "_snapshot_time": "2025-09-23T19:36:00.632240"
}