{
  "arms": [
    "trend",
    "breakout",
    "reversion",
    "vwap"
  ],
  "d": 6,
  "alpha": 0.6,
  "alpha_base": 0.6,
  "alpha_boost_until": 0.0,
  "A": {
    "trend": [
      [
        1.044487694482802,
        0.02673518069068316,
        0.486622291155675,
        0.10429483336711581,
        0.10429483336711581,
        0.0
      ],
      [
        0.02673518069068316,
        1.0160666875384998,
        0.292438954938208,
        0.06267668503820488,
        0.06267668503820488,
        0.0
      ],
      [
        0.486622291155675,
        0.292438954938208,
        6.322848419154123,
        1.140814136556878,
        1.140814136556878,
        0.0
      ],
      [
        0.10429483336711581,
        0.06267668503820488,
        1.140814136556878,
        1.2445038429959352,
        0.24450384299593592,
        0.0
      ],
      [
        0.10429483336711581,
        0.06267668503820488,
        1.140814136556878,
        0.24450384299593592,
        1.2445038429959352,
        0.0
      ],
      [
        0.0,
        0.0,
        0.0,
        0.0,
        0.0,
        1.0
      ]
    ],
    "breakout": [
      [
        1.0,
        0.0,
        0.0,
        0.0,
        0.0,
        0.0
      ],
      [
        0.0,
        1.0,
        0.0,
        0.0,
        0.0,
        0.0
      ],
      [
        0.0,
        0.0,
        1.0,
        0.0,
        0.0,
        0.0
      ],
      [
        0.0,
        0.0,
        0.0,
        1.0,
        0.0,
        0.0
      ],
      [
        0.0,
        0.0,
        0.0,
        0.0,
        1.0,
        0.0
      ],
      [
        0.0,
        0.0,
        0.0,
        0.0,
        0.0,
        1.0
      ]
    ],
    "reversion": [
      [
        1.381308252226587,
        0.02694654556143121,
        0.6817864486611529,
        1.2388231730892254,
        1.2388231730892254,
        0.0
      ],
      [
        0.02694654556143121,
        1.002354115753184,
        0.05920711674374343,
        0.0934864167548822,
        0.0934864167548822,
        0.0
      ],
      [
        0.6817864486611529,
        0.05920711674374343,
        2.5957500399520166,
        2.3765000033834527,
        2.3765000033834527,
        0.0
      ],
      [
        1.2388231730892254,
        0.0934864167548822,
        2.3765000033834527,
        5.124597268556937,
        4.124597268556947,
        0.0
      ],
      [
        1.2388231730892254,
        0.0934864167548822,
        2.3765000033834527,
        4.124597268556947,
        5.124597268556937,
        0.0
      ],
      [
        0.0,
        0.0,
        0.0,
        0.0,
        0.0,
        1.0
      ]
    ],
    "vwap": [
      [
        1.0,
        0.0,
        0.0,
        0.0,
        0.0,
        0.0
      ],
      [
        0.0,
        1.0,
        0.0,
        0.0,
        0.0,
        0.0
      ],
      [
        0.0,
        0.0,
        1.0,
        0.0,
        0.0,
        0.0
      ],
      [
        0.0,
        0.0,
        0.0,
        1.0,
        0.0,
        0.0
      ],
      [
        0.0,
        0.0,
        0.0,
        0.0,
        1.0,
        0.0
      ],
      [
        0.0,
        0.0,
        0.0,
        0.0,
        0.0,
        1.0
      ]
    ]
  },
  "b": {
    "trend": [
      [
        0.10633160371462437
      ],
      [
        0.0639006959450213
      ],
      [
        1.163093058056074
      ],
      [
        0.24927875045000983
      ],
      [
        0.24927875045000983
      ],
      [
        0.0
      ]
    ],
    "breakout": [
      [
        0.0
      ],
      [
        0.0
      ],
      [
        0.0
      ],
      [
        0.0
      ],
      [
        0.0
      ],
      [
        0.0
      ]
    ],
    "reversion": [
      [
        -0.39371933015686444
      ],
      [
        -0.12483563292828839
      ],
      [
        -3.4419829181912314
      ],
      [
        -2.915075387038674
      ],
      [
        -2.915075387038674
      ],
      [
        0.0
      ]
    ],
    "vwap": [
      [
        0.0
      ],
      [
        0.0
      ],
      [
        0.0
      ],
      [
        0.0
      ],
      [
        0.0
      ],
      [
        0.0
      ]
    ]
  },
  "counts": {
    "trend": 1,
    "breakout": 0,
    "reversion": 7,
    "vwap": 0
  },
  "reward_sum": {
    "trend": 0.24927875045000983,
    "breakout": 0.0,
    "reversion": -2.915075387038674,
    "vwap": 0.0
  },
  "disabled_until": {
    "trend": 0.0,
    "breakout": 0.0,
    "reversion": 0.0,
    "vwap": 0.0
  },
  "_snapshot_time": "2025-09-22T00:45:00.875164"
}