{
  "arms": [
    "trend",
    "breakout",
    "reversion",
    "vwap"
  ],
  "d": 6,
  "alpha": 0.6,
  "alpha_base": 0.6,
  "alpha_boost_until": 0.0,
  "A": {
    "trend": [
      [
        1.0330979932900077,
        0.01989046277616036,
        0.3620376716456931,
        0.07759336003131592,
        0.07759336003131592,
        0.0
      ],
      [
        0.01989046277616036,
        1.0119533080444856,
        0.21756898577927758,
        0.046630254162448495,
        0.046630254162448495,
        0.0
      ],
      [
        0.3620376716456931,
        0.21756898577927758,
        4.960097355213479,
        0.8487438847050589,
        0.8487438847050589,
        0.0
      ],
      [
        0.07759336003131592,
        0.046630254162448495,
        0.8487438847050589,
        1.1819061798760782,
        0.18190617987607657,
        0.0
      ],
      [
        0.07759336003131592,
        0.046630254162448495,
        0.8487438847050589,
        0.18190617987607657,
        1.1819061798760782,
        0.0
      ],
      [
        0.0,
        0.0,
        0.0,
        0.0,
        0.0,
        1.0
      ]
    ],
    "breakout": [
      [
        1.0,
        0.0,
        0.0,
        0.0,
        0.0,
        0.0
      ],
      [
        0.0,
        1.0,
        0.0,
        0.0,
        0.0,
        0.0
      ],
      [
        0.0,
        0.0,
        1.0,
        0.0,
        0.0,
        0.0
      ],
      [
        0.0,
        0.0,
        0.0,
        1.0,
        0.0,
        0.0
      ],
      [
        0.0,
        0.0,
        0.0,
        0.0,
        1.0,
        0.0
      ],
      [
        0.0,
        0.0,
        0.0,
        0.0,
        0.0,
        1.0
      ]
    ],
    "reversion": [
      [
        1.3817036759492014,
        0.024873206385684264,
        0.6410857659212613,
        1.1992521562957845,
        1.1992521562957845,
        0.0
      ],
      [
        0.024873206385684264,
        1.001988980187222,
        0.050638497110493626,
        0.08321816885245363,
        0.08321816885245363,
        0.0
      ],
      [
        0.6410857659212613,
        0.050638497110493626,
        2.3699882866301043,
        2.1471403510669087,
        2.1471403510669087,
        0.0
      ],
      [
        1.1992521562957845,
        0.08321816885245363,
        2.1471403510669087,
        4.854775878975913,
        3.854775878975928,
        0.0
      ],
      [
        1.1992521562957845,
        0.08321816885245363,
        2.1471403510669087,
        3.854775878975928,
        4.854775878975913,
        0.0
      ],
      [
        0.0,
        0.0,
        0.0,
        0.0,
        0.0,
        1.0
      ]
    ],
    "vwap": [
      [
        1.0,
        0.0,
        0.0,
        0.0,
        0.0,
        0.0
      ],
      [
        0.0,
        1.0,
        0.0,
        0.0,
        0.0,
        0.0
      ],
      [
        0.0,
        0.0,
        1.0,
        0.0,
        0.0,
        0.0
      ],
      [
        0.0,
        0.0,
        0.0,
        1.0,
        0.0,
        0.0
      ],
      [
        0.0,
        0.0,
        0.0,
        0.0,
        1.0,
        0.0
      ],
      [
        0.0,
        0.0,
        0.0,
        0.0,
        0.0,
        1.0
      ]
    ]
  },
  "b": {
    "trend": [
      [
        0.07910867819016514
      ],
      [
        0.04754089485200744
      ],
      [
        0.8653189759266112
      ],
      [
        0.18545861963976087
      ],
      [
        0.18545861963976087
      ],
      [
        0.0
      ]
    ],
    "breakout": [
      [
        0.0
      ],
      [
        0.0
      ],
      [
        0.0
      ],
      [
        0.0
      ],
      [
        0.0
      ],
      [
        0.0
      ]
    ],
    "reversion": [
      [
        -0.010910778267031105
      ],
      [
        -0.07899178329542711
      ],
      [
        -2.1756672701295994
      ],
      [
        -1.370095402211627
      ],
      [
        -1.370095402211627
      ],
      [
        0.0
      ]
    ],
    "vwap": [
      [
        0.0
      ],
      [
        0.0
      ],
      [
        0.0
      ],
      [
        0.0
      ],
      [
        0.0
      ],
      [
        0.0
      ]
    ]
  },
  "counts": {
    "trend": 1,
    "breakout": 0,
    "reversion": 8,
    "vwap": 0
  },
  "reward_sum": {
    "trend": 0.18545861963976087,
    "breakout": 0.0,
    "reversion": -1.370095402211627,
    "vwap": 0.0
  },
  "disabled_until": {
    "trend": 0.0,
    "breakout": 0.0,
    "reversion": 0.0,
    "vwap": 0.0
  },
  "_snapshot_time": "2025-09-22T10:39:00.426544"
}