{
  "arms": [
    "trend",
    "breakout",
    "reversion",
    "vwap"
  ],
  "d": 6,
  "alpha": 0.6,
  "alpha_base": 0.6,
  "alpha_boost_until": 0.0,
  "A": {
    "trend": [
      [
        1.0043248639122235,
        0.00259905619969988,
        0.047306906108963355,
        0.010139005095781228,
        0.010139005095781228,
        0.0
      ],
      [
        0.00259905619969988,
        1.0015619203901656,
        0.028429404972406775,
        0.006093103641598038,
        0.006093103641598038,
        0.0
      ],
      [
        0.047306906108963355,
        0.028429404972406775,
        1.5174598348118162,
        0.11090405891128663,
        0.11090405891128663,
        0.0
      ],
      [
        0.010139005095781228,
        0.006093103641598038,
        0.11090405891128663,
        1.0237694009380842,
        0.023769400938086327,
        0.0
      ],
      [
        0.010139005095781228,
        0.006093103641598038,
        0.11090405891128663,
        0.023769400938086327,
        1.0237694009380842,
        0.0
      ],
      [
        0.0,
        0.0,
        0.0,
        0.0,
        0.0,
        1.0
      ]
    ],
    "breakout": [
      [
        1.0,
        0.0,
        0.0,
        0.0,
        0.0,
        0.0
      ],
      [
        0.0,
        1.0,
        0.0,
        0.0,
        0.0,
        0.0
      ],
      [
        0.0,
        0.0,
        1.0,
        0.0,
        0.0,
        0.0
      ],
      [
        0.0,
        0.0,
        0.0,
        1.0,
        0.0,
        0.0
      ],
      [
        0.0,
        0.0,
        0.0,
        0.0,
        1.0,
        0.0
      ],
      [
        0.0,
        0.0,
        0.0,
        0.0,
        0.0,
        1.0
      ]
    ],
    "reversion": [
      [
        1.115473223072554,
        0.01072559327285739,
        0.4350685252932542,
        0.37107245746836803,
        0.37107245746836803,
        0.0
      ],
      [
        0.01072559327285739,
        1.001111806309433,
        0.046651202671852084,
        0.03530357314844707,
        0.03530357314844707,
        0.0
      ],
      [
        0.4350685252932542,
        0.046651202671852084,
        3.0603753180521442,
        1.4285993561478088,
        1.4285993561478088,
        0.0
      ],
      [
        0.37107245746836803,
        0.03530357314844707,
        1.4285993561478088,
        2.204246986962306,
        1.2042469869623211,
        0.0
      ],
      [
        0.37107245746836803,
        0.03530357314844707,
        1.4285993561478088,
        1.2042469869623211,
        2.204246986962306,
        0.0
      ],
      [
        0.0,
        0.0,
        0.0,
        0.0,
        0.0,
        1.0
      ]
    ],
    "vwap": [
      [
        1.0,
        0.0,
        0.0,
        0.0,
        0.0,
        0.0
      ],
      [
        0.0,
        1.0,
        0.0,
        0.0,
        0.0,
        0.0
      ],
      [
        0.0,
        0.0,
        1.0,
        0.0,
        0.0,
        0.0
      ],
      [
        0.0,
        0.0,
        0.0,
        1.0,
        0.0,
        0.0
      ],
      [
        0.0,
        0.0,
        0.0,
        0.0,
        1.0,
        0.0
      ],
      [
        0.0,
        0.0,
        0.0,
        0.0,
        0.0,
        1.0
      ]
    ]
  },
  "b": {
    "trend": [
      [
        0.010337009390583013
      ],
      [
        0.0062120956608653745
      ],
      [
        0.11306990060560856
      ],
      [
        0.02423359278197502
      ],
      [
        0.02423359278197502
      ],
      [
        0.0
      ]
    ],
    "breakout": [
      [
        0.0
      ],
      [
        0.0
      ],
      [
        0.0
      ],
      [
        0.0
      ],
      [
        0.0
      ],
      [
        0.0
      ]
    ],
    "reversion": [
      [
        -0.24405820042285367
      ],
      [
        -0.03797236527451849
      ],
      [
        -1.5836957738287865
      ],
      [
        -0.9719452379364465
      ],
      [
        -0.9719452379364465
      ],
      [
        0.0
      ]
    ],
    "vwap": [
      [
        0.0
      ],
      [
        0.0
      ],
      [
        0.0
      ],
      [
        0.0
      ],
      [
        0.0
      ],
      [
        0.0
      ]
    ]
  },
  "counts": {
    "trend": 1,
    "breakout": 0,
    "reversion": 9,
    "vwap": 0
  },
  "reward_sum": {
    "trend": 0.02423359278197502,
    "breakout": 0.0,
    "reversion": -0.9719452379364465,
    "vwap": 0.0
  },
  "disabled_until": {
    "trend": 0.0,
    "breakout": 0.0,
    "reversion": 0.0,
    "vwap": 0.0
  },
  "_snapshot_time": "2025-09-25T23:49:00.093484"
}