{
  "arms": [
    "trend",
    "breakout",
    "reversion",
    "vwap"
  ],
  "d": 6,
  "alpha": 0.6,
  "alpha_base": 0.6,
  "alpha_boost_until": 0.0,
  "A": {
    "trend": [
      [
        1.0384688533344053,
        0.023118117421353584,
        0.42078605702879746,
        0.0901845486707978,
        0.0901845486707978,
        0.0
      ],
      [
        0.023118117421353584,
        1.013892988919153,
        0.252874225054159,
        0.054197014078882236,
        0.054197014078882236,
        0.0
      ],
      [
        0.42078605702879746,
        0.252874225054159,
        5.602708176681742,
        0.9864708030214585,
        0.9864708030214585,
        0.0
      ],
      [
        0.0901845486707978,
        0.054197014078882236,
        0.9864708030214585,
        1.211424363192057,
        0.21142436319205632,
        0.0
      ],
      [
        0.0901845486707978,
        0.054197014078882236,
        0.9864708030214585,
        0.21142436319205632,
        1.211424363192057,
        0.0
      ],
      [
        0.0,
        0.0,
        0.0,
        0.0,
        0.0,
        1.0
      ]
    ],
    "breakout": [
      [
        1.0,
        0.0,
        0.0,
        0.0,
        0.0,
        0.0
      ],
      [
        0.0,
        1.0,
        0.0,
        0.0,
        0.0,
        0.0
      ],
      [
        0.0,
        0.0,
        1.0,
        0.0,
        0.0,
        0.0
      ],
      [
        0.0,
        0.0,
        0.0,
        1.0,
        0.0,
        0.0
      ],
      [
        0.0,
        0.0,
        0.0,
        0.0,
        1.0,
        0.0
      ],
      [
        0.0,
        0.0,
        0.0,
        0.0,
        0.0,
        1.0
      ]
    ],
    "reversion": [
      [
        1.4436432927710587,
        0.02890941816391526,
        0.7451156959248534,
        1.39385656729347,
        1.39385656729347,
        0.0
      ],
      [
        0.02890941816391526,
        1.0023117349271549,
        0.05885568050454635,
        0.09672210349106976,
        0.09672210349106976,
        0.0
      ],
      [
        0.7451156959248534,
        0.05885568050454635,
        2.5922983005781854,
        2.4955599733750002,
        2.4955599733750002,
        0.0
      ],
      [
        1.39385656729347,
        0.09672210349106976,
        2.4955599733750002,
        5.480296029611506,
        4.4802960296115195,
        0.0
      ],
      [
        1.39385656729347,
        0.09672210349106976,
        2.4955599733750002,
        4.4802960296115195,
        5.480296029611506,
        0.0
      ],
      [
        0.0,
        0.0,
        0.0,
        0.0,
        0.0,
        1.0
      ]
    ],
    "vwap": [
      [
        1.0,
        0.0,
        0.0,
        0.0,
        0.0,
        0.0
      ],
      [
        0.0,
        1.0,
        0.0,
        0.0,
        0.0,
        0.0
      ],
      [
        0.0,
        0.0,
        1.0,
        0.0,
        0.0,
        0.0
      ],
      [
        0.0,
        0.0,
        0.0,
        1.0,
        0.0,
        0.0
      ],
      [
        0.0,
        0.0,
        0.0,
        0.0,
        1.0,
        0.0
      ],
      [
        0.0,
        0.0,
        0.0,
        0.0,
        0.0,
        1.0
      ]
    ]
  },
  "b": {
    "trend": [
      [
        0.09194575973567917
      ],
      [
        0.05525542577230538
      ],
      [
        1.0057355586705203
      ],
      [
        0.21555326258033855
      ],
      [
        0.21555326258033855
      ],
      [
        0.0
      ]
    ],
    "breakout": [
      [
        0.0
      ],
      [
        0.0
      ],
      [
        0.0
      ],
      [
        0.0
      ],
      [
        0.0
      ],
      [
        0.0
      ]
    ],
    "reversion": [
      [
        -0.012681286301588478
      ],
      [
        -0.09180989613446879
      ],
      [
        -2.528715997545094
      ],
      [
        -1.5924227979626417
      ],
      [
        -1.5924227979626417
      ],
      [
        0.0
      ]
    ],
    "vwap": [
      [
        0.0
      ],
      [
        0.0
      ],
      [
        0.0
      ],
      [
        0.0
      ],
      [
        0.0
      ],
      [
        0.0
      ]
    ]
  },
  "counts": {
    "trend": 1,
    "breakout": 0,
    "reversion": 8,
    "vwap": 0
  },
  "reward_sum": {
    "trend": 0.21555326258033855,
    "breakout": 0.0,
    "reversion": -1.5924227979626417,
    "vwap": 0.0
  },
  "disabled_until": {
    "trend": 0.0,
    "breakout": 0.0,
    "reversion": 0.0,
    "vwap": 0.0
  },
  "_snapshot_time": "2025-09-22T05:38:00.534686"
}