{
  "arms": [
    "trend",
    "breakout",
    "reversion",
    "vwap"
  ],
  "d": 6,
  "alpha": 0.6,
  "alpha_base": 0.6,
  "alpha_boost_until": 0.0,
  "A": {
    "trend": [
      [
        1.003400011000223,
        0.0020432595911754965,
        0.037190534643744784,
        0.007970823951142122,
        0.007970823951142122,
        0.0
      ],
      [
        0.0020432595911754965,
        1.0012279106616568,
        0.022349903164075525,
        0.0047901205280436576,
        0.0047901205280436576,
        0.0
      ],
      [
        0.037190534643744784,
        0.022349903164075525,
        1.4068033506352875,
        0.08718771917934884,
        0.08718771917934884,
        0.0
      ],
      [
        0.007970823951142122,
        0.0047901205280436576,
        0.08718771917934884,
        1.0186864202662669,
        0.018686420266267767,
        0.0
      ],
      [
        0.007970823951142122,
        0.0047901205280436576,
        0.08718771917934884,
        0.018686420266267767,
        1.0186864202662669,
        0.0
      ],
      [
        0.0,
        0.0,
        0.0,
        0.0,
        0.0,
        1.0
      ]
    ],
    "breakout": [
      [
        1.0,
        0.0,
        0.0,
        0.0,
        0.0,
        0.0
      ],
      [
        0.0,
        1.0,
        0.0,
        0.0,
        0.0,
        0.0
      ],
      [
        0.0,
        0.0,
        1.0,
        0.0,
        0.0,
        0.0
      ],
      [
        0.0,
        0.0,
        0.0,
        1.0,
        0.0,
        0.0
      ],
      [
        0.0,
        0.0,
        0.0,
        0.0,
        1.0,
        0.0
      ],
      [
        0.0,
        0.0,
        0.0,
        0.0,
        0.0,
        1.0
      ]
    ],
    "reversion": [
      [
        1.090779787906929,
        0.008431972855509562,
        0.34203105620673785,
        0.2917202628518979,
        0.2917202628518979,
        0.0
      ],
      [
        0.008431972855509562,
        1.0008740514751238,
        0.03667505047029787,
        0.027754061049799432,
        0.027754061049799432,
        0.0
      ],
      [
        0.34203105620673785,
        0.03667505047029787,
        2.619773220185627,
        1.1230997377945167,
        1.1230997377945167,
        0.0
      ],
      [
        0.2917202628518979,
        0.027754061049799432,
        1.1230997377945167,
        1.946724124910821,
        0.9467241249108369,
        0.0
      ],
      [
        0.2917202628518979,
        0.027754061049799432,
        1.1230997377945167,
        0.9467241249108369,
        1.946724124910821,
        0.0
      ],
      [
        0.0,
        0.0,
        0.0,
        0.0,
        0.0,
        1.0
      ]
    ],
    "vwap": [
      [
        1.0,
        0.0,
        0.0,
        0.0,
        0.0,
        0.0
      ],
      [
        0.0,
        1.0,
        0.0,
        0.0,
        0.0,
        0.0
      ],
      [
        0.0,
        0.0,
        1.0,
        0.0,
        0.0,
        0.0
      ],
      [
        0.0,
        0.0,
        0.0,
        1.0,
        0.0,
        0.0
      ],
      [
        0.0,
        0.0,
        0.0,
        0.0,
        1.0,
        0.0
      ],
      [
        0.0,
        0.0,
        0.0,
        0.0,
        0.0,
        1.0
      ]
    ]
  },
  "b": {
    "trend": [
      [
        0.008126485908161134
      ],
      [
        0.0048836666332296086
      ],
      [
        0.08889040526032009
      ],
      [
        0.019051346748919642
      ],
      [
        0.019051346748919642
      ],
      [
        0.0
      ]
    ],
    "breakout": [
      [
        0.0
      ],
      [
        0.0
      ],
      [
        0.0
      ],
      [
        0.0
      ],
      [
        0.0
      ],
      [
        0.0
      ]
    ],
    "reversion": [
      [
        -0.19186743975625095
      ],
      [
        -0.02985214384965528
      ],
      [
        -1.2450294763743182
      ],
      [
        -0.7640990717093054
      ],
      [
        -0.7640990717093054
      ],
      [
        0.0
      ]
    ],
    "vwap": [
      [
        0.0
      ],
      [
        0.0
      ],
      [
        0.0
      ],
      [
        0.0
      ],
      [
        0.0
      ],
      [
        0.0
      ]
    ]
  },
  "counts": {
    "trend": 1,
    "breakout": 0,
    "reversion": 9,
    "vwap": 0
  },
  "reward_sum": {
    "trend": 0.019051346748919642,
    "breakout": 0.0,
    "reversion": -0.7640990717093054,
    "vwap": 0.0
  },
  "disabled_until": {
    "trend": 0.0,
    "breakout": 0.0,
    "reversion": 0.0,
    "vwap": 0.0
  },
  "_snapshot_time": "2025-09-26T07:49:00.152249"
}