{
  "arms": [
    "trend",
    "breakout",
    "reversion",
    "vwap"
  ],
  "d": 6,
  "alpha": 0.6,
  "alpha_base": 0.6,
  "alpha_boost_until": 0.0,
  "A": {
    "trend": [
      [
        1.0058717089581912,
        0.0035286431851619974,
        0.06422684968172977,
        0.013765354992971093,
        0.013765354992971093,
        0.0
      ],
      [
        0.0035286431851619974,
        1.0021205619721352,
        0.03859755942394694,
        0.008272383122724847,
        0.008272383122724847,
        0.0
      ],
      [
        0.06422684968172977,
        0.03859755942394694,
        1.7025362206152415,
        0.15057036924761588,
        0.15057036924761588,
        0.0
      ],
      [
        0.013765354992971093,
        0.008272383122724847,
        0.15057036924761588,
        1.032270843025727,
        0.03227084302572862,
        0.0
      ],
      [
        0.013765354992971093,
        0.008272383122724847,
        0.15057036924761588,
        0.03227084302572862,
        1.032270843025727,
        0.0
      ],
      [
        0.0,
        0.0,
        0.0,
        0.0,
        0.0,
        1.0
      ]
    ],
    "breakout": [
      [
        1.0,
        0.0,
        0.0,
        0.0,
        0.0,
        0.0
      ],
      [
        0.0,
        1.0,
        0.0,
        0.0,
        0.0,
        0.0
      ],
      [
        0.0,
        0.0,
        1.0,
        0.0,
        0.0,
        0.0
      ],
      [
        0.0,
        0.0,
        0.0,
        1.0,
        0.0,
        0.0
      ],
      [
        0.0,
        0.0,
        0.0,
        0.0,
        1.0,
        0.0
      ],
      [
        0.0,
        0.0,
        0.0,
        0.0,
        0.0,
        1.0
      ]
    ],
    "reversion": [
      [
        1.1567737556851254,
        0.014561744226022457,
        0.5906765644512788,
        0.5037914526043223,
        0.5037914526043223,
        0.0
      ],
      [
        0.014561744226022457,
        1.00150945860942,
        0.06333662519750462,
        0.04793036519045672,
        0.04793036519045672,
        0.0
      ],
      [
        0.5906765644512788,
        0.06333662519750462,
        3.797295928329763,
        1.9395568987618965,
        1.9395568987618965,
        0.0
      ],
      [
        0.5037914526043223,
        0.04793036519045672,
        1.9395568987618965,
        2.6349619235963857,
        1.6349619235963988,
        0.0
      ],
      [
        0.5037914526043223,
        0.04793036519045672,
        1.9395568987618965,
        1.6349619235963988,
        2.6349619235963857,
        0.0
      ],
      [
        0.0,
        0.0,
        0.0,
        0.0,
        0.0,
        1.0
      ]
    ],
    "vwap": [
      [
        1.0,
        0.0,
        0.0,
        0.0,
        0.0,
        0.0
      ],
      [
        0.0,
        1.0,
        0.0,
        0.0,
        0.0,
        0.0
      ],
      [
        0.0,
        0.0,
        1.0,
        0.0,
        0.0,
        0.0
      ],
      [
        0.0,
        0.0,
        0.0,
        1.0,
        0.0,
        0.0
      ],
      [
        0.0,
        0.0,
        0.0,
        0.0,
        1.0,
        0.0
      ],
      [
        0.0,
        0.0,
        0.0,
        0.0,
        0.0,
        1.0
      ]
    ]
  },
  "b": {
    "trend": [
      [
        0.014034178154842607
      ],
      [
        0.008433934218820743
      ],
      [
        0.1535108530031004
      ],
      [
        0.032901059250654674
      ],
      [
        0.032901059250654674
      ],
      [
        0.0
      ]
    ],
    "breakout": [
      [
        0.0
      ],
      [
        0.0
      ],
      [
        0.0
      ],
      [
        0.0
      ],
      [
        0.0
      ],
      [
        0.0
      ]
    ],
    "reversion": [
      [
        -0.3313488587912983
      ],
      [
        -0.05155368628269142
      ],
      [
        -2.1501256111107185
      ],
      [
        -1.3195743672611349
      ],
      [
        -1.3195743672611349
      ],
      [
        0.0
      ]
    ],
    "vwap": [
      [
        0.0
      ],
      [
        0.0
      ],
      [
        0.0
      ],
      [
        0.0
      ],
      [
        0.0
      ],
      [
        0.0
      ]
    ]
  },
  "counts": {
    "trend": 1,
    "breakout": 0,
    "reversion": 9,
    "vwap": 0
  },
  "reward_sum": {
    "trend": 0.032901059250654674,
    "breakout": 0.0,
    "reversion": -1.3195743672611349,
    "vwap": 0.0
  },
  "disabled_until": {
    "trend": 0.0,
    "breakout": 0.0,
    "reversion": 0.0,
    "vwap": 0.0
  },
  "_snapshot_time": "2025-09-25T10:26:00.883260"
}