{
  "arms": [
    "trend",
    "breakout",
    "reversion",
    "vwap"
  ],
  "d": 6,
  "alpha": 0.6,
  "alpha_base": 0.6,
  "alpha_boost_until": 0.0,
  "A": {
    "trend": [
      [
        1.0029995585306455,
        0.0018026049729343153,
        0.03281024250880034,
        0.0070320222426787276,
        0.0070320222426787276,
        0.0
      ],
      [
        0.0018026049729343153,
        1.001083287642246,
        0.019717536999292892,
        0.004225941296004716,
        0.004225941296004716,
        0.0
      ],
      [
        0.03281024250880034,
        0.019717536999292892,
        1.3588901508298505,
        0.07691877079655698,
        0.07691877079655698,
        0.0
      ],
      [
        0.0070320222426787276,
        0.004225941296004716,
        0.07691877079655698,
        1.016485538227149,
        0.016485538227150154,
        0.0
      ],
      [
        0.0070320222426787276,
        0.004225941296004716,
        0.07691877079655698,
        0.016485538227150154,
        1.016485538227149,
        0.0
      ],
      [
        0.0,
        0.0,
        0.0,
        0.0,
        0.0,
        1.0
      ]
    ],
    "breakout": [
      [
        1.0,
        0.0,
        0.0,
        0.0,
        0.0,
        0.0
      ],
      [
        0.0,
        1.0,
        0.0,
        0.0,
        0.0,
        0.0
      ],
      [
        0.0,
        0.0,
        1.0,
        0.0,
        0.0,
        0.0
      ],
      [
        0.0,
        0.0,
        0.0,
        1.0,
        0.0,
        0.0
      ],
      [
        0.0,
        0.0,
        0.0,
        0.0,
        1.0,
        0.0
      ],
      [
        0.0,
        0.0,
        0.0,
        0.0,
        0.0,
        1.0
      ]
    ],
    "reversion": [
      [
        1.1607636622543347,
        0.013085603378933245,
        0.47034967556064655,
        0.5268338935219792,
        0.5268338935219792,
        0.0
      ],
      [
        0.013085603378933245,
        1.001166338493014,
        0.044156494882319514,
        0.043346368459340055,
        0.043346368459340055,
        0.0
      ],
      [
        0.47034967556064655,
        0.044156494882319514,
        2.7813566928940925,
        1.553986288917454,
        1.553986288917454,
        0.0
      ],
      [
        0.5268338935219792,
        0.043346368459340055,
        1.553986288917454,
        2.7353066153575587,
        1.735306615357574,
        0.0
      ],
      [
        0.5268338935219792,
        0.043346368459340055,
        1.553986288917454,
        1.735306615357574,
        2.7353066153575587,
        0.0
      ],
      [
        0.0,
        0.0,
        0.0,
        0.0,
        0.0,
        1.0
      ]
    ],
    "vwap": [
      [
        1.0,
        0.0,
        0.0,
        0.0,
        0.0,
        0.0
      ],
      [
        0.0,
        1.0,
        0.0,
        0.0,
        0.0,
        0.0
      ],
      [
        0.0,
        0.0,
        1.0,
        0.0,
        0.0,
        0.0
      ],
      [
        0.0,
        0.0,
        0.0,
        1.0,
        0.0,
        0.0
      ],
      [
        0.0,
        0.0,
        0.0,
        0.0,
        1.0,
        0.0
      ],
      [
        0.0,
        0.0,
        0.0,
        0.0,
        0.0,
        1.0
      ]
    ]
  },
  "b": {
    "trend": [
      [
        0.007169350372217923
      ],
      [
        0.00430846956364878
      ],
      [
        0.07842091492457699
      ],
      [
        0.016807483757333735
      ],
      [
        0.016807483757333735
      ],
      [
        0.0
      ]
    ],
    "breakout": [
      [
        0.0
      ],
      [
        0.0
      ],
      [
        0.0
      ],
      [
        0.0
      ],
      [
        0.0
      ],
      [
        0.0
      ]
    ],
    "reversion": [
      [
        -0.5520532677288081
      ],
      [
        -0.053128352888952936
      ],
      [
        -1.8983627457201961
      ],
      [
        -1.9526725941127925
      ],
      [
        -1.9526725941127925
      ],
      [
        0.0
      ]
    ],
    "vwap": [
      [
        0.0
      ],
      [
        0.0
      ],
      [
        0.0
      ],
      [
        0.0
      ],
      [
        0.0
      ],
      [
        0.0
      ]
    ]
  },
  "counts": {
    "trend": 1,
    "breakout": 0,
    "reversion": 10,
    "vwap": 0
  },
  "reward_sum": {
    "trend": 0.016807483757333735,
    "breakout": 0.0,
    "reversion": -1.9526725941127925,
    "vwap": 0.0
  },
  "disabled_until": {
    "trend": 0.0,
    "breakout": 0.0,
    "reversion": 0.0,
    "vwap": 0.0
  },
  "_snapshot_time": "2025-09-26T11:54:00.890406"
}