{
  "arms": [
    "trend",
    "breakout",
    "reversion",
    "vwap"
  ],
  "d": 6,
  "alpha": 0.6,
  "alpha_base": 0.6,
  "alpha_boost_until": 0.0,
  "A": {
    "trend": [
      [
        1.0421011334191408,
        0.025300960688767936,
        0.4605172338744838,
        0.09869989320784993,
        0.09869989320784993,
        0.0
      ],
      [
        0.025300960688767936,
        1.0152047833344904,
        0.27675094432163017,
        0.0593143679334299,
        0.0593143679334299,
        0.0
      ],
      [
        0.4605172338744838,
        0.27675094432163017,
        6.037301979119248,
        1.07961468284652,
        1.07961468284652,
        0.0
      ],
      [
        0.09869989320784993,
        0.0593143679334299,
        1.07961468284652,
        1.2313873316011912,
        0.231387331601191,
        0.0
      ],
      [
        0.09869989320784993,
        0.0593143679334299,
        1.07961468284652,
        0.231387331601191,
        1.2313873316011912,
        0.0
      ],
      [
        0.0,
        0.0,
        0.0,
        0.0,
        0.0,
        1.0
      ]
    ],
    "breakout": [
      [
        1.0,
        0.0,
        0.0,
        0.0,
        0.0,
        0.0
      ],
      [
        0.0,
        1.0,
        0.0,
        0.0,
        0.0,
        0.0
      ],
      [
        0.0,
        0.0,
        1.0,
        0.0,
        0.0,
        0.0
      ],
      [
        0.0,
        0.0,
        0.0,
        1.0,
        0.0,
        0.0
      ],
      [
        0.0,
        0.0,
        0.0,
        0.0,
        1.0,
        0.0
      ],
      [
        0.0,
        0.0,
        0.0,
        0.0,
        0.0,
        1.0
      ]
    ],
    "reversion": [
      [
        1.3608528108152904,
        0.025500986802212033,
        0.6452117281452249,
        1.1723659834320102,
        1.1723659834320102,
        0.0
      ],
      [
        0.025500986802212033,
        1.0022278282244361,
        0.056030926087990776,
        0.08847129864633098,
        0.08847129864633098,
        0.0
      ],
      [
        0.6452117281452249,
        0.056030926087990776,
        2.510145358546074,
        2.2490116621285936,
        2.2490116621285936,
        0.0
      ],
      [
        1.1723659834320102,
        0.08847129864633098,
        2.2490116621285936,
        4.903331514984873,
        3.903331514984884,
        0.0
      ],
      [
        1.1723659834320102,
        0.08847129864633098,
        2.2490116621285936,
        3.903331514984884,
        4.903331514984873,
        0.0
      ],
      [
        0.0,
        0.0,
        0.0,
        0.0,
        0.0,
        1.0
      ]
    ],
    "vwap": [
      [
        1.0,
        0.0,
        0.0,
        0.0,
        0.0,
        0.0
      ],
      [
        0.0,
        1.0,
        0.0,
        0.0,
        0.0,
        0.0
      ],
      [
        0.0,
        0.0,
        1.0,
        0.0,
        0.0,
        0.0
      ],
      [
        0.0,
        0.0,
        0.0,
        1.0,
        0.0,
        0.0
      ],
      [
        0.0,
        0.0,
        0.0,
        0.0,
        1.0,
        0.0
      ],
      [
        0.0,
        0.0,
        0.0,
        0.0,
        0.0,
        1.0
      ]
    ]
  },
  "b": {
    "trend": [
      [
        0.1006274001542429
      ],
      [
        0.060472716260837216
      ],
      [
        1.1006984422405888
      ],
      [
        0.23590608713853917
      ],
      [
        0.23590608713853917
      ],
      [
        0.0
      ]
    ],
    "breakout": [
      [
        0.0
      ],
      [
        0.0
      ],
      [
        0.0
      ],
      [
        0.0
      ],
      [
        0.0
      ],
      [
        0.0
      ]
    ],
    "reversion": [
      [
        -0.37259809125502963
      ],
      [
        -0.11813877294559556
      ],
      [
        -3.2573362982699114
      ],
      [
        -2.758694943025494
      ],
      [
        -2.758694943025494
      ],
      [
        0.0
      ]
    ],
    "vwap": [
      [
        0.0
      ],
      [
        0.0
      ],
      [
        0.0
      ],
      [
        0.0
      ],
      [
        0.0
      ],
      [
        0.0
      ]
    ]
  },
  "counts": {
    "trend": 1,
    "breakout": 0,
    "reversion": 7,
    "vwap": 0
  },
  "reward_sum": {
    "trend": 0.23590608713853917,
    "breakout": 0.0,
    "reversion": -2.758694943025494,
    "vwap": 0.0
  },
  "disabled_until": {
    "trend": 0.0,
    "breakout": 0.0,
    "reversion": 0.0,
    "vwap": 0.0
  },
  "_snapshot_time": "2025-09-22T02:32:00.343638"
}