{
  "arms": [
    "trend",
    "breakout",
    "reversion",
    "vwap"
  ],
  "d": 6,
  "alpha": 0.6,
  "alpha_base": 0.6,
  "alpha_boost_until": 0.0,
  "A": {
    "trend": [
      [
        1.0222753759483445,
        0.013386537734881078,
        0.24365601783495083,
        0.052221331083375365,
        0.052221331083375365,
        0.0
      ],
      [
        0.013386537734881078,
        1.0080447303310591,
        0.14642673078299936,
        0.03138276187725838,
        0.03138276187725838,
        0.0
      ],
      [
        0.24365601783495083,
        0.14642673078299936,
        3.665196545497432,
        0.571215570382374,
        0.571215570382374,
        0.0
      ],
      [
        0.052221331083375365,
        0.03138276187725838,
        0.571215570382374,
        1.1224252028986355,
        0.12242520289863423,
        0.0
      ],
      [
        0.052221331083375365,
        0.03138276187725838,
        0.571215570382374,
        0.12242520289863423,
        1.1224252028986355,
        0.0
      ],
      [
        0.0,
        0.0,
        0.0,
        0.0,
        0.0,
        1.0
      ]
    ],
    "breakout": [
      [
        1.0,
        0.0,
        0.0,
        0.0,
        0.0,
        0.0
      ],
      [
        0.0,
        1.0,
        0.0,
        0.0,
        0.0,
        0.0
      ],
      [
        0.0,
        0.0,
        1.0,
        0.0,
        0.0,
        0.0
      ],
      [
        0.0,
        0.0,
        0.0,
        1.0,
        0.0,
        0.0
      ],
      [
        0.0,
        0.0,
        0.0,
        0.0,
        1.0,
        0.0
      ],
      [
        0.0,
        0.0,
        0.0,
        0.0,
        0.0,
        1.0
      ]
    ],
    "reversion": [
      [
        1.2568914921256136,
        0.01673998838621909,
        0.43145898078781375,
        0.8071121534252226,
        0.8071121534252226,
        0.0
      ],
      [
        0.01673998838621909,
        1.0013386092938004,
        0.03408036102708244,
        0.05600689989507239,
        0.05600689989507239,
        0.0
      ],
      [
        0.43145898078781375,
        0.03408036102708244,
        1.922019769057333,
        1.4450531219460874,
        1.4450531219460874,
        0.0
      ],
      [
        0.8071121534252226,
        0.05600689989507239,
        1.4450531219460874,
        3.594313834933385,
        2.5943138349334003,
        0.0
      ],
      [
        0.8071121534252226,
        0.05600689989507239,
        1.4450531219460874,
        2.5943138349334003,
        3.594313834933385,
        0.0
      ],
      [
        0.0,
        0.0,
        0.0,
        0.0,
        0.0,
        1.0
      ]
    ],
    "vwap": [
      [
        1.0,
        0.0,
        0.0,
        0.0,
        0.0,
        0.0
      ],
      [
        0.0,
        1.0,
        0.0,
        0.0,
        0.0,
        0.0
      ],
      [
        0.0,
        0.0,
        1.0,
        0.0,
        0.0,
        0.0
      ],
      [
        0.0,
        0.0,
        0.0,
        1.0,
        0.0,
        0.0
      ],
      [
        0.0,
        0.0,
        0.0,
        0.0,
        1.0,
        0.0
      ],
      [
        0.0,
        0.0,
        0.0,
        0.0,
        0.0,
        1.0
      ]
    ]
  },
  "b": {
    "trend": [
      [
        0.05324115972899633
      ],
      [
        0.03199563479484125
      ],
      [
        0.5823708203427893
      ],
      [
        0.12481604063240724
      ],
      [
        0.12481604063240724
      ],
      [
        0.0
      ]
    ],
    "breakout": [
      [
        0.0
      ],
      [
        0.0
      ],
      [
        0.0
      ],
      [
        0.0
      ],
      [
        0.0
      ],
      [
        0.0
      ]
    ],
    "reversion": [
      [
        -0.007343094357944705
      ],
      [
        -0.05316248795865919
      ],
      [
        -1.464252106041635
      ],
      [
        -0.9220918592238756
      ],
      [
        -0.9220918592238756
      ],
      [
        0.0
      ]
    ],
    "vwap": [
      [
        0.0
      ],
      [
        0.0
      ],
      [
        0.0
      ],
      [
        0.0
      ],
      [
        0.0
      ],
      [
        0.0
      ]
    ]
  },
  "counts": {
    "trend": 1,
    "breakout": 0,
    "reversion": 8,
    "vwap": 0
  },
  "reward_sum": {
    "trend": 0.12481604063240724,
    "breakout": 0.0,
    "reversion": -0.9220918592238756,
    "vwap": 0.0
  },
  "disabled_until": {
    "trend": 0.0,
    "breakout": 0.0,
    "reversion": 0.0,
    "vwap": 0.0
  },
  "_snapshot_time": "2025-09-23T03:46:00.287726"
}