{
  "arms": [
    "trend",
    "breakout",
    "reversion",
    "vwap"
  ],
  "d": 6,
  "alpha": 0.6,
  "alpha_base": 0.6,
  "alpha_boost_until": 0.0,
  "A": {
    "trend": [
      [
        1.0144023402704354,
        0.008655183730584133,
        0.15753794171355384,
        0.03376416099022736,
        0.03376416099022736,
        0.0
      ],
      [
        0.008655183730584133,
        1.0052013911630708,
        0.09467349086786833,
        0.02029080075821828,
        0.02029080075821828,
        0.0
      ],
      [
        0.15753794171355384,
        0.09467349086786833,
        2.7232062715731926,
        0.3693244518743205,
        0.3693244518743205,
        0.0
      ],
      [
        0.03376416099022736,
        0.02029080075821828,
        0.3693244518743205,
        1.0791550918786634,
        0.07915509187866444,
        0.0
      ],
      [
        0.03376416099022736,
        0.02029080075821828,
        0.3693244518743205,
        0.07915509187866444,
        1.0791550918786634,
        0.0
      ],
      [
        0.0,
        0.0,
        0.0,
        0.0,
        0.0,
        1.0
      ]
    ],
    "breakout": [
      [
        1.0,
        0.0,
        0.0,
        0.0,
        0.0,
        0.0
      ],
      [
        0.0,
        1.0,
        0.0,
        0.0,
        0.0,
        0.0
      ],
      [
        0.0,
        0.0,
        1.0,
        0.0,
        0.0,
        0.0
      ],
      [
        0.0,
        0.0,
        0.0,
        1.0,
        0.0,
        0.0
      ],
      [
        0.0,
        0.0,
        0.0,
        0.0,
        1.0,
        0.0
      ],
      [
        0.0,
        0.0,
        0.0,
        0.0,
        0.0,
        1.0
      ]
    ],
    "reversion": [
      [
        1.166095454045411,
        0.010823386748691521,
        0.278963599467437,
        0.5218454627651913,
        0.5218454627651913,
        0.0
      ],
      [
        0.010823386748691521,
        1.0008654896143256,
        0.02203495721865666,
        0.036211753806152575,
        0.036211753806152575,
        0.0
      ],
      [
        0.278963599467437,
        0.02203495721865666,
        1.5961399924663087,
        0.9343118077729533,
        0.9343118077729533,
        0.0
      ],
      [
        0.5218454627651913,
        0.036211753806152575,
        0.9343118077729533,
        2.677376431520151,
        1.677376431520168,
        0.0
      ],
      [
        0.5218454627651913,
        0.036211753806152575,
        0.9343118077729533,
        1.677376431520168,
        2.677376431520151,
        0.0
      ],
      [
        0.0,
        0.0,
        0.0,
        0.0,
        0.0,
        1.0
      ]
    ],
    "vwap": [
      [
        1.0,
        0.0,
        0.0,
        0.0,
        0.0,
        0.0
      ],
      [
        0.0,
        1.0,
        0.0,
        0.0,
        0.0,
        0.0
      ],
      [
        0.0,
        0.0,
        1.0,
        0.0,
        0.0,
        0.0
      ],
      [
        0.0,
        0.0,
        0.0,
        1.0,
        0.0,
        0.0
      ],
      [
        0.0,
        0.0,
        0.0,
        0.0,
        1.0,
        0.0
      ],
      [
        0.0,
        0.0,
        0.0,
        0.0,
        0.0,
        1.0
      ]
    ]
  },
  "b": {
    "trend": [
      [
        0.03442354017223663
      ],
      [
        0.020687059134374585
      ],
      [
        0.3765369768662312
      ],
      [
        0.08070090904704995
      ],
      [
        0.08070090904704995
      ],
      [
        0.0
      ]
    ],
    "breakout": [
      [
        0.0
      ],
      [
        0.0
      ],
      [
        0.0
      ],
      [
        0.0
      ],
      [
        0.0
      ],
      [
        0.0
      ]
    ],
    "reversion": [
      [
        -0.004747742252533365
      ],
      [
        -0.03437267424706882
      ],
      [
        -0.9467250798286949
      ],
      [
        -0.5961866029976467
      ],
      [
        -0.5961866029976467
      ],
      [
        0.0
      ]
    ],
    "vwap": [
      [
        0.0
      ],
      [
        0.0
      ],
      [
        0.0
      ],
      [
        0.0
      ],
      [
        0.0
      ],
      [
        0.0
      ]
    ]
  },
  "counts": {
    "trend": 1,
    "breakout": 0,
    "reversion": 8,
    "vwap": 0
  },
  "reward_sum": {
    "trend": 0.08070090904704995,
    "breakout": 0.0,
    "reversion": -0.5961866029976467,
    "vwap": 0.0
  },
  "disabled_until": {
    "trend": 0.0,
    "breakout": 0.0,
    "reversion": 0.0,
    "vwap": 0.0
  },
  "_snapshot_time": "2025-09-23T19:46:00.814011"
}