{
  "arms": [
    "trend",
    "breakout",
    "reversion",
    "vwap"
  ],
  "d": 6,
  "alpha": 0.6,
  "alpha_base": 0.6,
  "alpha_boost_until": 0.0,
  "A": {
    "trend": [
      [
        1.1395010542001107,
        0.08383410140578168,
        1.5259123540270407,
        0.3270396313290995,
        0.3270396313290995,
        0.0
      ],
      [
        0.08383410140578168,
        1.0503806698724536,
        0.9170073427569586,
        0.19653667690011925,
        0.19653667690011925,
        0.0
      ],
      [
        1.5259123540270407,
        0.9170073427569586,
        17.690974312153198,
        3.577276290583945,
        3.577276290583945,
        0.0
      ],
      [
        0.3270396313290995,
        0.19653667690011925,
        3.577276290583945,
        1.7666961448653224,
        0.7666961448653229,
        0.0
      ],
      [
        0.3270396313290995,
        0.19653667690011925,
        3.577276290583945,
        0.7666961448653229,
        1.7666961448653224,
        0.0
      ],
      [
        0.0,
        0.0,
        0.0,
        0.0,
        0.0,
        1.0
      ]
    ],
    "breakout": [
      [
        1.0,
        0.0,
        0.0,
        0.0,
        0.0,
        0.0
      ],
      [
        0.0,
        1.0,
        0.0,
        0.0,
        0.0,
        0.0
      ],
      [
        0.0,
        0.0,
        1.0,
        0.0,
        0.0,
        0.0
      ],
      [
        0.0,
        0.0,
        0.0,
        1.0,
        0.0,
        0.0
      ],
      [
        0.0,
        0.0,
        0.0,
        0.0,
        1.0,
        0.0
      ],
      [
        0.0,
        0.0,
        0.0,
        0.0,
        0.0,
        1.0
      ]
    ],
    "reversion": [
      [
        1.1134641515217987,
        0.011502990231855663,
        0.32423708087478686,
        0.3900353370940481,
        0.3900353370940481,
        0.0
      ],
      [
        0.011502990231855663,
        1.0012484551483238,
        0.03353054598928483,
        0.039145717125663206,
        0.039145717125663206,
        0.0
      ],
      [
        0.32423708087478686,
        0.03353054598928483,
        1.9318298067089703,
        1.1113976960205478,
        1.1113976960205478,
        0.0
      ],
      [
        0.3900353370940481,
        0.039145717125663206,
        1.1113976960205478,
        2.3426607053655952,
        1.3426607053656034,
        0.0
      ],
      [
        0.3900353370940481,
        0.039145717125663206,
        1.1113976960205478,
        1.3426607053656034,
        2.3426607053655952,
        0.0
      ],
      [
        0.0,
        0.0,
        0.0,
        0.0,
        0.0,
        1.0
      ]
    ],
    "vwap": [
      [
        1.0,
        0.0,
        0.0,
        0.0,
        0.0,
        0.0
      ],
      [
        0.0,
        1.0,
        0.0,
        0.0,
        0.0,
        0.0
      ],
      [
        0.0,
        0.0,
        1.0,
        0.0,
        0.0,
        0.0
      ],
      [
        0.0,
        0.0,
        0.0,
        1.0,
        0.0,
        0.0
      ],
      [
        0.0,
        0.0,
        0.0,
        0.0,
        1.0,
        0.0
      ],
      [
        0.0,
        0.0,
        0.0,
        0.0,
        0.0,
        1.0
      ]
    ]
  },
  "b": {
    "trend": [
      [
        0.33342637746068
      ],
      [
        0.20037483515575402
      ],
      [
        3.647136800815166
      ],
      [
        0.7816689284922362
      ],
      [
        0.7816689284922362
      ],
      [
        0.0
      ]
    ],
    "breakout": [
      [
        0.0
      ],
      [
        0.0
      ],
      [
        0.0
      ],
      [
        0.0
      ],
      [
        0.0
      ],
      [
        0.0
      ]
    ],
    "reversion": [
      [
        0.15549938234746316
      ],
      [
        0.016919091506061235
      ],
      [
        0.45361032001806384
      ],
      [
        0.5289750576541988
      ],
      [
        0.5289750576541988
      ],
      [
        0.0
      ]
    ],
    "vwap": [
      [
        0.0
      ],
      [
        0.0
      ],
      [
        0.0
      ],
      [
        0.0
      ],
      [
        0.0
      ],
      [
        0.0
      ]
    ]
  },
  "counts": {
    "trend": 1,
    "breakout": 0,
    "reversion": 2,
    "vwap": 0
  },
  "reward_sum": {
    "trend": 0.7816689284922362,
    "breakout": 0.0,
    "reversion": 0.5289750576541988,
    "vwap": 0.0
  },
  "disabled_until": {
    "trend": 0.0,
    "breakout": 0.0,
    "reversion": 0.0,
    "vwap": 0.0
  },
  "_snapshot_time": "2025-09-18T02:01:00.831176"
}