{
  "arms": [
    "trend",
    "breakout",
    "reversion",
    "vwap"
  ],
  "d": 6,
  "alpha": 0.6,
  "alpha_base": 0.6,
  "alpha_boost_until": 0.0,
  "A": {
    "trend": [
      [
        1.0467744933607381,
        0.02810944793279677,
        0.5116361140190666,
        0.10965589580676759,
        0.10965589580676759,
        0.0
      ],
      [
        0.02810944793279677,
        1.0168925627262873,
        0.3074711808557822,
        0.06589845174660397,
        0.06589845174660397,
        0.0
      ],
      [
        0.5116361140190666,
        0.3074711808557822,
        6.596458547389725,
        1.1994553522400246,
        1.1994553522400246,
        0.0
      ],
      [
        0.10965589580676759,
        0.06589845174660397,
        1.1994553522400246,
        1.257072062597207,
        0.2570720625972084,
        0.0
      ],
      [
        0.10965589580676759,
        0.06589845174660397,
        1.1994553522400246,
        0.2570720625972084,
        1.257072062597207,
        0.0
      ],
      [
        0.0,
        0.0,
        0.0,
        0.0,
        0.0,
        1.0
      ]
    ],
    "breakout": [
      [
        1.0,
        0.0,
        0.0,
        0.0,
        0.0,
        0.0
      ],
      [
        0.0,
        1.0,
        0.0,
        0.0,
        0.0,
        0.0
      ],
      [
        0.0,
        0.0,
        1.0,
        0.0,
        0.0,
        0.0
      ],
      [
        0.0,
        0.0,
        0.0,
        1.0,
        0.0,
        0.0
      ],
      [
        0.0,
        0.0,
        0.0,
        0.0,
        1.0,
        0.0
      ],
      [
        0.0,
        0.0,
        0.0,
        0.0,
        0.0,
        1.0
      ]
    ],
    "reversion": [
      [
        1.400908622474513,
        0.028331677582106193,
        0.7168322855811374,
        1.3025023426914362,
        1.3025023426914362,
        0.0
      ],
      [
        0.028331677582106193,
        1.0024751242550973,
        0.06225053739544218,
        0.0982918946611373,
        0.0982918946611373,
        0.0
      ],
      [
        0.7168322855811374,
        0.06225053739544218,
        2.6777763045910956,
        2.498659121861785,
        2.498659121861785,
        0.0
      ],
      [
        1.3025023426914362,
        0.0982918946611373,
        2.498659121861785,
        5.336613748964134,
        4.336613748964144,
        0.0
      ],
      [
        1.3025023426914362,
        0.0982918946611373,
        2.498659121861785,
        4.336613748964144,
        5.336613748964134,
        0.0
      ],
      [
        0.0,
        0.0,
        0.0,
        0.0,
        0.0,
        1.0
      ]
    ],
    "vwap": [
      [
        1.0,
        0.0,
        0.0,
        0.0,
        0.0,
        0.0
      ],
      [
        0.0,
        1.0,
        0.0,
        0.0,
        0.0,
        0.0
      ],
      [
        0.0,
        0.0,
        1.0,
        0.0,
        0.0,
        0.0
      ],
      [
        0.0,
        0.0,
        0.0,
        1.0,
        0.0,
        0.0
      ],
      [
        0.0,
        0.0,
        0.0,
        0.0,
        1.0,
        0.0
      ],
      [
        0.0,
        0.0,
        0.0,
        0.0,
        0.0,
        1.0
      ]
    ]
  },
  "b": {
    "trend": [
      [
        0.11179736216514938
      ],
      [
        0.06718538042879246
      ],
      [
        1.222879476098621
      ],
      [
        0.26209241439572784
      ],
      [
        0.26209241439572784
      ],
      [
        0.0
      ]
    ],
    "breakout": [
      [
        0.0
      ],
      [
        0.0
      ],
      [
        0.0
      ],
      [
        0.0
      ],
      [
        0.0
      ],
      [
        0.0
      ]
    ],
    "reversion": [
      [
        -0.41395766646293064
      ],
      [
        -0.1312525531266865
      ],
      [
        -3.6189110050858617
      ],
      [
        -3.064918870763284
      ],
      [
        -3.064918870763284
      ],
      [
        0.0
      ]
    ],
    "vwap": [
      [
        0.0
      ],
      [
        0.0
      ],
      [
        0.0
      ],
      [
        0.0
      ],
      [
        0.0
      ],
      [
        0.0
      ]
    ]
  },
  "counts": {
    "trend": 1,
    "breakout": 0,
    "reversion": 7,
    "vwap": 0
  },
  "reward_sum": {
    "trend": 0.26209241439572784,
    "breakout": 0.0,
    "reversion": -3.064918870763284,
    "vwap": 0.0
  },
  "disabled_until": {
    "trend": 0.0,
    "breakout": 0.0,
    "reversion": 0.0,
    "vwap": 0.0
  },
  "_snapshot_time": "2025-09-21T23:10:00.456481"
}