{
  "arms": [
    "trend",
    "breakout",
    "reversion",
    "vwap"
  ],
  "d": 6,
  "alpha": 0.6,
  "alpha_base": 0.6,
  "alpha_boost_until": 0.0,
  "A": {
    "trend": [
      [
        1.0870857466374222,
        0.052334768052196785,
        0.9525749996346862,
        0.2041596792054837,
        0.2041596792054837,
        0.0
      ],
      [
        0.052334768052196785,
        1.0314509325903898,
        0.5724563844616695,
        0.12269113912883095,
        0.12269113912883095,
        0.0
      ],
      [
        0.9525749996346862,
        0.5724563844616695,
        11.419605560792377,
        2.2331714873420485,
        2.2331714873420485,
        0.0
      ],
      [
        0.2041596792054837,
        0.12269113912883095,
        2.2331714873420485,
        1.4786222340933066,
        0.47862223409330756,
        0.0
      ],
      [
        0.2041596792054837,
        0.12269113912883095,
        2.2331714873420485,
        0.47862223409330756,
        1.4786222340933066,
        0.0
      ],
      [
        0.0,
        0.0,
        0.0,
        0.0,
        0.0,
        1.0
      ]
    ],
    "breakout": [
      [
        1.0,
        0.0,
        0.0,
        0.0,
        0.0,
        0.0
      ],
      [
        0.0,
        1.0,
        0.0,
        0.0,
        0.0,
        0.0
      ],
      [
        0.0,
        0.0,
        1.0,
        0.0,
        0.0,
        0.0
      ],
      [
        0.0,
        0.0,
        0.0,
        1.0,
        0.0,
        0.0
      ],
      [
        0.0,
        0.0,
        0.0,
        0.0,
        1.0,
        0.0
      ],
      [
        0.0,
        0.0,
        0.0,
        0.0,
        0.0,
        1.0
      ]
    ],
    "reversion": [
      [
        1.0708317969961945,
        0.007180924177584541,
        0.20241014261450735,
        0.24348574812265644,
        0.24348574812265644,
        0.0
      ],
      [
        0.007180924177584541,
        1.0007793679363828,
        0.0209319753845625,
        0.024437335065980708,
        0.024437335065980708,
        0.0
      ],
      [
        0.20241014261450735,
        0.0209319753845625,
        1.581709542781287,
        0.6938076470032982,
        0.6938076470032982,
        0.0
      ],
      [
        0.24348574812265644,
        0.024437335065980708,
        0.6938076470032982,
        1.8381772501859364,
        0.838177250185946,
        0.0
      ],
      [
        0.24348574812265644,
        0.024437335065980708,
        0.6938076470032982,
        0.838177250185946,
        1.8381772501859364,
        0.0
      ],
      [
        0.0,
        0.0,
        0.0,
        0.0,
        0.0,
        1.0
      ]
    ],
    "vwap": [
      [
        1.0,
        0.0,
        0.0,
        0.0,
        0.0,
        0.0
      ],
      [
        0.0,
        1.0,
        0.0,
        0.0,
        0.0,
        0.0
      ],
      [
        0.0,
        0.0,
        1.0,
        0.0,
        0.0,
        0.0
      ],
      [
        0.0,
        0.0,
        0.0,
        1.0,
        0.0,
        0.0
      ],
      [
        0.0,
        0.0,
        0.0,
        0.0,
        1.0,
        0.0
      ],
      [
        0.0,
        0.0,
        0.0,
        0.0,
        0.0,
        1.0
      ]
    ]
  },
  "b": {
    "trend": [
      [
        0.2081467068207337
      ],
      [
        0.12508717032243805
      ],
      [
        2.2767830193755625
      ],
      [
        0.48796923185520225
      ],
      [
        0.48796923185520225
      ],
      [
        0.0
      ]
    ],
    "breakout": [
      [
        0.0
      ],
      [
        0.0
      ],
      [
        0.0
      ],
      [
        0.0
      ],
      [
        0.0
      ],
      [
        0.0
      ]
    ],
    "reversion": [
      [
        0.09707295683917366
      ],
      [
        0.010562011338771769
      ],
      [
        0.28317343999814026
      ],
      [
        0.33022107332829
      ],
      [
        0.33022107332829
      ],
      [
        0.0
      ]
    ],
    "vwap": [
      [
        0.0
      ],
      [
        0.0
      ],
      [
        0.0
      ],
      [
        0.0
      ],
      [
        0.0
      ],
      [
        0.0
      ]
    ]
  },
  "counts": {
    "trend": 1,
    "breakout": 0,
    "reversion": 2,
    "vwap": 0
  },
  "reward_sum": {
    "trend": 0.48796923185520225,
    "breakout": 0.0,
    "reversion": 0.33022107332829,
    "vwap": 0.0
  },
  "disabled_until": {
    "trend": 0.0,
    "breakout": 0.0,
    "reversion": 0.0,
    "vwap": 0.0
  },
  "_snapshot_time": "2025-09-18T19:12:00.610480"
}