{
  "arms": [
    "trend",
    "breakout",
    "reversion",
    "vwap"
  ],
  "d": 6,
  "alpha": 0.6,
  "alpha_base": 0.6,
  "alpha_boost_until": 0.0,
  "A": {
    "trend": [
      [
        1.0522277498944113,
        0.0313866193051362,
        0.5712857816300039,
        0.12244025085370139,
        0.12244025085370139,
        0.0
      ],
      [
        0.0313866193051362,
        1.0188620010128164,
        0.3433180517772244,
        0.07358129632120294,
        0.07358129632120294,
        0.0
      ],
      [
        0.5712857816300039,
        0.3433180517772244,
        7.2489279157614535,
        1.3392951937110489,
        1.3392951937110489,
        0.0
      ],
      [
        0.12244025085370139,
        0.07358129632120294,
        1.3392951937110489,
        1.2870430960442527,
        0.28704309604425327,
        0.0
      ],
      [
        0.12244025085370139,
        0.07358129632120294,
        1.3392951937110489,
        0.28704309604425327,
        1.2870430960442527,
        0.0
      ],
      [
        0.0,
        0.0,
        0.0,
        0.0,
        0.0,
        1.0
      ]
    ],
    "breakout": [
      [
        1.0,
        0.0,
        0.0,
        0.0,
        0.0,
        0.0
      ],
      [
        0.0,
        1.0,
        0.0,
        0.0,
        0.0,
        0.0
      ],
      [
        0.0,
        0.0,
        1.0,
        0.0,
        0.0,
        0.0
      ],
      [
        0.0,
        0.0,
        0.0,
        1.0,
        0.0,
        0.0
      ],
      [
        0.0,
        0.0,
        0.0,
        0.0,
        1.0,
        0.0
      ],
      [
        0.0,
        0.0,
        0.0,
        0.0,
        0.0,
        1.0
      ]
    ],
    "reversion": [
      [
        1.4476490018529562,
        0.03163475784623684,
        0.8004049779617025,
        1.454356032599486,
        1.454356032599486,
        0.0
      ],
      [
        0.03163475784623684,
        1.002763689379933,
        0.0695080858023984,
        0.10975136494623841,
        0.10975136494623841,
        0.0
      ],
      [
        0.8004049779617025,
        0.0695080858023984,
        2.8733817283525567,
        2.7899680854165694,
        2.7899680854165694,
        0.0
      ],
      [
        1.454356032599486,
        0.10975136494623841,
        2.7899680854165694,
        5.842202704854555,
        4.8422027048545635,
        0.0
      ],
      [
        1.454356032599486,
        0.10975136494623841,
        2.7899680854165694,
        4.8422027048545635,
        5.842202704854555,
        0.0
      ],
      [
        0.0,
        0.0,
        0.0,
        0.0,
        0.0,
        1.0
      ]
    ],
    "vwap": [
      [
        1.0,
        0.0,
        0.0,
        0.0,
        0.0,
        0.0
      ],
      [
        0.0,
        1.0,
        0.0,
        0.0,
        0.0,
        0.0
      ],
      [
        0.0,
        0.0,
        1.0,
        0.0,
        0.0,
        0.0
      ],
      [
        0.0,
        0.0,
        0.0,
        1.0,
        0.0,
        0.0
      ],
      [
        0.0,
        0.0,
        0.0,
        0.0,
        1.0,
        0.0
      ],
      [
        0.0,
        0.0,
        0.0,
        0.0,
        0.0,
        1.0
      ]
    ]
  },
  "b": {
    "trend": [
      [
        0.12483138245849058
      ],
      [
        0.07501826302070132
      ],
      [
        1.3654502452034805
      ],
      [
        0.29264875116258576
      ],
      [
        0.29264875116258576
      ],
      [
        0.0
      ]
    ],
    "breakout": [
      [
        0.0
      ],
      [
        0.0
      ],
      [
        0.0
      ],
      [
        0.0
      ],
      [
        0.0
      ],
      [
        0.0
      ]
    ],
    "reversion": [
      [
        -0.46221938320443656
      ],
      [
        -0.1465547785806192
      ],
      [
        -4.040825785243249
      ],
      [
        -3.422245859390803
      ],
      [
        -3.422245859390803
      ],
      [
        0.0
      ]
    ],
    "vwap": [
      [
        0.0
      ],
      [
        0.0
      ],
      [
        0.0
      ],
      [
        0.0
      ],
      [
        0.0
      ],
      [
        0.0
      ]
    ]
  },
  "counts": {
    "trend": 1,
    "breakout": 0,
    "reversion": 7,
    "vwap": 0
  },
  "reward_sum": {
    "trend": 0.29264875116258576,
    "breakout": 0.0,
    "reversion": -3.422245859390803,
    "vwap": 0.0
  },
  "disabled_until": {
    "trend": 0.0,
    "breakout": 0.0,
    "reversion": 0.0,
    "vwap": 0.0
  },
  "_snapshot_time": "2025-09-19T12:49:00.548033"
}