{
  "arms": [
    "trend",
    "breakout",
    "reversion",
    "vwap"
  ],
  "d": 6,
  "alpha": 0.6,
  "alpha_base": 0.6,
  "alpha_boost_until": 0.0,
  "A": {
    "trend": [
      [
        1.038085126522395,
        0.022887514200075582,
        0.4165887161099352,
        0.08928495779780658,
        0.08928495779780658,
        0.0
      ],
      [
        0.022887514200075582,
        1.0137544063546846,
        0.2503518046592438,
        0.053656398863445386,
        0.053656398863445386,
        0.0
      ],
      [
        0.4165887161099352,
        0.2503518046592438,
        5.556796162619341,
        0.9766307567613195,
        0.9766307567613195,
        0.0
      ],
      [
        0.08928495779780658,
        0.053656398863445386,
        0.9766307567613195,
        1.209315405169216,
        0.20931540516921554,
        0.0
      ],
      [
        0.08928495779780658,
        0.053656398863445386,
        0.9766307567613195,
        0.20931540516921554,
        1.209315405169216,
        0.0
      ],
      [
        0.0,
        0.0,
        0.0,
        0.0,
        0.0,
        1.0
      ]
    ],
    "breakout": [
      [
        1.0,
        0.0,
        0.0,
        0.0,
        0.0,
        0.0
      ],
      [
        0.0,
        1.0,
        0.0,
        0.0,
        0.0,
        0.0
      ],
      [
        0.0,
        0.0,
        1.0,
        0.0,
        0.0,
        0.0
      ],
      [
        0.0,
        0.0,
        0.0,
        1.0,
        0.0,
        0.0
      ],
      [
        0.0,
        0.0,
        0.0,
        0.0,
        1.0,
        0.0
      ],
      [
        0.0,
        0.0,
        0.0,
        0.0,
        0.0,
        1.0
      ]
    ],
    "reversion": [
      [
        1.4392179509256673,
        0.028621046717730206,
        0.737683166858003,
        1.3799528480347176,
        1.3799528480347176,
        0.0
      ],
      [
        0.028621046717730206,
        1.0022886753712568,
        0.0582685950915135,
        0.09575730050874634,
        0.09575730050874634,
        0.0
      ],
      [
        0.737683166858003,
        0.0582685950915135,
        2.576415125029918,
        2.4706667626405845,
        2.4706667626405845,
        0.0
      ],
      [
        1.3799528480347176,
        0.09575730050874634,
        2.4706667626405845,
        5.435605076716131,
        4.435605076716144,
        0.0
      ],
      [
        1.3799528480347176,
        0.09575730050874634,
        2.4706667626405845,
        4.435605076716144,
        5.435605076716131,
        0.0
      ],
      [
        0.0,
        0.0,
        0.0,
        0.0,
        0.0,
        1.0
      ]
    ],
    "vwap": [
      [
        1.0,
        0.0,
        0.0,
        0.0,
        0.0,
        0.0
      ],
      [
        0.0,
        1.0,
        0.0,
        0.0,
        0.0,
        0.0
      ],
      [
        0.0,
        0.0,
        1.0,
        0.0,
        0.0,
        0.0
      ],
      [
        0.0,
        0.0,
        0.0,
        1.0,
        0.0,
        0.0
      ],
      [
        0.0,
        0.0,
        0.0,
        0.0,
        1.0,
        0.0
      ],
      [
        0.0,
        0.0,
        0.0,
        0.0,
        0.0,
        1.0
      ]
    ]
  },
  "b": {
    "trend": [
      [
        0.09102860078231577
      ],
      [
        0.05470425290022664
      ],
      [
        0.9957033464727819
      ],
      [
        0.2134031187860997
      ],
      [
        0.2134031187860997
      ],
      [
        0.0
      ]
    ],
    "breakout": [
      [
        0.0
      ],
      [
        0.0
      ],
      [
        0.0
      ],
      [
        0.0
      ],
      [
        0.0
      ],
      [
        0.0
      ]
    ],
    "reversion": [
      [
        -0.012554790470730133
      ],
      [
        -0.09089409242052747
      ],
      [
        -2.503492055469582
      ],
      [
        -1.5765383805529645
      ],
      [
        -1.5765383805529645
      ],
      [
        0.0
      ]
    ],
    "vwap": [
      [
        0.0
      ],
      [
        0.0
      ],
      [
        0.0
      ],
      [
        0.0
      ],
      [
        0.0
      ],
      [
        0.0
      ]
    ]
  },
  "counts": {
    "trend": 1,
    "breakout": 0,
    "reversion": 8,
    "vwap": 0
  },
  "reward_sum": {
    "trend": 0.2134031187860997,
    "breakout": 0.0,
    "reversion": -1.5765383805529645,
    "vwap": 0.0
  },
  "disabled_until": {
    "trend": 0.0,
    "breakout": 0.0,
    "reversion": 0.0,
    "vwap": 0.0
  },
  "_snapshot_time": "2025-09-22T05:55:00.243185"
}