{
  "arms": [
    "trend",
    "breakout",
    "reversion",
    "vwap"
  ],
  "d": 6,
  "alpha": 0.6,
  "alpha_base": 0.6,
  "alpha_boost_until": 0.0,
  "A": {
    "trend": [
      [
        1.0194557609998043,
        0.011692071073847296,
        0.2128140624945661,
        0.04561116000941521,
        0.04561116000941521,
        0.0
      ],
      [
        0.011692071073847296,
        1.0070264291382514,
        0.12789204926117076,
        0.027410334892376865,
        0.027410334892376865,
        0.0
      ],
      [
        0.2128140624945661,
        0.12789204926117076,
        3.3278362226948928,
        0.4989111583345693,
        0.4989111583345693,
        0.0
      ],
      [
        0.04561116000941521,
        0.027410334892376865,
        0.4989111583345693,
        1.1069286324716532,
        0.10692863247165257,
        0.0
      ],
      [
        0.04561116000941521,
        0.027410334892376865,
        0.4989111583345693,
        0.10692863247165257,
        1.1069286324716532,
        0.0
      ],
      [
        0.0,
        0.0,
        0.0,
        0.0,
        0.0,
        1.0
      ]
    ],
    "breakout": [
      [
        1.0,
        0.0,
        0.0,
        0.0,
        0.0,
        0.0
      ],
      [
        0.0,
        1.0,
        0.0,
        0.0,
        0.0,
        0.0
      ],
      [
        0.0,
        0.0,
        1.0,
        0.0,
        0.0,
        0.0
      ],
      [
        0.0,
        0.0,
        0.0,
        1.0,
        0.0,
        0.0
      ],
      [
        0.0,
        0.0,
        0.0,
        0.0,
        1.0,
        0.0
      ],
      [
        0.0,
        0.0,
        0.0,
        0.0,
        0.0,
        1.0
      ]
    ],
    "reversion": [
      [
        1.2243741917204582,
        0.014621042263755336,
        0.37684494443070776,
        0.7049479745479148,
        0.7049479745479148,
        0.0
      ],
      [
        0.014621042263755336,
        1.001169168257932,
        0.0297664722008542,
        0.04891755188443835,
        0.04891755188443835,
        0.0
      ],
      [
        0.37684494443070776,
        0.0297664722008542,
        1.8053105952273616,
        1.2621384365319372,
        1.2621384365319372,
        0.0
      ],
      [
        0.7049479745479148,
        0.04891755188443835,
        1.2621384365319372,
        3.2659258388275036,
        2.265925838827519,
        0.0
      ],
      [
        0.7049479745479148,
        0.04891755188443835,
        1.2621384365319372,
        2.265925838827519,
        3.2659258388275036,
        0.0
      ],
      [
        0.0,
        0.0,
        0.0,
        0.0,
        0.0,
        1.0
      ]
    ],
    "vwap": [
      [
        1.0,
        0.0,
        0.0,
        0.0,
        0.0,
        0.0
      ],
      [
        0.0,
        1.0,
        0.0,
        0.0,
        0.0,
        0.0
      ],
      [
        0.0,
        0.0,
        1.0,
        0.0,
        0.0,
        0.0
      ],
      [
        0.0,
        0.0,
        0.0,
        1.0,
        0.0,
        0.0
      ],
      [
        0.0,
        0.0,
        0.0,
        0.0,
        1.0,
        0.0
      ],
      [
        0.0,
        0.0,
        0.0,
        0.0,
        0.0,
        1.0
      ]
    ]
  },
  "b": {
    "trend": [
      [
        0.04650189884300294
      ],
      [
        0.027945630414903454
      ],
      [
        0.5086543778261826
      ],
      [
        0.10901683819466573
      ],
      [
        0.10901683819466573
      ],
      [
        0.0
      ]
    ],
    "breakout": [
      [
        0.0
      ],
      [
        0.0
      ],
      [
        0.0
      ],
      [
        0.0
      ],
      [
        0.0
      ],
      [
        0.0
      ]
    ],
    "reversion": [
      [
        -0.006413606179239543
      ],
      [
        -0.046433185337800574
      ],
      [
        -1.2789072150642602
      ],
      [
        -0.8053735602275454
      ],
      [
        -0.8053735602275454
      ],
      [
        0.0
      ]
    ],
    "vwap": [
      [
        0.0
      ],
      [
        0.0
      ],
      [
        0.0
      ],
      [
        0.0
      ],
      [
        0.0
      ],
      [
        0.0
      ]
    ]
  },
  "counts": {
    "trend": 1,
    "breakout": 0,
    "reversion": 8,
    "vwap": 0
  },
  "reward_sum": {
    "trend": 0.10901683819466573,
    "breakout": 0.0,
    "reversion": -0.8053735602275454,
    "vwap": 0.0
  },
  "disabled_until": {
    "trend": 0.0,
    "breakout": 0.0,
    "reversion": 0.0,
    "vwap": 0.0
  },
  "_snapshot_time": "2025-09-23T08:16:00.220794"
}