{
  "arms": [
    "trend",
    "breakout",
    "reversion",
    "vwap"
  ],
  "d": 6,
  "alpha": 0.6,
  "alpha_base": 0.6,
  "alpha_boost_until": 0.0,
  "A": {
    "trend": [
      [
        1.106954920459874,
        0.06427528235606132,
        1.169911119234901,
        0.250740024558197,
        0.250740024558197,
        0.0
      ],
      [
        0.06427528235606132,
        1.038626665366944,
        0.7030659945049539,
        0.15068391250396296,
        0.15068391250396296,
        0.0
      ],
      [
        1.169911119234901,
        0.7030659945049539,
        13.79690565917399,
        2.7426839411088317,
        2.7426839411088317,
        0.0
      ],
      [
        0.250740024558197,
        0.15068391250396296,
        2.7426839411088317,
        1.5878229785513471,
        0.5878229785513479,
        0.0
      ],
      [
        0.250740024558197,
        0.15068391250396296,
        2.7426839411088317,
        0.5878229785513479,
        1.5878229785513471,
        0.0
      ],
      [
        0.0,
        0.0,
        0.0,
        0.0,
        0.0,
        1.0
      ]
    ],
    "breakout": [
      [
        1.0,
        0.0,
        0.0,
        0.0,
        0.0,
        0.0
      ],
      [
        0.0,
        1.0,
        0.0,
        0.0,
        0.0,
        0.0
      ],
      [
        0.0,
        0.0,
        1.0,
        0.0,
        0.0,
        0.0
      ],
      [
        0.0,
        0.0,
        0.0,
        1.0,
        0.0,
        0.0
      ],
      [
        0.0,
        0.0,
        0.0,
        0.0,
        1.0,
        0.0
      ],
      [
        0.0,
        0.0,
        0.0,
        0.0,
        0.0,
        1.0
      ]
    ],
    "reversion": [
      [
        1.0869925275521788,
        0.008819298265187205,
        0.2485913199290849,
        0.2990385893112534,
        0.2990385893112534,
        0.0
      ],
      [
        0.008819298265187205,
        1.0009571857492565,
        0.02570774034521409,
        0.030012870408234422,
        0.030012870408234422,
        0.0
      ],
      [
        0.2485913199290849,
        0.02570774034521409,
        1.7144303204743654,
        0.852104328951156,
        0.852104328951156,
        0.0
      ],
      [
        0.2990385893112534,
        0.030012870408234422,
        0.852104328951156,
        2.029412786665952,
        1.0294127866659635,
        0.0
      ],
      [
        0.2990385893112534,
        0.030012870408234422,
        0.852104328951156,
        1.0294127866659635,
        2.029412786665952,
        0.0
      ],
      [
        0.0,
        0.0,
        0.0,
        0.0,
        0.0,
        1.0
      ]
    ],
    "vwap": [
      [
        1.0,
        0.0,
        0.0,
        0.0,
        0.0,
        0.0
      ],
      [
        0.0,
        1.0,
        0.0,
        0.0,
        0.0,
        0.0
      ],
      [
        0.0,
        0.0,
        1.0,
        0.0,
        0.0,
        0.0
      ],
      [
        0.0,
        0.0,
        0.0,
        1.0,
        0.0,
        0.0
      ],
      [
        0.0,
        0.0,
        0.0,
        0.0,
        1.0,
        0.0
      ],
      [
        0.0,
        0.0,
        0.0,
        0.0,
        0.0,
        1.0
      ]
    ]
  },
  "b": {
    "trend": [
      [
        0.25563671819551337
      ],
      [
        0.15362661364194122
      ],
      [
        2.7962457249814348
      ],
      [
        0.5993025540360053
      ],
      [
        0.5993025540360053
      ],
      [
        0.0
      ]
    ],
    "breakout": [
      [
        0.0
      ],
      [
        0.0
      ],
      [
        0.0
      ],
      [
        0.0
      ],
      [
        0.0
      ],
      [
        0.0
      ]
    ],
    "reversion": [
      [
        0.11922077697473889
      ],
      [
        0.012971802232320785
      ],
      [
        0.3477812836289749
      ],
      [
        0.40556313743338634
      ],
      [
        0.40556313743338634
      ],
      [
        0.0
      ]
    ],
    "vwap": [
      [
        0.0
      ],
      [
        0.0
      ],
      [
        0.0
      ],
      [
        0.0
      ],
      [
        0.0
      ],
      [
        0.0
      ]
    ]
  },
  "counts": {
    "trend": 1,
    "breakout": 0,
    "reversion": 2,
    "vwap": 0
  },
  "reward_sum": {
    "trend": 0.5993025540360053,
    "breakout": 0.0,
    "reversion": 0.40556313743338634,
    "vwap": 0.0
  },
  "disabled_until": {
    "trend": 0.0,
    "breakout": 0.0,
    "reversion": 0.0,
    "vwap": 0.0
  },
  "_snapshot_time": "2025-09-18T10:55:00.570773"
}