{
  "arms": [
    "trend",
    "breakout",
    "reversion",
    "vwap"
  ],
  "d": 6,
  "alpha": 0.6,
  "alpha_base": 0.6,
  "alpha_boost_until": 0.0,
  "A": {
    "trend": [
      [
        1.0089012053228075,
        0.005349239501770008,
        0.09736456291088001,
        0.020867562068593644,
        0.020867562068593644,
        0.0
      ],
      [
        0.005349239501770008,
        1.0032146616339683,
        0.058511892166000785,
        0.012540502468464733,
        0.012540502468464733,
        0.0
      ],
      [
        0.09736456291088001,
        0.058511892166000785,
        2.065008363141352,
        0.22825684681361919,
        0.22825684681361919,
        0.0
      ],
      [
        0.020867562068593644,
        0.012540502468464733,
        0.22825684681361919,
        1.048920919234491,
        0.04892091923449087,
        0.0
      ],
      [
        0.020867562068593644,
        0.012540502468464733,
        0.22825684681361919,
        0.04892091923449087,
        1.048920919234491,
        0.0
      ],
      [
        0.0,
        0.0,
        0.0,
        0.0,
        0.0,
        1.0
      ]
    ],
    "breakout": [
      [
        1.0,
        0.0,
        0.0,
        0.0,
        0.0,
        0.0
      ],
      [
        0.0,
        1.0,
        0.0,
        0.0,
        0.0,
        0.0
      ],
      [
        0.0,
        0.0,
        1.0,
        0.0,
        0.0,
        0.0
      ],
      [
        0.0,
        0.0,
        0.0,
        1.0,
        0.0,
        0.0
      ],
      [
        0.0,
        0.0,
        0.0,
        0.0,
        1.0,
        0.0
      ],
      [
        0.0,
        0.0,
        0.0,
        0.0,
        0.0,
        1.0
      ]
    ],
    "reversion": [
      [
        1.1026534376970631,
        0.006689273127091358,
        0.17241033261421593,
        0.32252075174083195,
        0.32252075174083195,
        0.0
      ],
      [
        0.006689273127091358,
        1.000534906176164,
        0.01361845886151921,
        0.02238026943365292,
        0.02238026943365292,
        0.0
      ],
      [
        0.17241033261421593,
        0.01361845886151921,
        1.3684376548838943,
        0.5774409630899803,
        0.5774409630899803,
        0.0
      ],
      [
        0.32252075174083195,
        0.02238026943365292,
        0.5774409630899803,
        2.0366837430752005,
        1.0366837430752192,
        0.0
      ],
      [
        0.32252075174083195,
        0.02238026943365292,
        0.5774409630899803,
        1.0366837430752192,
        2.0366837430752005,
        0.0
      ],
      [
        0.0,
        0.0,
        0.0,
        0.0,
        0.0,
        1.0
      ]
    ],
    "vwap": [
      [
        1.0,
        0.0,
        0.0,
        0.0,
        0.0,
        0.0
      ],
      [
        0.0,
        1.0,
        0.0,
        0.0,
        0.0,
        0.0
      ],
      [
        0.0,
        0.0,
        1.0,
        0.0,
        0.0,
        0.0
      ],
      [
        0.0,
        0.0,
        0.0,
        1.0,
        0.0,
        0.0
      ],
      [
        0.0,
        0.0,
        0.0,
        0.0,
        1.0,
        0.0
      ],
      [
        0.0,
        0.0,
        0.0,
        0.0,
        0.0,
        1.0
      ]
    ]
  },
  "b": {
    "trend": [
      [
        0.021275083997283038
      ],
      [
        0.012785405525941415
      ],
      [
        0.2327144672172045
      ],
      [
        0.049876294246395364
      ],
      [
        0.049876294246395364
      ],
      [
        0.0
      ]
    ],
    "breakout": [
      [
        0.0
      ],
      [
        0.0
      ],
      [
        0.0
      ],
      [
        0.0
      ],
      [
        0.0
      ],
      [
        0.0
      ]
    ],
    "reversion": [
      [
        -0.0029342889985952956
      ],
      [
        -0.021243646881137213
      ],
      [
        -0.5851128470492025
      ],
      [
        -0.368466462001478
      ],
      [
        -0.368466462001478
      ],
      [
        0.0
      ]
    ],
    "vwap": [
      [
        0.0
      ],
      [
        0.0
      ],
      [
        0.0
      ],
      [
        0.0
      ],
      [
        0.0
      ],
      [
        0.0
      ]
    ]
  },
  "counts": {
    "trend": 1,
    "breakout": 0,
    "reversion": 8,
    "vwap": 0
  },
  "reward_sum": {
    "trend": 0.049876294246395364,
    "breakout": 0.0,
    "reversion": -0.368466462001478,
    "vwap": 0.0
  },
  "disabled_until": {
    "trend": 0.0,
    "breakout": 0.0,
    "reversion": 0.0,
    "vwap": 0.0
  },
  "_snapshot_time": "2025-09-24T14:37:00.369492"
}