{
  "arms": [
    "trend",
    "breakout",
    "reversion",
    "vwap"
  ],
  "d": 6,
  "alpha": 0.6,
  "alpha_base": 0.6,
  "alpha_boost_until": 0.0,
  "A": {
    "trend": [
      [
        1.1346911480818958,
        0.08094355581400221,
        1.473299883034771,
        0.31576351637320754,
        0.31576351637320754,
        0.0
      ],
      [
        0.08094355581400221,
        1.0486435769619469,
        0.8853895227077451,
        0.18976021940238977,
        0.18976021940238977,
        0.0
      ],
      [
        1.473299883034771,
        0.8853895227077451,
        17.115480313750634,
        3.453934117900843,
        3.453934117900843,
        0.0
      ],
      [
        0.31576351637320754,
        0.18976021940238977,
        3.453934117900843,
        1.7402609576967039,
        0.7402609576967045,
        0.0
      ],
      [
        0.31576351637320754,
        0.18976021940238977,
        3.453934117900843,
        0.7402609576967045,
        1.7402609576967039,
        0.0
      ],
      [
        0.0,
        0.0,
        0.0,
        0.0,
        0.0,
        1.0
      ]
    ],
    "breakout": [
      [
        1.0,
        0.0,
        0.0,
        0.0,
        0.0,
        0.0
      ],
      [
        0.0,
        1.0,
        0.0,
        0.0,
        0.0,
        0.0
      ],
      [
        0.0,
        0.0,
        1.0,
        0.0,
        0.0,
        0.0
      ],
      [
        0.0,
        0.0,
        0.0,
        1.0,
        0.0,
        0.0
      ],
      [
        0.0,
        0.0,
        0.0,
        0.0,
        1.0,
        0.0
      ],
      [
        0.0,
        0.0,
        0.0,
        0.0,
        0.0,
        1.0
      ]
    ],
    "reversion": [
      [
        1.1095519809670162,
        0.011106374568904459,
        0.3130575960458432,
        0.37658717094960054,
        0.37658717094960054,
        0.0
      ],
      [
        0.011106374568904459,
        1.0012054092223224,
        0.03237443445144944,
        0.037795998118991446,
        0.037795998118991446,
        0.0
      ],
      [
        0.3130575960458432,
        0.03237443445144944,
        1.8997009176900015,
        1.07307742232433,
        1.07307742232433,
        0.0
      ],
      [
        0.37658717094960054,
        0.037795998118991446,
        1.07307742232433,
        2.2963666326902668,
        1.2963666326902756,
        0.0
      ],
      [
        0.37658717094960054,
        0.037795998118991446,
        1.07307742232433,
        1.2963666326902756,
        2.2963666326902668,
        0.0
      ],
      [
        0.0,
        0.0,
        0.0,
        0.0,
        0.0,
        1.0
      ]
    ],
    "vwap": [
      [
        1.0,
        0.0,
        0.0,
        0.0,
        0.0,
        0.0
      ],
      [
        0.0,
        1.0,
        0.0,
        0.0,
        0.0,
        0.0
      ],
      [
        0.0,
        0.0,
        1.0,
        0.0,
        0.0,
        0.0
      ],
      [
        0.0,
        0.0,
        0.0,
        1.0,
        0.0,
        0.0
      ],
      [
        0.0,
        0.0,
        0.0,
        0.0,
        1.0,
        0.0
      ],
      [
        0.0,
        0.0,
        0.0,
        0.0,
        0.0,
        1.0
      ]
    ]
  },
  "b": {
    "trend": [
      [
        0.321930051629179
      ],
      [
        0.1934660404439274
      ],
      [
        3.521385882925732
      ],
      [
        0.7547174894287004
      ],
      [
        0.7547174894287004
      ],
      [
        0.0
      ]
    ],
    "breakout": [
      [
        0.0
      ],
      [
        0.0
      ],
      [
        0.0
      ],
      [
        0.0
      ],
      [
        0.0
      ],
      [
        0.0
      ]
    ],
    "reversion": [
      [
        0.1501378642225979
      ],
      [
        0.0163357321743611
      ],
      [
        0.4379701295832982
      ],
      [
        0.5107363398123663
      ],
      [
        0.5107363398123663
      ],
      [
        0.0
      ]
    ],
    "vwap": [
      [
        0.0
      ],
      [
        0.0
      ],
      [
        0.0
      ],
      [
        0.0
      ],
      [
        0.0
      ],
      [
        0.0
      ]
    ]
  },
  "counts": {
    "trend": 1,
    "breakout": 0,
    "reversion": 2,
    "vwap": 0
  },
  "reward_sum": {
    "trend": 0.7547174894287004,
    "breakout": 0.0,
    "reversion": 0.5107363398123663,
    "vwap": 0.0
  },
  "disabled_until": {
    "trend": 0.0,
    "breakout": 0.0,
    "reversion": 0.0,
    "vwap": 0.0
  },
  "_snapshot_time": "2025-09-18T03:12:00.719662"
}