{
  "arms": [
    "trend",
    "breakout",
    "reversion",
    "vwap"
  ],
  "d": 6,
  "alpha": 0.6,
  "alpha_base": 0.6,
  "alpha_boost_until": 0.0,
  "A": {
    "trend": [
      [
        1.0484448401132607,
        0.0291132541035586,
        0.5299069633671151,
        0.11357177722622518,
        0.11357177722622518,
        0.0
      ],
      [
        0.0291132541035586,
        1.017495806829308,
        0.31845117126371736,
        0.06825172715297406,
        0.06825172715297406,
        0.0
      ],
      [
        0.5299069633671151,
        0.31845117126371736,
        6.796311623042913,
        1.2422886617739002,
        1.2422886617739002,
        0.0
      ],
      [
        0.11357177722622518,
        0.06825172715297406,
        1.2422886617739002,
        1.2662522686041866,
        0.2662522686041882,
        0.0
      ],
      [
        0.11357177722622518,
        0.06825172715297406,
        1.2422886617739002,
        0.2662522686041882,
        1.2662522686041866,
        0.0
      ],
      [
        0.0,
        0.0,
        0.0,
        0.0,
        0.0,
        1.0
      ]
    ],
    "breakout": [
      [
        1.0,
        0.0,
        0.0,
        0.0,
        0.0,
        0.0
      ],
      [
        0.0,
        1.0,
        0.0,
        0.0,
        0.0,
        0.0
      ],
      [
        0.0,
        0.0,
        1.0,
        0.0,
        0.0,
        0.0
      ],
      [
        0.0,
        0.0,
        0.0,
        1.0,
        0.0,
        0.0
      ],
      [
        0.0,
        0.0,
        0.0,
        0.0,
        1.0,
        0.0
      ],
      [
        0.0,
        0.0,
        0.0,
        0.0,
        0.0,
        1.0
      ]
    ],
    "reversion": [
      [
        1.4152253230413003,
        0.02934341971425141,
        0.742430820044993,
        1.34901552545302,
        1.34901552545302,
        0.0
      ],
      [
        0.02934341971425141,
        1.0025635125082784,
        0.06447354347226654,
        0.10180196040958633,
        0.10180196040958633,
        0.0
      ],
      [
        0.742430820044993,
        0.06447354347226654,
        2.7376907579710763,
        2.5878878200258915,
        2.5878878200258915,
        0.0
      ],
      [
        1.34901552545302,
        0.10180196040958633,
        2.5878878200258915,
        5.491476969751257,
        4.4914769697512655,
        0.0
      ],
      [
        1.34901552545302,
        0.10180196040958633,
        2.5878878200258915,
        4.4914769697512655,
        5.491476969751257,
        0.0
      ],
      [
        0.0,
        0.0,
        0.0,
        0.0,
        0.0,
        1.0
      ]
    ],
    "vwap": [
      [
        1.0,
        0.0,
        0.0,
        0.0,
        0.0,
        0.0
      ],
      [
        0.0,
        1.0,
        0.0,
        0.0,
        0.0,
        0.0
      ],
      [
        0.0,
        0.0,
        1.0,
        0.0,
        0.0,
        0.0
      ],
      [
        0.0,
        0.0,
        0.0,
        1.0,
        0.0,
        0.0
      ],
      [
        0.0,
        0.0,
        0.0,
        0.0,
        1.0,
        0.0
      ],
      [
        0.0,
        0.0,
        0.0,
        0.0,
        0.0,
        1.0
      ]
    ]
  },
  "b": {
    "trend": [
      [
        0.11578971670318837
      ],
      [
        0.06958461287265401
      ],
      [
        1.2665492759161252
      ],
      [
        0.2714519003418512
      ],
      [
        0.2714519003418512
      ],
      [
        0.0
      ]
    ],
    "breakout": [
      [
        0.0
      ],
      [
        0.0
      ],
      [
        0.0
      ],
      [
        0.0
      ],
      [
        0.0
      ],
      [
        0.0
      ]
    ],
    "reversion": [
      [
        -0.4287403566467828
      ],
      [
        -0.13593966484342324
      ],
      [
        -3.7481446067925908
      ],
      [
        -3.1743690628379193
      ],
      [
        -3.1743690628379193
      ],
      [
        0.0
      ]
    ],
    "vwap": [
      [
        0.0
      ],
      [
        0.0
      ],
      [
        0.0
      ],
      [
        0.0
      ],
      [
        0.0
      ],
      [
        0.0
      ]
    ]
  },
  "counts": {
    "trend": 1,
    "breakout": 0,
    "reversion": 7,
    "vwap": 0
  },
  "reward_sum": {
    "trend": 0.2714519003418512,
    "breakout": 0.0,
    "reversion": -3.1743690628379193,
    "vwap": 0.0
  },
  "disabled_until": {
    "trend": 0.0,
    "breakout": 0.0,
    "reversion": 0.0,
    "vwap": 0.0
  },
  "_snapshot_time": "2025-09-19T15:49:00.537212"
}