{
  "arms": [
    "trend",
    "breakout",
    "reversion",
    "vwap"
  ],
  "d": 6,
  "alpha": 0.6,
  "alpha_base": 0.6,
  "alpha_boost_until": 0.0,
  "A": {
    "trend": [
      [
        1.0580251965276495,
        0.03487063404418115,
        0.6347003234784161,
        0.13603150878688214,
        0.13603150878688214,
        0.0
      ],
      [
        0.03487063404418115,
        1.0209557432186163,
        0.3814274493183704,
        0.08174905463912903,
        0.08174905463912903,
        0.0
      ],
      [
        0.6347003234784161,
        0.3814274493183704,
        7.942578823177904,
        1.4879612271394334,
        1.4879612271394334,
        0.0
      ],
      [
        0.13603150878688214,
        0.08174905463912903,
        1.4879612271394334,
        1.3189057942098885,
        0.31890579420988907,
        0.0
      ],
      [
        0.13603150878688214,
        0.08174905463912903,
        1.4879612271394334,
        0.31890579420988907,
        1.3189057942098885,
        0.0
      ],
      [
        0.0,
        0.0,
        0.0,
        0.0,
        0.0,
        1.0
      ]
    ],
    "breakout": [
      [
        1.0,
        0.0,
        0.0,
        0.0,
        0.0,
        0.0
      ],
      [
        0.0,
        1.0,
        0.0,
        0.0,
        0.0,
        0.0
      ],
      [
        0.0,
        0.0,
        1.0,
        0.0,
        0.0,
        0.0
      ],
      [
        0.0,
        0.0,
        0.0,
        1.0,
        0.0,
        0.0
      ],
      [
        0.0,
        0.0,
        0.0,
        0.0,
        1.0,
        0.0
      ],
      [
        0.0,
        0.0,
        0.0,
        0.0,
        0.0,
        1.0
      ]
    ],
    "reversion": [
      [
        1.4484402436113595,
        0.027367088599062957,
        0.718068842721978,
        1.3918739822417785,
        1.3918739822417785,
        0.0
      ],
      [
        0.027367088599062957,
        1.0018328940558783,
        0.04999062260824151,
        0.08631133477478106,
        0.08631133477478106,
        0.0
      ],
      [
        0.718068842721978,
        0.04999062260824151,
        2.482063066287874,
        2.3157762413786953,
        2.3157762413786953,
        0.0
      ],
      [
        1.3918739822417785,
        0.08631133477478106,
        2.3157762413786953,
        5.354323212958214,
        4.3543232129582226,
        0.0
      ],
      [
        1.3918739822417785,
        0.08631133477478106,
        2.3157762413786953,
        4.3543232129582226,
        5.354323212958214,
        0.0
      ],
      [
        0.0,
        0.0,
        0.0,
        0.0,
        0.0,
        1.0
      ]
    ],
    "vwap": [
      [
        1.0,
        0.0,
        0.0,
        0.0,
        0.0,
        0.0
      ],
      [
        0.0,
        1.0,
        0.0,
        0.0,
        0.0,
        0.0
      ],
      [
        0.0,
        0.0,
        1.0,
        0.0,
        0.0,
        0.0
      ],
      [
        0.0,
        0.0,
        0.0,
        1.0,
        0.0,
        0.0
      ],
      [
        0.0,
        0.0,
        0.0,
        0.0,
        1.0,
        0.0
      ],
      [
        0.0,
        0.0,
        0.0,
        0.0,
        0.0,
        1.0
      ]
    ]
  },
  "b": {
    "trend": [
      [
        0.13868806361782676
      ],
      [
        0.08334552922037461
      ],
      [
        1.5170195726761897
      ],
      [
        0.32513369490568905
      ],
      [
        0.32513369490568905
      ],
      [
        0.0
      ]
    ],
    "breakout": [
      [
        0.0
      ],
      [
        0.0
      ],
      [
        0.0
      ],
      [
        0.0
      ],
      [
        0.0
      ],
      [
        0.0
      ]
    ],
    "reversion": [
      [
        0.6763457783111171
      ],
      [
        0.02647043362112432
      ],
      [
        -0.3239302361738037
      ],
      [
        1.6465617025223511
      ],
      [
        1.6465617025223511
      ],
      [
        0.0
      ]
    ],
    "vwap": [
      [
        0.0
      ],
      [
        0.0
      ],
      [
        0.0
      ],
      [
        0.0
      ],
      [
        0.0
      ],
      [
        0.0
      ]
    ]
  },
  "counts": {
    "trend": 1,
    "breakout": 0,
    "reversion": 6,
    "vwap": 0
  },
  "reward_sum": {
    "trend": 0.32513369490568905,
    "breakout": 0.0,
    "reversion": 1.6465617025223511,
    "vwap": 0.0
  },
  "disabled_until": {
    "trend": 0.0,
    "breakout": 0.0,
    "reversion": 0.0,
    "vwap": 0.0
  },
  "_snapshot_time": "2025-09-19T09:23:00.519695"
}