{
  "arms": [
    "trend",
    "breakout",
    "reversion",
    "vwap"
  ],
  "d": 6,
  "alpha": 0.6,
  "alpha_base": 0.6,
  "alpha_boost_until": 0.0,
  "A": {
    "trend": [
      [
        1.010449854297082,
        0.006279910570141033,
        0.1143042384957483,
        0.024498141009441324,
        0.024498141009441324,
        0.0
      ],
      [
        0.006279910570141033,
        1.0037739547028894,
        0.06869190470358179,
        0.014722323421961716,
        0.014722323421961716,
        0.0
      ],
      [
        0.1143042384957483,
        0.06869190470358179,
        2.2503005847404958,
        0.2679694159398924,
        0.2679694159398924,
        0.0
      ],
      [
        0.024498141009441324,
        0.014722323421961716,
        0.2679694159398924,
        1.0574322756907857,
        0.05743227569078546,
        0.0
      ],
      [
        0.024498141009441324,
        0.014722323421961716,
        0.2679694159398924,
        0.05743227569078546,
        1.0574322756907857,
        0.0
      ],
      [
        0.0,
        0.0,
        0.0,
        0.0,
        0.0,
        1.0
      ]
    ],
    "breakout": [
      [
        1.0,
        0.0,
        0.0,
        0.0,
        0.0,
        0.0
      ],
      [
        0.0,
        1.0,
        0.0,
        0.0,
        0.0,
        0.0
      ],
      [
        0.0,
        0.0,
        1.0,
        0.0,
        0.0,
        0.0
      ],
      [
        0.0,
        0.0,
        0.0,
        1.0,
        0.0,
        0.0
      ],
      [
        0.0,
        0.0,
        0.0,
        0.0,
        1.0,
        0.0
      ],
      [
        0.0,
        0.0,
        0.0,
        0.0,
        0.0,
        1.0
      ]
    ],
    "reversion": [
      [
        1.12051328197995,
        0.007853085845844324,
        0.20240661683353026,
        0.3786335379593489,
        0.3786335379593489,
        0.0
      ],
      [
        0.007853085845844324,
        1.000627970190644,
        0.015987824759984427,
        0.026274032137184353,
        0.026274032137184353,
        0.0
      ],
      [
        0.20240661683353026,
        0.015987824759984427,
        1.4325391530100209,
        0.6779052623351952,
        0.6779052623351952,
        0.0
      ],
      [
        0.3786335379593489,
        0.026274032137184353,
        0.6779052623351952,
        2.217047992313143,
        1.2170479923131605,
        0.0
      ],
      [
        0.3786335379593489,
        0.026274032137184353,
        0.6779052623351952,
        1.2170479923131605,
        2.217047992313143,
        0.0
      ],
      [
        0.0,
        0.0,
        0.0,
        0.0,
        0.0,
        1.0
      ]
    ],
    "vwap": [
      [
        1.0,
        0.0,
        0.0,
        0.0,
        0.0,
        0.0
      ],
      [
        0.0,
        1.0,
        0.0,
        0.0,
        0.0,
        0.0
      ],
      [
        0.0,
        0.0,
        1.0,
        0.0,
        0.0,
        0.0
      ],
      [
        0.0,
        0.0,
        0.0,
        1.0,
        0.0,
        0.0
      ],
      [
        0.0,
        0.0,
        0.0,
        0.0,
        1.0,
        0.0
      ],
      [
        0.0,
        0.0,
        0.0,
        0.0,
        0.0,
        1.0
      ]
    ]
  },
  "b": {
    "trend": [
      [
        0.02497656439405404
      ],
      [
        0.015009835188596722
      ],
      [
        0.27320258179101753
      ],
      [
        0.05855386870110452
      ],
      [
        0.05855386870110452
      ],
      [
        0.0
      ]
    ],
    "breakout": [
      [
        0.0
      ],
      [
        0.0
      ],
      [
        0.0
      ],
      [
        0.0
      ],
      [
        0.0
      ],
      [
        0.0
      ]
    ],
    "reversion": [
      [
        -0.0034448022923688165
      ],
      [
        -0.024939657787439482
      ],
      [
        -0.6869119155524371
      ],
      [
        -0.4325729720458194
      ],
      [
        -0.4325729720458194
      ],
      [
        0.0
      ]
    ],
    "vwap": [
      [
        0.0
      ],
      [
        0.0
      ],
      [
        0.0
      ],
      [
        0.0
      ],
      [
        0.0
      ],
      [
        0.0
      ]
    ]
  },
  "counts": {
    "trend": 1,
    "breakout": 0,
    "reversion": 8,
    "vwap": 0
  },
  "reward_sum": {
    "trend": 0.05855386870110452,
    "breakout": 0.0,
    "reversion": -0.4325729720458194,
    "vwap": 0.0
  },
  "disabled_until": {
    "trend": 0.0,
    "breakout": 0.0,
    "reversion": 0.0,
    "vwap": 0.0
  },
  "_snapshot_time": "2025-09-24T08:39:00.875120"
}