{
  "arms": [
    "trend",
    "breakout",
    "reversion",
    "vwap"
  ],
  "d": 6,
  "alpha": 0.6,
  "alpha_base": 0.6,
  "alpha_boost_until": 0.0,
  "A": {
    "trend": [
      [
        1.00789228494716,
        0.004742921982756645,
        0.0863286315033572,
        0.018502297163722488,
        0.018502297163722488,
        0.0
      ],
      [
        0.004742921982756645,
        1.002850291022832,
        0.05187977459505856,
        0.011119080537114568,
        0.011119080537114568,
        0.0
      ],
      [
        0.0863286315033572,
        0.05187977459505856,
        1.9442934038925297,
        0.20238473452325473,
        0.20238473452325473,
        0.0
      ],
      [
        0.018502297163722488,
        0.011119080537114568,
        0.20238473452325473,
        1.043375904776212,
        0.043375904776212296,
        0.0
      ],
      [
        0.018502297163722488,
        0.011119080537114568,
        0.20238473452325473,
        0.043375904776212296,
        1.043375904776212,
        0.0
      ],
      [
        0.0,
        0.0,
        0.0,
        0.0,
        0.0,
        1.0
      ]
    ],
    "breakout": [
      [
        1.0,
        0.0,
        0.0,
        0.0,
        0.0,
        0.0
      ],
      [
        0.0,
        1.0,
        0.0,
        0.0,
        0.0,
        0.0
      ],
      [
        0.0,
        0.0,
        1.0,
        0.0,
        0.0,
        0.0
      ],
      [
        0.0,
        0.0,
        0.0,
        1.0,
        0.0,
        0.0
      ],
      [
        0.0,
        0.0,
        0.0,
        0.0,
        1.0,
        0.0
      ],
      [
        0.0,
        0.0,
        0.0,
        0.0,
        0.0,
        1.0
      ]
    ],
    "reversion": [
      [
        1.0910180308991286,
        0.0059310675008376135,
        0.1528682266590927,
        0.2859641567405294,
        0.2859641567405294,
        0.0
      ],
      [
        0.0059310675008376135,
        1.0004742764388852,
        0.012074854357183648,
        0.019843544459313474,
        0.019843544459313474,
        0.0
      ],
      [
        0.1528682266590927,
        0.012074854357183648,
        1.3266765401036742,
        0.5119900570309871,
        0.5119900570309871,
        0.0
      ],
      [
        0.2859641567405294,
        0.019843544459313474,
        0.5119900570309871,
        1.919179280077262,
        0.9191792800772787,
        0.0
      ],
      [
        0.2859641567405294,
        0.019843544459313474,
        0.5119900570309871,
        0.9191792800772787,
        1.919179280077262,
        0.0
      ],
      [
        0.0,
        0.0,
        0.0,
        0.0,
        0.0,
        1.0
      ]
    ],
    "vwap": [
      [
        1.0,
        0.0,
        0.0,
        0.0,
        0.0,
        0.0
      ],
      [
        0.0,
        1.0,
        0.0,
        0.0,
        0.0,
        0.0
      ],
      [
        0.0,
        0.0,
        1.0,
        0.0,
        0.0,
        0.0
      ],
      [
        0.0,
        0.0,
        0.0,
        1.0,
        0.0,
        0.0
      ],
      [
        0.0,
        0.0,
        0.0,
        0.0,
        1.0,
        0.0
      ],
      [
        0.0,
        0.0,
        0.0,
        0.0,
        0.0,
        1.0
      ]
    ]
  },
  "b": {
    "trend": [
      [
        0.018863627912401204
      ],
      [
        0.011336224692758775
      ],
      [
        0.20633709930257585
      ],
      [
        0.04422299138436262
      ],
      [
        0.04422299138436262
      ],
      [
        0.0
      ]
    ],
    "breakout": [
      [
        0.0
      ],
      [
        0.0
      ],
      [
        0.0
      ],
      [
        0.0
      ],
      [
        0.0
      ],
      [
        0.0
      ]
    ],
    "reversion": [
      [
        -0.0026016976414298854
      ],
      [
        -0.01883575408301047
      ],
      [
        -0.51879235987559
      ],
      [
        -0.32670208203560724
      ],
      [
        -0.32670208203560724
      ],
      [
        0.0
      ]
    ],
    "vwap": [
      [
        0.0
      ],
      [
        0.0
      ],
      [
        0.0
      ],
      [
        0.0
      ],
      [
        0.0
      ],
      [
        0.0
      ]
    ]
  },
  "counts": {
    "trend": 1,
    "breakout": 0,
    "reversion": 8,
    "vwap": 0
  },
  "reward_sum": {
    "trend": 0.04422299138436262,
    "breakout": 0.0,
    "reversion": -0.32670208203560724,
    "vwap": 0.0
  },
  "disabled_until": {
    "trend": 0.0,
    "breakout": 0.0,
    "reversion": 0.0,
    "vwap": 0.0
  },
  "_snapshot_time": "2025-09-24T18:34:00.772183"
}