{
  "arms": [
    "trend",
    "breakout",
    "reversion",
    "vwap"
  ],
  "d": 6,
  "alpha": 0.6,
  "alpha_base": 0.6,
  "alpha_boost_until": 0.0,
  "A": {
    "trend": [
      [
        1.005026665939316,
        0.0030208088713437995,
        0.05498346733182849,
        0.011784276362886122,
        0.011784276362886122,
        0.0
      ],
      [
        0.0030208088713437995,
        1.001815375508806,
        0.03304268632497776,
        0.007081840529913114,
        0.007081840529913114,
        0.0
      ],
      [
        0.05498346733182849,
        0.03304268632497776,
        1.6014288031725257,
        0.12890062364405036,
        0.12890062364405036,
        0.0
      ],
      [
        0.011784276362886122,
        0.007081840529913114,
        0.12890062364405036,
        1.027626496583101,
        0.027626496583102015,
        0.0
      ],
      [
        0.011784276362886122,
        0.007081840529913114,
        0.12890062364405036,
        0.027626496583102015,
        1.027626496583101,
        0.0
      ],
      [
        0.0,
        0.0,
        0.0,
        0.0,
        0.0,
        1.0
      ]
    ],
    "breakout": [
      [
        1.0,
        0.0,
        0.0,
        0.0,
        0.0,
        0.0
      ],
      [
        0.0,
        1.0,
        0.0,
        0.0,
        0.0,
        0.0
      ],
      [
        0.0,
        0.0,
        1.0,
        0.0,
        0.0,
        0.0
      ],
      [
        0.0,
        0.0,
        0.0,
        1.0,
        0.0,
        0.0
      ],
      [
        0.0,
        0.0,
        0.0,
        0.0,
        1.0,
        0.0
      ],
      [
        0.0,
        0.0,
        0.0,
        0.0,
        0.0,
        1.0
      ]
    ],
    "reversion": [
      [
        1.1342112327930844,
        0.012466051066080945,
        0.5056677346954204,
        0.43128693083328834,
        0.43128693083328834,
        0.0
      ],
      [
        0.012466051066080945,
        1.0012922207542643,
        0.054221361933713186,
        0.04103233587995454,
        0.04103233587995454,
        0.0
      ],
      [
        0.5056677346954204,
        0.054221361933713186,
        3.3947154508580573,
        1.6604202745387595,
        1.6604202745387595,
        0.0
      ],
      [
        0.43128693083328834,
        0.04103233587995454,
        1.6604202745387595,
        2.3996619164775472,
        1.3996619164775606,
        0.0
      ],
      [
        0.43128693083328834,
        0.04103233587995454,
        1.6604202745387595,
        1.3996619164775606,
        2.3996619164775472,
        0.0
      ],
      [
        0.0,
        0.0,
        0.0,
        0.0,
        0.0,
        1.0
      ]
    ],
    "vwap": [
      [
        1.0,
        0.0,
        0.0,
        0.0,
        0.0,
        0.0
      ],
      [
        0.0,
        1.0,
        0.0,
        0.0,
        0.0,
        0.0
      ],
      [
        0.0,
        0.0,
        1.0,
        0.0,
        0.0,
        0.0
      ],
      [
        0.0,
        0.0,
        0.0,
        1.0,
        0.0,
        0.0
      ],
      [
        0.0,
        0.0,
        0.0,
        0.0,
        1.0,
        0.0
      ],
      [
        0.0,
        0.0,
        0.0,
        0.0,
        0.0,
        1.0
      ]
    ]
  },
  "b": {
    "trend": [
      [
        0.012014411105786434
      ],
      [
        0.007220141559134179
      ],
      [
        0.13141791965515218
      ],
      [
        0.028166013520129488
      ],
      [
        0.028166013520129488
      ],
      [
        0.0
      ]
    ],
    "breakout": [
      [
        0.0
      ],
      [
        0.0
      ],
      [
        0.0
      ],
      [
        0.0
      ],
      [
        0.0
      ],
      [
        0.0
      ]
    ],
    "reversion": [
      [
        -0.28366188351244276
      ],
      [
        -0.04413419682899443
      ],
      [
        -1.8406844159984337
      ],
      [
        -1.1296642210190813
      ],
      [
        -1.1296642210190813
      ],
      [
        0.0
      ]
    ],
    "vwap": [
      [
        0.0
      ],
      [
        0.0
      ],
      [
        0.0
      ],
      [
        0.0
      ],
      [
        0.0
      ],
      [
        0.0
      ]
    ]
  },
  "counts": {
    "trend": 1,
    "breakout": 0,
    "reversion": 9,
    "vwap": 0
  },
  "reward_sum": {
    "trend": 0.028166013520129488,
    "breakout": 0.0,
    "reversion": -1.1296642210190813,
    "vwap": 0.0
  },
  "disabled_until": {
    "trend": 0.0,
    "breakout": 0.0,
    "reversion": 0.0,
    "vwap": 0.0
  },
  "_snapshot_time": "2025-09-25T17:26:00.847545"
}