{
  "arms": [
    "trend",
    "breakout",
    "reversion",
    "vwap"
  ],
  "d": 6,
  "alpha": 0.6,
  "alpha_base": 0.6,
  "alpha_boost_until": 0.0,
  "A": {
    "trend": [
      [
        1.0175998853021415,
        0.010576770029517965,
        0.19251383128240196,
        0.04126033336199953,
        0.04126033336199953,
        0.0
      ],
      [
        0.010576770029517965,
        1.006356181437369,
        0.11569248810545273,
        0.02479567621148114,
        0.02479567621148114,
        0.0
      ],
      [
        0.19251383128240196,
        0.11569248810545273,
        3.105785043412676,
        0.4513202625554006,
        0.4513202625554006,
        0.0
      ],
      [
        0.04126033336199953,
        0.02479567621148114,
        0.4513202625554006,
        1.0967287615752896,
        0.09672876157528969,
        0.0
      ],
      [
        0.04126033336199953,
        0.02479567621148114,
        0.4513202625554006,
        0.09672876157528969,
        1.0967287615752896,
        0.0
      ],
      [
        0.0,
        0.0,
        0.0,
        0.0,
        0.0,
        1.0
      ]
    ],
    "breakout": [
      [
        1.0,
        0.0,
        0.0,
        0.0,
        0.0,
        0.0
      ],
      [
        0.0,
        1.0,
        0.0,
        0.0,
        0.0,
        0.0
      ],
      [
        0.0,
        0.0,
        1.0,
        0.0,
        0.0,
        0.0
      ],
      [
        0.0,
        0.0,
        0.0,
        1.0,
        0.0,
        0.0
      ],
      [
        0.0,
        0.0,
        0.0,
        0.0,
        1.0,
        0.0
      ],
      [
        0.0,
        0.0,
        0.0,
        0.0,
        0.0,
        1.0
      ]
    ],
    "reversion": [
      [
        1.2029712453334724,
        0.013226348064331196,
        0.34089788617052397,
        0.6377033258244078,
        0.6377033258244078,
        0.0
      ],
      [
        0.013226348064331196,
        1.00105764185933,
        0.026927062713695778,
        0.04425133010404032,
        0.04425133010404032,
        0.0
      ],
      [
        0.34089788617052397,
        0.026927062713695778,
        1.7284924043188612,
        1.1417436572442108,
        1.1417436572442108,
        0.0
      ],
      [
        0.6377033258244078,
        0.04425133010404032,
        1.1417436572442108,
        3.0497802613284115,
        2.0497802613284275,
        0.0
      ],
      [
        0.6377033258244078,
        0.04425133010404032,
        1.1417436572442108,
        2.0497802613284275,
        3.0497802613284115,
        0.0
      ],
      [
        0.0,
        0.0,
        0.0,
        0.0,
        0.0,
        1.0
      ]
    ],
    "vwap": [
      [
        1.0,
        0.0,
        0.0,
        0.0,
        0.0,
        0.0
      ],
      [
        0.0,
        1.0,
        0.0,
        0.0,
        0.0,
        0.0
      ],
      [
        0.0,
        0.0,
        1.0,
        0.0,
        0.0,
        0.0
      ],
      [
        0.0,
        0.0,
        0.0,
        1.0,
        0.0,
        0.0
      ],
      [
        0.0,
        0.0,
        0.0,
        0.0,
        1.0,
        0.0
      ],
      [
        0.0,
        0.0,
        0.0,
        0.0,
        0.0,
        1.0
      ]
    ]
  },
  "b": {
    "trend": [
      [
        0.04206610504605055
      ],
      [
        0.025279910151202765
      ],
      [
        0.46013408101912984
      ],
      [
        0.09861777435729685
      ],
      [
        0.09861777435729685
      ],
      [
        0.0
      ]
    ],
    "breakout": [
      [
        0.0
      ],
      [
        0.0
      ],
      [
        0.0
      ],
      [
        0.0
      ],
      [
        0.0
      ],
      [
        0.0
      ]
    ],
    "reversion": [
      [
        -0.005801815366094138
      ],
      [
        -0.0420039460891081
      ],
      [
        -1.156912870045954
      ],
      [
        -0.7285493631179183
      ],
      [
        -0.7285493631179183
      ],
      [
        0.0
      ]
    ],
    "vwap": [
      [
        0.0
      ],
      [
        0.0
      ],
      [
        0.0
      ],
      [
        0.0
      ],
      [
        0.0
      ],
      [
        0.0
      ]
    ]
  },
  "counts": {
    "trend": 1,
    "breakout": 0,
    "reversion": 8,
    "vwap": 0
  },
  "reward_sum": {
    "trend": 0.09861777435729685,
    "breakout": 0.0,
    "reversion": -0.7285493631179183,
    "vwap": 0.0
  },
  "disabled_until": {
    "trend": 0.0,
    "breakout": 0.0,
    "reversion": 0.0,
    "vwap": 0.0
  },
  "_snapshot_time": "2025-09-23T11:29:00.016034"
}