{
  "arms": [
    "trend",
    "breakout",
    "reversion",
    "vwap"
  ],
  "d": 6,
  "alpha": 0.6,
  "alpha_base": 0.6,
  "alpha_boost_until": 0.0,
  "A": {
    "trend": [
      [
        1.0438237100816843,
        0.02633615477697713,
        0.47935939263239014,
        0.10273821994225744,
        0.10273821994225744,
        0.0
      ],
      [
        0.02633615477697713,
        1.0158268902186514,
        0.28807426698088584,
        0.06174122767942405,
        0.06174122767942405,
        0.0
      ],
      [
        0.47935939263239014,
        0.28807426698088584,
        6.243404241142195,
        1.1237873429669996,
        1.1237873429669996,
        0.0
      ],
      [
        0.10273821994225744,
        0.06174122767942405,
        1.1237873429669996,
        1.2408545925762406,
        0.2408545925762412,
        0.0
      ],
      [
        0.10273821994225744,
        0.06174122767942405,
        1.1237873429669996,
        0.2408545925762412,
        1.2408545925762406,
        0.0
      ],
      [
        0.0,
        0.0,
        0.0,
        0.0,
        0.0,
        1.0
      ]
    ],
    "breakout": [
      [
        1.0,
        0.0,
        0.0,
        0.0,
        0.0,
        0.0
      ],
      [
        0.0,
        1.0,
        0.0,
        0.0,
        0.0,
        0.0
      ],
      [
        0.0,
        0.0,
        1.0,
        0.0,
        0.0,
        0.0
      ],
      [
        0.0,
        0.0,
        0.0,
        1.0,
        0.0,
        0.0
      ],
      [
        0.0,
        0.0,
        0.0,
        0.0,
        1.0,
        0.0
      ],
      [
        0.0,
        0.0,
        0.0,
        0.0,
        0.0,
        1.0
      ]
    ],
    "reversion": [
      [
        1.3756171788985738,
        0.026544365000608652,
        0.6716107006915791,
        1.2203335823779722,
        1.2203335823779722,
        0.0
      ],
      [
        0.026544365000608652,
        1.002318980281303,
        0.05832344312545346,
        0.09209112029901349,
        0.09209112029901349,
        0.0
      ],
      [
        0.6716107006915791,
        0.05832344312545346,
        2.5719332711369773,
        2.3410304437704545,
        2.3410304437704545,
        0.0
      ],
      [
        1.2203335823779722,
        0.09209112029901349,
        2.3410304437704545,
        5.063037138749066,
        4.063037138749076,
        0.0
      ],
      [
        1.2203335823779722,
        0.09209112029901349,
        2.3410304437704545,
        4.063037138749076,
        5.063037138749066,
        0.0
      ],
      [
        0.0,
        0.0,
        0.0,
        0.0,
        0.0,
        1.0
      ]
    ],
    "vwap": [
      [
        1.0,
        0.0,
        0.0,
        0.0,
        0.0,
        0.0
      ],
      [
        0.0,
        1.0,
        0.0,
        0.0,
        0.0,
        0.0
      ],
      [
        0.0,
        0.0,
        1.0,
        0.0,
        0.0,
        0.0
      ],
      [
        0.0,
        0.0,
        0.0,
        1.0,
        0.0,
        0.0
      ],
      [
        0.0,
        0.0,
        0.0,
        0.0,
        1.0,
        0.0
      ],
      [
        0.0,
        0.0,
        0.0,
        0.0,
        0.0,
        1.0
      ]
    ]
  },
  "b": {
    "trend": [
      [
        0.10474459123773315
      ],
      [
        0.06294697007045487
      ],
      [
        1.1457337487779549
      ],
      [
        0.24555823393969964
      ],
      [
        0.24555823393969964
      ],
      [
        0.0
      ]
    ],
    "breakout": [
      [
        0.0
      ],
      [
        0.0
      ],
      [
        0.0
      ],
      [
        0.0
      ],
      [
        0.0
      ],
      [
        0.0
      ]
    ],
    "reversion": [
      [
        -0.387843019939357
      ],
      [
        -0.12297244550237957
      ],
      [
        -3.3906108928893626
      ],
      [
        -2.871567522502698
      ],
      [
        -2.871567522502698
      ],
      [
        0.0
      ]
    ],
    "vwap": [
      [
        0.0
      ],
      [
        0.0
      ],
      [
        0.0
      ],
      [
        0.0
      ],
      [
        0.0
      ],
      [
        0.0
      ]
    ]
  },
  "counts": {
    "trend": 1,
    "breakout": 0,
    "reversion": 7,
    "vwap": 0
  },
  "reward_sum": {
    "trend": 0.24555823393969964,
    "breakout": 0.0,
    "reversion": -2.871567522502698,
    "vwap": 0.0
  },
  "disabled_until": {
    "trend": 0.0,
    "breakout": 0.0,
    "reversion": 0.0,
    "vwap": 0.0
  },
  "_snapshot_time": "2025-09-22T01:14:00.212249"
}