{
  "arms": [
    "trend",
    "breakout",
    "reversion",
    "vwap"
  ],
  "d": 6,
  "alpha": 0.6,
  "alpha_base": 0.6,
  "alpha_boost_until": 0.0,
  "A": {
    "trend": [
      [
        1.021186335724404,
        0.01273207165150772,
        0.23174370691177051,
        0.0496682370198054,
        0.0496682370198054,
        0.0
      ],
      [
        0.01273207165150772,
        1.007651424514735,
        0.13926794701869497,
        0.029848462743455467,
        0.029848462743455467,
        0.0
      ],
      [
        0.23174370691177051,
        0.13926794701869497,
        3.5348954341049854,
        0.5432889156704601,
        0.5432889156704601,
        0.0
      ],
      [
        0.0496682370198054,
        0.029848462743455467,
        0.5432889156704601,
        1.1164398507012194,
        0.11643985070121858,
        0.0
      ],
      [
        0.0496682370198054,
        0.029848462743455467,
        0.5432889156704601,
        0.11643985070121858,
        1.1164398507012194,
        0.0
      ],
      [
        0.0,
        0.0,
        0.0,
        0.0,
        0.0,
        1.0
      ]
    ],
    "breakout": [
      [
        1.0,
        0.0,
        0.0,
        0.0,
        0.0,
        0.0
      ],
      [
        0.0,
        1.0,
        0.0,
        0.0,
        0.0,
        0.0
      ],
      [
        0.0,
        0.0,
        1.0,
        0.0,
        0.0,
        0.0
      ],
      [
        0.0,
        0.0,
        0.0,
        1.0,
        0.0,
        0.0
      ],
      [
        0.0,
        0.0,
        0.0,
        0.0,
        1.0,
        0.0
      ],
      [
        0.0,
        0.0,
        0.0,
        0.0,
        0.0,
        1.0
      ]
    ],
    "reversion": [
      [
        1.244332100591139,
        0.01592157253801234,
        0.4103650075077264,
        0.7676525455447737,
        0.7676525455447737,
        0.0
      ],
      [
        0.01592157253801234,
        1.001273164860069,
        0.032414176622788976,
        0.053268729866185714,
        0.053268729866185714,
        0.0
      ],
      [
        0.4103650075077264,
        0.032414176622788976,
        1.8769423428401408,
        1.3744046633441143,
        1.3744046633441143,
        0.0
      ],
      [
        0.7676525455447737,
        0.053268729866185714,
        1.3744046633441143,
        3.467478170012648,
        2.4674781700126633,
        0.0
      ],
      [
        0.7676525455447737,
        0.053268729866185714,
        1.3744046633441143,
        2.4674781700126633,
        3.467478170012648,
        0.0
      ],
      [
        0.0,
        0.0,
        0.0,
        0.0,
        0.0,
        1.0
      ]
    ],
    "vwap": [
      [
        1.0,
        0.0,
        0.0,
        0.0,
        0.0,
        0.0
      ],
      [
        0.0,
        1.0,
        0.0,
        0.0,
        0.0,
        0.0
      ],
      [
        0.0,
        0.0,
        1.0,
        0.0,
        0.0,
        0.0
      ],
      [
        0.0,
        0.0,
        0.0,
        1.0,
        0.0,
        0.0
      ],
      [
        0.0,
        0.0,
        0.0,
        0.0,
        1.0,
        0.0
      ],
      [
        0.0,
        0.0,
        0.0,
        0.0,
        0.0,
        1.0
      ]
    ]
  },
  "b": {
    "trend": [
      [
        0.05063820637599469
      ],
      [
        0.030431372384056653
      ],
      [
        0.5538987869156891
      ],
      [
        0.11871380069010991
      ],
      [
        0.11871380069010991
      ],
      [
        0.0
      ]
    ],
    "breakout": [
      [
        0.0
      ],
      [
        0.0
      ],
      [
        0.0
      ],
      [
        0.0
      ],
      [
        0.0
      ],
      [
        0.0
      ]
    ],
    "reversion": [
      [
        -0.006984091432807261
      ],
      [
        -0.05056338085824536
      ],
      [
        -1.392665011612041
      ],
      [
        -0.8770109085278467
      ],
      [
        -0.8770109085278467
      ],
      [
        0.0
      ]
    ],
    "vwap": [
      [
        0.0
      ],
      [
        0.0
      ],
      [
        0.0
      ],
      [
        0.0
      ],
      [
        0.0
      ],
      [
        0.0
      ]
    ]
  },
  "counts": {
    "trend": 1,
    "breakout": 0,
    "reversion": 8,
    "vwap": 0
  },
  "reward_sum": {
    "trend": 0.11871380069010991,
    "breakout": 0.0,
    "reversion": -0.8770109085278467,
    "vwap": 0.0
  },
  "disabled_until": {
    "trend": 0.0,
    "breakout": 0.0,
    "reversion": 0.0,
    "vwap": 0.0
  },
  "_snapshot_time": "2025-09-23T05:27:00.154753"
}