{
  "arms": [
    "trend",
    "breakout",
    "reversion",
    "vwap"
  ],
  "d": 6,
  "alpha": 0.6,
  "alpha_base": 0.6,
  "alpha_boost_until": 0.0,
  "A": {
    "trend": [
      [
        1.0107689100797117,
        0.006471649299202692,
        0.11779418459780613,
        0.025246120199440846,
        0.025246120199440846,
        0.0
      ],
      [
        0.006471649299202692,
        1.0038891813880761,
        0.07078921140207409,
        0.015171826571765046,
        0.015171826571765046,
        0.0
      ],
      [
        0.11779418459780613,
        0.07078921140207409,
        2.2884748616486794,
        0.27615107946293777,
        0.27615107946293777,
        0.0
      ],
      [
        0.025246120199440846,
        0.015171826571765046,
        0.27615107946293777,
        1.0591858025006142,
        0.05918580250061433,
        0.0
      ],
      [
        0.025246120199440846,
        0.015171826571765046,
        0.27615107946293777,
        0.05918580250061433,
        1.0591858025006142,
        0.0
      ],
      [
        0.0,
        0.0,
        0.0,
        0.0,
        0.0,
        1.0
      ]
    ],
    "breakout": [
      [
        1.0,
        0.0,
        0.0,
        0.0,
        0.0,
        0.0
      ],
      [
        0.0,
        1.0,
        0.0,
        0.0,
        0.0,
        0.0
      ],
      [
        0.0,
        0.0,
        1.0,
        0.0,
        0.0,
        0.0
      ],
      [
        0.0,
        0.0,
        0.0,
        1.0,
        0.0,
        0.0
      ],
      [
        0.0,
        0.0,
        0.0,
        0.0,
        1.0,
        0.0
      ],
      [
        0.0,
        0.0,
        0.0,
        0.0,
        0.0,
        1.0
      ]
    ],
    "reversion": [
      [
        1.1241928030915647,
        0.008092856887561638,
        0.20858651175908163,
        0.39019400725864567,
        0.39019400725864567,
        0.0
      ],
      [
        0.008092856887561638,
        1.0006471434264563,
        0.016475966297304294,
        0.027076232976359003,
        0.027076232976359003,
        0.0
      ],
      [
        0.20858651175908163,
        0.016475966297304294,
        1.445745472835955,
        0.6986031197286391,
        0.6986031197286391,
        0.0
      ],
      [
        0.39019400725864567,
        0.027076232976359003,
        0.6986031197286391,
        2.254206998424265,
        1.2542069984242818,
        0.0
      ],
      [
        0.39019400725864567,
        0.027076232976359003,
        0.6986031197286391,
        1.2542069984242818,
        2.254206998424265,
        0.0
      ],
      [
        0.0,
        0.0,
        0.0,
        0.0,
        0.0,
        1.0
      ]
    ],
    "vwap": [
      [
        1.0,
        0.0,
        0.0,
        0.0,
        0.0,
        0.0
      ],
      [
        0.0,
        1.0,
        0.0,
        0.0,
        0.0,
        0.0
      ],
      [
        0.0,
        0.0,
        1.0,
        0.0,
        0.0,
        0.0
      ],
      [
        0.0,
        0.0,
        0.0,
        1.0,
        0.0,
        0.0
      ],
      [
        0.0,
        0.0,
        0.0,
        0.0,
        1.0,
        0.0
      ],
      [
        0.0,
        0.0,
        0.0,
        0.0,
        0.0,
        1.0
      ]
    ]
  },
  "b": {
    "trend": [
      [
        0.025739150844888644
      ],
      [
        0.015468116670529011
      ],
      [
        0.28154402475010043
      ],
      [
        0.06034164007794132
      ],
      [
        0.06034164007794132
      ],
      [
        0.0
      ]
    ],
    "breakout": [
      [
        0.0
      ],
      [
        0.0
      ],
      [
        0.0
      ],
      [
        0.0
      ],
      [
        0.0
      ],
      [
        0.0
      ]
    ],
    "reversion": [
      [
        -0.0035499792699754656
      ],
      [
        -0.025701117402825206
      ],
      [
        -0.7078847647983422
      ],
      [
        -0.44578032443724475
      ],
      [
        -0.44578032443724475
      ],
      [
        0.0
      ]
    ],
    "vwap": [
      [
        0.0
      ],
      [
        0.0
      ],
      [
        0.0
      ],
      [
        0.0
      ],
      [
        0.0
      ],
      [
        0.0
      ]
    ]
  },
  "counts": {
    "trend": 1,
    "breakout": 0,
    "reversion": 8,
    "vwap": 0
  },
  "reward_sum": {
    "trend": 0.06034164007794132,
    "breakout": 0.0,
    "reversion": -0.44578032443724475,
    "vwap": 0.0
  },
  "disabled_until": {
    "trend": 0.0,
    "breakout": 0.0,
    "reversion": 0.0,
    "vwap": 0.0
  },
  "_snapshot_time": "2025-09-24T07:41:00.225755"
}