{
  "arms": [
    "trend",
    "breakout",
    "reversion",
    "vwap"
  ],
  "d": 6,
  "alpha": 0.6,
  "alpha_base": 0.6,
  "alpha_boost_until": 0.0,
  "A": {
    "trend": [
      [
        1.0054191829484327,
        0.0032566946209855903,
        0.05927695856608315,
        0.01270447455556717,
        0.01270447455556717,
        0.0
      ],
      [
        0.0032566946209855903,
        1.0019571326443995,
        0.035622888901805705,
        0.007634839853401944,
        0.007634839853401944,
        0.0
      ],
      [
        0.05927695856608315,
        0.035622888901805705,
        1.6483925437250373,
        0.13896608012691788,
        0.13896608012691788,
        0.0
      ],
      [
        0.01270447455556717,
        0.007634839853401944,
        0.13896608012691788,
        1.0297837654253303,
        0.029783765425331846,
        0.0
      ],
      [
        0.01270447455556717,
        0.007634839853401944,
        0.13896608012691788,
        0.029783765425331846,
        1.0297837654253303,
        0.0
      ],
      [
        0.0,
        0.0,
        0.0,
        0.0,
        0.0,
        1.0
      ]
    ],
    "breakout": [
      [
        1.0,
        0.0,
        0.0,
        0.0,
        0.0,
        0.0
      ],
      [
        0.0,
        1.0,
        0.0,
        0.0,
        0.0,
        0.0
      ],
      [
        0.0,
        0.0,
        1.0,
        0.0,
        0.0,
        0.0
      ],
      [
        0.0,
        0.0,
        0.0,
        1.0,
        0.0,
        0.0
      ],
      [
        0.0,
        0.0,
        0.0,
        0.0,
        1.0,
        0.0
      ],
      [
        0.0,
        0.0,
        0.0,
        0.0,
        0.0,
        1.0
      ]
    ],
    "reversion": [
      [
        1.1446913785441342,
        0.013439486965548248,
        0.5451537855342589,
        0.4649648116007204,
        0.4649648116007204,
        0.0
      ],
      [
        0.013439486965548248,
        1.0013931263309845,
        0.05845534268226787,
        0.04423642581772382,
        0.04423642581772382,
        0.0
      ],
      [
        0.5451537855342589,
        0.05845534268226787,
        3.58171147522194,
        1.7900774285863013,
        1.7900774285863013,
        0.0
      ],
      [
        0.4649648116007204,
        0.04423642581772382,
        1.7900774285863013,
        2.50895724579989,
        1.5089572457999036,
        0.0
      ],
      [
        0.4649648116007204,
        0.04423642581772382,
        1.7900774285863013,
        1.5089572457999036,
        2.50895724579989,
        0.0
      ],
      [
        0.0,
        0.0,
        0.0,
        0.0,
        0.0,
        1.0
      ]
    ],
    "vwap": [
      [
        1.0,
        0.0,
        0.0,
        0.0,
        0.0,
        0.0
      ],
      [
        0.0,
        1.0,
        0.0,
        0.0,
        0.0,
        0.0
      ],
      [
        0.0,
        0.0,
        1.0,
        0.0,
        0.0,
        0.0
      ],
      [
        0.0,
        0.0,
        0.0,
        1.0,
        0.0,
        0.0
      ],
      [
        0.0,
        0.0,
        0.0,
        0.0,
        1.0,
        0.0
      ],
      [
        0.0,
        0.0,
        0.0,
        0.0,
        0.0,
        1.0
      ]
    ]
  },
  "b": {
    "trend": [
      [
        0.01295257981850356
      ],
      [
        0.007783940388100999
      ],
      [
        0.14167994410439522
      ],
      [
        0.030365411594149655
      ],
      [
        0.030365411594149655
      ],
      [
        0.0
      ]
    ],
    "breakout": [
      [
        0.0
      ],
      [
        0.0
      ],
      [
        0.0
      ],
      [
        0.0
      ],
      [
        0.0
      ],
      [
        0.0
      ]
    ],
    "reversion": [
      [
        -0.3058121746718333
      ],
      [
        -0.04758050162589955
      ],
      [
        -1.984417846948206
      ],
      [
        -1.217876253943911
      ],
      [
        -1.217876253943911
      ],
      [
        0.0
      ]
    ],
    "vwap": [
      [
        0.0
      ],
      [
        0.0
      ],
      [
        0.0
      ],
      [
        0.0
      ],
      [
        0.0
      ],
      [
        0.0
      ]
    ]
  },
  "counts": {
    "trend": 1,
    "breakout": 0,
    "reversion": 9,
    "vwap": 0
  },
  "reward_sum": {
    "trend": 0.030365411594149655,
    "breakout": 0.0,
    "reversion": -1.217876253943911,
    "vwap": 0.0
  },
  "disabled_until": {
    "trend": 0.0,
    "breakout": 0.0,
    "reversion": 0.0,
    "vwap": 0.0
  },
  "_snapshot_time": "2025-09-25T13:05:00.639417"
}