{
  "arms": [
    "trend",
    "breakout",
    "reversion",
    "vwap"
  ],
  "d": 6,
  "alpha": 0.6,
  "alpha_base": 0.6,
  "alpha_boost_until": 0.0,
  "A": {
    "trend": [
      [
        1.0201505385349292,
        0.012109602329565065,
        0.22041378731547565,
        0.047239963391911985,
        0.047239963391911985,
        0.0
      ],
      [
        0.012109602329565065,
        1.0072773473684586,
        0.13245915525865115,
        0.02838917529413066,
        0.02838917529413066,
        0.0
      ],
      [
        0.22041378731547565,
        0.13245915525865115,
        3.4109647270486807,
        0.5167275914639391,
        0.5167275914639391,
        0.0
      ],
      [
        0.047239963391911985,
        0.02838917529413066,
        0.5167275914639391,
        1.110747121591852,
        0.11074712159185099,
        0.0
      ],
      [
        0.047239963391911985,
        0.02838917529413066,
        0.5167275914639391,
        0.11074712159185099,
        1.110747121591852,
        0.0
      ],
      [
        0.0,
        0.0,
        0.0,
        0.0,
        0.0,
        1.0
      ]
    ],
    "breakout": [
      [
        1.0,
        0.0,
        0.0,
        0.0,
        0.0,
        0.0
      ],
      [
        0.0,
        1.0,
        0.0,
        0.0,
        0.0,
        0.0
      ],
      [
        0.0,
        0.0,
        1.0,
        0.0,
        0.0,
        0.0
      ],
      [
        0.0,
        0.0,
        0.0,
        1.0,
        0.0,
        0.0
      ],
      [
        0.0,
        0.0,
        0.0,
        0.0,
        1.0,
        0.0
      ],
      [
        0.0,
        0.0,
        0.0,
        0.0,
        0.0,
        1.0
      ]
    ],
    "reversion": [
      [
        1.2323867360702145,
        0.015143168933849168,
        0.3903023158292611,
        0.7301221127454716,
        0.7301221127454716,
        0.0
      ],
      [
        0.015143168933849168,
        1.001210919996165,
        0.030829451756641403,
        0.05066442861277385,
        0.05066442861277385,
        0.0
      ],
      [
        0.3903023158292611,
        0.030829451756641403,
        1.8340687461096463,
        1.3072101986659859,
        1.3072101986659859,
        0.0
      ],
      [
        0.7301221127454716,
        0.05066442861277385,
        1.3072101986659859,
        3.346843484202172,
        2.3468434842021875,
        0.0
      ],
      [
        0.7301221127454716,
        0.05066442861277385,
        1.3072101986659859,
        2.3468434842021875,
        3.346843484202172,
        0.0
      ],
      [
        0.0,
        0.0,
        0.0,
        0.0,
        0.0,
        1.0
      ]
    ],
    "vwap": [
      [
        1.0,
        0.0,
        0.0,
        0.0,
        0.0,
        0.0
      ],
      [
        0.0,
        1.0,
        0.0,
        0.0,
        0.0,
        0.0
      ],
      [
        0.0,
        0.0,
        1.0,
        0.0,
        0.0,
        0.0
      ],
      [
        0.0,
        0.0,
        0.0,
        1.0,
        0.0,
        0.0
      ],
      [
        0.0,
        0.0,
        0.0,
        0.0,
        1.0,
        0.0
      ],
      [
        0.0,
        0.0,
        0.0,
        0.0,
        0.0,
        1.0
      ]
    ]
  },
  "b": {
    "trend": [
      [
        0.048162511072824994
      ],
      [
        0.028943586558452607
      ],
      [
        0.5268187474882138
      ],
      [
        0.1129098984624581
      ],
      [
        0.1129098984624581
      ],
      [
        0.0
      ]
    ],
    "breakout": [
      [
        0.0
      ],
      [
        0.0
      ],
      [
        0.0
      ],
      [
        0.0
      ],
      [
        0.0
      ],
      [
        0.0
      ]
    ],
    "reversion": [
      [
        -0.006642640113842194
      ],
      [
        -0.04809134376487626
      ],
      [
        -1.324577800889444
      ],
      [
        -0.8341339596298255
      ],
      [
        -0.8341339596298255
      ],
      [
        0.0
      ]
    ],
    "vwap": [
      [
        0.0
      ],
      [
        0.0
      ],
      [
        0.0
      ],
      [
        0.0
      ],
      [
        0.0
      ],
      [
        0.0
      ]
    ]
  },
  "counts": {
    "trend": 1,
    "breakout": 0,
    "reversion": 8,
    "vwap": 0
  },
  "reward_sum": {
    "trend": 0.1129098984624581,
    "breakout": 0.0,
    "reversion": -0.8341339596298255,
    "vwap": 0.0
  },
  "disabled_until": {
    "trend": 0.0,
    "breakout": 0.0,
    "reversion": 0.0,
    "vwap": 0.0
  },
  "_snapshot_time": "2025-09-23T07:01:00.669745"
}