{
  "arms": [
    "trend",
    "breakout",
    "reversion",
    "vwap"
  ],
  "d": 6,
  "alpha": 0.6,
  "alpha_base": 0.6,
  "alpha_boost_until": 0.0,
  "A": {
    "trend": [
      [
        1.0228407120511958,
        0.013726280286982525,
        0.2498398660392869,
        0.053546678133357596,
        0.053546678133357596,
        0.0
      ],
      [
        0.013726280286982525,
        1.0082489009140563,
        0.1501429561578744,
        0.032179238144933606,
        0.032179238144933606,
        0.0
      ],
      [
        0.2498398660392869,
        0.1501429561578744,
        3.732837685734901,
        0.5857126897664336,
        0.5857126897664336,
        0.0
      ],
      [
        0.053546678133357596,
        0.032179238144933606,
        0.5857126897664336,
        1.1255322834371633,
        0.1255322834371622,
        0.0
      ],
      [
        0.053546678133357596,
        0.032179238144933606,
        0.5857126897664336,
        0.1255322834371622,
        1.1255322834371633,
        0.0
      ],
      [
        0.0,
        0.0,
        0.0,
        0.0,
        0.0,
        1.0
      ]
    ],
    "breakout": [
      [
        1.0,
        0.0,
        0.0,
        0.0,
        0.0,
        0.0
      ],
      [
        0.0,
        1.0,
        0.0,
        0.0,
        0.0,
        0.0
      ],
      [
        0.0,
        0.0,
        1.0,
        0.0,
        0.0,
        0.0
      ],
      [
        0.0,
        0.0,
        0.0,
        1.0,
        0.0,
        0.0
      ],
      [
        0.0,
        0.0,
        0.0,
        0.0,
        1.0,
        0.0
      ],
      [
        0.0,
        0.0,
        0.0,
        0.0,
        0.0,
        1.0
      ]
    ],
    "reversion": [
      [
        1.2634112489795828,
        0.017164839567989813,
        0.4424091591059898,
        0.8275961910656853,
        0.8275961910656853,
        0.0
      ],
      [
        0.017164839567989813,
        1.0013725824201423,
        0.0349453007942718,
        0.057428322482636705,
        0.057428322482636705,
        0.0
      ],
      [
        0.4424091591059898,
        0.0349453007942718,
        1.945420095238112,
        1.4817277308177206,
        1.4817277308177206,
        0.0
      ],
      [
        0.8275961910656853,
        0.057428322482636705,
        1.4817277308177206,
        3.6601560131491695,
        2.6601560131491846,
        0.0
      ],
      [
        0.8275961910656853,
        0.057428322482636705,
        1.4817277308177206,
        2.6601560131491846,
        3.6601560131491695,
        0.0
      ],
      [
        0.0,
        0.0,
        0.0,
        0.0,
        0.0,
        1.0
      ]
    ],
    "vwap": [
      [
        1.0,
        0.0,
        0.0,
        0.0,
        0.0,
        0.0
      ],
      [
        0.0,
        1.0,
        0.0,
        0.0,
        0.0,
        0.0
      ],
      [
        0.0,
        0.0,
        1.0,
        0.0,
        0.0,
        0.0
      ],
      [
        0.0,
        0.0,
        0.0,
        1.0,
        0.0,
        0.0
      ],
      [
        0.0,
        0.0,
        0.0,
        0.0,
        1.0,
        0.0
      ],
      [
        0.0,
        0.0,
        0.0,
        0.0,
        0.0,
        1.0
      ]
    ]
  },
  "b": {
    "trend": [
      [
        0.054592389437633955
      ],
      [
        0.03280766542117569
      ],
      [
        0.5971510534912845
      ],
      [
        0.12798379924389322
      ],
      [
        0.12798379924389322
      ],
      [
        0.0
      ]
    ],
    "breakout": [
      [
        0.0
      ],
      [
        0.0
      ],
      [
        0.0
      ],
      [
        0.0
      ],
      [
        0.0
      ],
      [
        0.0
      ]
    ],
    "reversion": [
      [
        -0.007529457827491375
      ],
      [
        -0.05451172102346238
      ],
      [
        -1.501413973977827
      ],
      [
        -0.9454940150112076
      ],
      [
        -0.9454940150112076
      ],
      [
        0.0
      ]
    ],
    "vwap": [
      [
        0.0
      ],
      [
        0.0
      ],
      [
        0.0
      ],
      [
        0.0
      ],
      [
        0.0
      ],
      [
        0.0
      ]
    ]
  },
  "counts": {
    "trend": 1,
    "breakout": 0,
    "reversion": 8,
    "vwap": 0
  },
  "reward_sum": {
    "trend": 0.12798379924389322,
    "breakout": 0.0,
    "reversion": -0.9454940150112076,
    "vwap": 0.0
  },
  "disabled_until": {
    "trend": 0.0,
    "breakout": 0.0,
    "reversion": 0.0,
    "vwap": 0.0
  },
  "_snapshot_time": "2025-09-23T02:54:00.463391"
}