{
  "arms": [
    "trend",
    "breakout",
    "reversion",
    "vwap"
  ],
  "d": 6,
  "alpha": 0.6,
  "alpha_base": 0.6,
  "alpha_boost_until": 0.0,
  "A": {
    "trend": [
      [
        1.1307005873523064,
        0.07854540137145227,
        1.4296497045347434,
        0.3064082357462276,
        0.3064082357462276,
        0.0
      ],
      [
        0.07854540137145227,
        1.0472023898406295,
        0.859157652907661,
        0.18413810027749247,
        0.18413810027749247,
        0.0
      ],
      [
        1.4296497045347434,
        0.859157652907661,
        16.638019071535698,
        3.3516027171386606,
        3.3516027171386606,
        0.0
      ],
      [
        0.3064082357462276,
        0.18413810027749247,
        3.3516027171386606,
        1.7183288830986228,
        0.7183288830986236,
        0.0
      ],
      [
        0.3064082357462276,
        0.18413810027749247,
        3.3516027171386606,
        0.7183288830986236,
        1.7183288830986228,
        0.0
      ],
      [
        0.0,
        0.0,
        0.0,
        0.0,
        0.0,
        1.0
      ]
    ],
    "breakout": [
      [
        1.0,
        0.0,
        0.0,
        0.0,
        0.0,
        0.0
      ],
      [
        0.0,
        1.0,
        0.0,
        0.0,
        0.0,
        0.0
      ],
      [
        0.0,
        0.0,
        1.0,
        0.0,
        0.0,
        0.0
      ],
      [
        0.0,
        0.0,
        0.0,
        1.0,
        0.0,
        0.0
      ],
      [
        0.0,
        0.0,
        0.0,
        0.0,
        1.0,
        0.0
      ],
      [
        0.0,
        0.0,
        0.0,
        0.0,
        0.0,
        1.0
      ]
    ],
    "reversion": [
      [
        1.106306230675913,
        0.010777320560278433,
        0.303782485048045,
        0.36542983806574075,
        0.36542983806574075,
        0.0
      ],
      [
        0.010777320560278433,
        1.0011696959718661,
        0.03141526119764293,
        0.03667619753835042,
        0.03667619753835042,
        0.0
      ],
      [
        0.303782485048045,
        0.03141526119764293,
        1.873045037168982,
        1.0412848310344132,
        1.0412848310344132,
        0.0
      ],
      [
        0.36542983806574075,
        0.03667619753835042,
        1.0412848310344132,
        2.2579585424093858,
        1.2579585424093953,
        0.0
      ],
      [
        0.36542983806574075,
        0.03667619753835042,
        1.0412848310344132,
        1.2579585424093953,
        2.2579585424093858,
        0.0
      ],
      [
        0.0,
        0.0,
        0.0,
        0.0,
        0.0,
        1.0
      ]
    ],
    "vwap": [
      [
        1.0,
        0.0,
        0.0,
        0.0,
        0.0,
        0.0
      ],
      [
        0.0,
        1.0,
        0.0,
        0.0,
        0.0,
        0.0
      ],
      [
        0.0,
        0.0,
        1.0,
        0.0,
        0.0,
        0.0
      ],
      [
        0.0,
        0.0,
        0.0,
        1.0,
        0.0,
        0.0
      ],
      [
        0.0,
        0.0,
        0.0,
        0.0,
        1.0,
        0.0
      ],
      [
        0.0,
        0.0,
        0.0,
        0.0,
        0.0,
        1.0
      ]
    ]
  },
  "b": {
    "trend": [
      [
        0.3123920720365986
      ],
      [
        0.18773412714079457
      ],
      [
        3.4170560556263716
      ],
      [
        0.732357104071989
      ],
      [
        0.732357104071989
      ],
      [
        0.0
      ]
    ],
    "breakout": [
      [
        0.0
      ],
      [
        0.0
      ],
      [
        0.0
      ],
      [
        0.0
      ],
      [
        0.0
      ],
      [
        0.0
      ]
    ],
    "reversion": [
      [
        0.14568965605507264
      ],
      [
        0.015851745422206666
      ],
      [
        0.4249941736668339
      ],
      [
        0.49560450368316034
      ],
      [
        0.49560450368316034
      ],
      [
        0.0
      ]
    ],
    "vwap": [
      [
        0.0
      ],
      [
        0.0
      ],
      [
        0.0
      ],
      [
        0.0
      ],
      [
        0.0
      ],
      [
        0.0
      ]
    ]
  },
  "counts": {
    "trend": 1,
    "breakout": 0,
    "reversion": 2,
    "vwap": 0
  },
  "reward_sum": {
    "trend": 0.732357104071989,
    "breakout": 0.0,
    "reversion": 0.49560450368316034,
    "vwap": 0.0
  },
  "disabled_until": {
    "trend": 0.0,
    "breakout": 0.0,
    "reversion": 0.0,
    "vwap": 0.0
  },
  "_snapshot_time": "2025-09-18T04:12:00.112744"
}