{
  "arms": [
    "trend",
    "breakout",
    "reversion",
    "vwap"
  ],
  "d": 6,
  "alpha": 0.6,
  "alpha_base": 0.6,
  "alpha_boost_until": 0.0,
  "A": {
    "trend": [
      [
        1.047961602833131,
        0.028822849393875603,
        0.524621141407528,
        0.11243889874839358,
        0.11243889874839358,
        0.0
      ],
      [
        0.028822849393875603,
        1.0173212861561853,
        0.31527462083036173,
        0.06757091617462314,
        0.06757091617462314,
        0.0
      ],
      [
        0.524621141407528,
        0.31527462083036173,
        6.7384934146030595,
        1.2298968323727055,
        1.2298968323727055,
        0.0
      ],
      [
        0.11243889874839358,
        0.06757091617462314,
        1.2298968323727055,
        1.2635964022248598,
        0.26359640222486147,
        0.0
      ],
      [
        0.11243889874839358,
        0.06757091617462314,
        1.2298968323727055,
        0.26359640222486147,
        1.2635964022248598,
        0.0
      ],
      [
        0.0,
        0.0,
        0.0,
        0.0,
        0.0,
        1.0
      ]
    ],
    "breakout": [
      [
        1.0,
        0.0,
        0.0,
        0.0,
        0.0,
        0.0
      ],
      [
        0.0,
        1.0,
        0.0,
        0.0,
        0.0,
        0.0
      ],
      [
        0.0,
        0.0,
        1.0,
        0.0,
        0.0,
        0.0
      ],
      [
        0.0,
        0.0,
        0.0,
        1.0,
        0.0,
        0.0
      ],
      [
        0.0,
        0.0,
        0.0,
        0.0,
        1.0,
        0.0
      ],
      [
        0.0,
        0.0,
        0.0,
        0.0,
        0.0,
        1.0
      ]
    ],
    "reversion": [
      [
        1.4110834504439635,
        0.029050719102601753,
        0.7350250726150441,
        1.335559095586626,
        1.335559095586626,
        0.0
      ],
      [
        0.029050719102601753,
        1.0025379414710083,
        0.06383041987613068,
        0.10078648585450072,
        0.10078648585450072,
        0.0
      ],
      [
        0.7350250726150441,
        0.06383041987613068,
        2.7203572926603146,
        2.562073639021133,
        2.562073639021133,
        0.0
      ],
      [
        1.335559095586626,
        0.10078648585450072,
        2.562073639021133,
        5.4466744869779875,
        4.446674486977996,
        0.0
      ],
      [
        1.335559095586626,
        0.10078648585450072,
        2.562073639021133,
        4.446674486977996,
        5.4466744869779875,
        0.0
      ],
      [
        0.0,
        0.0,
        0.0,
        0.0,
        0.0,
        1.0
      ]
    ],
    "vwap": [
      [
        1.0,
        0.0,
        0.0,
        0.0,
        0.0,
        0.0
      ],
      [
        0.0,
        1.0,
        0.0,
        0.0,
        0.0,
        0.0
      ],
      [
        0.0,
        0.0,
        1.0,
        0.0,
        0.0,
        0.0
      ],
      [
        0.0,
        0.0,
        0.0,
        1.0,
        0.0,
        0.0
      ],
      [
        0.0,
        0.0,
        0.0,
        0.0,
        1.0,
        0.0
      ],
      [
        0.0,
        0.0,
        0.0,
        0.0,
        0.0,
        1.0
      ]
    ]
  },
  "b": {
    "trend": [
      [
        0.11463471427907407
      ],
      [
        0.06889050635924929
      ],
      [
        1.2539154468888618
      ],
      [
        0.26874416763594117
      ],
      [
        0.26874416763594117
      ],
      [
        0.0
      ]
    ],
    "breakout": [
      [
        0.0
      ],
      [
        0.0
      ],
      [
        0.0
      ],
      [
        0.0
      ],
      [
        0.0
      ],
      [
        0.0
      ]
    ],
    "reversion": [
      [
        -0.4244636715892311
      ],
      [
        -0.1345836666866101
      ],
      [
        -3.7107568643398343
      ],
      [
        -3.142704731436111
      ],
      [
        -3.142704731436111
      ],
      [
        0.0
      ]
    ],
    "vwap": [
      [
        0.0
      ],
      [
        0.0
      ],
      [
        0.0
      ],
      [
        0.0
      ],
      [
        0.0
      ],
      [
        0.0
      ]
    ]
  },
  "counts": {
    "trend": 1,
    "breakout": 0,
    "reversion": 7,
    "vwap": 0
  },
  "reward_sum": {
    "trend": 0.26874416763594117,
    "breakout": 0.0,
    "reversion": -3.142704731436111,
    "vwap": 0.0
  },
  "disabled_until": {
    "trend": 0.0,
    "breakout": 0.0,
    "reversion": 0.0,
    "vwap": 0.0
  },
  "_snapshot_time": "2025-09-21T22:15:00.429350"
}