{
  "arms": [
    "trend",
    "breakout",
    "reversion",
    "vwap"
  ],
  "d": 6,
  "alpha": 0.6,
  "alpha_base": 0.6,
  "alpha_boost_until": 0.0,
  "A": {
    "trend": [
      [
        1.032278776686916,
        0.019398149021467456,
        0.3530767878556089,
        0.07567282762107759,
        0.07567282762107759,
        0.0
      ],
      [
        0.019398149021467456,
        1.0116574487660666,
        0.21218388209923142,
        0.045476097229684015,
        0.045476097229684015,
        0.0
      ],
      [
        0.3530767878556089,
        0.21218388209923142,
        4.86208000791318,
        0.8277364152784251,
        0.8277364152784251,
        0.0
      ],
      [
        0.07567282762107759,
        0.045476097229684015,
        0.8277364152784251,
        1.1774037751093087,
        0.17740377510930716,
        0.0
      ],
      [
        0.07567282762107759,
        0.045476097229684015,
        0.8277364152784251,
        0.17740377510930716,
        1.1774037751093087,
        0.0
      ],
      [
        0.0,
        0.0,
        0.0,
        0.0,
        0.0,
        1.0
      ]
    ],
    "breakout": [
      [
        1.0,
        0.0,
        0.0,
        0.0,
        0.0,
        0.0
      ],
      [
        0.0,
        1.0,
        0.0,
        0.0,
        0.0,
        0.0
      ],
      [
        0.0,
        0.0,
        1.0,
        0.0,
        0.0,
        0.0
      ],
      [
        0.0,
        0.0,
        0.0,
        1.0,
        0.0,
        0.0
      ],
      [
        0.0,
        0.0,
        0.0,
        0.0,
        1.0,
        0.0
      ],
      [
        0.0,
        0.0,
        0.0,
        0.0,
        0.0,
        1.0
      ]
    ],
    "reversion": [
      [
        1.3722560340314947,
        0.024257563513781635,
        0.6252180938588924,
        1.169569170106184,
        1.169569170106184,
        0.0
      ],
      [
        0.024257563513781635,
        1.001939750447572,
        0.049385131166974586,
        0.08115841541044107,
        0.08115841541044107,
        0.0
      ],
      [
        0.6252180938588924,
        0.049385131166974586,
        2.336079368327583,
        2.093995950155667,
        2.093995950155667,
        0.0
      ],
      [
        1.169569170106184,
        0.08115841541044107,
        2.093995950155667,
        4.759365369535538,
        3.7593653695355536,
        0.0
      ],
      [
        1.169569170106184,
        0.08115841541044107,
        2.093995950155667,
        3.7593653695355536,
        4.759365369535538,
        0.0
      ],
      [
        0.0,
        0.0,
        0.0,
        0.0,
        0.0,
        1.0
      ]
    ],
    "vwap": [
      [
        1.0,
        0.0,
        0.0,
        0.0,
        0.0,
        0.0
      ],
      [
        0.0,
        1.0,
        0.0,
        0.0,
        0.0,
        0.0
      ],
      [
        0.0,
        0.0,
        1.0,
        0.0,
        0.0,
        0.0
      ],
      [
        0.0,
        0.0,
        0.0,
        1.0,
        0.0,
        0.0
      ],
      [
        0.0,
        0.0,
        0.0,
        0.0,
        1.0,
        0.0
      ],
      [
        0.0,
        0.0,
        0.0,
        0.0,
        0.0,
        1.0
      ]
    ]
  },
  "b": {
    "trend": [
      [
        0.07715063976607822
      ],
      [
        0.04636419842671841
      ],
      [
        0.8439012523251253
      ],
      [
        0.18086828755938086
      ],
      [
        0.18086828755938086
      ],
      [
        0.0
      ]
    ],
    "breakout": [
      [
        0.0
      ],
      [
        0.0
      ],
      [
        0.0
      ],
      [
        0.0
      ],
      [
        0.0
      ],
      [
        0.0
      ]
    ],
    "reversion": [
      [
        -0.010640722900511336
      ],
      [
        -0.07703663816573865
      ],
      [
        -2.121816792401965
      ],
      [
        -1.336183832664903
      ],
      [
        -1.336183832664903
      ],
      [
        0.0
      ]
    ],
    "vwap": [
      [
        0.0
      ],
      [
        0.0
      ],
      [
        0.0
      ],
      [
        0.0
      ],
      [
        0.0
      ],
      [
        0.0
      ]
    ]
  },
  "counts": {
    "trend": 1,
    "breakout": 0,
    "reversion": 8,
    "vwap": 0
  },
  "reward_sum": {
    "trend": 0.18086828755938086,
    "breakout": 0.0,
    "reversion": -1.336183832664903,
    "vwap": 0.0
  },
  "disabled_until": {
    "trend": 0.0,
    "breakout": 0.0,
    "reversion": 0.0,
    "vwap": 0.0
  },
  "_snapshot_time": "2025-09-22T11:24:00.785858"
}