{
  "arms": [
    "trend",
    "breakout",
    "reversion",
    "vwap"
  ],
  "d": 6,
  "alpha": 0.6,
  "alpha_base": 0.6,
  "alpha_boost_until": 0.0,
  "A": {
    "trend": [
      [
        1.026150889079763,
        0.015715553545705863,
        0.28604776461661013,
        0.06130689959737451,
        0.06130689959737451,
        0.0
      ],
      [
        0.015715553545705863,
        1.0094443681243344,
        0.17190233753622078,
        0.036842795684882294,
        0.036842795684882294,
        0.0
      ],
      [
        0.28604776461661013,
        0.17190233753622078,
        4.128892612124499,
        0.6705967637243478,
        0.6705967637243478,
        0.0
      ],
      [
        0.06130689959737451,
        0.036842795684882294,
        0.6705967637243478,
        1.1437249772571234,
        0.14372497725712216,
        0.0
      ],
      [
        0.06130689959737451,
        0.036842795684882294,
        0.6705967637243478,
        0.14372497725712216,
        1.1437249772571234,
        0.0
      ],
      [
        0.0,
        0.0,
        0.0,
        0.0,
        0.0,
        1.0
      ]
    ],
    "breakout": [
      [
        1.0,
        0.0,
        0.0,
        0.0,
        0.0,
        0.0
      ],
      [
        0.0,
        1.0,
        0.0,
        0.0,
        0.0,
        0.0
      ],
      [
        0.0,
        0.0,
        1.0,
        0.0,
        0.0,
        0.0
      ],
      [
        0.0,
        0.0,
        0.0,
        1.0,
        0.0,
        0.0
      ],
      [
        0.0,
        0.0,
        0.0,
        0.0,
        1.0,
        0.0
      ],
      [
        0.0,
        0.0,
        0.0,
        0.0,
        0.0,
        1.0
      ]
    ],
    "reversion": [
      [
        1.3015859724069436,
        0.01965244404851762,
        0.5065250514835082,
        0.947535092027045,
        0.947535092027045,
        0.0
      ],
      [
        0.01965244404851762,
        1.0015715031362213,
        0.040009728369309314,
        0.06575108901658187,
        0.06575108901658187,
        0.0
      ],
      [
        0.5065250514835082,
        0.040009728369309314,
        2.082434557597623,
        1.6964662681343352,
        1.6964662681343352,
        0.0
      ],
      [
        0.947535092027045,
        0.06575108901658187,
        1.6964662681343352,
        4.045677590033205,
        3.04567759003322,
        0.0
      ],
      [
        0.947535092027045,
        0.06575108901658187,
        1.6964662681343352,
        3.04567759003322,
        4.045677590033205,
        0.0
      ],
      [
        0.0,
        0.0,
        0.0,
        0.0,
        0.0,
        1.0
      ]
    ],
    "vwap": [
      [
        1.0,
        0.0,
        0.0,
        0.0,
        0.0,
        0.0
      ],
      [
        0.0,
        1.0,
        0.0,
        0.0,
        0.0,
        0.0
      ],
      [
        0.0,
        0.0,
        1.0,
        0.0,
        0.0,
        0.0
      ],
      [
        0.0,
        0.0,
        0.0,
        1.0,
        0.0,
        0.0
      ],
      [
        0.0,
        0.0,
        0.0,
        0.0,
        1.0,
        0.0
      ],
      [
        0.0,
        0.0,
        0.0,
        0.0,
        0.0,
        1.0
      ]
    ]
  },
  "b": {
    "trend": [
      [
        0.06250416000967211
      ],
      [
        0.03756229742190646
      ],
      [
        0.683692825718917
      ],
      [
        0.14653177757908287
      ],
      [
        0.14653177757908287
      ],
      [
        0.0
      ]
    ],
    "breakout": [
      [
        0.0
      ],
      [
        0.0
      ],
      [
        0.0
      ],
      [
        0.0
      ],
      [
        0.0
      ],
      [
        0.0
      ]
    ],
    "reversion": [
      [
        -0.008620660163139324
      ],
      [
        -0.062411800772074234
      ],
      [
        -1.7190055287372128
      ],
      [
        -1.0825191901512257
      ],
      [
        -1.0825191901512257
      ],
      [
        0.0
      ]
    ],
    "vwap": [
      [
        0.0
      ],
      [
        0.0
      ],
      [
        0.0
      ],
      [
        0.0
      ],
      [
        0.0
      ],
      [
        0.0
      ]
    ]
  },
  "counts": {
    "trend": 1,
    "breakout": 0,
    "reversion": 8,
    "vwap": 0
  },
  "reward_sum": {
    "trend": 0.14653177757908287,
    "breakout": 0.0,
    "reversion": -1.0825191901512257,
    "vwap": 0.0
  },
  "disabled_until": {
    "trend": 0.0,
    "breakout": 0.0,
    "reversion": 0.0,
    "vwap": 0.0
  },
  "_snapshot_time": "2025-09-22T19:22:00.322182"
}