{
  "arms": [
    "trend",
    "breakout",
    "reversion",
    "vwap"
  ],
  "d": 6,
  "alpha": 0.6,
  "alpha_base": 0.6,
  "alpha_boost_until": 0.0,
  "A": {
    "trend": [
      [
        1.061622547905137,
        0.037032486668891855,
        0.6740494376493271,
        0.14446496812523765,
        0.14446496812523765,
        0.0
      ],
      [
        0.037032486668891855,
        1.0222549231653466,
        0.40507456543908316,
        0.08681719903005991,
        0.08681719903005991,
        0.0
      ],
      [
        0.6740494376493271,
        0.40507456543908316,
        8.372993487623969,
        1.5802094174156271,
        1.5802094174156271,
        0.0
      ],
      [
        0.14446496812523765,
        0.08681719903005991,
        1.5802094174156271,
        1.3386767948568679,
        0.3386767948568688,
        0.0
      ],
      [
        0.14446496812523765,
        0.08681719903005991,
        1.5802094174156271,
        0.3386767948568688,
        1.3386767948568679,
        0.0
      ],
      [
        0.0,
        0.0,
        0.0,
        0.0,
        0.0,
        1.0
      ]
    ],
    "breakout": [
      [
        1.0,
        0.0,
        0.0,
        0.0,
        0.0,
        0.0
      ],
      [
        0.0,
        1.0,
        0.0,
        0.0,
        0.0,
        0.0
      ],
      [
        0.0,
        0.0,
        1.0,
        0.0,
        0.0,
        0.0
      ],
      [
        0.0,
        0.0,
        0.0,
        1.0,
        0.0,
        0.0
      ],
      [
        0.0,
        0.0,
        0.0,
        0.0,
        1.0,
        0.0
      ],
      [
        0.0,
        0.0,
        0.0,
        0.0,
        0.0,
        1.0
      ]
    ],
    "reversion": [
      [
        1.1657671245963583,
        0.011483085074904949,
        0.302010206887207,
        0.4981752360601248,
        0.4981752360601248,
        0.0
      ],
      [
        0.011483085074904949,
        1.0009058712061418,
        0.023601379816343516,
        0.03533192132913512,
        0.03533192132913512,
        0.0
      ],
      [
        0.302010206887207,
        0.023601379816343516,
        1.6296332830017288,
        0.9383843726865363,
        0.9383843726865363,
        0.0
      ],
      [
        0.4981752360601248,
        0.03533192132913512,
        0.9383843726865363,
        2.5114171736583626,
        1.5114171736583717,
        0.0
      ],
      [
        0.4981752360601248,
        0.03533192132913512,
        0.9383843726865363,
        1.5114171736583717,
        2.5114171736583626,
        0.0
      ],
      [
        0.0,
        0.0,
        0.0,
        0.0,
        0.0,
        1.0
      ]
    ],
    "vwap": [
      [
        1.0,
        0.0,
        0.0,
        0.0,
        0.0,
        0.0
      ],
      [
        0.0,
        1.0,
        0.0,
        0.0,
        0.0,
        0.0
      ],
      [
        0.0,
        0.0,
        1.0,
        0.0,
        0.0,
        0.0
      ],
      [
        0.0,
        0.0,
        0.0,
        1.0,
        0.0,
        0.0
      ],
      [
        0.0,
        0.0,
        0.0,
        0.0,
        1.0,
        0.0
      ],
      [
        0.0,
        0.0,
        0.0,
        0.0,
        0.0,
        1.0
      ]
    ]
  },
  "b": {
    "trend": [
      [
        0.14728621970435984
      ],
      [
        0.0885126492353041
      ],
      [
        1.611069274805847
      ],
      [
        0.3452908027696639
      ],
      [
        0.3452908027696639
      ],
      [
        0.0
      ]
    ],
    "breakout": [
      [
        0.0
      ],
      [
        0.0
      ],
      [
        0.0
      ],
      [
        0.0
      ],
      [
        0.0
      ],
      [
        0.0
      ]
    ],
    "reversion": [
      [
        -0.14219601210561786
      ],
      [
        -0.0042002181608694665
      ],
      [
        -0.08917251118884502
      ],
      [
        -0.36059477176415655
      ],
      [
        -0.36059477176415655
      ],
      [
        0.0
      ]
    ],
    "vwap": [
      [
        0.0
      ],
      [
        0.0
      ],
      [
        0.0
      ],
      [
        0.0
      ],
      [
        0.0
      ],
      [
        0.0
      ]
    ]
  },
  "counts": {
    "trend": 1,
    "breakout": 0,
    "reversion": 3,
    "vwap": 0
  },
  "reward_sum": {
    "trend": 0.3452908027696639,
    "breakout": 0.0,
    "reversion": -0.36059477176415655,
    "vwap": 0.0
  },
  "disabled_until": {
    "trend": 0.0,
    "breakout": 0.0,
    "reversion": 0.0,
    "vwap": 0.0
  },
  "_snapshot_time": "2025-09-19T07:25:00.915338"
}