{
  "arms": [
    "trend",
    "breakout",
    "reversion",
    "vwap"
  ],
  "d": 6,
  "alpha": 0.6,
  "alpha_base": 0.6,
  "alpha_boost_until": 0.0,
  "A": {
    "trend": [
      [
        1.148149612749127,
        0.08903151112120944,
        1.6205133762927173,
        0.3473149003270034,
        0.3473149003270034,
        0.0
      ],
      [
        0.08903151112120944,
        1.0535040883701057,
        0.9738584664935209,
        0.2087212368444585,
        0.2087212368444585,
        0.0
      ],
      [
        1.6205133762927173,
        0.9738584664935209,
        18.72575408071118,
        3.7990544242512563,
        3.7990544242512563,
        0.0
      ],
      [
        0.3473149003270034,
        0.2087212368444585,
        3.7990544242512563,
        1.8142285204175606,
        0.8142285204175609,
        0.0
      ],
      [
        0.3473149003270034,
        0.2087212368444585,
        3.7990544242512563,
        0.8142285204175609,
        1.8142285204175606,
        0.0
      ],
      [
        0.0,
        0.0,
        0.0,
        0.0,
        0.0,
        1.0
      ]
    ],
    "breakout": [
      [
        1.0,
        0.0,
        0.0,
        0.0,
        0.0,
        0.0
      ],
      [
        0.0,
        1.0,
        0.0,
        0.0,
        0.0,
        0.0
      ],
      [
        0.0,
        0.0,
        1.0,
        0.0,
        0.0,
        0.0
      ],
      [
        0.0,
        0.0,
        0.0,
        1.0,
        0.0,
        0.0
      ],
      [
        0.0,
        0.0,
        0.0,
        0.0,
        1.0,
        0.0
      ],
      [
        0.0,
        0.0,
        0.0,
        0.0,
        0.0,
        1.0
      ]
    ],
    "reversion": [
      [
        1.1204985166975852,
        0.012216133835532368,
        0.3443386019262706,
        0.41421611098414596,
        0.41421611098414596,
        0.0
      ],
      [
        0.012216133835532368,
        1.0013258548318467,
        0.03560931802317087,
        0.04157260936992453,
        0.04157260936992453,
        0.0
      ],
      [
        0.3443386019262706,
        0.03560931802317087,
        1.9895998693601138,
        1.1803003154336407,
        1.1803003154336407,
        0.0
      ],
      [
        0.41421611098414596,
        0.04157260936992453,
        1.1803003154336407,
        2.4259007911728374,
        1.4259007911728452,
        0.0
      ],
      [
        0.41421611098414596,
        0.04157260936992453,
        1.1803003154336407,
        1.4259007911728452,
        2.4259007911728374,
        0.0
      ],
      [
        0.0,
        0.0,
        0.0,
        0.0,
        0.0,
        1.0
      ]
    ],
    "vwap": [
      [
        1.0,
        0.0,
        0.0,
        0.0,
        0.0,
        0.0
      ],
      [
        0.0,
        1.0,
        0.0,
        0.0,
        0.0,
        0.0
      ],
      [
        0.0,
        0.0,
        1.0,
        0.0,
        0.0,
        0.0
      ],
      [
        0.0,
        0.0,
        0.0,
        1.0,
        0.0,
        0.0
      ],
      [
        0.0,
        0.0,
        0.0,
        0.0,
        1.0,
        0.0
      ],
      [
        0.0,
        0.0,
        0.0,
        0.0,
        0.0,
        1.0
      ]
    ]
  },
  "b": {
    "trend": [
      [
        0.35409760151550723
      ],
      [
        0.21279734696780192
      ],
      [
        3.8732460323115445
      ],
      [
        0.8301295622327842
      ],
      [
        0.8301295622327842
      ],
      [
        0.0
      ]
    ],
    "breakout": [
      [
        0.0
      ],
      [
        0.0
      ],
      [
        0.0
      ],
      [
        0.0
      ],
      [
        0.0
      ],
      [
        0.0
      ]
    ],
    "reversion": [
      [
        0.1651397791192234
      ],
      [
        0.017968013711885097
      ],
      [
        0.481732511879687
      ],
      [
        0.5617695894469767
      ],
      [
        0.5617695894469767
      ],
      [
        0.0
      ]
    ],
    "vwap": [
      [
        0.0
      ],
      [
        0.0
      ],
      [
        0.0
      ],
      [
        0.0
      ],
      [
        0.0
      ],
      [
        0.0
      ]
    ]
  },
  "counts": {
    "trend": 1,
    "breakout": 0,
    "reversion": 2,
    "vwap": 0
  },
  "reward_sum": {
    "trend": 0.8301295622327842,
    "breakout": 0.0,
    "reversion": 0.5617695894469767,
    "vwap": 0.0
  },
  "disabled_until": {
    "trend": 0.0,
    "breakout": 0.0,
    "reversion": 0.0,
    "vwap": 0.0
  },
  "_snapshot_time": "2025-09-18T00:00:00.833565"
}