{
  "arms": [
    "trend",
    "breakout",
    "reversion",
    "vwap"
  ],
  "d": 6,
  "alpha": 0.6,
  "alpha_base": 0.6,
  "alpha_boost_until": 0.0,
  "A": {
    "trend": [
      [
        1.06710382534636,
        0.040326497395015204,
        0.7340056079547743,
        0.15731501405405557,
        0.15731501405405557,
        0.0
      ],
      [
        0.040326497395015204,
        1.0242344811753479,
        0.4411056312264355,
        0.09453952098413028,
        0.09453952098413028,
        0.0
      ],
      [
        0.7340056079547743,
        0.4411056312264355,
        9.028815491936513,
        1.7207678092143799,
        1.7207678092143799,
        0.0
      ],
      [
        0.15731501405405557,
        0.09453952098413028,
        1.7207678092143799,
        1.3688018308805692,
        0.36880183088056995,
        0.0
      ],
      [
        0.15731501405405557,
        0.09453952098413028,
        1.7207678092143799,
        0.36880183088056995,
        1.3688018308805692,
        0.0
      ],
      [
        0.0,
        0.0,
        0.0,
        0.0,
        0.0,
        1.0
      ]
    ],
    "breakout": [
      [
        1.0,
        0.0,
        0.0,
        0.0,
        0.0,
        0.0
      ],
      [
        0.0,
        1.0,
        0.0,
        0.0,
        0.0,
        0.0
      ],
      [
        0.0,
        0.0,
        1.0,
        0.0,
        0.0,
        0.0
      ],
      [
        0.0,
        0.0,
        0.0,
        1.0,
        0.0,
        0.0
      ],
      [
        0.0,
        0.0,
        0.0,
        0.0,
        1.0,
        0.0
      ],
      [
        0.0,
        0.0,
        0.0,
        0.0,
        0.0,
        1.0
      ]
    ],
    "reversion": [
      [
        1.0545793625033824,
        0.005533253149270609,
        0.15596691057706832,
        0.18761767277918562,
        0.18761767277918562,
        0.0
      ],
      [
        0.005533253149270609,
        1.0006005410977457,
        0.016129110383678303,
        0.01883016139283375,
        0.01883016139283375,
        0.0
      ],
      [
        0.15596691057706832,
        0.016129110383678303,
        1.4482356420922442,
        0.5346127117944817,
        0.5346127117944817,
        0.0
      ],
      [
        0.18761767277918562,
        0.01883016139283375,
        0.5346127117944817,
        1.6458565491772608,
        0.6458565491772683,
        0.0
      ],
      [
        0.18761767277918562,
        0.01883016139283375,
        0.5346127117944817,
        0.6458565491772683,
        1.6458565491772608,
        0.0
      ],
      [
        0.0,
        0.0,
        0.0,
        0.0,
        0.0,
        1.0
      ]
    ],
    "vwap": [
      [
        1.0,
        0.0,
        0.0,
        0.0,
        0.0,
        0.0
      ],
      [
        0.0,
        1.0,
        0.0,
        0.0,
        0.0,
        0.0
      ],
      [
        0.0,
        0.0,
        1.0,
        0.0,
        0.0,
        0.0
      ],
      [
        0.0,
        0.0,
        0.0,
        1.0,
        0.0,
        0.0
      ],
      [
        0.0,
        0.0,
        0.0,
        0.0,
        1.0,
        0.0
      ],
      [
        0.0,
        0.0,
        0.0,
        0.0,
        0.0,
        1.0
      ]
    ]
  },
  "b": {
    "trend": [
      [
        0.16038721375464232
      ],
      [
        0.09638578015912086
      ],
      [
        1.7543726267839934
      ],
      [
        0.37600414962439843
      ],
      [
        0.37600414962439843
      ],
      [
        0.0
      ]
    ],
    "breakout": [
      [
        0.0
      ],
      [
        0.0
      ],
      [
        0.0
      ],
      [
        0.0
      ],
      [
        0.0
      ],
      [
        0.0
      ]
    ],
    "reversion": [
      [
        0.07479945907464551
      ],
      [
        0.008138546105990095
      ],
      [
        0.21819897967319207
      ],
      [
        0.25445148128049133
      ],
      [
        0.25445148128049133
      ],
      [
        0.0
      ]
    ],
    "vwap": [
      [
        0.0
      ],
      [
        0.0
      ],
      [
        0.0
      ],
      [
        0.0
      ],
      [
        0.0
      ],
      [
        0.0
      ]
    ]
  },
  "counts": {
    "trend": 1,
    "breakout": 0,
    "reversion": 2,
    "vwap": 0
  },
  "reward_sum": {
    "trend": 0.37600414962439843,
    "breakout": 0.0,
    "reversion": 0.25445148128049133,
    "vwap": 0.0
  },
  "disabled_until": {
    "trend": 0.0,
    "breakout": 0.0,
    "reversion": 0.0,
    "vwap": 0.0
  },
  "_snapshot_time": "2025-09-19T04:29:00.583810"
}