{
  "arms": [
    "trend",
    "breakout",
    "reversion",
    "vwap"
  ],
  "d": 6,
  "alpha": 0.6,
  "alpha_base": 0.6,
  "alpha_boost_until": 0.0,
  "A": {
    "trend": [
      [
        1.0688068814561964,
        0.041349960475136005,
        0.7526342439353491,
        0.16130757773385865,
        0.16130757773385865,
        0.0
      ],
      [
        0.041349960475136005,
        1.0248495382309089,
        0.4523006359294584,
        0.09693887911314854,
        0.09693887911314854,
        0.0
      ],
      [
        0.7526342439353491,
        0.4523006359294584,
        9.232582165560752,
        1.7644398966991952,
        1.7644398966991952,
        0.0
      ],
      [
        0.16130757773385865,
        0.09693887911314854,
        1.7644398966991952,
        1.3781618071286887,
        0.37816180712868996,
        0.0
      ],
      [
        0.16130757773385865,
        0.09693887911314854,
        1.7644398966991952,
        0.37816180712868996,
        1.3781618071286887,
        0.0
      ],
      [
        0.0,
        0.0,
        0.0,
        0.0,
        0.0,
        1.0
      ]
    ],
    "breakout": [
      [
        1.0,
        0.0,
        0.0,
        0.0,
        0.0,
        0.0
      ],
      [
        0.0,
        1.0,
        0.0,
        0.0,
        0.0,
        0.0
      ],
      [
        0.0,
        0.0,
        1.0,
        0.0,
        0.0,
        0.0
      ],
      [
        0.0,
        0.0,
        0.0,
        1.0,
        0.0,
        0.0
      ],
      [
        0.0,
        0.0,
        0.0,
        0.0,
        1.0,
        0.0
      ],
      [
        0.0,
        0.0,
        0.0,
        0.0,
        0.0,
        1.0
      ]
    ],
    "reversion": [
      [
        1.0559645550211347,
        0.005673683900192722,
        0.15992526017367534,
        0.192379300336044,
        0.192379300336044,
        0.0
      ],
      [
        0.005673683900192722,
        1.0006157824819804,
        0.01653845783657483,
        0.019308059951429212,
        0.019308059951429212,
        0.0
      ],
      [
        0.15992526017367534,
        0.01653845783657483,
        1.4596116023295536,
        0.5481808718884589,
        0.5481808718884589,
        0.0
      ],
      [
        0.192379300336044,
        0.019308059951429212,
        0.5481808718884589,
        1.6622480132477024,
        0.6622480132477101,
        0.0
      ],
      [
        0.192379300336044,
        0.019308059951429212,
        0.5481808718884589,
        0.6622480132477101,
        1.6622480132477024,
        0.0
      ],
      [
        0.0,
        0.0,
        0.0,
        0.0,
        0.0,
        1.0
      ]
    ],
    "vwap": [
      [
        1.0,
        0.0,
        0.0,
        0.0,
        0.0,
        0.0
      ],
      [
        0.0,
        1.0,
        0.0,
        0.0,
        0.0,
        0.0
      ],
      [
        0.0,
        0.0,
        1.0,
        0.0,
        0.0,
        0.0
      ],
      [
        0.0,
        0.0,
        0.0,
        1.0,
        0.0,
        0.0
      ],
      [
        0.0,
        0.0,
        0.0,
        0.0,
        1.0,
        0.0
      ],
      [
        0.0,
        0.0,
        0.0,
        0.0,
        0.0,
        1.0
      ]
    ]
  },
  "b": {
    "trend": [
      [
        0.16445774807835004
      ],
      [
        0.0988319952735953
      ],
      [
        1.798897585019268
      ],
      [
        0.38554691653874884
      ],
      [
        0.38554691653874884
      ],
      [
        0.0
      ]
    ],
    "breakout": [
      [
        0.0
      ],
      [
        0.0
      ],
      [
        0.0
      ],
      [
        0.0
      ],
      [
        0.0
      ],
      [
        0.0
      ]
    ],
    "reversion": [
      [
        0.07669782589847411
      ],
      [
        0.00834509767886167
      ],
      [
        0.22373674303577823
      ],
      [
        0.26090931207649853
      ],
      [
        0.26090931207649853
      ],
      [
        0.0
      ]
    ],
    "vwap": [
      [
        0.0
      ],
      [
        0.0
      ],
      [
        0.0
      ],
      [
        0.0
      ],
      [
        0.0
      ],
      [
        0.0
      ]
    ]
  },
  "counts": {
    "trend": 1,
    "breakout": 0,
    "reversion": 2,
    "vwap": 0
  },
  "reward_sum": {
    "trend": 0.38554691653874884,
    "breakout": 0.0,
    "reversion": 0.26090931207649853,
    "vwap": 0.0
  },
  "disabled_until": {
    "trend": 0.0,
    "breakout": 0.0,
    "reversion": 0.0,
    "vwap": 0.0
  },
  "_snapshot_time": "2025-09-19T03:36:00.107597"
}