{
  "arms": [
    "trend",
    "breakout",
    "reversion",
    "vwap"
  ],
  "d": 6,
  "alpha": 0.6,
  "alpha_base": 0.6,
  "alpha_boost_until": 0.0,
  "A": {
    "trend": [
      [
        1.01584143549247,
        0.009520017731075645,
        0.17327927922900097,
        0.037137907328994794,
        0.037137907328994794,
        0.0
      ],
      [
        0.009520017731075645,
        1.0057211190010578,
        0.10413335404309286,
        0.022318276423569847,
        0.022318276423569847,
        0.0
      ],
      [
        0.17327927922900097,
        0.10413335404309286,
        2.895390643379261,
        0.4062276942705679,
        0.4062276942705679,
        0.0
      ],
      [
        0.037137907328994794,
        0.022318276423569847,
        0.4062276942705679,
        1.0870643422076665,
        0.08706434220766679,
        0.0
      ],
      [
        0.037137907328994794,
        0.022318276423569847,
        0.4062276942705679,
        0.08706434220766679,
        1.0870643422076665,
        0.0
      ],
      [
        0.0,
        0.0,
        0.0,
        0.0,
        0.0,
        1.0
      ]
    ],
    "breakout": [
      [
        1.0,
        0.0,
        0.0,
        0.0,
        0.0,
        0.0
      ],
      [
        0.0,
        1.0,
        0.0,
        0.0,
        0.0,
        0.0
      ],
      [
        0.0,
        0.0,
        1.0,
        0.0,
        0.0,
        0.0
      ],
      [
        0.0,
        0.0,
        0.0,
        1.0,
        0.0,
        0.0
      ],
      [
        0.0,
        0.0,
        0.0,
        0.0,
        1.0,
        0.0
      ],
      [
        0.0,
        0.0,
        0.0,
        0.0,
        0.0,
        1.0
      ]
    ],
    "reversion": [
      [
        1.182691866144435,
        0.011904869609380133,
        0.30683790153065305,
        0.5739887462875048,
        0.5739887462875048,
        0.0
      ],
      [
        0.011904869609380133,
        1.0009519701407756,
        0.02423671061815197,
        0.03983006589331553,
        0.03983006589331553,
        0.0
      ],
      [
        0.30683790153065305,
        0.02423671061815197,
        1.6557068544285594,
        1.0276691117395331,
        1.0276691117395331,
        0.0
      ],
      [
        0.5739887462875048,
        0.03983006589331553,
        1.0276691117395331,
        2.8449814431244347,
        1.8449814431244518,
        0.0
      ],
      [
        0.5739887462875048,
        0.03983006589331553,
        1.0276691117395331,
        1.8449814431244518,
        2.8449814431244347,
        0.0
      ],
      [
        0.0,
        0.0,
        0.0,
        0.0,
        0.0,
        1.0
      ]
    ],
    "vwap": [
      [
        1.0,
        0.0,
        0.0,
        0.0,
        0.0,
        0.0
      ],
      [
        0.0,
        1.0,
        0.0,
        0.0,
        0.0,
        0.0
      ],
      [
        0.0,
        0.0,
        1.0,
        0.0,
        0.0,
        0.0
      ],
      [
        0.0,
        0.0,
        0.0,
        1.0,
        0.0,
        0.0
      ],
      [
        0.0,
        0.0,
        0.0,
        0.0,
        1.0,
        0.0
      ],
      [
        0.0,
        0.0,
        0.0,
        0.0,
        0.0,
        1.0
      ]
    ]
  },
  "b": {
    "trend": [
      [
        0.037863172291545365
      ],
      [
        0.022754129304862824
      ],
      [
        0.4141609014613276
      ],
      [
        0.08876461886384333
      ],
      [
        0.08876461886384333
      ],
      [
        0.0
      ]
    ],
    "breakout": [
      [
        0.0
      ],
      [
        0.0
      ],
      [
        0.0
      ],
      [
        0.0
      ],
      [
        0.0
      ],
      [
        0.0
      ]
    ],
    "reversion": [
      [
        -0.005222141069863137
      ],
      [
        -0.03780722379587174
      ],
      [
        -1.0413227294731162
      ],
      [
        -0.6557581223274972
      ],
      [
        -0.6557581223274972
      ],
      [
        0.0
      ]
    ],
    "vwap": [
      [
        0.0
      ],
      [
        0.0
      ],
      [
        0.0
      ],
      [
        0.0
      ],
      [
        0.0
      ],
      [
        0.0
      ]
    ]
  },
  "counts": {
    "trend": 1,
    "breakout": 0,
    "reversion": 8,
    "vwap": 0
  },
  "reward_sum": {
    "trend": 0.08876461886384333,
    "breakout": 0.0,
    "reversion": -0.6557581223274972,
    "vwap": 0.0
  },
  "disabled_until": {
    "trend": 0.0,
    "breakout": 0.0,
    "reversion": 0.0,
    "vwap": 0.0
  },
  "_snapshot_time": "2025-09-23T16:38:00.561197"
}