{
  "arms": [
    "trend",
    "breakout",
    "reversion",
    "vwap"
  ],
  "d": 6,
  "alpha": 0.6,
  "alpha_base": 0.6,
  "alpha_boost_until": 0.0,
  "A": {
    "trend": [
      [
        1.1549861156595953,
        0.0931399537530122,
        1.6952934868032934,
        0.3633420723382831,
        0.3633420723382831,
        0.0
      ],
      [
        0.0931399537530122,
        1.0559730847385507,
        1.0187980793417957,
        0.21835287419190202,
        0.21835287419190202,
        0.0
      ],
      [
        1.6952934868032934,
        1.0187980793417957,
        19.54372563739857,
        3.9743653558593186,
        3.9743653558593186,
        0.0
      ],
      [
        0.3633420723382831,
        0.21835287419190202,
        3.9743653558593186,
        1.8518018596003465,
        0.851801859600347,
        0.0
      ],
      [
        0.3633420723382831,
        0.21835287419190202,
        3.9743653558593186,
        0.851801859600347,
        1.8518018596003465,
        0.0
      ],
      [
        0.0,
        0.0,
        0.0,
        0.0,
        0.0,
        1.0
      ]
    ],
    "breakout": [
      [
        1.0,
        0.0,
        0.0,
        0.0,
        0.0,
        0.0
      ],
      [
        0.0,
        1.0,
        0.0,
        0.0,
        0.0,
        0.0
      ],
      [
        0.0,
        0.0,
        1.0,
        0.0,
        0.0,
        0.0
      ],
      [
        0.0,
        0.0,
        0.0,
        1.0,
        0.0,
        0.0
      ],
      [
        0.0,
        0.0,
        0.0,
        0.0,
        1.0,
        0.0
      ],
      [
        0.0,
        0.0,
        0.0,
        0.0,
        0.0,
        1.0
      ]
    ],
    "reversion": [
      [
        1.1260590338317416,
        0.012779858795534234,
        0.3602284298547582,
        0.43333050214425967,
        0.43333050214425967,
        0.0
      ],
      [
        0.012779858795534234,
        1.0013870376473033,
        0.037252543420711784,
        0.04349101644287819,
        0.04349101644287819,
        0.0
      ],
      [
        0.3602284298547582,
        0.037252543420711784,
        2.035265884016098,
        1.234766381135435,
        1.234766381135435,
        0.0
      ],
      [
        0.43333050214425967,
        0.04349101644287819,
        1.234766381135435,
        2.491700321309986,
        1.4917003213099926,
        0.0
      ],
      [
        0.43333050214425967,
        0.04349101644287819,
        1.234766381135435,
        1.4917003213099926,
        2.491700321309986,
        0.0
      ],
      [
        0.0,
        0.0,
        0.0,
        0.0,
        0.0,
        1.0
      ]
    ],
    "vwap": [
      [
        1.0,
        0.0,
        0.0,
        0.0,
        0.0,
        0.0
      ],
      [
        0.0,
        1.0,
        0.0,
        0.0,
        0.0,
        0.0
      ],
      [
        0.0,
        0.0,
        1.0,
        0.0,
        0.0,
        0.0
      ],
      [
        0.0,
        0.0,
        0.0,
        1.0,
        0.0,
        0.0
      ],
      [
        0.0,
        0.0,
        0.0,
        0.0,
        1.0,
        0.0
      ],
      [
        0.0,
        0.0,
        0.0,
        0.0,
        0.0,
        1.0
      ]
    ]
  },
  "b": {
    "trend": [
      [
        0.3704377676383178
      ],
      [
        0.22261708024208945
      ],
      [
        4.05198060529824
      ],
      [
        0.868436669912376
      ],
      [
        0.868436669912376
      ],
      [
        0.0
      ]
    ],
    "breakout": [
      [
        0.0
      ],
      [
        0.0
      ],
      [
        0.0
      ],
      [
        0.0
      ],
      [
        0.0
      ],
      [
        0.0
      ]
    ],
    "reversion": [
      [
        0.1727603092011652
      ],
      [
        0.018797164566600178
      ],
      [
        0.5039625107195074
      ],
      [
        0.5876929743414792
      ],
      [
        0.5876929743414792
      ],
      [
        0.0
      ]
    ],
    "vwap": [
      [
        0.0
      ],
      [
        0.0
      ],
      [
        0.0
      ],
      [
        0.0
      ],
      [
        0.0
      ],
      [
        0.0
      ]
    ]
  },
  "counts": {
    "trend": 1,
    "breakout": 0,
    "reversion": 2,
    "vwap": 0
  },
  "reward_sum": {
    "trend": 0.868436669912376,
    "breakout": 0.0,
    "reversion": 0.5876929743414792,
    "vwap": 0.0
  },
  "disabled_until": {
    "trend": 0.0,
    "breakout": 0.0,
    "reversion": 0.0,
    "vwap": 0.0
  },
  "_snapshot_time": "2025-09-17T22:32:00.670436"
}