{
  "arms": [
    "trend",
    "breakout",
    "reversion",
    "vwap"
  ],
  "d": 6,
  "alpha": 0.6,
  "alpha_base": 0.6,
  "alpha_boost_until": 0.0,
  "A": {
    "trend": [
      [
        1.0159210406959498,
        0.009567857016156428,
        0.17415002937588037,
        0.03732452997888924,
        0.03732452997888924,
        0.0
      ],
      [
        0.009567857016156428,
        1.0057498683427717,
        0.10465663722923906,
        0.022430428566401858,
        0.022430428566401858,
        0.0
      ],
      [
        0.17415002937588037,
        0.10465663722923906,
        2.9049152194766443,
        0.40826903946790744,
        0.40826903946790744,
        0.0
      ],
      [
        0.03732452997888924,
        0.022430428566401858,
        0.40826903946790744,
        1.0875018514649915,
        0.08750185146499175,
        0.0
      ],
      [
        0.03732452997888924,
        0.022430428566401858,
        0.40826903946790744,
        0.08750185146499175,
        1.0875018514649915,
        0.0
      ],
      [
        0.0,
        0.0,
        0.0,
        0.0,
        0.0,
        1.0
      ]
    ],
    "breakout": [
      [
        1.0,
        0.0,
        0.0,
        0.0,
        0.0,
        0.0
      ],
      [
        0.0,
        1.0,
        0.0,
        0.0,
        0.0,
        0.0
      ],
      [
        0.0,
        0.0,
        1.0,
        0.0,
        0.0,
        0.0
      ],
      [
        0.0,
        0.0,
        0.0,
        1.0,
        0.0,
        0.0
      ],
      [
        0.0,
        0.0,
        0.0,
        0.0,
        1.0,
        0.0
      ],
      [
        0.0,
        0.0,
        0.0,
        0.0,
        0.0,
        1.0
      ]
    ],
    "reversion": [
      [
        1.1836099157230504,
        0.011964693074753903,
        0.30837980053331965,
        0.5768731118467385,
        0.5768731118467385,
        0.0
      ],
      [
        0.011964693074753903,
        1.0009567539103272,
        0.024358503133821076,
        0.040030216978206565,
        0.040030216978206565,
        0.0
      ],
      [
        0.30837980053331965,
        0.024358503133821076,
        1.6590018637472959,
        1.032833278130184,
        1.032833278130184,
        0.0
      ],
      [
        0.5768731118467385,
        0.040030216978206565,
        1.032833278130184,
        2.8542527066577232,
        1.8542527066577406,
        0.0
      ],
      [
        0.5768731118467385,
        0.040030216978206565,
        1.032833278130184,
        1.8542527066577406,
        2.8542527066577232,
        0.0
      ],
      [
        0.0,
        0.0,
        0.0,
        0.0,
        0.0,
        1.0
      ]
    ],
    "vwap": [
      [
        1.0,
        0.0,
        0.0,
        0.0,
        0.0,
        0.0
      ],
      [
        0.0,
        1.0,
        0.0,
        0.0,
        0.0,
        0.0
      ],
      [
        0.0,
        0.0,
        1.0,
        0.0,
        0.0,
        0.0
      ],
      [
        0.0,
        0.0,
        0.0,
        1.0,
        0.0,
        0.0
      ],
      [
        0.0,
        0.0,
        0.0,
        0.0,
        1.0,
        0.0
      ],
      [
        0.0,
        0.0,
        0.0,
        0.0,
        0.0,
        1.0
      ]
    ]
  },
  "b": {
    "trend": [
      [
        0.038053439488990315
      ],
      [
        0.022868471663178718
      ],
      [
        0.4162421120214348
      ],
      [
        0.08921067222496817
      ],
      [
        0.08921067222496817
      ],
      [
        0.0
      ]
    ],
    "breakout": [
      [
        0.0
      ],
      [
        0.0
      ],
      [
        0.0
      ],
      [
        0.0
      ],
      [
        0.0
      ],
      [
        0.0
      ]
    ],
    "reversion": [
      [
        -0.005248382984787072
      ],
      [
        -0.037997209845097225
      ],
      [
        -1.046555507008157
      ],
      [
        -0.6590533892738666
      ],
      [
        -0.6590533892738666
      ],
      [
        0.0
      ]
    ],
    "vwap": [
      [
        0.0
      ],
      [
        0.0
      ],
      [
        0.0
      ],
      [
        0.0
      ],
      [
        0.0
      ],
      [
        0.0
      ]
    ]
  },
  "counts": {
    "trend": 1,
    "breakout": 0,
    "reversion": 8,
    "vwap": 0
  },
  "reward_sum": {
    "trend": 0.08921067222496817,
    "breakout": 0.0,
    "reversion": -0.6590533892738666,
    "vwap": 0.0
  },
  "disabled_until": {
    "trend": 0.0,
    "breakout": 0.0,
    "reversion": 0.0,
    "vwap": 0.0
  },
  "_snapshot_time": "2025-09-23T16:28:00.110613"
}