{
  "arms": [
    "trend",
    "breakout",
    "reversion",
    "vwap"
  ],
  "d": 6,
  "alpha": 0.6,
  "alpha_base": 0.6,
  "alpha_boost_until": 0.0,
  "A": {
    "trend": [
      [
        1.0251229772222406,
        0.015097822967296913,
        0.2748040975974813,
        0.05889711196637544,
        0.05889711196637544,
        0.0
      ],
      [
        0.015097822967296913,
        1.0090731387580139,
        0.16514537984540398,
        0.03539461752033754,
        0.03539461752033754,
        0.0
      ],
      [
        0.2748040975974813,
        0.16514537984540398,
        4.005905366562583,
        0.6442376459541819,
        0.6442376459541819,
        0.0
      ],
      [
        0.05889711196637544,
        0.03539461752033754,
        0.6442376459541819,
        1.1380755858389562,
        0.13807558583895513,
        0.0
      ],
      [
        0.05889711196637544,
        0.03539461752033754,
        0.6442376459541819,
        0.13807558583895513,
        1.1380755858389562,
        0.0
      ],
      [
        0.0,
        0.0,
        0.0,
        0.0,
        0.0,
        1.0
      ]
    ],
    "breakout": [
      [
        1.0,
        0.0,
        0.0,
        0.0,
        0.0,
        0.0
      ],
      [
        0.0,
        1.0,
        0.0,
        0.0,
        0.0,
        0.0
      ],
      [
        0.0,
        0.0,
        1.0,
        0.0,
        0.0,
        0.0
      ],
      [
        0.0,
        0.0,
        0.0,
        1.0,
        0.0,
        0.0
      ],
      [
        0.0,
        0.0,
        0.0,
        0.0,
        1.0,
        0.0
      ],
      [
        0.0,
        0.0,
        0.0,
        0.0,
        0.0,
        1.0
      ]
    ],
    "reversion": [
      [
        1.2897315457312843,
        0.018879966286666373,
        0.4866150933568963,
        0.9102903714539935,
        0.9102903714539935,
        0.0
      ],
      [
        0.018879966286666373,
        1.0015097321309248,
        0.03843706771973827,
        0.06316661382573951,
        0.06316661382573951,
        0.0
      ],
      [
        0.4866150933568963,
        0.03843706771973827,
        2.039887349609691,
        1.6297833424570374,
        1.6297833424570374,
        0.0
      ],
      [
        0.9102903714539935,
        0.06316661382573951,
        1.6297833424570374,
        3.9259612737185012,
        2.925961273718516,
        0.0
      ],
      [
        0.9102903714539935,
        0.06316661382573951,
        1.6297833424570374,
        2.925961273718516,
        3.9259612737185012,
        0.0
      ],
      [
        0.0,
        0.0,
        0.0,
        0.0,
        0.0,
        1.0
      ]
    ],
    "vwap": [
      [
        1.0,
        0.0,
        0.0,
        0.0,
        0.0,
        0.0
      ],
      [
        0.0,
        1.0,
        0.0,
        0.0,
        0.0,
        0.0
      ],
      [
        0.0,
        0.0,
        1.0,
        0.0,
        0.0,
        0.0
      ],
      [
        0.0,
        0.0,
        0.0,
        1.0,
        0.0,
        0.0
      ],
      [
        0.0,
        0.0,
        0.0,
        0.0,
        1.0,
        0.0
      ],
      [
        0.0,
        0.0,
        0.0,
        0.0,
        0.0,
        1.0
      ]
    ]
  },
  "b": {
    "trend": [
      [
        0.060047311715818
      ],
      [
        0.03608583783393711
      ],
      [
        0.6568189416105971
      ],
      [
        0.1407720593829681
      ],
      [
        0.1407720593829681
      ],
      [
        0.0
      ]
    ],
    "breakout": [
      [
        0.0
      ],
      [
        0.0
      ],
      [
        0.0
      ],
      [
        0.0
      ],
      [
        0.0
      ],
      [
        0.0
      ]
    ],
    "reversion": [
      [
        -0.00828180824975584
      ],
      [
        -0.0599585828387478
      ],
      [
        -1.6514366533255558
      ],
      [
        -1.039968655515198
      ],
      [
        -1.039968655515198
      ],
      [
        0.0
      ]
    ],
    "vwap": [
      [
        0.0
      ],
      [
        0.0
      ],
      [
        0.0
      ],
      [
        0.0
      ],
      [
        0.0
      ],
      [
        0.0
      ]
    ]
  },
  "counts": {
    "trend": 1,
    "breakout": 0,
    "reversion": 8,
    "vwap": 0
  },
  "reward_sum": {
    "trend": 0.1407720593829681,
    "breakout": 0.0,
    "reversion": -1.039968655515198,
    "vwap": 0.0
  },
  "disabled_until": {
    "trend": 0.0,
    "breakout": 0.0,
    "reversion": 0.0,
    "vwap": 0.0
  },
  "_snapshot_time": "2025-09-22T23:41:00.850334"
}