{
  "arms": [
    "trend",
    "breakout",
    "reversion",
    "vwap"
  ],
  "d": 6,
  "alpha": 0.6,
  "alpha_base": 0.6,
  "alpha_boost_until": 0.0,
  "A": {
    "trend": [
      [
        1.00393197710629,
        0.002362948218162041,
        0.043009369905060886,
        0.009217939969046686,
        0.009217939969046686,
        0.0
      ],
      [
        0.002362948218162041,
        1.0014200297028122,
        0.025846771543729136,
        0.005539583328230172,
        0.005539583328230172,
        0.0
      ],
      [
        0.043009369905060886,
        0.025846771543729136,
        1.4704518489366234,
        0.10082911959411404,
        0.10082911959411404,
        0.0
      ],
      [
        0.009217939969046686,
        0.005539583328230172,
        0.10082911959411404,
        1.0216100996969253,
        0.021610099696926857,
        0.0
      ],
      [
        0.009217939969046686,
        0.005539583328230172,
        0.10082911959411404,
        0.021610099696926857,
        1.0216100996969253,
        0.0
      ],
      [
        0.0,
        0.0,
        0.0,
        0.0,
        0.0,
        1.0
      ]
    ],
    "breakout": [
      [
        1.0,
        0.0,
        0.0,
        0.0,
        0.0,
        0.0
      ],
      [
        0.0,
        1.0,
        0.0,
        0.0,
        0.0,
        0.0
      ],
      [
        0.0,
        0.0,
        1.0,
        0.0,
        0.0,
        0.0
      ],
      [
        0.0,
        0.0,
        0.0,
        1.0,
        0.0,
        0.0
      ],
      [
        0.0,
        0.0,
        0.0,
        0.0,
        1.0,
        0.0
      ],
      [
        0.0,
        0.0,
        0.0,
        0.0,
        0.0,
        1.0
      ]
    ],
    "reversion": [
      [
        1.1049832038015288,
        0.00975124028320576,
        0.39554527398783934,
        0.3373628482081839,
        0.3373628482081839,
        0.0
      ],
      [
        0.00975124028320576,
        1.001010805667888,
        0.04241323301946998,
        0.032096464584147534,
        0.032096464584147534,
        0.0
      ],
      [
        0.39554527398783934,
        0.04241323301946998,
        2.873203121617202,
        1.298820049934551,
        1.298820049934551,
        0.0
      ],
      [
        0.3373628482081839,
        0.032096464584147534,
        1.298820049934551,
        2.0948486886886735,
        1.0948486886886897,
        0.0
      ],
      [
        0.3373628482081839,
        0.032096464584147534,
        1.298820049934551,
        1.0948486886886897,
        2.0948486886886735,
        0.0
      ],
      [
        0.0,
        0.0,
        0.0,
        0.0,
        0.0,
        1.0
      ]
    ],
    "vwap": [
      [
        1.0,
        0.0,
        0.0,
        0.0,
        0.0,
        0.0
      ],
      [
        0.0,
        1.0,
        0.0,
        0.0,
        0.0,
        0.0
      ],
      [
        0.0,
        0.0,
        1.0,
        0.0,
        0.0,
        0.0
      ],
      [
        0.0,
        0.0,
        0.0,
        1.0,
        0.0,
        0.0
      ],
      [
        0.0,
        0.0,
        0.0,
        0.0,
        1.0,
        0.0
      ],
      [
        0.0,
        0.0,
        0.0,
        0.0,
        0.0,
        1.0
      ]
    ]
  },
  "b": {
    "trend": [
      [
        0.009397956813485958
      ],
      [
        0.005647765667625419
      ],
      [
        0.10279820813210336
      ],
      [
        0.022032122618373805
      ],
      [
        0.022032122618373805
      ],
      [
        0.0
      ]
    ],
    "breakout": [
      [
        0.0
      ],
      [
        0.0
      ],
      [
        0.0
      ],
      [
        0.0
      ],
      [
        0.0
      ],
      [
        0.0
      ]
    ],
    "reversion": [
      [
        -0.22188704110500154
      ],
      [
        -0.03452281365642751
      ],
      [
        -1.4398269292182315
      ],
      [
        -0.8836500989852425
      ],
      [
        -0.8836500989852425
      ],
      [
        0.0
      ]
    ],
    "vwap": [
      [
        0.0
      ],
      [
        0.0
      ],
      [
        0.0
      ],
      [
        0.0
      ],
      [
        0.0
      ],
      [
        0.0
      ]
    ]
  },
  "counts": {
    "trend": 1,
    "breakout": 0,
    "reversion": 9,
    "vwap": 0
  },
  "reward_sum": {
    "trend": 0.022032122618373805,
    "breakout": 0.0,
    "reversion": -0.8836500989852425,
    "vwap": 0.0
  },
  "disabled_until": {
    "trend": 0.0,
    "breakout": 0.0,
    "reversion": 0.0,
    "vwap": 0.0
  },
  "_snapshot_time": "2025-09-26T02:57:00.347186"
}