{
  "arms": [
    "trend",
    "breakout",
    "reversion",
    "vwap"
  ],
  "d": 6,
  "alpha": 0.6,
  "alpha_base": 0.6,
  "alpha_boost_until": 0.0,
  "A": {
    "trend": [
      [
        1.0321173828034813,
        0.019301158276360118,
        0.35131140391633087,
        0.0752944634829722,
        0.0752944634829722,
        0.0
      ],
      [
        0.019301158276360118,
        1.0115991615222364,
        0.21112296268873526,
        0.045248716743535596,
        0.045248716743535596,
        0.0
      ],
      [
        0.35131140391633087,
        0.21112296268873526,
        4.842769607873614,
        0.823597733202033,
        0.823597733202033,
        0.0
      ],
      [
        0.0752944634829722,
        0.045248716743535596,
        0.823597733202033,
        1.1765167562337622,
        0.17651675623376062,
        0.0
      ],
      [
        0.0752944634829722,
        0.045248716743535596,
        0.823597733202033,
        0.17651675623376062,
        1.1765167562337622,
        0.0
      ],
      [
        0.0,
        0.0,
        0.0,
        0.0,
        0.0,
        1.0
      ]
    ],
    "breakout": [
      [
        1.0,
        0.0,
        0.0,
        0.0,
        0.0,
        0.0
      ],
      [
        0.0,
        1.0,
        0.0,
        0.0,
        0.0,
        0.0
      ],
      [
        0.0,
        0.0,
        1.0,
        0.0,
        0.0,
        0.0
      ],
      [
        0.0,
        0.0,
        0.0,
        1.0,
        0.0,
        0.0
      ],
      [
        0.0,
        0.0,
        0.0,
        0.0,
        1.0,
        0.0
      ],
      [
        0.0,
        0.0,
        0.0,
        0.0,
        0.0,
        1.0
      ]
    ],
    "reversion": [
      [
        1.370394753861337,
        0.024136275696212725,
        0.6220920033895979,
        1.1637213242556532,
        1.1637213242556532,
        0.0
      ],
      [
        0.024136275696212725,
        1.001930051695334,
        0.04913820551113971,
        0.08075262333338887,
        0.08075262333338887,
        0.0
      ],
      [
        0.6220920033895979,
        0.04913820551113971,
        2.329398971485945,
        2.0835259704048887,
        2.0835259704048887,
        0.0
      ],
      [
        1.1637213242556532,
        0.08075262333338887,
        2.0835259704048887,
        4.7405685426878605,
        3.7405685426878756,
        0.0
      ],
      [
        1.1637213242556532,
        0.08075262333338887,
        2.0835259704048887,
        3.7405685426878756,
        4.7405685426878605,
        0.0
      ],
      [
        0.0,
        0.0,
        0.0,
        0.0,
        0.0,
        1.0
      ]
    ],
    "vwap": [
      [
        1.0,
        0.0,
        0.0,
        0.0,
        0.0,
        0.0
      ],
      [
        0.0,
        1.0,
        0.0,
        0.0,
        0.0,
        0.0
      ],
      [
        0.0,
        0.0,
        1.0,
        0.0,
        0.0,
        0.0
      ],
      [
        0.0,
        0.0,
        0.0,
        1.0,
        0.0,
        0.0
      ],
      [
        0.0,
        0.0,
        0.0,
        0.0,
        1.0,
        0.0
      ],
      [
        0.0,
        0.0,
        0.0,
        0.0,
        0.0,
        1.0
      ]
    ]
  },
  "b": {
    "trend": [
      [
        0.07676488656724784
      ],
      [
        0.04613237743458482
      ],
      [
        0.8396817460634997
      ],
      [
        0.17996394612158395
      ],
      [
        0.17996394612158395
      ],
      [
        0.0
      ]
    ],
    "breakout": [
      [
        0.0
      ],
      [
        0.0
      ],
      [
        0.0
      ],
      [
        0.0
      ],
      [
        0.0
      ],
      [
        0.0
      ]
    ],
    "reversion": [
      [
        -0.01058751928600878
      ],
      [
        -0.07665145497490995
      ],
      [
        -2.111207708439955
      ],
      [
        -1.3295029135015783
      ],
      [
        -1.3295029135015783
      ],
      [
        0.0
      ]
    ],
    "vwap": [
      [
        0.0
      ],
      [
        0.0
      ],
      [
        0.0
      ],
      [
        0.0
      ],
      [
        0.0
      ],
      [
        0.0
      ]
    ]
  },
  "counts": {
    "trend": 1,
    "breakout": 0,
    "reversion": 8,
    "vwap": 0
  },
  "reward_sum": {
    "trend": 0.17996394612158395,
    "breakout": 0.0,
    "reversion": -1.3295029135015783,
    "vwap": 0.0
  },
  "disabled_until": {
    "trend": 0.0,
    "breakout": 0.0,
    "reversion": 0.0,
    "vwap": 0.0
  },
  "_snapshot_time": "2025-09-22T11:36:00.636584"
}