{
  "arms": [
    "trend",
    "breakout",
    "reversion",
    "vwap"
  ],
  "d": 6,
  "alpha": 0.6,
  "alpha_base": 0.6,
  "alpha_boost_until": 0.0,
  "A": {
    "trend": [
      [
        1.0095962732929138,
        0.0057669452963531615,
        0.10496746461335067,
        0.022497046333037393,
        0.022497046333037393,
        0.0
      ],
      [
        0.0057669452963531615,
        1.0034656847544867,
        0.06308090733192782,
        0.013519752050826632,
        0.013519752050826632,
        0.0
      ],
      [
        0.10496746461335067,
        0.06308090733192782,
        2.1481716173602874,
        0.24608072767290387,
        0.24608072767290387,
        0.0
      ],
      [
        0.022497046333037393,
        0.013519752050826632,
        0.24608072767290387,
        1.0527410045819163,
        0.052741004581916356,
        0.0
      ],
      [
        0.022497046333037393,
        0.013519752050826632,
        0.24608072767290387,
        0.052741004581916356,
        1.0527410045819163,
        0.0
      ],
      [
        0.0,
        0.0,
        0.0,
        0.0,
        0.0,
        1.0
      ]
    ],
    "breakout": [
      [
        1.0,
        0.0,
        0.0,
        0.0,
        0.0,
        0.0
      ],
      [
        0.0,
        1.0,
        0.0,
        0.0,
        0.0,
        0.0
      ],
      [
        0.0,
        0.0,
        1.0,
        0.0,
        0.0,
        0.0
      ],
      [
        0.0,
        0.0,
        0.0,
        1.0,
        0.0,
        0.0
      ],
      [
        0.0,
        0.0,
        0.0,
        0.0,
        1.0,
        0.0
      ],
      [
        0.0,
        0.0,
        0.0,
        0.0,
        0.0,
        1.0
      ]
    ],
    "reversion": [
      [
        1.110669331497622,
        0.00721161805963941,
        0.18587332954212266,
        0.3477054133793476,
        0.3477054133793476,
        0.0
      ],
      [
        0.00721161805963941,
        1.0005766753677041,
        0.014681882770257376,
        0.024127876401648228,
        0.024127876401648228,
        0.0
      ],
      [
        0.18587332954212266,
        0.014681882770257376,
        1.3972078274171502,
        0.6225315663864958,
        0.6225315663864958,
        0.0
      ],
      [
        0.3477054133793476,
        0.024127876401648228,
        0.6225315663864958,
        2.1176352141187738,
        1.1176352141187922,
        0.0
      ],
      [
        0.3477054133793476,
        0.024127876401648228,
        0.6225315663864958,
        1.1176352141187922,
        2.1176352141187738,
        0.0
      ],
      [
        0.0,
        0.0,
        0.0,
        0.0,
        0.0,
        1.0
      ]
    ],
    "vwap": [
      [
        1.0,
        0.0,
        0.0,
        0.0,
        0.0,
        0.0
      ],
      [
        0.0,
        1.0,
        0.0,
        0.0,
        0.0,
        0.0
      ],
      [
        0.0,
        0.0,
        1.0,
        0.0,
        0.0,
        0.0
      ],
      [
        0.0,
        0.0,
        0.0,
        1.0,
        0.0,
        0.0
      ],
      [
        0.0,
        0.0,
        0.0,
        0.0,
        1.0,
        0.0
      ],
      [
        0.0,
        0.0,
        0.0,
        0.0,
        0.0,
        1.0
      ]
    ]
  },
  "b": {
    "trend": [
      [
        0.022936390405973082
      ],
      [
        0.013783778840973218
      ],
      [
        0.25088643005562167
      ],
      [
        0.053770981914083485
      ],
      [
        0.053770981914083485
      ],
      [
        0.0
      ]
    ],
    "breakout": [
      [
        0.0
      ],
      [
        0.0
      ],
      [
        0.0
      ],
      [
        0.0
      ],
      [
        0.0
      ],
      [
        0.0
      ]
    ],
    "reversion": [
      [
        -0.0031634186753071517
      ],
      [
        -0.022902498461327858
      ],
      [
        -0.6308025243606461
      ],
      [
        -0.3972388839946684
      ],
      [
        -0.3972388839946684
      ],
      [
        0.0
      ]
    ],
    "vwap": [
      [
        0.0
      ],
      [
        0.0
      ],
      [
        0.0
      ],
      [
        0.0
      ],
      [
        0.0
      ],
      [
        0.0
      ]
    ]
  },
  "counts": {
    "trend": 1,
    "breakout": 0,
    "reversion": 8,
    "vwap": 0
  },
  "reward_sum": {
    "trend": 0.053770981914083485,
    "breakout": 0.0,
    "reversion": -0.3972388839946684,
    "vwap": 0.0
  },
  "disabled_until": {
    "trend": 0.0,
    "breakout": 0.0,
    "reversion": 0.0,
    "vwap": 0.0
  },
  "_snapshot_time": "2025-09-24T11:26:00.694790"
}