{
  "arms": [
    "trend",
    "breakout",
    "reversion",
    "vwap"
  ],
  "d": 6,
  "alpha": 0.6,
  "alpha_base": 0.6,
  "alpha_boost_until": 0.0,
  "A": {
    "trend": [
      [
        1.1466718203619548,
        0.08814342179777537,
        1.6043487553641975,
        0.34385043419624156,
        0.34385043419624156,
        0.0
      ],
      [
        0.08814342179777537,
        1.052970385088614,
        0.964144228290248,
        0.20663924250693502,
        0.20663924250693502,
        0.0
      ],
      [
        1.6043487553641975,
        0.964144228290248,
        18.548939683756085,
        3.7611588563693497,
        3.7611588563693497,
        0.0
      ],
      [
        0.34385043419624156,
        0.20663924250693502,
        3.7611588563693497,
        1.8061065909263956,
        0.8061065909263957,
        0.0
      ],
      [
        0.34385043419624156,
        0.20663924250693502,
        3.7611588563693497,
        0.8061065909263957,
        1.8061065909263956,
        0.0
      ],
      [
        0.0,
        0.0,
        0.0,
        0.0,
        0.0,
        1.0
      ]
    ],
    "breakout": [
      [
        1.0,
        0.0,
        0.0,
        0.0,
        0.0,
        0.0
      ],
      [
        0.0,
        1.0,
        0.0,
        0.0,
        0.0,
        0.0
      ],
      [
        0.0,
        0.0,
        1.0,
        0.0,
        0.0,
        0.0
      ],
      [
        0.0,
        0.0,
        0.0,
        1.0,
        0.0,
        0.0
      ],
      [
        0.0,
        0.0,
        0.0,
        0.0,
        1.0,
        0.0
      ],
      [
        0.0,
        0.0,
        0.0,
        0.0,
        0.0,
        1.0
      ]
    ],
    "reversion": [
      [
        1.1192965439935265,
        0.012094277900522931,
        0.340903824372056,
        0.4100843052770791,
        0.4100843052770791,
        0.0
      ],
      [
        0.012094277900522931,
        1.0013126294298988,
        0.03525411507588974,
        0.041157922591459534,
        0.041157922591459534,
        0.0
      ],
      [
        0.340903824372056,
        0.03525411507588974,
        1.9797286106632468,
        1.16852681978719,
        1.16852681978719,
        0.0
      ],
      [
        0.4100843052770791,
        0.041157922591459534,
        1.16852681978719,
        2.4116774307808884,
        1.411677430780896,
        0.0
      ],
      [
        0.4100843052770791,
        0.041157922591459534,
        1.16852681978719,
        1.411677430780896,
        2.4116774307808884,
        0.0
      ],
      [
        0.0,
        0.0,
        0.0,
        0.0,
        0.0,
        1.0
      ]
    ],
    "vwap": [
      [
        1.0,
        0.0,
        0.0,
        0.0,
        0.0,
        0.0
      ],
      [
        0.0,
        1.0,
        0.0,
        0.0,
        0.0,
        0.0
      ],
      [
        0.0,
        0.0,
        1.0,
        0.0,
        0.0,
        0.0
      ],
      [
        0.0,
        0.0,
        0.0,
        1.0,
        0.0,
        0.0
      ],
      [
        0.0,
        0.0,
        0.0,
        0.0,
        1.0,
        0.0
      ],
      [
        0.0,
        0.0,
        0.0,
        0.0,
        0.0,
        1.0
      ]
    ]
  },
  "b": {
    "trend": [
      [
        0.35056547794039
      ],
      [
        0.2106746934317981
      ],
      [
        3.834610403139237
      ],
      [
        0.8218490198495122
      ],
      [
        0.8218490198495122
      ],
      [
        0.0
      ]
    ],
    "breakout": [
      [
        0.0
      ],
      [
        0.0
      ],
      [
        0.0
      ],
      [
        0.0
      ],
      [
        0.0
      ],
      [
        0.0
      ]
    ],
    "reversion": [
      [
        0.16349250982250915
      ],
      [
        0.017788782775109042
      ],
      [
        0.47692723007368715
      ],
      [
        0.5561659377922431
      ],
      [
        0.5561659377922431
      ],
      [
        0.0
      ]
    ],
    "vwap": [
      [
        0.0
      ],
      [
        0.0
      ],
      [
        0.0
      ],
      [
        0.0
      ],
      [
        0.0
      ],
      [
        0.0
      ]
    ]
  },
  "counts": {
    "trend": 1,
    "breakout": 0,
    "reversion": 2,
    "vwap": 0
  },
  "reward_sum": {
    "trend": 0.8218490198495122,
    "breakout": 0.0,
    "reversion": 0.5561659377922431,
    "vwap": 0.0
  },
  "disabled_until": {
    "trend": 0.0,
    "breakout": 0.0,
    "reversion": 0.0,
    "vwap": 0.0
  },
  "_snapshot_time": "2025-09-18T00:26:00.394890"
}