{
  "arms": [
    "trend",
    "breakout",
    "reversion",
    "vwap"
  ],
  "d": 6,
  "alpha": 0.6,
  "alpha_base": 0.6,
  "alpha_boost_until": 0.0,
  "A": {
    "trend": [
      [
        1.0997065982723737,
        0.05991935414624992,
        1.090626382389762,
        0.23374740303610958,
        0.23374740303610958,
        0.0
      ],
      [
        0.05991935414624992,
        1.036008940867645,
        0.6554192960142634,
        0.14047208174754983,
        0.14047208174754983,
        0.0
      ],
      [
        1.090626382389762,
        0.6554192960142634,
        12.92966089079945,
        2.5568125779385995,
        2.5568125779385995,
        0.0
      ],
      [
        0.23374740303610958,
        0.14047208174754983,
        2.5568125779385995,
        1.5479862854900417,
        0.547986285490042,
        0.0
      ],
      [
        0.23374740303610958,
        0.14047208174754983,
        2.5568125779385995,
        0.547986285490042,
        1.5479862854900417,
        0.0
      ],
      [
        0.0,
        0.0,
        0.0,
        0.0,
        0.0,
        1.0
      ]
    ],
    "breakout": [
      [
        1.0,
        0.0,
        0.0,
        0.0,
        0.0,
        0.0
      ],
      [
        0.0,
        1.0,
        0.0,
        0.0,
        0.0,
        0.0
      ],
      [
        0.0,
        0.0,
        1.0,
        0.0,
        0.0,
        0.0
      ],
      [
        0.0,
        0.0,
        0.0,
        1.0,
        0.0,
        0.0
      ],
      [
        0.0,
        0.0,
        0.0,
        0.0,
        1.0,
        0.0
      ],
      [
        0.0,
        0.0,
        0.0,
        0.0,
        0.0,
        1.0
      ]
    ],
    "reversion": [
      [
        1.081097054348216,
        0.008221615474915542,
        0.23174431586312394,
        0.27877277982344395,
        0.27877277982344395,
        0.0
      ],
      [
        0.008221615474915542,
        1.0008923173853324,
        0.023965529851919156,
        0.027978901764667444,
        0.027978901764667444,
        0.0
      ],
      [
        0.23174431586312394,
        0.023965529851919156,
        1.6660134629698042,
        0.7943573203325195,
        0.7943573203325195,
        0.0
      ],
      [
        0.27877277982344395,
        0.027978901764667444,
        0.7943573203325195,
        1.9596496050413448,
        0.959649605041356,
        0.0
      ],
      [
        0.27877277982344395,
        0.027978901764667444,
        0.7943573203325195,
        0.959649605041356,
        1.9596496050413448,
        0.0
      ],
      [
        0.0,
        0.0,
        0.0,
        0.0,
        0.0,
        1.0
      ]
    ],
    "vwap": [
      [
        1.0,
        0.0,
        0.0,
        0.0,
        0.0,
        0.0
      ],
      [
        0.0,
        1.0,
        0.0,
        0.0,
        0.0,
        0.0
      ],
      [
        0.0,
        0.0,
        1.0,
        0.0,
        0.0,
        0.0
      ],
      [
        0.0,
        0.0,
        0.0,
        1.0,
        0.0,
        0.0
      ],
      [
        0.0,
        0.0,
        0.0,
        0.0,
        1.0,
        0.0
      ],
      [
        0.0,
        0.0,
        0.0,
        0.0,
        0.0,
        1.0
      ]
    ]
  },
  "b": {
    "trend": [
      [
        0.23831224833036557
      ],
      [
        0.14321535638081115
      ],
      [
        2.6067444861142577
      ],
      [
        0.5586878915149426
      ],
      [
        0.5586878915149426
      ],
      [
        0.0
      ]
    ],
    "breakout": [
      [
        0.0
      ],
      [
        0.0
      ],
      [
        0.0
      ],
      [
        0.0
      ],
      [
        0.0
      ],
      [
        0.0
      ]
    ],
    "reversion": [
      [
        0.1111411991559582
      ],
      [
        0.012092704744069422
      ],
      [
        0.32421218756788206
      ],
      [
        0.378078172040012
      ],
      [
        0.378078172040012
      ],
      [
        0.0
      ]
    ],
    "vwap": [
      [
        0.0
      ],
      [
        0.0
      ],
      [
        0.0
      ],
      [
        0.0
      ],
      [
        0.0
      ],
      [
        0.0
      ]
    ]
  },
  "counts": {
    "trend": 1,
    "breakout": 0,
    "reversion": 2,
    "vwap": 0
  },
  "reward_sum": {
    "trend": 0.5586878915149426,
    "breakout": 0.0,
    "reversion": 0.378078172040012,
    "vwap": 0.0
  },
  "disabled_until": {
    "trend": 0.0,
    "breakout": 0.0,
    "reversion": 0.0,
    "vwap": 0.0
  },
  "_snapshot_time": "2025-09-18T13:16:00.535464"
}