{
  "arms": [
    "trend",
    "breakout",
    "reversion",
    "vwap"
  ],
  "d": 6,
  "alpha": 0.6,
  "alpha_base": 0.6,
  "alpha_boost_until": 0.0,
  "A": {
    "trend": [
      [
        1.044043929730336,
        0.026468497263293596,
        0.4817682338013971,
        0.10325449240427884,
        0.10325449240427884,
        0.0
      ],
      [
        0.026468497263293596,
        1.015906422330303,
        0.2895218763626993,
        0.06205148510494879,
        0.06205148510494879,
        0.0
      ],
      [
        0.4817682338013971,
        0.2895218763626993,
        6.269753006173061,
        1.1294345155447232,
        1.1294345155447232,
        0.0
      ],
      [
        0.10325449240427884,
        0.06205148510494879,
        1.1294345155447232,
        1.2420649171620508,
        0.24206491716205145,
        0.0
      ],
      [
        0.10325449240427884,
        0.06205148510494879,
        1.1294345155447232,
        0.24206491716205145,
        1.2420649171620508,
        0.0
      ],
      [
        0.0,
        0.0,
        0.0,
        0.0,
        0.0,
        1.0
      ]
    ],
    "breakout": [
      [
        1.0,
        0.0,
        0.0,
        0.0,
        0.0,
        0.0
      ],
      [
        0.0,
        1.0,
        0.0,
        0.0,
        0.0,
        0.0
      ],
      [
        0.0,
        0.0,
        1.0,
        0.0,
        0.0,
        0.0
      ],
      [
        0.0,
        0.0,
        0.0,
        1.0,
        0.0,
        0.0
      ],
      [
        0.0,
        0.0,
        0.0,
        0.0,
        1.0,
        0.0
      ],
      [
        0.0,
        0.0,
        0.0,
        0.0,
        0.0,
        1.0
      ]
    ],
    "reversion": [
      [
        1.377504702410627,
        0.02667775376945593,
        0.674985628835758,
        1.2264659119376604,
        1.2264659119376604,
        0.0
      ],
      [
        0.02667775376945593,
        1.0023306334485458,
        0.05861652575422459,
        0.09255388974775225,
        0.09255388974775225,
        0.0
      ],
      [
        0.674985628835758,
        0.05861652575422459,
        2.579832433303495,
        2.352794415849703,
        2.352794415849703,
        0.0
      ],
      [
        1.2264659119376604,
        0.09255388974775225,
        2.352794415849703,
        5.083454410803082,
        4.083454410803092,
        0.0
      ],
      [
        1.2264659119376604,
        0.09255388974775225,
        2.352794415849703,
        4.083454410803092,
        5.083454410803082,
        0.0
      ],
      [
        0.0,
        0.0,
        0.0,
        0.0,
        0.0,
        1.0
      ]
    ],
    "vwap": [
      [
        1.0,
        0.0,
        0.0,
        0.0,
        0.0,
        0.0
      ],
      [
        0.0,
        1.0,
        0.0,
        0.0,
        0.0,
        0.0
      ],
      [
        0.0,
        0.0,
        1.0,
        0.0,
        0.0,
        0.0
      ],
      [
        0.0,
        0.0,
        0.0,
        1.0,
        0.0,
        0.0
      ],
      [
        0.0,
        0.0,
        0.0,
        0.0,
        1.0,
        0.0
      ],
      [
        0.0,
        0.0,
        0.0,
        0.0,
        0.0,
        1.0
      ]
    ]
  },
  "b": {
    "trend": [
      [
        0.105270945967571
      ],
      [
        0.06326328650296972
      ],
      [
        1.1514912048019648
      ],
      [
        0.24679219491427098
      ],
      [
        0.24679219491427098
      ],
      [
        0.0
      ]
    ],
    "breakout": [
      [
        0.0
      ],
      [
        0.0
      ],
      [
        0.0
      ],
      [
        0.0
      ],
      [
        0.0
      ],
      [
        0.0
      ]
    ],
    "reversion": [
      [
        -0.38979197983854974
      ],
      [
        -0.12359039748982871
      ],
      [
        -3.407649138582274
      ],
      [
        -2.885997510052963
      ],
      [
        -2.885997510052963
      ],
      [
        0.0
      ]
    ],
    "vwap": [
      [
        0.0
      ],
      [
        0.0
      ],
      [
        0.0
      ],
      [
        0.0
      ],
      [
        0.0
      ],
      [
        0.0
      ]
    ]
  },
  "counts": {
    "trend": 1,
    "breakout": 0,
    "reversion": 7,
    "vwap": 0
  },
  "reward_sum": {
    "trend": 0.24679219491427098,
    "breakout": 0.0,
    "reversion": -2.885997510052963,
    "vwap": 0.0
  },
  "disabled_until": {
    "trend": 0.0,
    "breakout": 0.0,
    "reversion": 0.0,
    "vwap": 0.0
  },
  "_snapshot_time": "2025-09-22T01:07:00.431316"
}