{
  "arms": [
    "trend",
    "breakout",
    "reversion",
    "vwap"
  ],
  "d": 6,
  "alpha": 0.6,
  "alpha_base": 0.6,
  "alpha_boost_until": 0.0,
  "A": {
    "trend": [
      [
        1.0386621641551814,
        0.023234288865681994,
        0.4229005598279371,
        0.09063773735758572,
        0.09063773735758572,
        0.0
      ],
      [
        0.023234288865681994,
        1.0139628029338223,
        0.25414494980317487,
        0.05446936088329873,
        0.05446936088329873,
        0.0
      ],
      [
        0.4229005598279371,
        0.25414494980317487,
        5.6258373634992385,
        0.9914279427351342,
        0.9914279427351342,
        0.0
      ],
      [
        0.09063773735758572,
        0.05446936088329873,
        0.9914279427351342,
        1.2124867971779465,
        0.21248679717794605,
        0.0
      ],
      [
        0.09063773735758572,
        0.05446936088329873,
        0.9914279427351342,
        0.21248679717794605,
        1.2124867971779465,
        0.0
      ],
      [
        0.0,
        0.0,
        0.0,
        0.0,
        0.0,
        1.0
      ]
    ],
    "breakout": [
      [
        1.0,
        0.0,
        0.0,
        0.0,
        0.0,
        0.0
      ],
      [
        0.0,
        1.0,
        0.0,
        0.0,
        0.0,
        0.0
      ],
      [
        0.0,
        0.0,
        1.0,
        0.0,
        0.0,
        0.0
      ],
      [
        0.0,
        0.0,
        0.0,
        1.0,
        0.0,
        0.0
      ],
      [
        0.0,
        0.0,
        0.0,
        0.0,
        1.0,
        0.0
      ],
      [
        0.0,
        0.0,
        0.0,
        0.0,
        0.0,
        1.0
      ]
    ],
    "reversion": [
      [
        1.445872656051315,
        0.029054691622025387,
        0.7488599959043752,
        1.4008608716517286,
        1.4008608716517286,
        0.0
      ],
      [
        0.029054691622025387,
        1.0023233516855827,
        0.059151437693011406,
        0.0972081442121304,
        0.0972081442121304,
        0.0
      ],
      [
        0.7488599959043752,
        0.059151437693011406,
        2.600299799576066,
        2.508100475753769,
        2.508100475753769,
        0.0
      ],
      [
        1.4008608716517286,
        0.0972081442121304,
        2.508100475753769,
        5.502810080011564,
        4.502810080011577,
        0.0
      ],
      [
        1.4008608716517286,
        0.0972081442121304,
        2.508100475753769,
        4.502810080011577,
        5.502810080011564,
        0.0
      ],
      [
        0.0,
        0.0,
        0.0,
        0.0,
        0.0,
        1.0
      ]
    ],
    "vwap": [
      [
        1.0,
        0.0,
        0.0,
        0.0,
        0.0,
        0.0
      ],
      [
        0.0,
        1.0,
        0.0,
        0.0,
        0.0,
        0.0
      ],
      [
        0.0,
        0.0,
        1.0,
        0.0,
        0.0,
        0.0
      ],
      [
        0.0,
        0.0,
        0.0,
        1.0,
        0.0,
        0.0
      ],
      [
        0.0,
        0.0,
        0.0,
        0.0,
        1.0,
        0.0
      ],
      [
        0.0,
        0.0,
        0.0,
        0.0,
        0.0,
        1.0
      ]
    ]
  },
  "b": {
    "trend": [
      [
        0.09240779872932581
      ],
      [
        0.05553309122844762
      ],
      [
        1.010789506201528
      ],
      [
        0.21663644480436034
      ],
      [
        0.21663644480436034
      ],
      [
        0.0
      ]
    ],
    "breakout": [
      [
        0.0
      ],
      [
        0.0
      ],
      [
        0.0
      ],
      [
        0.0
      ],
      [
        0.0
      ],
      [
        0.0
      ]
    ],
    "reversion": [
      [
        -0.01274501135838038
      ],
      [
        -0.09227125239645104
      ],
      [
        -2.5414231131106475
      ],
      [
        -1.6004249225755194
      ],
      [
        -1.6004249225755194
      ],
      [
        0.0
      ]
    ],
    "vwap": [
      [
        0.0
      ],
      [
        0.0
      ],
      [
        0.0
      ],
      [
        0.0
      ],
      [
        0.0
      ],
      [
        0.0
      ]
    ]
  },
  "counts": {
    "trend": 1,
    "breakout": 0,
    "reversion": 8,
    "vwap": 0
  },
  "reward_sum": {
    "trend": 0.21663644480436034,
    "breakout": 0.0,
    "reversion": -1.6004249225755194,
    "vwap": 0.0
  },
  "disabled_until": {
    "trend": 0.0,
    "breakout": 0.0,
    "reversion": 0.0,
    "vwap": 0.0
  },
  "_snapshot_time": "2025-09-22T05:26:00.888768"
}