{
  "arms": [
    "trend",
    "breakout",
    "reversion",
    "vwap"
  ],
  "d": 6,
  "alpha": 0.6,
  "alpha_base": 0.6,
  "alpha_boost_until": 0.0,
  "A": {
    "trend": [
      [
        1.0681205328136705,
        0.040937494619396525,
        0.745126717352094,
        0.1596985346459634,
        0.1596985346459634,
        0.0
      ],
      [
        0.040937494619396525,
        1.0246016640870552,
        0.44778893708606204,
        0.09597191379399488,
        0.09597191379399488,
        0.0
      ],
      [
        0.745126717352094,
        0.44778893708606204,
        9.150462158459286,
        1.7468396087296207,
        1.7468396087296207,
        0.0
      ],
      [
        0.1596985346459634,
        0.09597191379399488,
        1.7468396087296207,
        1.3743896431025804,
        0.3743896431025813,
        0.0
      ],
      [
        0.1596985346459634,
        0.09597191379399488,
        1.7468396087296207,
        0.3743896431025813,
        1.3743896431025804,
        0.0
      ],
      [
        0.0,
        0.0,
        0.0,
        0.0,
        0.0,
        1.0
      ]
    ],
    "breakout": [
      [
        1.0,
        0.0,
        0.0,
        0.0,
        0.0,
        0.0
      ],
      [
        0.0,
        1.0,
        0.0,
        0.0,
        0.0,
        0.0
      ],
      [
        0.0,
        0.0,
        1.0,
        0.0,
        0.0,
        0.0
      ],
      [
        0.0,
        0.0,
        0.0,
        1.0,
        0.0,
        0.0
      ],
      [
        0.0,
        0.0,
        0.0,
        0.0,
        1.0,
        0.0
      ],
      [
        0.0,
        0.0,
        0.0,
        0.0,
        0.0,
        1.0
      ]
    ],
    "reversion": [
      [
        1.0554063085847987,
        0.0056170889032883,
        0.1583300057034429,
        0.19046031681519196,
        0.19046031681519196,
        0.0
      ],
      [
        0.0056170889032883,
        1.0006096400517226,
        0.016373486719654995,
        0.019115462053413707,
        0.019115462053413707,
        0.0
      ],
      [
        0.1583300057034429,
        0.016373486719654995,
        1.4550269765963164,
        0.5427127676913714,
        0.5427127676913714,
        0.0
      ],
      [
        0.19046031681519196,
        0.019115462053413707,
        0.5427127676913714,
        1.6556420893155566,
        0.6556420893155642,
        0.0
      ],
      [
        0.19046031681519196,
        0.019115462053413707,
        0.5427127676913714,
        0.6556420893155642,
        1.6556420893155566,
        0.0
      ],
      [
        0.0,
        0.0,
        0.0,
        0.0,
        0.0,
        1.0
      ]
    ],
    "vwap": [
      [
        1.0,
        0.0,
        0.0,
        0.0,
        0.0,
        0.0
      ],
      [
        0.0,
        1.0,
        0.0,
        0.0,
        0.0,
        0.0
      ],
      [
        0.0,
        0.0,
        1.0,
        0.0,
        0.0,
        0.0
      ],
      [
        0.0,
        0.0,
        0.0,
        1.0,
        0.0,
        0.0
      ],
      [
        0.0,
        0.0,
        0.0,
        0.0,
        1.0,
        0.0
      ],
      [
        0.0,
        0.0,
        0.0,
        0.0,
        0.0,
        1.0
      ]
    ]
  },
  "b": {
    "trend": [
      [
        0.1628172820412685
      ],
      [
        0.09784614612074119
      ],
      [
        1.780953581608701
      ],
      [
        0.38170108604627484
      ],
      [
        0.38170108604627484
      ],
      [
        0.0
      ]
    ],
    "breakout": [
      [
        0.0
      ],
      [
        0.0
      ],
      [
        0.0
      ],
      [
        0.0
      ],
      [
        0.0
      ],
      [
        0.0
      ]
    ],
    "reversion": [
      [
        0.07593276508513683
      ],
      [
        0.008261855329515023
      ],
      [
        0.22150496902399633
      ],
      [
        0.25830674168853546
      ],
      [
        0.25830674168853546
      ],
      [
        0.0
      ]
    ],
    "vwap": [
      [
        0.0
      ],
      [
        0.0
      ],
      [
        0.0
      ],
      [
        0.0
      ],
      [
        0.0
      ],
      [
        0.0
      ]
    ]
  },
  "counts": {
    "trend": 1,
    "breakout": 0,
    "reversion": 2,
    "vwap": 0
  },
  "reward_sum": {
    "trend": 0.38170108604627484,
    "breakout": 0.0,
    "reversion": 0.25830674168853546,
    "vwap": 0.0
  },
  "disabled_until": {
    "trend": 0.0,
    "breakout": 0.0,
    "reversion": 0.0,
    "vwap": 0.0
  },
  "_snapshot_time": "2025-09-19T04:02:00.386111"
}