{
  "arms": [
    "trend",
    "breakout",
    "reversion",
    "vwap"
  ],
  "d": 6,
  "alpha": 0.6,
  "alpha_base": 0.6,
  "alpha_boost_until": 0.0,
  "A": {
    "trend": [
      [
        1.0030146316890909,
        0.0018116632893812215,
        0.032975118099296825,
        0.007067359037868068,
        0.007067359037868068,
        0.0
      ],
      [
        0.0018116632893812215,
        1.0010887312987395,
        0.019816620099791852,
        0.004247177181914287,
        0.004247177181914287,
        0.0
      ],
      [
        0.032975118099296825,
        0.019816620099791852,
        1.360693618924473,
        0.07730529728297185,
        0.07730529728297185,
        0.0
      ],
      [
        0.007067359037868068,
        0.004247177181914287,
        0.07730529728297185,
        1.0165683801277878,
        0.0165683801277891,
        0.0
      ],
      [
        0.007067359037868068,
        0.004247177181914287,
        0.07730529728297185,
        0.0165683801277891,
        1.0165683801277878,
        0.0
      ],
      [
        0.0,
        0.0,
        0.0,
        0.0,
        0.0,
        1.0
      ]
    ],
    "breakout": [
      [
        1.0,
        0.0,
        0.0,
        0.0,
        0.0,
        0.0
      ],
      [
        0.0,
        1.0,
        0.0,
        0.0,
        0.0,
        0.0
      ],
      [
        0.0,
        0.0,
        1.0,
        0.0,
        0.0,
        0.0
      ],
      [
        0.0,
        0.0,
        0.0,
        1.0,
        0.0,
        0.0
      ],
      [
        0.0,
        0.0,
        0.0,
        0.0,
        1.0,
        0.0
      ],
      [
        0.0,
        0.0,
        0.0,
        0.0,
        0.0,
        1.0
      ]
    ],
    "reversion": [
      [
        1.1615715198536027,
        0.013151360179832407,
        0.47271324176949403,
        0.5294813000220896,
        0.5294813000220896,
        0.0
      ],
      [
        0.013151360179832407,
        1.0011721994904663,
        0.04437838681640152,
        0.04356418940637192,
        0.04356418940637192,
        0.0
      ],
      [
        0.47271324176949403,
        0.04437838681640152,
        2.7903082340644145,
        1.5617952652436724,
        1.5617952652436724,
        0.0
      ],
      [
        0.5294813000220896,
        0.04356418940637192,
        1.5617952652436724,
        2.744026749103074,
        1.7440267491030894,
        0.0
      ],
      [
        0.5294813000220896,
        0.04356418940637192,
        1.5617952652436724,
        1.7440267491030894,
        2.744026749103074,
        0.0
      ],
      [
        0.0,
        0.0,
        0.0,
        0.0,
        0.0,
        1.0
      ]
    ],
    "vwap": [
      [
        1.0,
        0.0,
        0.0,
        0.0,
        0.0,
        0.0
      ],
      [
        0.0,
        1.0,
        0.0,
        0.0,
        0.0,
        0.0
      ],
      [
        0.0,
        0.0,
        1.0,
        0.0,
        0.0,
        0.0
      ],
      [
        0.0,
        0.0,
        0.0,
        1.0,
        0.0,
        0.0
      ],
      [
        0.0,
        0.0,
        0.0,
        0.0,
        1.0,
        0.0
      ],
      [
        0.0,
        0.0,
        0.0,
        0.0,
        0.0,
        1.0
      ]
    ]
  },
  "b": {
    "trend": [
      [
        0.007205377258510475
      ],
      [
        0.004330120164471136
      ],
      [
        0.07881498987394672
      ],
      [
        0.016891943474707273
      ],
      [
        0.016891943474707273
      ],
      [
        0.0
      ]
    ],
    "breakout": [
      [
        0.0
      ],
      [
        0.0
      ],
      [
        0.0
      ],
      [
        0.0
      ],
      [
        0.0
      ],
      [
        0.0
      ]
    ],
    "reversion": [
      [
        -0.554827404752571
      ],
      [
        -0.053395329536636116
      ],
      [
        -1.9079022570052222
      ],
      [
        -1.9624850192088368
      ],
      [
        -1.9624850192088368
      ],
      [
        0.0
      ]
    ],
    "vwap": [
      [
        0.0
      ],
      [
        0.0
      ],
      [
        0.0
      ],
      [
        0.0
      ],
      [
        0.0
      ],
      [
        0.0
      ]
    ]
  },
  "counts": {
    "trend": 1,
    "breakout": 0,
    "reversion": 10,
    "vwap": 0
  },
  "reward_sum": {
    "trend": 0.016891943474707273,
    "breakout": 0.0,
    "reversion": -1.9624850192088368,
    "vwap": 0.0
  },
  "disabled_until": {
    "trend": 0.0,
    "breakout": 0.0,
    "reversion": 0.0,
    "vwap": 0.0
  },
  "_snapshot_time": "2025-09-26T11:43:00.308965"
}