{
  "arms": [
    "trend",
    "breakout",
    "reversion",
    "vwap"
  ],
  "d": 6,
  "alpha": 0.6,
  "alpha_base": 0.6,
  "alpha_boost_until": 0.0,
  "A": {
    "trend": [
      [
        1.100207636454647,
        0.06022045642839188,
        1.0961069169746351,
        0.23492201310161767,
        0.23492201310161767,
        0.0
      ],
      [
        0.06022045642839188,
        1.0361898903192412,
        0.6587128603158426,
        0.1411779716055777,
        0.1411779716055777,
        0.0
      ],
      [
        1.0961069169746351,
        0.6587128603158426,
        12.989608935476834,
        2.5696608823503513,
        2.5696608823503513,
        0.0
      ],
      [
        0.23492201310161767,
        0.1411779716055777,
        2.5696608823503513,
        1.5507399854171275,
        0.5507399854171277,
        0.0
      ],
      [
        0.23492201310161767,
        0.1411779716055777,
        2.5696608823503513,
        0.5507399854171277,
        1.5507399854171275,
        0.0
      ],
      [
        0.0,
        0.0,
        0.0,
        0.0,
        0.0,
        1.0
      ]
    ],
    "breakout": [
      [
        1.0,
        0.0,
        0.0,
        0.0,
        0.0,
        0.0
      ],
      [
        0.0,
        1.0,
        0.0,
        0.0,
        0.0,
        0.0
      ],
      [
        0.0,
        0.0,
        1.0,
        0.0,
        0.0,
        0.0
      ],
      [
        0.0,
        0.0,
        0.0,
        1.0,
        0.0,
        0.0
      ],
      [
        0.0,
        0.0,
        0.0,
        0.0,
        1.0,
        0.0
      ],
      [
        0.0,
        0.0,
        0.0,
        0.0,
        0.0,
        1.0
      ]
    ],
    "reversion": [
      [
        1.0815045772343876,
        0.008262930125543258,
        0.23290886016394366,
        0.28017364806376277,
        0.28017364806376277,
        0.0
      ],
      [
        0.008262930125543258,
        1.0008968013922939,
        0.024085959650170005,
        0.028119499260972305,
        0.028119499260972305,
        0.0
      ],
      [
        0.23290886016394366,
        0.024085959650170005,
        1.6693602642912606,
        0.7983490656608236,
        0.7983490656608236,
        0.0
      ],
      [
        0.28017364806376277,
        0.028119499260972305,
        0.7983490656608236,
        1.9644719648656732,
        0.9644719648656844,
        0.0
      ],
      [
        0.28017364806376277,
        0.028119499260972305,
        0.7983490656608236,
        0.9644719648656844,
        1.9644719648656732,
        0.0
      ],
      [
        0.0,
        0.0,
        0.0,
        0.0,
        0.0,
        1.0
      ]
    ],
    "vwap": [
      [
        1.0,
        0.0,
        0.0,
        0.0,
        0.0,
        0.0
      ],
      [
        0.0,
        1.0,
        0.0,
        0.0,
        0.0,
        0.0
      ],
      [
        0.0,
        0.0,
        1.0,
        0.0,
        0.0,
        0.0
      ],
      [
        0.0,
        0.0,
        0.0,
        1.0,
        0.0,
        0.0
      ],
      [
        0.0,
        0.0,
        0.0,
        0.0,
        1.0,
        0.0
      ],
      [
        0.0,
        0.0,
        0.0,
        0.0,
        0.0,
        1.0
      ]
    ]
  },
  "b": {
    "trend": [
      [
        0.23950979731695032
      ],
      [
        0.14393503153850368
      ],
      [
        2.6198437046374448
      ],
      [
        0.5614953683567262
      ],
      [
        0.5614953683567262
      ],
      [
        0.0
      ]
    ],
    "breakout": [
      [
        0.0
      ],
      [
        0.0
      ],
      [
        0.0
      ],
      [
        0.0
      ],
      [
        0.0
      ],
      [
        0.0
      ]
    ],
    "reversion": [
      [
        0.1116996976441791
      ],
      [
        0.012153472104592384
      ],
      [
        0.32584139454058497
      ],
      [
        0.37997806235177084
      ],
      [
        0.37997806235177084
      ],
      [
        0.0
      ]
    ],
    "vwap": [
      [
        0.0
      ],
      [
        0.0
      ],
      [
        0.0
      ],
      [
        0.0
      ],
      [
        0.0
      ],
      [
        0.0
      ]
    ]
  },
  "counts": {
    "trend": 1,
    "breakout": 0,
    "reversion": 2,
    "vwap": 0
  },
  "reward_sum": {
    "trend": 0.5614953683567262,
    "breakout": 0.0,
    "reversion": 0.37997806235177084,
    "vwap": 0.0
  },
  "disabled_until": {
    "trend": 0.0,
    "breakout": 0.0,
    "reversion": 0.0,
    "vwap": 0.0
  },
  "_snapshot_time": "2025-09-18T13:07:00.513238"
}