{
  "arms": [
    "trend",
    "breakout",
    "reversion",
    "vwap"
  ],
  "d": 6,
  "alpha": 0.6,
  "alpha_base": 0.6,
  "alpha_boost_until": 0.0,
  "A": {
    "trend": [
      [
        1.009790622029389,
        0.005883740483136321,
        0.10709332050510391,
        0.022952668259986844,
        0.022952668259986844,
        0.0
      ],
      [
        0.005883740483136321,
        1.0035358736113997,
        0.06435845479868509,
        0.013793561127364405,
        0.013793561127364405,
        0.0
      ],
      [
        0.10709332050510391,
        0.06435845479868509,
        2.1714249883595795,
        0.2510644830365047,
        0.2510644830365047,
        0.0
      ],
      [
        0.022952668259986844,
        0.013793561127364405,
        0.2510644830365047,
        1.0538091429402208,
        0.05380914294022049,
        0.0
      ],
      [
        0.022952668259986844,
        0.013793561127364405,
        0.2510644830365047,
        0.05380914294022049,
        1.0538091429402208,
        0.0
      ],
      [
        0.0,
        0.0,
        0.0,
        0.0,
        0.0,
        1.0
      ]
    ],
    "breakout": [
      [
        1.0,
        0.0,
        0.0,
        0.0,
        0.0,
        0.0
      ],
      [
        0.0,
        1.0,
        0.0,
        0.0,
        0.0,
        0.0
      ],
      [
        0.0,
        0.0,
        1.0,
        0.0,
        0.0,
        0.0
      ],
      [
        0.0,
        0.0,
        0.0,
        1.0,
        0.0,
        0.0
      ],
      [
        0.0,
        0.0,
        0.0,
        0.0,
        1.0,
        0.0
      ],
      [
        0.0,
        0.0,
        0.0,
        0.0,
        0.0,
        1.0
      ]
    ],
    "reversion": [
      [
        1.1129106645741826,
        0.007357671513417969,
        0.1896377332474271,
        0.35474732493117694,
        0.35474732493117694,
        0.0
      ],
      [
        0.007357671513417969,
        1.000588354498305,
        0.014979227924816938,
        0.024616526750524177,
        0.024616526750524177,
        0.0
      ],
      [
        0.1896377332474271,
        0.014979227924816938,
        1.4052522877008737,
        0.6351394006623823,
        0.6351394006623823,
        0.0
      ],
      [
        0.35474732493117694,
        0.024616526750524177,
        0.6351394006623823,
        2.140270145938049,
        1.1402701459380669,
        0.0
      ],
      [
        0.35474732493117694,
        0.024616526750524177,
        0.6351394006623823,
        1.1402701459380669,
        2.140270145938049,
        0.0
      ],
      [
        0.0,
        0.0,
        0.0,
        0.0,
        0.0,
        1.0
      ]
    ],
    "vwap": [
      [
        1.0,
        0.0,
        0.0,
        0.0,
        0.0,
        0.0
      ],
      [
        0.0,
        1.0,
        0.0,
        0.0,
        0.0,
        0.0
      ],
      [
        0.0,
        0.0,
        1.0,
        0.0,
        0.0,
        0.0
      ],
      [
        0.0,
        0.0,
        0.0,
        1.0,
        0.0,
        0.0
      ],
      [
        0.0,
        0.0,
        0.0,
        0.0,
        1.0,
        0.0
      ],
      [
        0.0,
        0.0,
        0.0,
        0.0,
        0.0,
        1.0
      ]
    ]
  },
  "b": {
    "trend": [
      [
        0.023400910158447783
      ],
      [
        0.014062935125900573
      ],
      [
        0.2559675130127006
      ],
      [
        0.05485997991101969
      ],
      [
        0.05485997991101969
      ],
      [
        0.0
      ]
    ],
    "breakout": [
      [
        0.0
      ],
      [
        0.0
      ],
      [
        0.0
      ],
      [
        0.0
      ],
      [
        0.0
      ],
      [
        0.0
      ]
    ],
    "reversion": [
      [
        -0.0032274858817863735
      ],
      [
        -0.02336633181644627
      ],
      [
        -0.6435778663952896
      ],
      [
        -0.40528397325241294
      ],
      [
        -0.40528397325241294
      ],
      [
        0.0
      ]
    ],
    "vwap": [
      [
        0.0
      ],
      [
        0.0
      ],
      [
        0.0
      ],
      [
        0.0
      ],
      [
        0.0
      ],
      [
        0.0
      ]
    ]
  },
  "counts": {
    "trend": 1,
    "breakout": 0,
    "reversion": 8,
    "vwap": 0
  },
  "reward_sum": {
    "trend": 0.05485997991101969,
    "breakout": 0.0,
    "reversion": -0.40528397325241294,
    "vwap": 0.0
  },
  "disabled_until": {
    "trend": 0.0,
    "breakout": 0.0,
    "reversion": 0.0,
    "vwap": 0.0
  },
  "_snapshot_time": "2025-09-24T10:45:00.603423"
}