{
  "arms": [
    "trend",
    "breakout",
    "reversion",
    "vwap"
  ],
  "d": 6,
  "alpha": 0.6,
  "alpha_base": 0.6,
  "alpha_boost_until": 0.0,
  "A": {
    "trend": [
      [
        1.0113793606639856,
        0.00683850370384266,
        0.12447151111270278,
        0.026677231492257023,
        0.026677231492257023,
        0.0
      ],
      [
        0.00683850370384266,
        1.0041096450221045,
        0.07480199590308838,
        0.016031862576029277,
        0.016031862576029277,
        0.0
      ],
      [
        0.12447151111270278,
        0.07480199590308838,
        2.361513843894199,
        0.2918050859091061,
        0.2918050859091061,
        0.0
      ],
      [
        0.026677231492257023,
        0.016031862576029277,
        0.2918050859091061,
        1.0625408316957485,
        0.06254083169574957,
        0.0
      ],
      [
        0.026677231492257023,
        0.016031862576029277,
        0.2918050859091061,
        0.06254083169574957,
        1.0625408316957485,
        0.0
      ],
      [
        0.0,
        0.0,
        0.0,
        0.0,
        0.0,
        1.0
      ]
    ],
    "breakout": [
      [
        1.0,
        0.0,
        0.0,
        0.0,
        0.0,
        0.0
      ],
      [
        0.0,
        1.0,
        0.0,
        0.0,
        0.0,
        0.0
      ],
      [
        0.0,
        0.0,
        1.0,
        0.0,
        0.0,
        0.0
      ],
      [
        0.0,
        0.0,
        0.0,
        1.0,
        0.0,
        0.0
      ],
      [
        0.0,
        0.0,
        0.0,
        0.0,
        1.0,
        0.0
      ],
      [
        0.0,
        0.0,
        0.0,
        0.0,
        0.0,
        1.0
      ]
    ],
    "reversion": [
      [
        1.1312328441587378,
        0.008551611689940782,
        0.2204105270988394,
        0.4123126950318827,
        0.4123126950318827,
        0.0
      ],
      [
        0.008551611689940782,
        1.000683827647967,
        0.017409929268321654,
        0.028611086746889947,
        0.028611086746889947,
        0.0
      ],
      [
        0.2204105270988394,
        0.017409929268321654,
        1.4710131723817783,
        0.7382044052308137,
        0.7382044052308137,
        0.0
      ],
      [
        0.4123126950318827,
        0.028611086746889947,
        0.7382044052308137,
        2.3253034593772566,
        1.3253034593772735,
        0.0
      ],
      [
        0.4123126950318827,
        0.028611086746889947,
        0.7382044052308137,
        1.3253034593772735,
        2.3253034593772566,
        0.0
      ],
      [
        0.0,
        0.0,
        0.0,
        0.0,
        0.0,
        1.0
      ]
    ],
    "vwap": [
      [
        1.0,
        0.0,
        0.0,
        0.0,
        0.0,
        0.0
      ],
      [
        0.0,
        1.0,
        0.0,
        0.0,
        0.0,
        0.0
      ],
      [
        0.0,
        0.0,
        1.0,
        0.0,
        0.0,
        0.0
      ],
      [
        0.0,
        0.0,
        0.0,
        1.0,
        0.0,
        0.0
      ],
      [
        0.0,
        0.0,
        0.0,
        0.0,
        1.0,
        0.0
      ],
      [
        0.0,
        0.0,
        0.0,
        0.0,
        0.0,
        1.0
      ]
    ]
  },
  "b": {
    "trend": [
      [
        0.027198210262756543
      ],
      [
        0.01634494828944377
      ],
      [
        0.29750373776983446
      ],
      [
        0.06376218952713959
      ],
      [
        0.06376218952713959
      ],
      [
        0.0
      ]
    ],
    "breakout": [
      [
        0.0
      ],
      [
        0.0
      ],
      [
        0.0
      ],
      [
        0.0
      ],
      [
        0.0
      ],
      [
        0.0
      ]
    ],
    "reversion": [
      [
        -0.0037512147620982405
      ],
      [
        -0.027158020842348245
      ],
      [
        -0.7480121932076339
      ],
      [
        -0.47104999959436167
      ],
      [
        -0.47104999959436167
      ],
      [
        0.0
      ]
    ],
    "vwap": [
      [
        0.0
      ],
      [
        0.0
      ],
      [
        0.0
      ],
      [
        0.0
      ],
      [
        0.0
      ],
      [
        0.0
      ]
    ]
  },
  "counts": {
    "trend": 1,
    "breakout": 0,
    "reversion": 8,
    "vwap": 0
  },
  "reward_sum": {
    "trend": 0.06376218952713959,
    "breakout": 0.0,
    "reversion": -0.47104999959436167,
    "vwap": 0.0
  },
  "disabled_until": {
    "trend": 0.0,
    "breakout": 0.0,
    "reversion": 0.0,
    "vwap": 0.0
  },
  "_snapshot_time": "2025-09-24T05:42:00.605653"
}