{
  "arms": [
    "trend",
    "breakout",
    "reversion",
    "vwap"
  ],
  "d": 6,
  "alpha": 0.6,
  "alpha_base": 0.6,
  "alpha_boost_until": 0.0,
  "A": {
    "trend": [
      [
        1.0112658515413622,
        0.006770289629396829,
        0.12322990778935357,
        0.026411126108121758,
        0.026411126108121758,
        0.0
      ],
      [
        0.006770289629396829,
        1.004068651313009,
        0.07405584599395508,
        0.015871944746833386,
        0.015871944746833386,
        0.0
      ],
      [
        0.12322990778935357,
        0.07405584599395508,
        2.3479327433013544,
        0.28889433017716276,
        0.28889433017716276,
        0.0
      ],
      [
        0.026411126108121758,
        0.015871944746833386,
        0.28889433017716276,
        1.0619169868995835,
        0.06191698689958447,
        0.0
      ],
      [
        0.026411126108121758,
        0.015871944746833386,
        0.28889433017716276,
        0.06191698689958447,
        1.0619169868995835,
        0.0
      ],
      [
        0.0,
        0.0,
        0.0,
        0.0,
        0.0,
        1.0
      ]
    ],
    "breakout": [
      [
        1.0,
        0.0,
        0.0,
        0.0,
        0.0,
        0.0
      ],
      [
        0.0,
        1.0,
        0.0,
        0.0,
        0.0,
        0.0
      ],
      [
        0.0,
        0.0,
        1.0,
        0.0,
        0.0,
        0.0
      ],
      [
        0.0,
        0.0,
        0.0,
        1.0,
        0.0,
        0.0
      ],
      [
        0.0,
        0.0,
        0.0,
        0.0,
        1.0,
        0.0
      ],
      [
        0.0,
        0.0,
        0.0,
        0.0,
        0.0,
        1.0
      ]
    ],
    "reversion": [
      [
        1.1299237965382543,
        0.008466309363333624,
        0.21821193209102846,
        0.4081998758989397,
        0.4081998758989397,
        0.0
      ],
      [
        0.008466309363333624,
        1.0006770064671784,
        0.017236265223870145,
        0.028325691156589717,
        0.028325691156589717,
        0.0
      ],
      [
        0.21821193209102846,
        0.017236265223870145,
        1.4663148159872699,
        0.7308408162886363,
        0.7308408162886363,
        0.0
      ],
      [
        0.4081998758989397,
        0.028325691156589717,
        0.7308408162886363,
        2.3120835573699683,
        1.312083557369985,
        0.0
      ],
      [
        0.4081998758989397,
        0.028325691156589717,
        0.7308408162886363,
        1.312083557369985,
        2.3120835573699683,
        0.0
      ],
      [
        0.0,
        0.0,
        0.0,
        0.0,
        0.0,
        1.0
      ]
    ],
    "vwap": [
      [
        1.0,
        0.0,
        0.0,
        0.0,
        0.0,
        0.0
      ],
      [
        0.0,
        1.0,
        0.0,
        0.0,
        0.0,
        0.0
      ],
      [
        0.0,
        0.0,
        1.0,
        0.0,
        0.0,
        0.0
      ],
      [
        0.0,
        0.0,
        0.0,
        1.0,
        0.0,
        0.0
      ],
      [
        0.0,
        0.0,
        0.0,
        0.0,
        1.0,
        0.0
      ],
      [
        0.0,
        0.0,
        0.0,
        0.0,
        0.0,
        1.0
      ]
    ]
  },
  "b": {
    "trend": [
      [
        0.026926908115385548
      ],
      [
        0.01618190743025657
      ],
      [
        0.29453613798558037
      ],
      [
        0.06312616168660638
      ],
      [
        0.06312616168660638
      ],
      [
        0.0
      ]
    ],
    "breakout": [
      [
        0.0
      ],
      [
        0.0
      ],
      [
        0.0
      ],
      [
        0.0
      ],
      [
        0.0
      ],
      [
        0.0
      ]
    ],
    "reversion": [
      [
        -0.0037137963948463107
      ],
      [
        -0.026887119584445823
      ],
      [
        -0.7405507715803877
      ],
      [
        -0.4663512758484079
      ],
      [
        -0.4663512758484079
      ],
      [
        0.0
      ]
    ],
    "vwap": [
      [
        0.0
      ],
      [
        0.0
      ],
      [
        0.0
      ],
      [
        0.0
      ],
      [
        0.0
      ],
      [
        0.0
      ]
    ]
  },
  "counts": {
    "trend": 1,
    "breakout": 0,
    "reversion": 8,
    "vwap": 0
  },
  "reward_sum": {
    "trend": 0.06312616168660638,
    "breakout": 0.0,
    "reversion": -0.4663512758484079,
    "vwap": 0.0
  },
  "disabled_until": {
    "trend": 0.0,
    "breakout": 0.0,
    "reversion": 0.0,
    "vwap": 0.0
  },
  "_snapshot_time": "2025-09-24T06:10:00.696399"
}