{
  "arms": [
    "trend",
    "breakout",
    "reversion",
    "vwap"
  ],
  "d": 6,
  "alpha": 0.6,
  "alpha_base": 0.6,
  "alpha_boost_until": 0.0,
  "A": {
    "trend": [
      [
        1.0076201640669864,
        0.004579389100558118,
        0.08335207612729909,
        0.017864349924978623,
        0.017864349924978623,
        0.0
      ],
      [
        0.004579389100558118,
        1.0027520148319597,
        0.05009099352335119,
        0.010735701832121608,
        0.010735701832121608,
        0.0
      ],
      [
        0.08335207612729909,
        0.05009099352335119,
        1.911734778104245,
        0.19540663978125863,
        0.19540663978125863,
        0.0
      ],
      [
        0.017864349924978623,
        0.010735701832121608,
        0.19540663978125863,
        1.0418803316354746,
        0.0418803316354751,
        0.0
      ],
      [
        0.017864349924978623,
        0.010735701832121608,
        0.19540663978125863,
        0.0418803316354751,
        1.0418803316354746,
        0.0
      ],
      [
        0.0,
        0.0,
        0.0,
        0.0,
        0.0,
        1.0
      ]
    ],
    "breakout": [
      [
        1.0,
        0.0,
        0.0,
        0.0,
        0.0,
        0.0
      ],
      [
        0.0,
        1.0,
        0.0,
        0.0,
        0.0,
        0.0
      ],
      [
        0.0,
        0.0,
        1.0,
        0.0,
        0.0,
        0.0
      ],
      [
        0.0,
        0.0,
        0.0,
        1.0,
        0.0,
        0.0
      ],
      [
        0.0,
        0.0,
        0.0,
        0.0,
        1.0,
        0.0
      ],
      [
        0.0,
        0.0,
        0.0,
        0.0,
        0.0,
        1.0
      ]
    ],
    "reversion": [
      [
        1.0878797880650524,
        0.005726568129679444,
        0.14759742908050605,
        0.27610429758044464,
        0.27610429758044464,
        0.0
      ],
      [
        0.005726568129679444,
        1.0004579236940392,
        0.011658521189078277,
        0.019159351881349103,
        0.019159351881349103,
        0.0
      ],
      [
        0.14759742908050605,
        0.011658521189078277,
        1.3154129442983846,
        0.49433697102458335,
        0.49433697102458335,
        0.0
      ],
      [
        0.27610429758044464,
        0.019159351881349103,
        0.49433697102458335,
        1.8874865730340735,
        0.8874865730340902,
        0.0
      ],
      [
        0.27610429758044464,
        0.019159351881349103,
        0.49433697102458335,
        0.8874865730340902,
        1.8874865730340735,
        0.0
      ],
      [
        0.0,
        0.0,
        0.0,
        0.0,
        0.0,
        1.0
      ]
    ],
    "vwap": [
      [
        1.0,
        0.0,
        0.0,
        0.0,
        0.0,
        0.0
      ],
      [
        0.0,
        1.0,
        0.0,
        0.0,
        0.0,
        0.0
      ],
      [
        0.0,
        0.0,
        1.0,
        0.0,
        0.0,
        0.0
      ],
      [
        0.0,
        0.0,
        0.0,
        1.0,
        0.0,
        0.0
      ],
      [
        0.0,
        0.0,
        0.0,
        0.0,
        1.0,
        0.0
      ],
      [
        0.0,
        0.0,
        0.0,
        0.0,
        0.0,
        1.0
      ]
    ]
  },
  "b": {
    "trend": [
      [
        0.018213222223155048
      ],
      [
        0.0109453589977301
      ],
      [
        0.19922272957941584
      ],
      [
        0.042698211245280046
      ],
      [
        0.042698211245280046
      ],
      [
        0.0
      ]
    ],
    "breakout": [
      [
        0.0
      ],
      [
        0.0
      ],
      [
        0.0
      ],
      [
        0.0
      ],
      [
        0.0
      ],
      [
        0.0
      ]
    ],
    "reversion": [
      [
        -0.0025119927895560926
      ],
      [
        -0.018186309465372655
      ],
      [
        -0.5009047348668982
      ],
      [
        -0.3154376055610246
      ],
      [
        -0.3154376055610246
      ],
      [
        0.0
      ]
    ],
    "vwap": [
      [
        0.0
      ],
      [
        0.0
      ],
      [
        0.0
      ],
      [
        0.0
      ],
      [
        0.0
      ],
      [
        0.0
      ]
    ]
  },
  "counts": {
    "trend": 1,
    "breakout": 0,
    "reversion": 8,
    "vwap": 0
  },
  "reward_sum": {
    "trend": 0.042698211245280046,
    "breakout": 0.0,
    "reversion": -0.3154376055610246,
    "vwap": 0.0
  },
  "disabled_until": {
    "trend": 0.0,
    "breakout": 0.0,
    "reversion": 0.0,
    "vwap": 0.0
  },
  "_snapshot_time": "2025-09-24T19:50:00.750551"
}