{
  "arms": [
    "trend",
    "breakout",
    "reversion",
    "vwap"
  ],
  "d": 6,
  "alpha": 0.6,
  "alpha_base": 0.6,
  "alpha_boost_until": 0.0,
  "A": {
    "trend": [
      [
        1.0193584821948054,
        0.011633610718478059,
        0.21174999218209328,
        0.045383104209368134,
        0.045383104209368134,
        0.0
      ],
      [
        0.011633610718478059,
        1.00699129699256,
        0.12725258901486491,
        0.02727328321791498,
        0.02727328321791498,
        0.0
      ],
      [
        0.21174999218209328,
        0.12725258901486491,
        3.316197041581418,
        0.49641660254289643,
        0.49641660254289643,
        0.0
      ],
      [
        0.045383104209368134,
        0.02727328321791498,
        0.49641660254289643,
        1.1063939893092951,
        0.1063939893092943,
        0.0
      ],
      [
        0.045383104209368134,
        0.02727328321791498,
        0.49641660254289643,
        0.1063939893092943,
        1.1063939893092951,
        0.0
      ],
      [
        0.0,
        0.0,
        0.0,
        0.0,
        0.0,
        1.0
      ]
    ],
    "breakout": [
      [
        1.0,
        0.0,
        0.0,
        0.0,
        0.0,
        0.0
      ],
      [
        0.0,
        1.0,
        0.0,
        0.0,
        0.0,
        0.0
      ],
      [
        0.0,
        0.0,
        1.0,
        0.0,
        0.0,
        0.0
      ],
      [
        0.0,
        0.0,
        0.0,
        1.0,
        0.0,
        0.0
      ],
      [
        0.0,
        0.0,
        0.0,
        0.0,
        1.0,
        0.0
      ],
      [
        0.0,
        0.0,
        0.0,
        0.0,
        0.0,
        1.0
      ]
    ],
    "reversion": [
      [
        1.2232523207618557,
        0.014547937052436559,
        0.3749607197085542,
        0.7014232346751752,
        0.7014232346751752,
        0.0
      ],
      [
        0.014547937052436559,
        1.0011633224166423,
        0.02961763983984993,
        0.04867296412501616,
        0.04867296412501616,
        0.0
      ],
      [
        0.3749607197085542,
        0.02961763983984993,
        1.8012840422512246,
        1.2558277443492776,
        1.2558277443492776,
        0.0
      ],
      [
        0.7014232346751752,
        0.04867296412501616,
        1.2558277443492776,
        3.254596209633366,
        2.2545962096333816,
        0.0
      ],
      [
        0.7014232346751752,
        0.04867296412501616,
        1.2558277443492776,
        2.2545962096333816,
        3.254596209633366,
        0.0
      ],
      [
        0.0,
        0.0,
        0.0,
        0.0,
        0.0,
        1.0
      ]
    ],
    "vwap": [
      [
        1.0,
        0.0,
        0.0,
        0.0,
        0.0,
        0.0
      ],
      [
        0.0,
        1.0,
        0.0,
        0.0,
        0.0,
        0.0
      ],
      [
        0.0,
        0.0,
        1.0,
        0.0,
        0.0,
        0.0
      ],
      [
        0.0,
        0.0,
        0.0,
        1.0,
        0.0,
        0.0
      ],
      [
        0.0,
        0.0,
        0.0,
        0.0,
        1.0,
        0.0
      ],
      [
        0.0,
        0.0,
        0.0,
        0.0,
        0.0,
        1.0
      ]
    ]
  },
  "b": {
    "trend": [
      [
        0.04626938934878792
      ],
      [
        0.027805902262828936
      ],
      [
        0.5061111059370517
      ],
      [
        0.1084717540036924
      ],
      [
        0.1084717540036924
      ],
      [
        0.0
      ]
    ],
    "breakout": [
      [
        0.0
      ],
      [
        0.0
      ],
      [
        0.0
      ],
      [
        0.0
      ],
      [
        0.0
      ],
      [
        0.0
      ]
    ],
    "reversion": [
      [
        -0.006381538148343345
      ],
      [
        -0.04620101941111157
      ],
      [
        -1.272512678988939
      ],
      [
        -0.8013466924264077
      ],
      [
        -0.8013466924264077
      ],
      [
        0.0
      ]
    ],
    "vwap": [
      [
        0.0
      ],
      [
        0.0
      ],
      [
        0.0
      ],
      [
        0.0
      ],
      [
        0.0
      ],
      [
        0.0
      ]
    ]
  },
  "counts": {
    "trend": 1,
    "breakout": 0,
    "reversion": 8,
    "vwap": 0
  },
  "reward_sum": {
    "trend": 0.1084717540036924,
    "breakout": 0.0,
    "reversion": -0.8013466924264077,
    "vwap": 0.0
  },
  "disabled_until": {
    "trend": 0.0,
    "breakout": 0.0,
    "reversion": 0.0,
    "vwap": 0.0
  },
  "_snapshot_time": "2025-09-23T08:21:00.388976"
}