{
  "arms": [
    "trend",
    "breakout",
    "reversion",
    "vwap"
  ],
  "d": 6,
  "alpha": 0.6,
  "alpha_base": 0.6,
  "alpha_boost_until": 0.0,
  "A": {
    "trend": [
      [
        1.0920223228111698,
        0.055301436870008755,
        1.0065730329349378,
        0.21573275341017542,
        0.21573275341017542,
        0.0
      ],
      [
        0.055301436870008755,
        1.0332337722680967,
        0.6049068675448467,
        0.12964605629426695,
        0.12964605629426695,
        0.0
      ],
      [
        1.0065730329349378,
        0.6049068675448467,
        12.010255334577034,
        2.3597619063483357,
        2.3597619063483357,
        0.0
      ],
      [
        0.21573275341017542,
        0.12964605629426695,
        2.3597619063483357,
        1.5057535983897905,
        0.5057535983897912,
        0.0
      ],
      [
        0.21573275341017542,
        0.12964605629426695,
        2.3597619063483357,
        0.5057535983897912,
        1.5057535983897905,
        0.0
      ],
      [
        0.0,
        0.0,
        0.0,
        0.0,
        0.0,
        1.0
      ]
    ],
    "breakout": [
      [
        1.0,
        0.0,
        0.0,
        0.0,
        0.0,
        0.0
      ],
      [
        0.0,
        1.0,
        0.0,
        0.0,
        0.0,
        0.0
      ],
      [
        0.0,
        0.0,
        1.0,
        0.0,
        0.0,
        0.0
      ],
      [
        0.0,
        0.0,
        0.0,
        1.0,
        0.0,
        0.0
      ],
      [
        0.0,
        0.0,
        0.0,
        0.0,
        1.0,
        0.0
      ],
      [
        0.0,
        0.0,
        0.0,
        0.0,
        0.0,
        1.0
      ]
    ],
    "reversion": [
      [
        1.0748469955205984,
        0.007587984811147775,
        0.2138840419141934,
        0.25728807501587336,
        0.25728807501587336,
        0.0
      ],
      [
        0.007587984811147775,
        1.0008235474873866,
        0.02211853340286985,
        0.025822599253229266,
        0.025822599253229266,
        0.0
      ],
      [
        0.2138840419141934,
        0.02211853340286985,
        1.6146845539606947,
        0.7331370944916545,
        0.7331370944916545,
        0.0
      ],
      [
        0.25728807501587336,
        0.025822599253229266,
        0.7331370944916545,
        1.8856904886022403,
        0.8856904886022506,
        0.0
      ],
      [
        0.25728807501587336,
        0.025822599253229266,
        0.7331370944916545,
        0.8856904886022506,
        1.8856904886022403,
        0.0
      ],
      [
        0.0,
        0.0,
        0.0,
        0.0,
        0.0,
        1.0
      ]
    ],
    "vwap": [
      [
        1.0,
        0.0,
        0.0,
        0.0,
        0.0,
        0.0
      ],
      [
        0.0,
        1.0,
        0.0,
        0.0,
        0.0,
        0.0
      ],
      [
        0.0,
        0.0,
        1.0,
        0.0,
        0.0,
        0.0
      ],
      [
        0.0,
        0.0,
        0.0,
        1.0,
        0.0,
        0.0
      ],
      [
        0.0,
        0.0,
        0.0,
        0.0,
        1.0,
        0.0
      ],
      [
        0.0,
        0.0,
        0.0,
        0.0,
        0.0,
        1.0
      ]
    ]
  },
  "b": {
    "trend": [
      [
        0.21994579120837154
      ],
      [
        0.13217790983491282
      ],
      [
        2.405845618483074
      ],
      [
        0.5156304436666822
      ],
      [
        0.5156304436666822
      ],
      [
        0.0
      ]
    ],
    "breakout": [
      [
        0.0
      ],
      [
        0.0
      ],
      [
        0.0
      ],
      [
        0.0
      ],
      [
        0.0
      ],
      [
        0.0
      ]
    ],
    "reversion": [
      [
        0.10257567185685292
      ],
      [
        0.01116073358133257
      ],
      [
        0.2992255186781712
      ],
      [
        0.3489401122710129
      ],
      [
        0.3489401122710129
      ],
      [
        0.0
      ]
    ],
    "vwap": [
      [
        0.0
      ],
      [
        0.0
      ],
      [
        0.0
      ],
      [
        0.0
      ],
      [
        0.0
      ],
      [
        0.0
      ]
    ]
  },
  "counts": {
    "trend": 1,
    "breakout": 0,
    "reversion": 2,
    "vwap": 0
  },
  "reward_sum": {
    "trend": 0.5156304436666822,
    "breakout": 0.0,
    "reversion": 0.3489401122710129,
    "vwap": 0.0
  },
  "disabled_until": {
    "trend": 0.0,
    "breakout": 0.0,
    "reversion": 0.0,
    "vwap": 0.0
  },
  "_snapshot_time": "2025-09-18T17:31:00.737376"
}