{
  "arms": [
    "trend",
    "breakout",
    "reversion",
    "vwap"
  ],
  "d": 6,
  "alpha": 0.6,
  "alpha_base": 0.6,
  "alpha_boost_until": 0.0,
  "A": {
    "trend": [
      [
        1.1147301704078654,
        0.06894787136503153,
        1.2549595801179914,
        0.2689679504406427,
        0.2689679504406427,
        0.0
      ],
      [
        0.06894787136503153,
        1.0414346893138005,
        0.754176441913121,
        0.1616381077651255,
        0.1616381077651255,
        0.0
      ],
      [
        1.2549595801179914,
        0.754176441913121,
        14.727196099605571,
        2.9420675045650215,
        2.9420675045650215,
        0.0
      ],
      [
        0.2689679504406427,
        0.1616381077651255,
        2.9420675045650215,
        1.630555660355586,
        0.6305556603555866,
        0.0
      ],
      [
        0.2689679504406427,
        0.1616381077651255,
        2.9420675045650215,
        0.6305556603555866,
        1.630555660355586,
        0.0
      ],
      [
        0.0,
        0.0,
        0.0,
        0.0,
        0.0,
        1.0
      ]
    ],
    "breakout": [
      [
        1.0,
        0.0,
        0.0,
        0.0,
        0.0,
        0.0
      ],
      [
        0.0,
        1.0,
        0.0,
        0.0,
        0.0,
        0.0
      ],
      [
        0.0,
        0.0,
        1.0,
        0.0,
        0.0,
        0.0
      ],
      [
        0.0,
        0.0,
        0.0,
        1.0,
        0.0,
        0.0
      ],
      [
        0.0,
        0.0,
        0.0,
        0.0,
        1.0,
        0.0
      ],
      [
        0.0,
        0.0,
        0.0,
        0.0,
        0.0,
        1.0
      ]
    ],
    "reversion": [
      [
        1.093316581110607,
        0.00946043051121082,
        0.26666304247386347,
        0.32077765251650353,
        0.32077765251650353,
        0.0
      ],
      [
        0.00946043051121082,
        1.0010267698171535,
        0.027576603469254175,
        0.03219470148320812,
        0.03219470148320812,
        0.0
      ],
      [
        0.26666304247386347,
        0.027576603469254175,
        1.766366914772481,
        0.9140493438310111,
        0.9140493438310111,
        0.0
      ],
      [
        0.32077765251650353,
        0.03219470148320812,
        0.9140493438310111,
        2.1042475084494057,
        1.1042475084494172,
        0.0
      ],
      [
        0.32077765251650353,
        0.03219470148320812,
        0.9140493438310111,
        1.1042475084494172,
        2.1042475084494057,
        0.0
      ],
      [
        0.0,
        0.0,
        0.0,
        0.0,
        0.0,
        1.0
      ]
    ],
    "vwap": [
      [
        1.0,
        0.0,
        0.0,
        0.0,
        0.0,
        0.0
      ],
      [
        0.0,
        1.0,
        0.0,
        0.0,
        0.0,
        0.0
      ],
      [
        0.0,
        0.0,
        1.0,
        0.0,
        0.0,
        0.0
      ],
      [
        0.0,
        0.0,
        0.0,
        1.0,
        0.0,
        0.0
      ],
      [
        0.0,
        0.0,
        0.0,
        0.0,
        1.0,
        0.0
      ],
      [
        0.0,
        0.0,
        0.0,
        0.0,
        0.0,
        1.0
      ]
    ]
  },
  "b": {
    "trend": [
      [
        0.27422061663897035
      ],
      [
        0.1647947330196533
      ],
      [
        2.999523043446548
      ],
      [
        0.6428697609682724
      ],
      [
        0.6428697609682724
      ],
      [
        0.0
      ]
    ],
    "breakout": [
      [
        0.0
      ],
      [
        0.0
      ],
      [
        0.0
      ],
      [
        0.0
      ],
      [
        0.0
      ],
      [
        0.0
      ]
    ],
    "reversion": [
      [
        0.12788771194123336
      ],
      [
        0.013914807044054008
      ],
      [
        0.37306377082845826
      ],
      [
        0.43504616401764845
      ],
      [
        0.43504616401764845
      ],
      [
        0.0
      ]
    ],
    "vwap": [
      [
        0.0
      ],
      [
        0.0
      ],
      [
        0.0
      ],
      [
        0.0
      ],
      [
        0.0
      ],
      [
        0.0
      ]
    ]
  },
  "counts": {
    "trend": 1,
    "breakout": 0,
    "reversion": 2,
    "vwap": 0
  },
  "reward_sum": {
    "trend": 0.6428697609682724,
    "breakout": 0.0,
    "reversion": 0.43504616401764845,
    "vwap": 0.0
  },
  "disabled_until": {
    "trend": 0.0,
    "breakout": 0.0,
    "reversion": 0.0,
    "vwap": 0.0
  },
  "_snapshot_time": "2025-09-18T08:28:00.397181"
}