{
  "arms": [
    "trend",
    "breakout",
    "reversion",
    "vwap"
  ],
  "d": 6,
  "alpha": 0.6,
  "alpha_base": 0.6,
  "alpha_boost_until": 0.0,
  "A": {
    "trend": [
      [
        1.0365881161137551,
        0.021987875676746642,
        0.4002138815988373,
        0.08577543785227924,
        0.08577543785227924,
        0.0
      ],
      [
        0.021987875676746642,
        1.0132137625034559,
        0.24051123718269218,
        0.05154732913142095,
        0.05154732913142095,
        0.0
      ],
      [
        0.4002138815988373,
        0.24051123718269218,
        5.377682374419645,
        0.9382423741624142,
        0.9382423741624142,
        0.0
      ],
      [
        0.08577543785227924,
        0.05154732913142095,
        0.9382423741624142,
        1.2010878536592404,
        0.2010878536592394,
        0.0
      ],
      [
        0.08577543785227924,
        0.05154732913142095,
        0.9382423741624142,
        0.2010878536592394,
        1.2010878536592404,
        0.0
      ],
      [
        0.0,
        0.0,
        0.0,
        0.0,
        0.0,
        1.0
      ]
    ],
    "breakout": [
      [
        1.0,
        0.0,
        0.0,
        0.0,
        0.0,
        0.0
      ],
      [
        0.0,
        1.0,
        0.0,
        0.0,
        0.0,
        0.0
      ],
      [
        0.0,
        0.0,
        1.0,
        0.0,
        0.0,
        0.0
      ],
      [
        0.0,
        0.0,
        0.0,
        1.0,
        0.0,
        0.0
      ],
      [
        0.0,
        0.0,
        0.0,
        0.0,
        1.0,
        0.0
      ],
      [
        0.0,
        0.0,
        0.0,
        0.0,
        0.0,
        1.0
      ]
    ],
    "reversion": [
      [
        1.4219536300677458,
        0.027496040481570998,
        0.7086870867631815,
        1.325711101569065,
        1.325711101569065,
        0.0
      ],
      [
        0.027496040481570998,
        1.002198714508169,
        0.055978233963330855,
        0.09199337247031525,
        0.09199337247031525,
        0.0
      ],
      [
        0.7086870867631815,
        0.055978233963330855,
        2.5144510444033443,
        2.3735523718618543,
        2.3735523718618543,
        0.0
      ],
      [
        1.325711101569065,
        0.09199337247031525,
        2.3735523718618543,
        5.261254941249079,
        4.261254941249093,
        0.0
      ],
      [
        1.325711101569065,
        0.09199337247031525,
        2.3735523718618543,
        4.261254941249093,
        5.261254941249079,
        0.0
      ],
      [
        0.0,
        0.0,
        0.0,
        0.0,
        0.0,
        1.0
      ]
    ],
    "vwap": [
      [
        1.0,
        0.0,
        0.0,
        0.0,
        0.0,
        0.0
      ],
      [
        0.0,
        1.0,
        0.0,
        0.0,
        0.0,
        0.0
      ],
      [
        0.0,
        0.0,
        1.0,
        0.0,
        0.0,
        0.0
      ],
      [
        0.0,
        0.0,
        0.0,
        1.0,
        0.0,
        0.0
      ],
      [
        0.0,
        0.0,
        0.0,
        0.0,
        1.0,
        0.0
      ],
      [
        0.0,
        0.0,
        0.0,
        0.0,
        0.0,
        1.0
      ]
    ]
  },
  "b": {
    "trend": [
      [
        0.08745054353797632
      ],
      [
        0.052553995215239145
      ],
      [
        0.9565652784211847
      ],
      [
        0.2050148916951086
      ],
      [
        0.2050148916951086
      ],
      [
        0.0
      ]
    ],
    "breakout": [
      [
        0.0
      ],
      [
        0.0
      ],
      [
        0.0
      ],
      [
        0.0
      ],
      [
        0.0
      ],
      [
        0.0
      ]
    ],
    "reversion": [
      [
        -0.012061299868777624
      ],
      [
        -0.08732132229050357
      ],
      [
        -2.4050874023359987
      ],
      [
        -1.5145694551269178
      ],
      [
        -1.5145694551269178
      ],
      [
        0.0
      ]
    ],
    "vwap": [
      [
        0.0
      ],
      [
        0.0
      ],
      [
        0.0
      ],
      [
        0.0
      ],
      [
        0.0
      ],
      [
        0.0
      ]
    ]
  },
  "counts": {
    "trend": 1,
    "breakout": 0,
    "reversion": 8,
    "vwap": 0
  },
  "reward_sum": {
    "trend": 0.2050148916951086,
    "breakout": 0.0,
    "reversion": -1.5145694551269178,
    "vwap": 0.0
  },
  "disabled_until": {
    "trend": 0.0,
    "breakout": 0.0,
    "reversion": 0.0,
    "vwap": 0.0
  },
  "_snapshot_time": "2025-09-22T07:19:00.373495"
}