{
  "arms": [
    "trend",
    "breakout",
    "reversion",
    "vwap"
  ],
  "d": 6,
  "alpha": 0.6,
  "alpha_base": 0.6,
  "alpha_boost_until": 0.0,
  "A": {
    "trend": [
      [
        1.0074315555049123,
        0.00446604351037921,
        0.08128900831326803,
        0.017422184989668264,
        0.017422184989668264,
        0.0
      ],
      [
        0.00446604351037921,
        1.002683899033442,
        0.04885117897628417,
        0.010469979825664829,
        0.010469979825664829,
        0.0
      ],
      [
        0.08128900831326803,
        0.04885117897628417,
        1.889168205524014,
        0.19057008179840787,
        0.19057008179840787,
        0.0
      ],
      [
        0.017422184989668264,
        0.010469979825664829,
        0.19057008179840787,
        1.0408437412078273,
        0.04084374120782771,
        0.0
      ],
      [
        0.017422184989668264,
        0.010469979825664829,
        0.19057008179840787,
        0.04084374120782771,
        1.0408437412078273,
        0.0
      ],
      [
        0.0,
        0.0,
        0.0,
        0.0,
        0.0,
        1.0
      ]
    ],
    "breakout": [
      [
        1.0,
        0.0,
        0.0,
        0.0,
        0.0,
        0.0
      ],
      [
        0.0,
        1.0,
        0.0,
        0.0,
        0.0,
        0.0
      ],
      [
        0.0,
        0.0,
        1.0,
        0.0,
        0.0,
        0.0
      ],
      [
        0.0,
        0.0,
        0.0,
        1.0,
        0.0,
        0.0
      ],
      [
        0.0,
        0.0,
        0.0,
        0.0,
        1.0,
        0.0
      ],
      [
        0.0,
        0.0,
        0.0,
        0.0,
        0.0,
        1.0
      ]
    ],
    "reversion": [
      [
        1.0857046537350565,
        0.005584828428137346,
        0.1439442086747579,
        0.2692703719469197,
        0.2692703719469197,
        0.0
      ],
      [
        0.005584828428137346,
        1.0004465895116363,
        0.011369958252893551,
        0.018685134032908963,
        0.018685134032908963,
        0.0
      ],
      [
        0.1439442086747579,
        0.011369958252893551,
        1.307606080645499,
        0.4821015146137694,
        0.4821015146137694,
        0.0
      ],
      [
        0.2692703719469197,
        0.018685134032908963,
        0.4821015146137694,
        1.865520173763886,
        0.8655201737639022,
        0.0
      ],
      [
        0.2692703719469197,
        0.018685134032908963,
        0.4821015146137694,
        0.8655201737639022,
        1.865520173763886,
        0.0
      ],
      [
        0.0,
        0.0,
        0.0,
        0.0,
        0.0,
        1.0
      ]
    ],
    "vwap": [
      [
        1.0,
        0.0,
        0.0,
        0.0,
        0.0,
        0.0
      ],
      [
        0.0,
        1.0,
        0.0,
        0.0,
        0.0,
        0.0
      ],
      [
        0.0,
        0.0,
        1.0,
        0.0,
        0.0,
        0.0
      ],
      [
        0.0,
        0.0,
        0.0,
        1.0,
        0.0,
        0.0
      ],
      [
        0.0,
        0.0,
        0.0,
        0.0,
        1.0,
        0.0
      ],
      [
        0.0,
        0.0,
        0.0,
        0.0,
        0.0,
        1.0
      ]
    ]
  },
  "b": {
    "trend": [
      [
        0.017762422263463584
      ],
      [
        0.010674447715007574
      ],
      [
        0.19429171861586178
      ],
      [
        0.041641377277493785
      ],
      [
        0.041641377277493785
      ],
      [
        0.0
      ]
    ],
    "breakout": [
      [
        0.0
      ],
      [
        0.0
      ],
      [
        0.0
      ],
      [
        0.0
      ],
      [
        0.0
      ],
      [
        0.0
      ]
    ],
    "reversion": [
      [
        -0.0024498178358657195
      ],
      [
        -0.017736175629993235
      ],
      [
        -0.4885067181117859
      ],
      [
        -0.30763013151113916
      ],
      [
        -0.30763013151113916
      ],
      [
        0.0
      ]
    ],
    "vwap": [
      [
        0.0
      ],
      [
        0.0
      ],
      [
        0.0
      ],
      [
        0.0
      ],
      [
        0.0
      ],
      [
        0.0
      ]
    ]
  },
  "counts": {
    "trend": 1,
    "breakout": 0,
    "reversion": 8,
    "vwap": 0
  },
  "reward_sum": {
    "trend": 0.041641377277493785,
    "breakout": 0.0,
    "reversion": -0.30763013151113916,
    "vwap": 0.0
  },
  "disabled_until": {
    "trend": 0.0,
    "breakout": 0.0,
    "reversion": 0.0,
    "vwap": 0.0
  },
  "_snapshot_time": "2025-09-24T20:33:00.808197"
}