{
  "arms": [
    "trend",
    "breakout",
    "reversion",
    "vwap"
  ],
  "d": 6,
  "alpha": 0.6,
  "alpha_base": 0.6,
  "alpha_boost_until": 0.0,
  "A": {
    "trend": [
      [
        1.0051284686020963,
        0.0030819878696235186,
        0.056097021216424486,
        0.012022937679784346,
        0.012022937679784346,
        0.0
      ],
      [
        0.0030819878696235186,
        1.0018521414413295,
        0.033711884058409296,
        0.007225265661409125,
        0.007225265661409125,
        0.0
      ],
      [
        0.056097021216424486,
        0.033711884058409296,
        1.6136092532710773,
        0.13151118636683065,
        0.13151118636683065,
        0.0
      ],
      [
        0.012022937679784346,
        0.007225265661409125,
        0.13151118636683065,
        1.0281860028143508,
        0.028186002814352063,
        0.0
      ],
      [
        0.012022937679784346,
        0.007225265661409125,
        0.13151118636683065,
        0.028186002814352063,
        1.0281860028143508,
        0.0
      ],
      [
        0.0,
        0.0,
        0.0,
        0.0,
        0.0,
        1.0
      ]
    ],
    "breakout": [
      [
        1.0,
        0.0,
        0.0,
        0.0,
        0.0,
        0.0
      ],
      [
        0.0,
        1.0,
        0.0,
        0.0,
        0.0,
        0.0
      ],
      [
        0.0,
        0.0,
        1.0,
        0.0,
        0.0,
        0.0
      ],
      [
        0.0,
        0.0,
        0.0,
        1.0,
        0.0,
        0.0
      ],
      [
        0.0,
        0.0,
        0.0,
        0.0,
        1.0,
        0.0
      ],
      [
        0.0,
        0.0,
        0.0,
        0.0,
        0.0,
        1.0
      ]
    ],
    "reversion": [
      [
        1.1369293487447614,
        0.012718520040189658,
        0.5159087816429815,
        0.4400215789104365,
        0.4400215789104365,
        0.0
      ],
      [
        0.012718520040189658,
        1.0013183914835853,
        0.05531948126192842,
        0.04186334416718057,
        0.04186334416718057,
        0.0
      ],
      [
        0.5159087816429815,
        0.05531948126192842,
        3.4432144783332017,
        1.6940479727633178,
        1.6940479727633178,
        0.0
      ],
      [
        0.4400215789104365,
        0.04186334416718057,
        1.6940479727633178,
        2.4280086003054047,
        1.428008600305418,
        0.0
      ],
      [
        0.4400215789104365,
        0.04186334416718057,
        1.6940479727633178,
        1.428008600305418,
        2.4280086003054047,
        0.0
      ],
      [
        0.0,
        0.0,
        0.0,
        0.0,
        0.0,
        1.0
      ]
    ],
    "vwap": [
      [
        1.0,
        0.0,
        0.0,
        0.0,
        0.0,
        0.0
      ],
      [
        0.0,
        1.0,
        0.0,
        0.0,
        0.0,
        0.0
      ],
      [
        0.0,
        0.0,
        1.0,
        0.0,
        0.0,
        0.0
      ],
      [
        0.0,
        0.0,
        0.0,
        1.0,
        0.0,
        0.0
      ],
      [
        0.0,
        0.0,
        0.0,
        0.0,
        1.0,
        0.0
      ],
      [
        0.0,
        0.0,
        0.0,
        0.0,
        0.0,
        1.0
      ]
    ]
  },
  "b": {
    "trend": [
      [
        0.01225773323164002
      ],
      [
        0.00736636763527421
      ],
      [
        0.13407946397090703
      ],
      [
        0.028736446330043745
      ],
      [
        0.028736446330043745
      ],
      [
        0.0
      ]
    ],
    "breakout": [
      [
        0.0
      ],
      [
        0.0
      ],
      [
        0.0
      ],
      [
        0.0
      ],
      [
        0.0
      ],
      [
        0.0
      ]
    ],
    "reversion": [
      [
        -0.28940675206339805
      ],
      [
        -0.045028025623491015
      ],
      [
        -1.8779629177229666
      ],
      [
        -1.1525427705658597
      ],
      [
        -1.1525427705658597
      ],
      [
        0.0
      ]
    ],
    "vwap": [
      [
        0.0
      ],
      [
        0.0
      ],
      [
        0.0
      ],
      [
        0.0
      ],
      [
        0.0
      ],
      [
        0.0
      ]
    ]
  },
  "counts": {
    "trend": 1,
    "breakout": 0,
    "reversion": 9,
    "vwap": 0
  },
  "reward_sum": {
    "trend": 0.028736446330043745,
    "breakout": 0.0,
    "reversion": -1.1525427705658597,
    "vwap": 0.0
  },
  "disabled_until": {
    "trend": 0.0,
    "breakout": 0.0,
    "reversion": 0.0,
    "vwap": 0.0
  },
  "_snapshot_time": "2025-09-25T16:55:00.144202"
}