{
  "arms": [
    "trend",
    "breakout",
    "reversion",
    "vwap"
  ],
  "d": 6,
  "alpha": 0.6,
  "alpha_base": 0.6,
  "alpha_boost_until": 0.0,
  "A": {
    "trend": [
      [
        1.0429537875520971,
        0.02581336895303684,
        0.4698438693085405,
        0.10069881497150504,
        0.10069881497150504,
        0.0
      ],
      [
        0.02581336895303684,
        1.0155127185442576,
        0.28235584892422816,
        0.06051563347796191,
        0.06051563347796191,
        0.0
      ],
      [
        0.4698438693085405,
        0.28235584892422816,
        6.1393200485305295,
        1.1014796030178002,
        1.1014796030178002,
        0.0
      ],
      [
        0.10069881497150504,
        0.06051563347796191,
        1.1014796030178002,
        1.2360735086368404,
        0.23607350863684065,
        0.0
      ],
      [
        0.10069881497150504,
        0.06051563347796191,
        1.1014796030178002,
        0.23607350863684065,
        1.2360735086368404,
        0.0
      ],
      [
        0.0,
        0.0,
        0.0,
        0.0,
        0.0,
        1.0
      ]
    ],
    "breakout": [
      [
        1.0,
        0.0,
        0.0,
        0.0,
        0.0,
        0.0
      ],
      [
        0.0,
        1.0,
        0.0,
        0.0,
        0.0,
        0.0
      ],
      [
        0.0,
        0.0,
        1.0,
        0.0,
        0.0,
        0.0
      ],
      [
        0.0,
        0.0,
        0.0,
        1.0,
        0.0,
        0.0
      ],
      [
        0.0,
        0.0,
        0.0,
        0.0,
        1.0,
        0.0
      ],
      [
        0.0,
        0.0,
        0.0,
        0.0,
        0.0,
        1.0
      ]
    ],
    "reversion": [
      [
        1.3681609903236085,
        0.026017446099754298,
        0.6582788928972577,
        1.1961093513636867,
        1.1961093513636867,
        0.0
      ],
      [
        0.026017446099754298,
        1.0022729473646783,
        0.0571656936541438,
        0.09026306557307488,
        0.09026306557307488,
        0.0
      ],
      [
        0.6582788928972577,
        0.0571656936541438,
        2.5407296107207302,
        2.294559820409533,
        2.294559820409533,
        0.0
      ],
      [
        1.1961093513636867,
        0.09026306557307488,
        2.294559820409533,
        4.982383822565725,
        3.982383822565735,
        0.0
      ],
      [
        1.1961093513636867,
        0.09026306557307488,
        2.294559820409533,
        3.982383822565735,
        4.982383822565725,
        0.0
      ],
      [
        0.0,
        0.0,
        0.0,
        0.0,
        0.0,
        1.0
      ]
    ],
    "vwap": [
      [
        1.0,
        0.0,
        0.0,
        0.0,
        0.0,
        0.0
      ],
      [
        0.0,
        1.0,
        0.0,
        0.0,
        0.0,
        0.0
      ],
      [
        0.0,
        0.0,
        1.0,
        0.0,
        0.0,
        0.0
      ],
      [
        0.0,
        0.0,
        0.0,
        1.0,
        0.0,
        0.0
      ],
      [
        0.0,
        0.0,
        0.0,
        0.0,
        1.0,
        0.0
      ],
      [
        0.0,
        0.0,
        0.0,
        0.0,
        0.0,
        1.0
      ]
    ]
  },
  "b": {
    "trend": [
      [
        0.1026653587948339
      ],
      [
        0.06169744128041316
      ],
      [
        1.1229903617139219
      ],
      [
        0.2406837803703535
      ],
      [
        0.2406837803703535
      ],
      [
        0.0
      ]
    ],
    "breakout": [
      [
        0.0
      ],
      [
        0.0
      ],
      [
        0.0
      ],
      [
        0.0
      ],
      [
        0.0
      ],
      [
        0.0
      ]
    ],
    "reversion": [
      [
        -0.38014414231445265
      ],
      [
        -0.12053138104979236
      ],
      [
        -3.3233055734791943
      ],
      [
        -2.814565473191988
      ],
      [
        -2.814565473191988
      ],
      [
        0.0
      ]
    ],
    "vwap": [
      [
        0.0
      ],
      [
        0.0
      ],
      [
        0.0
      ],
      [
        0.0
      ],
      [
        0.0
      ],
      [
        0.0
      ]
    ]
  },
  "counts": {
    "trend": 1,
    "breakout": 0,
    "reversion": 7,
    "vwap": 0
  },
  "reward_sum": {
    "trend": 0.2406837803703535,
    "breakout": 0.0,
    "reversion": -2.814565473191988,
    "vwap": 0.0
  },
  "disabled_until": {
    "trend": 0.0,
    "breakout": 0.0,
    "reversion": 0.0,
    "vwap": 0.0
  },
  "_snapshot_time": "2025-09-22T02:01:00.130319"
}