{
  "arms": [
    "trend",
    "breakout",
    "reversion",
    "vwap"
  ],
  "d": 6,
  "alpha": 0.6,
  "alpha_base": 0.6,
  "alpha_boost_until": 0.0,
  "A": {
    "trend": [
      [
        1.0772148829706976,
        0.04640280581475197,
        0.8446039674418767,
        0.1810188962703629,
        0.1810188962703629,
        0.0
      ],
      [
        0.04640280581475197,
        1.027886079789809,
        0.5075704628918257,
        0.10878452921598233,
        0.10878452921598233,
        0.0
      ],
      [
        0.8446039674418767,
        0.5075704628918257,
        10.238579848515524,
        1.980049338803255,
        1.980049338803255,
        0.0
      ],
      [
        0.1810188962703629,
        0.10878452921598233,
        1.980049338803255,
        1.4243720840628087,
        0.42437208406280985,
        0.0
      ],
      [
        0.1810188962703629,
        0.10878452921598233,
        1.980049338803255,
        0.42437208406280985,
        1.4243720840628087,
        0.0
      ],
      [
        0.0,
        0.0,
        0.0,
        0.0,
        0.0,
        1.0
      ]
    ],
    "breakout": [
      [
        1.0,
        0.0,
        0.0,
        0.0,
        0.0,
        0.0
      ],
      [
        0.0,
        1.0,
        0.0,
        0.0,
        0.0,
        0.0
      ],
      [
        0.0,
        0.0,
        1.0,
        0.0,
        0.0,
        0.0
      ],
      [
        0.0,
        0.0,
        0.0,
        1.0,
        0.0,
        0.0
      ],
      [
        0.0,
        0.0,
        0.0,
        0.0,
        1.0,
        0.0
      ],
      [
        0.0,
        0.0,
        0.0,
        0.0,
        0.0,
        1.0
      ]
    ],
    "reversion": [
      [
        1.0628032614617915,
        0.006366991630699049,
        0.17946766351022334,
        0.21588749332999058,
        0.21588749332999058,
        0.0
      ],
      [
        0.006366991630699049,
        1.0006910293167661,
        0.018559409456449308,
        0.0216674489235485,
        0.0216674489235485,
        0.0
      ],
      [
        0.17946766351022334,
        0.018559409456449308,
        1.5157748081991396,
        0.6151669858281265,
        0.6151669858281265,
        0.0
      ],
      [
        0.21588749332999058,
        0.0216674489235485,
        0.6151669858281265,
        1.7431728012996923,
        0.743172801299702,
        0.0
      ],
      [
        0.21588749332999058,
        0.0216674489235485,
        0.6151669858281265,
        0.743172801299702,
        1.7431728012996923,
        0.0
      ],
      [
        0.0,
        0.0,
        0.0,
        0.0,
        0.0,
        1.0
      ]
    ],
    "vwap": [
      [
        1.0,
        0.0,
        0.0,
        0.0,
        0.0,
        0.0
      ],
      [
        0.0,
        1.0,
        0.0,
        0.0,
        0.0,
        0.0
      ],
      [
        0.0,
        0.0,
        1.0,
        0.0,
        0.0,
        0.0
      ],
      [
        0.0,
        0.0,
        0.0,
        1.0,
        0.0,
        0.0
      ],
      [
        0.0,
        0.0,
        0.0,
        0.0,
        1.0,
        0.0
      ],
      [
        0.0,
        0.0,
        0.0,
        0.0,
        0.0,
        1.0
      ]
    ]
  },
  "b": {
    "trend": [
      [
        0.18455400830189
      ],
      [
        0.11090897868506468
      ],
      [
        2.0187176567791094
      ],
      [
        0.4326596324410416
      ],
      [
        0.4326596324410416
      ],
      [
        0.0
      ]
    ],
    "breakout": [
      [
        0.0
      ],
      [
        0.0
      ],
      [
        0.0
      ],
      [
        0.0
      ],
      [
        0.0
      ],
      [
        0.0
      ]
    ],
    "reversion": [
      [
        0.08607007795619526
      ],
      [
        0.009364844431476609
      ],
      [
        0.25107672465508263
      ],
      [
        0.29279167390803806
      ],
      [
        0.29279167390803806
      ],
      [
        0.0
      ]
    ],
    "vwap": [
      [
        0.0
      ],
      [
        0.0
      ],
      [
        0.0
      ],
      [
        0.0
      ],
      [
        0.0
      ],
      [
        0.0
      ]
    ]
  },
  "counts": {
    "trend": 1,
    "breakout": 0,
    "reversion": 2,
    "vwap": 0
  },
  "reward_sum": {
    "trend": 0.4326596324410416,
    "breakout": 0.0,
    "reversion": 0.29279167390803806,
    "vwap": 0.0
  },
  "disabled_until": {
    "trend": 0.0,
    "breakout": 0.0,
    "reversion": 0.0,
    "vwap": 0.0
  },
  "_snapshot_time": "2025-09-18T23:52:00.227578"
}