{
  "arms": [
    "trend",
    "breakout",
    "reversion",
    "vwap"
  ],
  "d": 6,
  "alpha": 0.6,
  "alpha_base": 0.6,
  "alpha_boost_until": 0.0,
  "A": {
    "trend": [
      [
        1.0106614902016666,
        0.006407094597443145,
        0.11661918760644302,
        0.024994290150451424,
        0.024994290150451424,
        0.0
      ],
      [
        0.006407094597443145,
        1.0038503868037303,
        0.07008308901833839,
        0.01502048760171169,
        0.01502048760171169,
        0.0
      ],
      [
        0.11661918760644302,
        0.07008308901833839,
        2.275622324903734,
        0.27339647244529497,
        0.27339647244529497,
        0.0
      ],
      [
        0.024994290150451424,
        0.01502048760171169,
        0.27339647244529497,
        1.058595424120671,
        0.058595424120670696,
        0.0
      ],
      [
        0.024994290150451424,
        0.01502048760171169,
        0.27339647244529497,
        0.058595424120670696,
        1.058595424120671,
        0.0
      ],
      [
        0.0,
        0.0,
        0.0,
        0.0,
        0.0,
        1.0
      ]
    ],
    "breakout": [
      [
        1.0,
        0.0,
        0.0,
        0.0,
        0.0,
        0.0
      ],
      [
        0.0,
        1.0,
        0.0,
        0.0,
        0.0,
        0.0
      ],
      [
        0.0,
        0.0,
        1.0,
        0.0,
        0.0,
        0.0
      ],
      [
        0.0,
        0.0,
        0.0,
        1.0,
        0.0,
        0.0
      ],
      [
        0.0,
        0.0,
        0.0,
        0.0,
        1.0,
        0.0
      ],
      [
        0.0,
        0.0,
        0.0,
        0.0,
        0.0,
        1.0
      ]
    ],
    "reversion": [
      [
        1.1229539798807262,
        0.00801213064010821,
        0.2065058613042848,
        0.38630182203624064,
        0.38630182203624064,
        0.0
      ],
      [
        0.00801213064010821,
        1.0006406881707774,
        0.016311618533488684,
        0.02680614755241982,
        0.02680614755241982,
        0.0
      ],
      [
        0.2065058613042848,
        0.016311618533488684,
        1.4412991617444164,
        0.6916345536093459,
        0.6916345536093459,
        0.0
      ],
      [
        0.38630182203624064,
        0.02680614755241982,
        0.6916345536093459,
        2.2416962836149827,
        1.2416962836149996,
        0.0
      ],
      [
        0.38630182203624064,
        0.02680614755241982,
        0.6916345536093459,
        1.2416962836149996,
        2.2416962836149827,
        0.0
      ],
      [
        0.0,
        0.0,
        0.0,
        0.0,
        0.0,
        1.0
      ]
    ],
    "vwap": [
      [
        1.0,
        0.0,
        0.0,
        0.0,
        0.0,
        0.0
      ],
      [
        0.0,
        1.0,
        0.0,
        0.0,
        0.0,
        0.0
      ],
      [
        0.0,
        0.0,
        1.0,
        0.0,
        0.0,
        0.0
      ],
      [
        0.0,
        0.0,
        0.0,
        1.0,
        0.0,
        0.0
      ],
      [
        0.0,
        0.0,
        0.0,
        0.0,
        1.0,
        0.0
      ],
      [
        0.0,
        0.0,
        0.0,
        0.0,
        0.0,
        1.0
      ]
    ]
  },
  "b": {
    "trend": [
      [
        0.02548240281521088
      ],
      [
        0.015313822206740485
      ],
      [
        0.27873562310321814
      ],
      [
        0.05973973221816385
      ],
      [
        0.05973973221816385
      ],
      [
        0.0
      ]
    ],
    "breakout": [
      [
        0.0
      ],
      [
        0.0
      ],
      [
        0.0
      ],
      [
        0.0
      ],
      [
        0.0
      ],
      [
        0.0
      ]
    ],
    "reversion": [
      [
        -0.0035145682267574605
      ],
      [
        -0.025444748756732024
      ],
      [
        -0.7008236142694787
      ],
      [
        -0.4413336657009832
      ],
      [
        -0.4413336657009832
      ],
      [
        0.0
      ]
    ],
    "vwap": [
      [
        0.0
      ],
      [
        0.0
      ],
      [
        0.0
      ],
      [
        0.0
      ],
      [
        0.0
      ],
      [
        0.0
      ]
    ]
  },
  "counts": {
    "trend": 1,
    "breakout": 0,
    "reversion": 8,
    "vwap": 0
  },
  "reward_sum": {
    "trend": 0.05973973221816385,
    "breakout": 0.0,
    "reversion": -0.4413336657009832,
    "vwap": 0.0
  },
  "disabled_until": {
    "trend": 0.0,
    "breakout": 0.0,
    "reversion": 0.0,
    "vwap": 0.0
  },
  "_snapshot_time": "2025-09-24T07:55:00.418906"
}